OFF
13295 26999
-0.005240771 -0.290809 -0.149666
-0.02340813 -0.300902 -0.1492893
-0.02239883 -0.2887904 -0.1493903
-0.008268664 -0.2867718 -0.1487879
0.005861508 -0.2978741 -0.1485905
-0.03854759 -0.290809 -0.1480426
-0.007259365 -0.3079671 -0.1475767
0.004852222 -0.3049392 -0.147456
-0.036529 -0.3029206 -0.147624
0.005861508 -0.2867718 -0.147519
-0.02340813 -0.310995 -0.1464645
-0.0355197 -0.3101625 -0.1456135
-0.05065916 -0.2998927 -0.1456042
0.02402886 -0.2938369 -0.1454512
-0.04460338 -0.2837439 -0.1448
0.010908 -0.3120043 -0.1441011
0.02705675 -0.3019113 -0.1439509
0.02705675 -0.2877811 -0.1436445
-0.03955689 -0.2800559 -0.1435949
-0.006250069 -0.2776219 -0.1435949
-0.005240771 -0.3170507 -0.1427131
-0.04359408 -0.3120043 -0.1434152
0.02402886 -0.3089764 -0.1428141
-0.06075214 -0.290809 -0.1431334
-0.03148251 -0.2776881 -0.1429873
-0.01432445 -0.355404 -0.1420535
-0.01028726 -0.3523762 -0.1420458
-0.02252661 -0.348339 -0.1415763
-0.005240771 -0.348339 -0.1424087
-0.0001942823 -0.348339 -0.1415847
-0.0001942823 -0.345311 -0.1421245
0.03614043 -0.2928276 -0.1420482
0.01292659 -0.2786974 -0.1418516
-0.02643602 -0.3574226 -0.1408944
-0.01937094 -0.3574226 -0.1409158
-0.01028726 -0.3552216 -0.140567
-0.01836164 -0.3533854 -0.1409089
-0.03148251 -0.345311 -0.1407115
-0.01634305 -0.3443018 -0.1414225
-0.06378004 -0.3029206 -0.1414188
-0.06680793 -0.2948462 -0.1415153
-0.06579863 -0.2867718 -0.1405851
0.03210324 -0.2857625 -0.1414766
-0.036529 -0.3564134 -0.140156
-0.03047321 -0.3422832 -0.1397393
0.008889405 -0.3422832 -0.1398556
-0.01533375 -0.3412739 -0.1397284
0.006870805 -0.3402646 -0.1395956
0.04017763 -0.2988834 -0.1404684
-0.02138953 -0.2731826 -0.1395577
-0.0345104 -0.3533854 -0.1394664
-0.004231473 -0.3519737 -0.1385484
-0.04359408 -0.3473297 -0.1390821
0.004852222 -0.3468525 -0.1385484
-0.01533375 -0.3585624 -0.1375391
-0.04258478 -0.3583108 -0.1375391
0.01393588 -0.3372367 -0.1376222
-0.02441743 -0.3220972 -0.1381871
0.004638643 -0.3220972 -0.1375391
-0.05065916 -0.3170507 -0.1385322
-0.06378004 -0.3120043 -0.1382319
0.02301956 -0.2757067 -0.1375391
-0.002212877 -0.2726417 -0.1383142
-0.02845461 -0.3594626 -0.1365298
0.01292659 -0.3412739 -0.1369601
0.004852222 -0.3386509 -0.1365298
0.010908 -0.338246 -0.137076
0.01999167 -0.3200786 -0.1368725
0.04219622 -0.3079671 -0.1374967
-0.0375383 -0.271818 -0.1365298
-0.01331515 -0.2514464 -0.1366852
-0.02643602 -0.2474092 -0.1369884
-0.005240771 -0.2474092 -0.1372835
-0.0546132 -0.3523762 -0.1355205
-0.002905094 -0.3503576 -0.1355205
-0.04964987 -0.3412739 -0.136007
-0.04460338 -0.3210879 -0.136359
-0.06378004 -0.3160414 -0.1355326
0.03513113 -0.3160414 -0.136428
0.04724271 -0.2847532 -0.1355205
0.03315873 -0.2766788 -0.1355205
-0.00120358 -0.2514464 -0.1361648
-0.02643602 -0.2504371 -0.1364834
-0.02744532 -0.243372 -0.1357785
-0.01735234 -0.243372 -0.1363441
-0.01836164 -0.359245 -0.1345112
-0.0570775 -0.3574226 -0.1345112
-0.01432445 -0.3583653 -0.1345112
-0.05974285 -0.355404 -0.1346537
0.008889405 -0.3372129 -0.1345112
0.01595448 -0.3362274 -0.1349464
-0.07791021 -0.3059485 -0.1353198
0.0532985 -0.290809 -0.1350078
-0.06579863 -0.2776881 -0.1355011
-0.02340813 -0.253465 -0.1348523
0.01292659 -0.2504371 -0.1346775
-0.04056619 -0.2484185 -0.1350566
0.0008150153 -0.243372 -0.1355051
-0.06385432 -0.3443018 -0.1335019
0.01492552 -0.3412739 -0.1335019
0.01999167 -0.3352181 -0.1344187
0.01494518 -0.3241501 -0.1335019
0.05531709 -0.2958555 -0.134378
-0.08194739 -0.2857625 -0.1339536
-0.07488635 -0.2797067 -0.1335019
-0.05873355 -0.2736509 -0.1338955
-0.05065916 -0.2716323 -0.1336254
-0.04258478 -0.243372 -0.1337627
-0.01432445 -0.2409174 -0.1335019
-0.04056619 -0.3594792 -0.1324926
-0.07286371 -0.3150321 -0.132902
-0.07791021 -0.310995 -0.1333779
-0.08699388 -0.2958555 -0.1330465
-0.08598459 -0.2918183 -0.1334333
0.02907535 -0.2726417 -0.1325237
-0.005240771 -0.2686045 -0.1324934
-0.04895143 -0.2514464 -0.1324926
0.01999167 -0.2463999 -0.1334991
0.01898237 -0.243372 -0.1325398
-0.0355197 -0.2411842 -0.1324926
-0.02643602 -0.3331995 -0.1321809
-0.003222176 -0.3321902 -0.1316464
-0.02285189 -0.328153 -0.1314833
-0.0001942823 -0.3271437 -0.1317857
0.04421481 -0.3170507 -0.1324837
0.05129565 -0.3140228 -0.1314833
-0.03148251 -0.2684034 -0.1314833
-0.00927796 -0.2564929 -0.1321559
0.02201027 -0.2524557 -0.1318147
-0.05267776 -0.2463999 -0.1323573
0.003842908 -0.240896 -0.1314833
-0.05772425 -0.3589927 -0.130474
-0.07286371 -0.3523762 -0.1307485
-0.06771146 -0.3412739 -0.130474
0.01494518 -0.3342088 -0.130495
-0.01533375 -0.3291623 -0.1314522
0.02100097 -0.3252495 -0.130474
0.0627548 -0.2918183 -0.130474
-0.02239883 -0.2675951 -0.1314647
0.01191731 -0.2560686 -0.130474
0.02907535 -0.2494278 -0.1311046
-0.07084512 -0.3552551 -0.1294647
-0.07690091 -0.3513668 -0.1294651
0.02705675 -0.3331995 -0.1302927
-0.03955689 -0.3311809 -0.1294712
0.009898706 -0.3301716 -0.1294954
0.05167474 -0.3170507 -0.1294647
0.06238218 -0.3048386 -0.1294647
0.06137288 -0.2857625 -0.1295592
-0.09002178 -0.2847532 -0.1294772
0.05632639 -0.2817253 -0.1297049
0.002813384 -0.263558 -0.1294647
-0.01028726 -0.2605301 -0.1302935
-0.02542672 -0.2585115 -0.1303012
-0.05873355 -0.243372 -0.129476
0.02907535 -0.243372 -0.1298668
-0.04964987 -0.2408774 -0.1294647
-0.03148251 -0.2412315 -0.1294647
-0.006250069 -0.2413066 -0.1294647
0.02349309 -0.3372367 -0.1284554
0.02402886 -0.3331995 -0.1294506
-0.04460338 -0.3271437 -0.1289923
0.03614043 -0.3237101 -0.1284554
-0.04258478 -0.2675951 -0.128587
0.01898237 -0.2684619 -0.1284554
0.007880107 -0.2585115 -0.129262
-0.04056619 -0.2564929 -0.1292947
0.02201027 -0.240701 -0.1284554
0.02604746 -0.3359815 -0.1274461
-0.05267776 -0.3331995 -0.1275414
0.02954233 -0.3331995 -0.1274461
0.02402886 -0.3272317 -0.1274461
0.02705675 -0.3257384 -0.1274461
-0.09506826 -0.3019113 -0.1276891
-0.08901248 -0.280173 -0.1274461
0.04623341 -0.2734515 -0.1274461
-0.04864057 -0.2554836 -0.1284413
0.03714973 -0.2514464 -0.1278704
-0.08408429 -0.348339 -0.1264368
0.02301956 -0.3311809 -0.1270246
-0.06075214 -0.2691305 -0.1264368
0.01898237 -0.2665859 -0.1272313
-0.06781723 -0.2514472 -0.1264368
-0.06781723 -0.2463999 -0.1274433
-0.07488231 -0.354863 -0.1254275
0.02806605 -0.328153 -0.1257569
0.03248193 -0.3261344 -0.1254275
0.06843796 -0.3029206 -0.1264328
-0.07286371 -0.2706864 -0.1254275
-0.05469636 -0.2665862 -0.1254275
-0.04763127 -0.2605301 -0.1261816
0.03916833 -0.243372 -0.1262002
-0.06478933 -0.2411564 -0.1254275
-0.05065916 -0.2409121 -0.1254275
-0.07286371 -0.338246 -0.125392
-0.09532543 -0.310995 -0.1244182
-0.1011241 -0.2887904 -0.124442
-0.08699388 -0.2756695 -0.1248191
0.02806605 -0.2675951 -0.1254077
-0.07084512 -0.243372 -0.1251481
-0.06378004 -0.2403881 -0.1244182
-0.06176144 -0.3584347 -0.1234089
-0.08933505 -0.345311 -0.1234089
0.03470731 -0.3321902 -0.1234089
0.03614043 -0.328153 -0.1239778
-0.06176144 -0.3271437 -0.1242579
-0.08396599 -0.3200786 -0.1234723
0.07348444 -0.2887904 -0.1234525
0.05733568 -0.2746602 -0.1235591
0.03815907 -0.2688705 -0.1234089
0.03210324 -0.2585115 -0.1234335
0.04320551 -0.2544743 -0.1234634
0.03815907 -0.2408561 -0.1234089
-0.08497529 -0.3503006 -0.1223996
-0.08881668 -0.3473297 -0.1223996
-0.06277074 -0.3311809 -0.1232498
0.0502706 -0.2514464 -0.1224456
0.0492613 -0.2453906 -0.1234073
-0.09002178 -0.3432925 -0.1222813
0.05632639 -0.3231514 -0.1213903
-0.06478933 -0.2665859 -0.121874
0.04421481 -0.2413122 -0.1213903
0.04421481 -0.3271437 -0.1211372
-0.1071798 -0.2938369 -0.1209616
0.06742866 -0.2776881 -0.1207718
-0.08295669 -0.2706231 -0.1208647
0.03714973 -0.2605301 -0.121098
-0.06781723 -0.2575022 -0.1205607
-0.07084512 -0.2554836 -0.1209285
-0.07589161 -0.2413534 -0.1211703
0.03614043 -0.2412335 -0.120381
-0.01735234 -0.3564134 -0.1203039
-0.07185441 -0.3321902 -0.1202389
0.07146585 -0.3150321 -0.1201267
-0.1051612 -0.3059485 -0.1202627
-0.06680793 -0.2605301 -0.1200847
-0.08295669 -0.243372 -0.1199289
0.05499775 -0.243372 -0.1193717
-0.07479067 -0.2403441 -0.1193717
-0.09383248 -0.3402646 -0.1183624
-0.07589161 -0.3271437 -0.1184266
0.06641936 -0.3210976 -0.1183624
-0.09304967 -0.3200782 -0.1183624
-0.08699388 -0.2484185 -0.1185885
0.04017763 -0.3311809 -0.1177661
0.08256812 -0.300902 -0.1173624
0.08256812 -0.290809 -0.1176006
-0.1112328 -0.2887904 -0.1173531
0.07954023 -0.2847532 -0.117471
0.05935428 -0.270864 -0.1173531
0.0502706 -0.2686045 -0.1174177
-0.08576819 -0.2524557 -0.1173531
-0.07791021 -0.2406344 -0.1173531
-0.01129656 -0.3539826 -0.1163438
-0.07791021 -0.3518974 -0.1163438
-0.1031051 -0.2766788 -0.1163438
-0.09103107 -0.2703598 -0.1163438
-0.0799288 -0.2675951 -0.1165574
0.0492613 -0.2575022 -0.117257
0.05632639 -0.2544743 -0.1173499
-0.08194739 -0.2402581 -0.1163438
-0.06882653 -0.355794 -0.1153345
-0.1072206 -0.3130136 -0.1153345
0.08054952 -0.3099856 -0.1163434
-0.07963489 -0.2655766 -0.1153345
0.0492613 -0.2655766 -0.1162897
0.06440077 -0.2463999 -0.115337
0.05430779 -0.2408637 -0.1153345
-0.09649299 -0.3432925 -0.1143252
0.04724271 -0.3291712 -0.1143252
-0.07791021 -0.2595208 -0.1151327
-0.0809381 -0.2564929 -0.1148949
0.06629179 -0.2494278 -0.1143252
-0.003222176 -0.349819 -0.1133159
-0.09900817 -0.3402646 -0.1133159
-0.09506826 -0.3375471 -0.1133159
-0.08295669 -0.3301716 -0.1139667
-0.1132526 -0.2827346 -0.1133159
0.07146585 -0.2736509 -0.1140467
0.0522892 -0.2605301 -0.1140963
-0.09304967 -0.243372 -0.1142481
-0.09910545 -0.338246 -0.1130184
-0.1172728 -0.3019113 -0.1123155
-0.1184779 -0.2948462 -0.1123066
0.06541006 -0.253465 -0.1130604
0.001824313 -0.1939164 -0.1125077
-0.06378004 -0.3562692 -0.1112973
-0.04763127 -0.355404 -0.1120919
0.07598145 -0.3210879 -0.1112973
-0.1001148 -0.2716323 -0.1122473
-0.09002178 -0.240273 -0.1112973
0.001824313 -0.2040094 -0.1119183
0.008889405 -0.2009815 -0.111676
0.009898706 -0.1949257 -0.1117515
-0.005240771 -0.1898792 -0.1113761
-0.01230585 -0.3523762 -0.1106861
0.0906425 -0.3039379 -0.110288
0.05935428 -0.2665859 -0.1112832
0.07146585 -0.2453906 -0.1104471
0.06541006 -0.2413534 -0.1108888
-0.0001500761 -0.2102965 -0.1098161
-0.00927796 -0.195935 -0.111259
-0.003222176 -0.185842 -0.1104693
-0.0375383 -0.3535247 -0.1092788
-0.02744532 -0.352423 -0.1092788
-0.1021333 -0.3362274 -0.1094592
-0.09708686 -0.3354074 -0.1092788
-0.09204037 -0.3271437 -0.1093312
-0.09304967 -0.2686045 -0.1102598
0.06440077 -0.2686045 -0.1096461
0.06339147 -0.2575022 -0.1097923
-0.0003001373 -0.2114237 -0.1088419
-0.01191913 -0.2092779 -0.1091746
0.009182218 -0.2046461 -0.1094071
-0.01432445 -0.2030001 -0.1096053
-0.01533375 -0.3503576 -0.1087067
0.005861508 -0.3456692 -0.1082695
-0.1171868 -0.3120043 -0.1082695
0.0936704 -0.2948462 -0.1091685
0.0916518 -0.2867718 -0.1089194
-0.09103107 -0.2665859 -0.1092295
0.07431126 -0.2514464 -0.1082695
-0.1021333 -0.2453906 -0.1091823
-0.08901248 -0.240961 -0.1082695
-0.01470774 -0.2107112 -0.1071572
0.01898237 -0.2009815 -0.1085601
0.01191731 -0.1878606 -0.1083506
-0.0001942823 -0.1797863 -0.1083437
-0.004231473 -0.007196307 -0.1085044
0.003842908 0.000878036 -0.1084099
-0.1028738 -0.3392553 -0.1072602
-0.09405897 -0.328153 -0.1075528
-0.1122263 -0.2746602 -0.1073029
0.08054952 -0.2745791 -0.1072602
0.06339147 -0.2625487 -0.1078217
-0.09506826 -0.2554836 -0.1076631
-0.09717123 -0.2403441 -0.1072602
0.00373673 -0.2098367 -0.1074495
-0.01735129 -0.2009815 -0.1072602
0.02201027 -0.1989629 -0.1074184
-0.01331515 -0.195365 -0.1072602
-0.0003992505 -0.03343809 -0.1072602
-0.004231473 -0.0324288 -0.1077773
-0.00927796 -0.348339 -0.1070865
-0.09607756 -0.3424883 -0.1062509
0.01595448 -0.3417474 -0.1062509
-0.1031426 -0.3342088 -0.1066954
-0.1091984 -0.3208865 -0.1062509
0.08761462 -0.3181791 -0.1062509
-0.1233286 -0.2867718 -0.106831
0.08357742 -0.2756695 -0.1068548
0.07592169 -0.2706231 -0.1062509
-0.01768129 -0.2082723 -0.1062739
0.006898456 -0.2064232 -0.1070797
0.0109943 -0.2043287 -0.1062957
0.02502411 -0.2036501 -0.1050449
-0.0164942 -0.1989629 -0.1062509
-0.006961582 -0.1838235 -0.1062509
0.03412184 -0.03747529 -0.1062642
0.03614043 -0.02637303 -0.1066425
-0.01230585 0.0002118945 -0.1062509
-0.007259365 0.008952439 -0.1071148
0.01595448 0.009961724 -0.1062876
-0.04056619 -0.3513668 -0.1062077
0.00283361 -0.3453304 -0.1052416
-0.01735234 -0.3422832 -0.1054499
-0.1051612 -0.3362274 -0.1062036
-0.09692578 -0.3301716 -0.1052416
-0.1011241 -0.3254977 -0.1052416
0.08963321 -0.2797067 -0.1055064
-0.1051612 -0.243372 -0.1061725
0.07247515 -0.2413534 -0.1061459
-0.06882653 -0.2404612 -0.1052416
-0.06231454 -0.2120838 -0.1052416
0.0002977699 -0.2113337 -0.1060167
-0.05671496 -0.2115731 -0.1052416
-0.06075214 -0.2070373 -0.1054579
0.02964294 -0.1989629 -0.1052416
0.02189831 -0.1939164 -0.1052416
0.007880107 -0.1797863 -0.105638
0.02604746 -0.05867052 -0.1053639
-0.01331515 -0.04920334 -0.1052416
-0.01634305 -0.0324288 -0.1060607
0.03008465 -0.02738231 -0.1055238
0.007880107 -0.02536368 -0.1061035
0.03311254 -0.01728934 -0.1059666
0.03513113 -0.006187022 -0.1052952
0.04118692 -0.004168451 -0.1054418
0.01494518 -0.00214982 -0.106248
0.01191731 0.02913833 -0.1053611
-0.00120358 -0.3412739 -0.1046574
-0.1024692 -0.3402646 -0.1042323
-0.01129656 -0.3362274 -0.1047434
-0.1182821 -0.3158077 -0.1042323
-0.1001148 -0.2677025 -0.1042323
-0.1021333 -0.2405169 -0.1042323
-0.06680793 -0.2120838 -0.1042379
-0.005586636 -0.2119933 -0.1038055
-0.06680793 -0.206028 -0.1043102
-0.05368706 -0.206028 -0.1049755
0.008967044 -0.2024623 -0.1034571
-0.004500713 -0.1767584 -0.1042323
0.02201027 -0.0748193 -0.1042379
0.02301956 -0.05867052 -0.1043845
0.02604746 -0.04655898 -0.1050441
-0.02038023 -0.04252177 -0.1042323
0.01393588 -0.01628 -0.1045326
0.04017763 0.009961724 -0.1042577
-0.0001942823 0.03519416 -0.1042323
-0.06579863 -0.3538639 -0.103223
-0.05873355 -0.3533947 -0.103223
0.0008150153 -0.3443018 -0.1041943
-0.03249181 -0.3412739 -0.1033804
0.02604746 -0.3382508 -0.103223
-0.1011241 -0.3331995 -0.1041103
-0.1269629 -0.3039299 -0.103223
-0.1285745 -0.2928276 -0.103223
0.09871689 -0.2897997 -0.1041027
0.07426887 -0.2686045 -0.103223
-0.09708686 -0.2585115 -0.1038249
0.0778103 -0.2544743 -0.103223
0.07956768 -0.2514464 -0.103223
0.07951883 -0.2463999 -0.103223
-0.009133147 -0.2117265 -0.1041935
-0.01579601 -0.2106316 -0.1039828
-0.04662198 -0.2080466 -0.1033663
0.03288577 -0.1969443 -0.103223
-0.005240771 -0.1767151 -0.103223
0.00283361 -0.1717119 -0.1042096
0.01898237 -0.0748193 -0.1032589
0.02907535 -0.06876349 -0.1035274
0.02208786 -0.05867052 -0.103223
-0.005240771 -0.05766124 -0.1034515
0.00283361 -0.04756826 -0.1032339
0.03815907 -0.04353106 -0.1042323
0.02100097 0.007943153 -0.1036255
0.03714973 0.007943153 -0.1035023
0.03916833 0.01399893 -0.1032746
0.02100097 0.02005464 -0.1039387
-0.05065916 -0.3503576 -0.1028685
0.007880107 -0.338246 -0.1032052
-0.107888 -0.3342088 -0.1022137
0.0008150153 -0.328153 -0.1024753
-0.1021333 -0.3269455 -0.1022137
-0.1081891 -0.2696137 -0.1024155
-0.1091984 -0.2504371 -0.1027991
-0.06383979 -0.2143095 -0.1027441
-0.04683635 -0.2122396 -0.10164
-0.02196382 -0.2054842 -0.1022686
-0.04864057 -0.2030001 -0.1026238
-0.02126587 -0.2009815 -0.1022137
0.03526577 -0.2007829 -0.1026388
0.04315671 -0.1979536 -0.1022137
-0.004625664 -0.1828142 -0.1022137
-0.004231473 -0.1726291 -0.1022137
0.01797308 -0.07531992 -0.1022137
0.02705675 -0.03545672 -0.1022855
0.04623341 -0.03343809 -0.1025931
0.01999167 -0.0324288 -0.1023315
0.02907535 -0.02637303 -0.1029347
0.03311254 -0.005177736 -0.1022593
0.01494268 0.04528713 -0.1022137
-0.04460338 -0.3443018 -0.1015504
0.009898706 -0.3412739 -0.102126
0.07045696 -0.3251251 -0.1012044
-0.01432445 -0.3200786 -0.1012863
0.08963321 -0.3200786 -0.1015936
0.09871689 -0.3099856 -0.1012379
0.07418167 -0.2665859 -0.1012044
-0.1081891 -0.2524557 -0.102032
-0.05825473 -0.2148787 -0.1013332
-0.04583028 -0.212544 -0.100277
-0.07286371 -0.2129352 -0.1012044
-0.07690091 -0.2100652 -0.1013142
-0.02093071 -0.2075993 -0.1015713
-0.0001906492 -0.2084572 -0.1008834
0.04130425 -0.2022556 -0.1004615
-0.06176144 -0.2009815 -0.1014595
-0.01533375 -0.1965349 -0.1012044
0.02201027 -0.18887 -0.1017167
-0.002212877 -0.1666654 -0.101428
0.01292659 -0.1020703 -0.1019222
0.01393588 -0.09601456 -0.1021244
0.01472532 -0.08592159 -0.1012044
0.02276623 -0.05362403 -0.1012044
0.01191731 -0.03444737 -0.1012346
0.01999167 -0.01426142 -0.1014934
0.03109395 -0.01325214 -0.1019981
0.02100097 -0.004168451 -0.1020812
0.03513113 0.005803406 -0.1012044
-0.02441743 0.008952439 -0.1020154
-0.02038023 0.02913833 -0.1013053
-0.04460338 -0.3412739 -0.1004159
0.01393588 -0.3392553 -0.100711
0.01898237 -0.3342088 -0.1003618
-0.1273658 -0.2818852 -0.1001951
-0.1031426 -0.2655766 -0.1002197
0.08083698 -0.2494278 -0.1001951
-0.1124455 -0.243372 -0.1001951
0.07830121 -0.2413534 -0.1001951
-0.1061705 -0.2402973 -0.1001951
-0.06982371 -0.2140127 -0.09988783
-0.07791021 -0.2050187 -0.100619
-0.04157548 -0.2040094 -0.1005168
-0.01007462 -0.2058887 -0.09864759
0.03114223 -0.2029989 -0.1010098
0.0502706 -0.1979536 -0.1002863
-0.01129656 -0.1921352 -0.1001951
-0.002311264 -0.1777677 -0.1001951
0.005861508 -0.1273028 -0.1002492
0.007880107 -0.1202377 -0.1003368
0.01292659 -0.1172098 -0.1011591
0.009898706 -0.1131726 -0.1010554
0.01296643 -0.09399596 -0.1001951
-0.003222176 -0.06472632 -0.1009964
0.02039091 -0.06371701 -0.1001951
0.01494518 -0.04857755 -0.1011095
0.02402886 -0.04454035 -0.1011333
0.01393588 -0.03545672 -0.1006589
0.01494518 -0.02940089 -0.1012044
0.05430779 -0.007196307 -0.1005616
-0.03047321 -0.006187022 -0.1003804
0.02503816 0.000878036 -0.1011894
0.03008465 0.01097101 -0.1005063
-0.02744532 0.01198035 -0.1002048
0.02604746 0.03822201 -0.1003016
-0.06478933 -0.3518138 -0.09918576
0.01898237 -0.338246 -0.09967023
-0.1104144 -0.3342088 -0.09918576
-0.1041519 -0.3311809 -0.1000291
-0.0345104 -0.3200786 -0.09921725
0.005861508 -0.3200786 -0.1000957
-0.02845461 -0.3173454 -0.09918576
-0.00927796 -0.3167136 -0.09918576
-0.1172728 -0.2717955 -0.09918576
0.07714941 -0.2403441 -0.09918576
0.0007288214 -0.2082626 -0.09661447
-0.02443341 -0.2066873 -0.09926611
0.04422051 -0.202317 -0.09903963
-0.07286371 -0.2012294 -0.09918576
-0.02542672 -0.2009815 -0.09942073
0.0532985 -0.1989629 -0.09923905
0.02301956 -0.1848328 -0.09952812
-0.004231473 -0.1718947 -0.09918576
0.004852222 -0.158591 -0.09967466
0.003842908 -0.1373958 -0.09953417
0.009898706 -0.1323493 -0.100057
0.007613438 -0.1151912 -0.09918576
0.008633986 -0.1101447 -0.09918576
0.02302396 -0.1040889 -0.09918576
0.01087755 -0.1020703 -0.09918576
-0.01432445 -0.08087507 -0.1000392
0.03714973 -0.07380998 -0.09963511
-0.03059522 -0.06674489 -0.09918576
0.010908 -0.06472632 -0.09931858
0.02100097 -0.05867052 -0.1001139
0.005861508 -0.05261475 -0.09954709
0.04724271 -0.04454035 -0.1001947
0.04724271 0.03317553 -0.09980467
-0.01937094 0.03620344 -0.09991044
0.006870805 0.05437082 -0.1001947
-0.07387301 -0.3503693 -0.09817646
0.03714973 -0.3351757 -0.09817646
0.005861508 -0.3170507 -0.09824832
-0.02441743 -0.3159441 -0.09817646
0.1049891 -0.2978741 -0.09817646
0.09949001 -0.280716 -0.09817646
0.08054952 -0.2696137 -0.09854707
-0.1044192 -0.2605301 -0.09817646
0.07651234 -0.2585115 -0.09918253
0.0799823 -0.2443813 -0.09817646
0.005066593 -0.2407785 -0.09817524
-0.06914627 -0.2140119 -0.09880787
-0.07904384 -0.2120838 -0.09817646
-0.03465413 -0.2075177 -0.09793626
-0.02317228 -0.2074277 -0.09777355
-0.08341935 -0.206028 -0.09817646
-0.0325233 -0.2056094 -0.09815748
0.05430779 -0.195935 -0.09836702
-0.006259314 -0.1848328 -0.09817646
-0.0009556562 -0.1737305 -0.09817646
-0.00120358 -0.1575817 -0.09864235
-0.0001942823 -0.1505166 -0.09822896
0.007592126 -0.1495073 -0.09817646
0.00283361 -0.1434515 -0.09895645
0.01529093 -0.08289367 -0.09817646
-0.02845461 -0.08188438 -0.09916316
0.01797308 -0.06977281 -0.09895404
0.007880107 -0.05766124 -0.09831414
-0.036529 -0.02940089 -0.09836501
-0.02643602 0.02280402 -0.09817646
0.03210324 0.02510113 -0.09817687
0.02907535 0.02611047 -0.09851679
0.0522892 0.02812904 -0.09894837
0.04017763 0.03014767 -0.09918536
0.04421481 0.03721273 -0.09918293
0.008889405 0.05739868 -0.09918536
-0.06277074 -0.3503576 -0.09813125
-0.04787028 -0.2128004 -0.09849258
0.000442463 -0.2053401 -0.09717283
-0.02946392 -0.2009815 -0.09814456
0.0564144 -0.2004648 -0.09678687
-0.01230585 -0.1914674 -0.09716716
-0.003222176 -0.1666654 -0.09741385
-0.002087039 -0.1636375 -0.09716716
0.0008150153 -0.1454701 -0.09738436
0.001746839 -0.1363865 -0.09716716
0.003163571 -0.1333586 -0.09716716
0.007052559 -0.1172098 -0.09716716
0.008485289 -0.1131726 -0.09716716
0.01303704 -0.09803316 -0.09716716
-0.00983586 -0.09399596 -0.09716716
0.01381525 -0.09197736 -0.09716716
0.004852222 -0.07784718 -0.09807996
0.04252783 -0.0748193 -0.09716716
0.004852222 -0.06472632 -0.09732461
0.05531709 -0.02940089 -0.09802549
-0.03811723 -0.02536368 -0.09716716
-0.03247768 0.001887321 -0.09716716
0.06036358 0.009961724 -0.0972459
-0.005240771 0.05437082 -0.09816515
-0.05671496 -0.3432925 -0.09653212
0.02907535 -0.3352181 -0.09618653
0.03311254 -0.335386 -0.09615786
0.02907535 -0.3311809 -0.09640777
-0.111217 -0.3261086 -0.09615786
0.02402886 -0.3231065 -0.0965414
-0.1331826 -0.2847532 -0.09615786
0.07876873 -0.2605301 -0.09615786
0.07851318 -0.2413534 -0.09615786
-0.05723535 -0.2404596 -0.09646592
-0.08497529 -0.2090559 -0.09619662
-0.03166107 -0.20742 -0.09597175
0.0470383 -0.2013009 -0.09654343
0.03647169 -0.1983537 -0.09350705
0.0651533 -0.1977711 -0.09578645
0.07146585 -0.1949257 -0.09629837
0.06641936 -0.1929071 -0.09627131
0.03714973 -0.1894258 -0.09615786
-0.00108194 -0.1737305 -0.09615786
0.0005969666 -0.168684 -0.09615786
0.01797308 -0.1646468 -0.09635891
-0.00120358 -0.16391 -0.09615786
0.00262513 -0.13134 -0.09615786
0.004537559 -0.1262935 -0.09615786
0.005862347 -0.121247 -0.09615786
-0.01634305 -0.1060995 -0.09615786
0.0122284 -0.1030796 -0.09615786
0.01292659 -0.08894947 -0.09703232
0.0008150153 -0.08794016 -0.09687769
-0.004231473 -0.07986578 -0.09681715
0.00283361 -0.07179141 -0.09630038
-0.03627546 -0.01123351 -0.09615786
-0.02946392 0.01500416 -0.09615786
0.0532985 0.03822201 -0.09704928
-0.02138953 0.04024065 -0.09680463
0.02806605 0.0513429 -0.09703596
0.01393588 0.0637694 -0.09615786
-0.111217 -0.3357744 -0.09514856
0.02301956 -0.3190693 -0.09580058
-0.04565022 -0.3170507 -0.09514856
0.010908 -0.3160414 -0.09516148
-0.1354462 -0.300902 -0.09514856
-0.1142449 -0.2690699 -0.09514856
-0.1098416 -0.2564929 -0.09514856
0.08155882 -0.2514464 -0.09610134
0.0806222 -0.2423627 -0.09514856
-0.01413507 -0.2065763 -0.09495115
-0.02167088 -0.2052884 -0.09498143
-0.01790233 -0.2031071 -0.09349898
-0.08531482 -0.2019908 -0.09514856
0.04111248 -0.1998087 -0.0949346
0.006214173 -0.1991785 -0.0957049
0.03885468 -0.1995124 -0.09370729
0.07449374 -0.1878606 -0.09521034
-0.002300807 -0.1575817 -0.09514856
-0.0006258981 -0.1495073 -0.09514856
-0.04557998 -0.1333586 -0.09514856
0.01015146 -0.1172098 -0.09514856
-0.03148251 -0.1081261 -0.09600729
0.01191731 -0.09601456 -0.0959871
-0.002212877 -0.08491227 -0.09576787
-0.0375383 -0.06775421 -0.09573881
-0.03955689 -0.02343792 -0.09514856
-0.02643602 0.02722073 -0.09514856
0.06108422 0.02812904 -0.09514856
-0.02347091 0.03721273 -0.09514856
0.03210324 0.0392313 -0.09606947
0.03513113 0.04024065 -0.09539081
-0.1091984 -0.3369484 -0.09413928
0.03210324 -0.3331995 -0.09429996
-0.111148 -0.328153 -0.09413928
0.09972619 -0.3186806 -0.09413928
-0.04460338 -0.3160176 -0.09413928
0.1067913 -0.2857625 -0.09427856
-0.1192914 -0.2484185 -0.09450988
0.07651234 -0.240944 -0.09413928
-0.05690873 -0.2102787 -0.09447557
-0.005249572 -0.208552 -0.09507994
-0.03021152 -0.2067862 -0.09489624
-0.008181581 -0.2048072 -0.09352684
0.01270874 -0.2001434 -0.09390754
0.03513477 -0.2015515 -0.09392086
-0.06277074 -0.195935 -0.09494954
0.08357742 -0.1908885 -0.09416755
-0.01186709 -0.1878606 -0.09413928
0.08559602 -0.1878606 -0.09418046
0.03008465 -0.1777677 -0.09414533
0.001787413 -0.1616189 -0.09413928
-0.00120358 -0.1555631 -0.09432095
0.001824313 -0.1444608 -0.09417117
0.001824313 -0.1373958 -0.09486355
0.00585313 -0.1353772 -0.09413928
-0.04864057 -0.1303307 -0.09511143
0.007924924 -0.1293214 -0.09413928
0.008889405 -0.1061075 -0.0942511
-0.03854759 -0.101061 -0.09514856
0.007880107 -0.1000517 -0.09501171
0.05028958 -0.06674489 -0.09413928
-0.04258478 -0.05665195 -0.09491967
-0.04157548 -0.03336942 -0.09413928
-0.03580109 -0.009214938 -0.09413928
-0.07084512 0.03014767 -0.09464352
-0.06277074 0.03216624 -0.09478079
-0.02441743 0.03422117 -0.09413928
0.04219622 0.04831499 -0.09431288
0.04623341 0.0513429 -0.09505329
-0.01129656 0.06202126 -0.09413928
-0.1279843 -0.2746602 -0.09312998
0.0926611 -0.2716323 -0.0932519
0.08458672 -0.2686045 -0.0936742
-0.01609355 -0.2057688 -0.09347919
-0.08901248 -0.2030001 -0.09320103
0.05931593 -0.200145 -0.09428099
0.0040092 -0.1992306 -0.09348848
-0.04561268 -0.195935 -0.09401372
0.07850873 -0.195935 -0.09312998
0.07231688 -0.1868514 -0.09312998
0.08357742 -0.1807956 -0.09346548
0.005984937 -0.1404237 -0.09312998
-0.05065916 -0.1363865 -0.09355065
-0.05166847 -0.1353772 -0.0941304
-0.0375383 -0.13134 -0.09345296
0.008889405 -0.1255305 -0.09312998
-0.03047321 -0.1222563 -0.09399797
-0.04157548 -0.1141819 -0.09318487
-0.04056659 -0.02738231 -0.09312998
0.06455499 -0.01527071 -0.09312998
0.06641936 0.01399893 -0.09322929
-0.02821198 0.01601756 -0.09312998
-0.06579863 0.02711976 -0.09390309
-0.07488231 0.03216624 -0.09331609
-0.06176144 0.03721273 -0.09368549
-0.07286371 0.03933227 -0.09312998
-0.02182628 0.04225922 -0.09312998
-0.02038023 0.0473057 -0.09384012
-0.01735234 0.05538011 -0.09335566
0.0502706 0.05665183 -0.09312998
-0.06680793 -0.344844 -0.09212068
-0.1152542 -0.3311809 -0.09291156
-0.1152542 -0.3261344 -0.0921998
0.03311254 -0.3200786 -0.09274039
-0.05616468 -0.31806 -0.09212068
-0.1102077 -0.2406691 -0.09212068
-0.08524659 -0.2107587 -0.09207788
-0.08799793 -0.2089275 -0.09285142
-0.06759478 -0.2091092 -0.09178397
-0.03417572 -0.2049997 -0.09109281
-0.01666881 -0.2013558 -0.09172946
0.0689414 -0.1975172 -0.09275895
0.01181634 -0.1975882 -0.09206738
0.08458672 -0.1925531 -0.09212068
-0.007259365 -0.1807956 -0.09259345
0.07954023 -0.1793272 -0.09212068
-0.004231473 -0.1763022 -0.09212068
0.00283361 -0.1576661 -0.09212068
0.02301956 -0.1505166 -0.09312917
0.006011917 -0.1414329 -0.09212068
-0.03955689 -0.1343679 -0.09293215
0.006870805 -0.1151912 -0.09276138
-0.0442033 -0.04353106 -0.09212068
-0.06983583 0.02611047 -0.09271292
-0.0244291 0.03115696 -0.09212068
-0.07589161 0.03721273 -0.09216267
-0.02078517 0.0473057 -0.09212068
-0.003222176 0.06648237 -0.09312917
0.02705675 0.06648237 -0.09273595
0.048252 -0.3331103 -0.09111138
-0.05704358 -0.3200427 -0.09182839
0.03210324 -0.31806 -0.09185584
0.02402886 -0.3160443 -0.09111138
0.1067477 -0.3130136 -0.09111138
0.108799 -0.3089764 -0.09111138
-0.1394774 -0.290243 -0.09111138
-0.113649 -0.2655766 -0.09111138
0.08529 -0.2655766 -0.09111138
0.08357742 -0.2595208 -0.09114732
-0.01612746 -0.2414903 -0.09091073
-0.1162635 -0.2403275 -0.09111138
0.07853094 -0.2401148 -0.09111138
-0.003038201 -0.2087204 -0.09116347
-0.07501998 -0.2091766 -0.08951588
0.01281577 -0.1988511 -0.09178276
-0.08396599 -0.1980977 -0.09111138
0.04848584 -0.1969984 -0.09022279
0.07853094 -0.1952854 -0.09111138
0.08155882 -0.1956827 -0.09111138
-0.05469636 -0.1908946 -0.09111138
0.0522892 -0.1892616 -0.09111138
-0.02138953 -0.1872575 -0.09111138
0.08863239 -0.1807956 -0.09111138
0.03063161 -0.1646468 -0.09111138
0.0009129578 -0.1636375 -0.09111138
-0.006250069 -0.1242789 -0.09111138
-0.04670232 -0.121247 -0.09111138
0.003842908 -0.1202377 -0.09188934
-0.04772897 -0.05867052 -0.09111138
-0.03121674 0.003905952 -0.09111138
-0.02963283 0.01298964 -0.09111138
-0.02744532 0.02207327 -0.09139843
-0.06478933 0.02483875 -0.09111138
-0.06075214 0.02711976 -0.09198785
-0.05584978 0.03115696 -0.09111138
-0.02138953 0.04015183 -0.09111138
-0.01836164 0.05467361 -0.09111138
-0.01432445 0.06345451 -0.09157525
-0.00927796 0.0685333 -0.09111138
0.03714973 0.22797 -0.09156679
0.04017763 0.2330165 -0.09121031
0.04166181 -0.328153 -0.09010208
0.0926611 -0.2504371 -0.09016587
0.08862391 -0.2484185 -0.09012429
0.08660532 -0.2423627 -0.09057161
-0.04813188 -0.2084612 -0.09069474
-0.04017136 -0.2060276 -0.08994988
-0.03109538 -0.2004114 -0.08937901
0.004780376 -0.1993771 -0.09062287
-0.02040664 -0.1980812 -0.08932209
0.02233579 -0.1944138 -0.08760387
0.03798692 -0.1947844 -0.08980414
0.08281156 -0.1932624 -0.09013438
-0.04056619 -0.1908885 -0.09098867
0.08963321 -0.1878606 -0.09107545
0.04017763 -0.1828142 -0.09108877
-0.007259365 -0.1777677 -0.09076498
-0.006396579 -0.1747398 -0.09010208
0.003429096 -0.1515259 -0.09010208
-0.04404786 -0.1394144 -0.09010208
-0.04662198 -0.1373958 -0.0911025
0.00283361 -0.1303307 -0.0905595
0.0008150153 -0.1262935 -0.09072421
0.003842908 -0.1262935 -0.09103023
-0.05974285 -0.1242749 -0.09010652
0.03714973 -0.1162005 -0.09110653
-0.05166847 -0.0788565 -0.09031807
-0.03547287 -0.01123351 -0.09010208
-0.03249181 1.007318E-05 -0.09010208
-0.07387301 0.04401135 -0.09010208
-0.02000421 0.04528713 -0.09010208
-0.01533375 0.06331724 -0.09010208
0.03614043 0.06248152 -0.09010208
0.010908 0.07354748 -0.09019454
0.01797308 0.2219142 -0.09076822
0.01797308 0.2249421 -0.09063661
0.01797308 0.238063 -0.09035723
0.04724271 0.2400815 -0.0906907
0.02806605 0.2421002 -0.09065679
0.06036358 0.2431095 -0.09012631
-0.05772425 0.2794442 -0.0910383
-0.06176144 0.2834814 -0.09031323
0.04219622 -0.3321902 -0.08938225
0.0916518 -0.253465 -0.08921754
0.0906425 -0.2423627 -0.0900262
0.08660532 -0.2409775 -0.08909278
-0.08063814 -0.2394939 -0.08863941
-0.07892354 -0.2107834 -0.08952436
-0.09122728 -0.2090559 -0.08909278
-0.09277555 -0.2040094 -0.08909278
-0.03235938 -0.2005225 -0.08800597
-0.02487318 -0.1974098 -0.08842786
0.01671864 -0.196088 -0.08829181
-0.06983583 -0.1898792 -0.08926356
0.08963321 -0.1898792 -0.08913679
0.04941068 -0.185842 -0.08909278
-0.008268664 -0.1757491 -0.08956675
-0.1041519 -0.1555631 -0.08922359
-0.1001148 -0.1555631 -0.08952962
0.001079088 -0.1555631 -0.08909278
-0.1021333 -0.1525352 -0.08992445
-0.0626363 -0.1353772 -0.08909278
0.0008150153 -0.1353772 -0.08949852
0.00283361 -0.1343679 -0.09009199
-0.05065916 -0.1232656 -0.09004879
-0.05166847 -0.07058832 -0.08909278
-0.04754891 -0.05564266 -0.08909278
-0.03854759 -0.02181506 -0.08909278
-0.03148251 0.01904535 -0.08920786
0.06976781 0.03519416 -0.08909278
-0.05267776 0.03721273 -0.08909924
0.0532985 0.2148491 -0.08994746
0.03311254 0.2158584 -0.08926478
0.06036358 0.2259514 -0.0898978
0.0008150153 0.22797 -0.08969392
0.004852222 0.2289793 -0.08936328
0.008889405 0.2410909 -0.08925469
0.01494518 0.2421002 -0.09008755
0.03513113 0.2421002 -0.08976659
-0.01836164 0.248156 -0.08917998
0.0512799 0.248156 -0.08911337
0.1047727 0.265314 -0.08953325
0.1098192 0.2679422 -0.08909278
0.08660532 0.2693512 -0.08910611
-0.06882653 0.2774256 -0.08923247
-0.04763127 0.2774256 -0.08965355
0.1047727 0.2774256 -0.08910207
0.1007355 0.2794442 -0.08915052
-0.04460338 0.2814628 -0.08954939
-0.05570566 0.2844907 -0.08936408
-0.06075214 0.2865093 -0.08913477
-0.07589161 0.3107324 -0.09007947
-0.0809381 0.312751 -0.08984007
-0.06378004 0.3137603 -0.09007989
-0.0799288 0.3188068 -0.08946663
-0.06882653 0.3248626 -0.08926356
-0.1182821 -0.3271437 -0.08827284
-0.1303937 -0.3190693 -0.08813314
-0.05974285 -0.3158799 -0.08808349
0.1037634 -0.2756695 -0.0889854
0.09669829 -0.2463999 -0.08842665
-0.004242495 -0.207676 -0.08882472
-0.01510952 -0.2036783 -0.08841413
-0.0155151 -0.200992 -0.08906169
-0.02756009 -0.1976395 -0.08756633
0.05060004 -0.1975697 -0.08813798
0.05255969 -0.1947182 -0.08742099
0.02700835 -0.1936435 -0.08604632
-0.006250069 -0.1696933 -0.08821389
-0.004865312 -0.1666654 -0.08808349
-0.1011241 -0.1598841 -0.08808349
-0.04864057 -0.1474887 -0.0882244
0.03519186 -0.1474887 -0.08808349
-0.09910545 -0.1424423 -0.08819613
-0.02138953 -0.1424423 -0.08895916
0.0008150153 -0.1424423 -0.08888406
-0.01028411 -0.1404237 -0.08808349
-0.06176144 -0.1384051 -0.08853444
-0.00120358 -0.1373958 -0.08874477
-0.05258046 -0.1162005 -0.08808349
0.05632639 -0.07485563 -0.08808349
0.05935428 -0.05766124 -0.08909237
-0.04225333 -0.036466 -0.08808349
-0.02744532 0.03317553 -0.08908996
-0.07690091 0.04206544 -0.08808349
-0.02441743 0.04212606 -0.08808349
-0.06983583 0.0473057 -0.0885074
0.06440077 0.05235219 -0.08868544
-0.01735234 0.0552994 -0.08808349
0.02907535 0.07455677 -0.08860187
0.03916833 0.08868694 -0.08825426
0.03008465 0.09171486 -0.08906209
0.04421481 0.09676135 -0.08810931
0.01999167 0.1018078 -0.0884113
0.03815907 0.2087933 -0.08903143
0.01696378 0.2138398 -0.08835034
0.01595448 0.22797 -0.08839878
0.03210324 0.2309979 -0.08840322
0.03916833 0.238063 -0.08831523
-0.006250069 0.2390723 -0.08856271
0.03614043 0.2501746 -0.08878152
-0.01432445 0.2521932 -0.08865556
0.1098192 0.2551444 -0.08808349
-0.06983583 0.268342 -0.08908391
-0.07197876 0.2723791 -0.08808349
0.08559602 0.2733884 -0.08902174
0.0916518 0.2764163 -0.08899388
-0.06680793 0.2814628 -0.08901447
-0.05772425 0.2875186 -0.08897814
0.105782 0.2976115 -0.0881388
0.09957559 0.3016487 -0.08808349
-0.07589161 0.3072484 -0.08808349
-0.06176144 0.3087138 -0.08810569
-0.08396599 0.3097231 -0.08809762
-0.08396599 0.312751 -0.08833137
-0.05671496 0.3147696 -0.08861841
-0.08059938 0.3198161 -0.08808349
-0.07690091 0.3225614 -0.08808349
-0.07387301 -0.3443018 -0.08753525
-0.08396599 -0.3441956 -0.08707421
0.04522415 -0.3311809 -0.08710891
0.06843796 -0.328786 -0.08707421
-0.1374588 -0.310995 -0.08802171
0.08963321 -0.2575022 -0.08789252
-0.126413 -0.2443813 -0.08707421
0.005295272 -0.2412484 -0.08741978
0.0946797 -0.2413837 -0.08707421
0.0916518 -0.2403441 -0.0873463
-0.03284829 -0.203636 -0.0863701
-0.08901248 -0.1969443 -0.08707701
-0.06075214 -0.1818049 -0.0875849
-0.03249181 -0.1818049 -0.08794259
-0.01331515 -0.1717119 -0.08739232
-0.04359408 -0.1606173 -0.08707421
-0.005240771 -0.1596003 -0.08712506
-0.1053074 -0.1575817 -0.08707421
-0.002212877 -0.1525352 -0.08757724
-0.1065464 -0.1505166 -0.08707421
-0.002212877 -0.148498 -0.08763011
-0.06579863 -0.1232656 -0.08707984
-0.05772425 -0.09904242 -0.08708186
0.06641936 -0.03444737 -0.0880726
-0.0375383 0.004915237 -0.08721994
-0.06983583 0.02288479 -0.08707421
-0.07690091 0.02510113 -0.08713232
-0.05166847 0.03519416 -0.08802655
-0.06378004 0.04831499 -0.08708791
0.03916833 0.06648237 -0.08788325
0.05531709 0.06749171 -0.08715291
0.00283361 0.09474272 -0.08751546
0.0008150153 0.2077841 -0.08740564
0.06036358 0.2108119 -0.08709115
-0.003222176 0.2239328 -0.08799791
-0.01774318 0.2269607 -0.08707421
0.01999167 0.2299886 -0.08807299
0.008889405 0.2309979 -0.08761436
0.007880107 0.2340258 -0.08734831
0.06742866 0.2410909 -0.0876293
0.04623341 0.2431095 -0.08781743
0.003842908 0.248156 -0.08808188
0.06641936 0.2572396 -0.08722599
-0.01735234 0.2602676 -0.08800638
0.05935428 0.2602676 -0.08729987
-0.0649916 0.2612768 -0.08707421
0.0936704 0.2632954 -0.08748962
-0.02239883 0.2643048 -0.08753565
-0.07387301 0.2663233 -0.08753201
-0.04662198 0.267805 -0.08707421
0.1108285 0.2723791 -0.08779725
-0.04056619 0.2764163 -0.08772862
0.1128471 0.2976115 -0.08768864
0.1128471 0.3066952 -0.08708468
-0.06983583 0.3278905 -0.08800033
-0.12131 -0.3262249 -0.0860649
0.04623341 -0.3210879 -0.08611335
0.04118692 -0.3171412 -0.0860649
0.1007355 -0.2715072 -0.0860649
0.09274507 -0.2675951 -0.0860649
0.09861838 -0.2514464 -0.0860649
-0.1263565 -0.2484185 -0.08697365
-0.1253472 -0.2423627 -0.08632408
0.007602183 -0.2050946 -0.085794
-0.01593145 -0.2029129 -0.08530954
-0.09397096 -0.2019908 -0.0860649
0.05503771 -0.1972629 -0.08728009
0.01515447 -0.1912244 -0.08538908
0.07348444 -0.1818049 -0.08679239
0.08256812 -0.1694276 -0.0860649
-0.09708686 -0.1636641 -0.0860649
-0.06277074 -0.1410131 -0.0860649
-0.1041519 -0.1394144 -0.08652434
0.04120141 -0.1373958 -0.0860649
-0.04258478 -0.03141952 -0.08646296
-0.04082093 -0.007196307 -0.0860649
-0.05368706 0.0432685 -0.08691028
0.048252 0.07152885 -0.08661194
0.0492613 0.08767766 -0.08704351
0.03916833 0.1078635 -0.08607417
-0.01129656 0.2168677 -0.08706409
-0.002212877 0.238063 -0.08693248
-0.02340813 0.2410909 -0.08705279
0.04724271 0.248156 -0.08641775
0.04421481 0.2552211 -0.08670762
0.04219622 0.2562304 -0.08643954
0.07550304 0.2592583 -0.0862062
0.07853457 0.2602676 -0.0860649
0.09770759 0.2602676 -0.0868376
0.1168842 0.2632954 -0.08636688
0.1078006 0.2804535 -0.08643793
0.0936704 0.2844907 -0.08647911
-0.0375383 0.2855 -0.08637738
-0.03955689 0.2865093 -0.08683842
0.0946797 0.2875186 -0.08611092
0.0946797 0.2996301 -0.08674192
0.1222202 0.2996301 -0.0860649
0.1239493 0.3036673 -0.08689897
-0.05368706 0.3107324 -0.08704795
0.12294 0.3107324 -0.08633216
-0.08546218 0.3137603 -0.0860649
-0.05974285 0.3288997 -0.08683681
-0.07291377 -0.341546 -0.08444436
-0.07331184 -0.3414467 -0.08427319
-0.12131 -0.330996 -0.0850556
-0.138412 -0.2786974 -0.0850556
-0.1203156 -0.2665859 -0.0850556
0.0916518 -0.2655766 -0.08552107
0.06842019 -0.2409033 -0.08506368
-0.12131 -0.2400571 -0.0850556
-0.09506826 -0.2059695 -0.0850556
-0.03137153 -0.2035552 -0.0847403
0.04126634 -0.2008862 -0.0855235
0.05059438 -0.1978236 -0.08704148
0.03619942 -0.1948579 -0.08549201
0.03422123 -0.192981 -0.08441934
-0.08295669 -0.1908885 -0.08593449
0.01309227 -0.1920972 -0.08552553
0.07853094 -0.1707026 -0.08537737
-0.02038023 -0.1666654 -0.08591591
-0.09910545 -0.1637299 -0.0850556
-0.06277074 -0.1636375 -0.0851642
-0.09405897 -0.1596003 -0.08531317
-0.05873355 -0.1464794 -0.08597204
-0.09204037 -0.1394144 -0.08505639
-0.1011241 -0.13134 -0.08551462
-0.06680793 -0.1192284 -0.08516864
-0.05974285 -0.1172098 -0.08580288
-0.05915342 -0.09197736 -0.0850556
0.05552137 -0.09096807 -0.0850556
0.06339147 -0.05665195 -0.08508062
-0.03249181 0.02812904 -0.08518317
-0.02946392 0.03721273 -0.08542539
-0.05570566 0.04713619 -0.0850556
-0.02441743 0.04671222 -0.0850556
-0.07286371 0.04855728 -0.0850556
-0.06983583 0.049833 -0.0850556
-0.01438977 0.068501 -0.0850556
-0.004231473 0.08969623 -0.08592117
0.010908 0.1149287 -0.0850556
0.004852222 0.1966818 -0.0858368
0.07651234 0.2410909 -0.08601807
0.08862391 0.2461374 -0.08508264
-0.006250069 0.2471467 -0.08595872
-0.02845461 0.2511839 -0.08561151
0.0512799 0.2521932 -0.0860447
-0.01230585 0.2552211 -0.08558729
0.08357742 0.2562304 -0.08506085
0.1189028 0.2562304 -0.08603461
-0.004231473 0.2592583 -0.08555782
-0.0345104 0.2622861 -0.08578391
-0.02845461 0.2622861 -0.08586788
-0.04359408 0.2632954 -0.08581136
0.06339147 0.2643048 -0.08600433
-0.09304967 0.2723791 -0.08508264
-0.08497529 0.275407 -0.08557317
-0.07084512 0.2794442 -0.08515774
-0.08497529 0.2824721 -0.08579925
-0.06478933 0.2874863 -0.0850556
-0.05166847 0.2955929 -0.0855336
0.1219307 0.312751 -0.08540037
0.1108285 0.3167882 -0.08549969
0.1158749 0.3167882 -0.08516499
-0.05570566 0.322844 -0.08547628
-0.06983583 0.328932 -0.0850556
-0.07422788 -0.3412755 -0.08394094
-0.07518994 -0.3406513 -0.08432931
-0.07465058 -0.3410942 -0.08387148
-0.07372444 -0.3413599 -0.08411533
-0.07393479 -0.341305 -0.08403943
-0.073242 -0.3414616 -0.08429298
-0.07435546 -0.3411487 -0.08390863
-0.07379429 -0.3413163 -0.08408627
-0.07325896 -0.3414418 -0.08426714
0.1166759 -0.2887904 -0.0840463
-0.1201804 -0.2575022 -0.0840463
-0.01197311 -0.2052561 -0.08475806
-0.0323057 -0.2038564 -0.08457355
-0.0307999 -0.2035443 -0.08421263
-0.03234687 -0.2034551 -0.08419487
-0.03037878 -0.2034038 -0.0837867
-0.02947118 -0.2032302 -0.08323725
0.02376277 -0.1996601 -0.0845667
0.06440077 -0.1828606 -0.0840463
-0.06841029 -0.1656561 -0.0840463
0.04297992 -0.1606096 -0.0840463
-0.1081891 -0.1495073 -0.08426714
-0.1052351 -0.1464794 -0.0840463
-0.1041519 -0.13134 -0.08468539
0.0512799 -0.1091354 -0.0850447
-0.04749764 -0.05564266 -0.0840463
0.07045655 -0.03035772 -0.0840463
-0.04579476 -0.02334511 -0.0840463
0.07449374 -0.01022422 -0.08409272
-0.03854759 0.01097101 -0.08445285
-0.05772425 0.02493566 -0.0840463
-0.0829575 0.02711976 -0.0840463
-0.07565059 0.04629642 -0.0840463
0.0008150153 0.07960325 -0.08505479
0.03779262 0.07960325 -0.0840463
0.03311254 0.08364046 -0.08444759
0.01898237 0.08464974 -0.08488402
0.06036358 0.09070551 -0.08486867
0.02301956 0.1795237 -0.0840463
0.04219622 0.1865888 -0.08485697
0.06843837 0.2198956 -0.0840463
-0.02038023 0.2209049 -0.08467449
0.1209214 0.2400815 -0.08424816
0.07348444 0.2421002 -0.08493933
0.0916518 0.2431095 -0.0844702
-0.07791021 0.2511839 -0.08494054
-0.0345104 0.2521932 -0.08502533
0.05430779 0.2582489 -0.0846006
0.07146585 0.2612768 -0.08459979
-0.01432445 0.2632954 -0.0845881
0.05935428 0.2659923 -0.0840463
-0.03955689 0.268342 -0.08484283
0.07954023 0.2703605 -0.08498091
-0.01836164 0.2713698 -0.0842748
-0.02138953 0.2723791 -0.08501603
-0.036529 0.2743977 -0.08465107
-0.0375383 0.275407 -0.08502653
0.1168842 0.2784349 -0.08419326
0.07954023 0.2794442 -0.08435959
-0.07589161 0.2875186 -0.0850556
-0.04864057 0.2885279 -0.08480327
0.09972619 0.2935743 -0.08463897
-0.07084512 0.2945836 -0.08464018
0.0946797 0.2945836 -0.08430186
0.1078006 0.2945836 -0.08425219
0.1279865 0.3006394 -0.08412179
-0.06277074 0.3036673 -0.08420295
0.0916518 0.3056859 -0.08436766
0.1269772 0.3066952 -0.08464098
0.105782 0.3117417 -0.08444639
-0.05873355 0.3319277 -0.08504348
-0.08699388 -0.3424612 -0.083037
-0.07444952 -0.3412258 -0.08391064
-0.07518348 -0.3411205 -0.0838408
-0.07503694 -0.340808 -0.08371282
0.105782 -0.3210879 -0.08316861
0.0502706 -0.3200786 -0.08349967
0.1178931 -0.2968648 -0.083037
0.1108285 -0.2775864 -0.083037
0.0936704 -0.2585115 -0.0832094
-0.03518946 -0.2411088 -0.08259856
0.09568899 -0.240353 -0.083037
-0.05341576 -0.237468 -0.08280527
-0.1071798 -0.2053461 -0.083037
-0.03145873 -0.2036291 -0.08425947
-0.02995411 -0.2033352 -0.08349361
-0.02920174 -0.2031123 -0.08276369
-0.02890614 -0.2030275 -0.08240841
-0.005304881 -0.2037304 -0.08317427
-0.09809615 -0.2009815 -0.08344395
0.01031988 -0.1987251 -0.08301964
0.0203381 -0.1970473 -0.08414763
0.03562727 -0.1905522 -0.08346292
0.08867922 -0.1903802 -0.08327197
0.02315328 -0.1898118 -0.08290417
0.07045655 -0.1807956 -0.08343507
-0.1035839 -0.1555631 -0.083037
-0.1079711 -0.1525352 -0.083037
-0.09103107 -0.1505166 -0.08400512
-0.1051612 -0.1444608 -0.08331193
-0.1061705 -0.1404237 -0.08369385
-0.1091984 -0.1384051 -0.08374633
-0.06377237 -0.1061075 -0.083037
-0.04460338 0.01702678 -0.08377581
-0.05127484 0.03014767 -0.083037
-0.08396599 0.03115696 -0.08346938
-0.04056619 0.03216624 -0.08361109
-0.05253485 0.04528713 -0.083037
-0.02441743 0.05235219 -0.08321908
0.07146585 0.05638939 -0.0834714
-0.003222176 0.08565903 -0.08393568
-0.02038023 0.08969623 -0.08352873
0.04118692 0.1209844 -0.08318961
0.04724271 0.1815423 -0.08325178
0.07146585 0.2259514 -0.0834387
0.07954023 0.2289793 -0.08403781
0.1108285 0.2360444 -0.08392639
0.08559602 0.2411797 -0.083037
0.006870805 0.2582489 -0.0836563
0.0522892 0.2582489 -0.08395788
-0.05772425 0.2592583 -0.083819
-0.05469636 0.2592583 -0.08337572
-0.00927796 0.265314 -0.08381739
0.1189028 0.268342 -0.08321586
-0.09561854 0.2693512 -0.083037
0.06843796 0.2685155 -0.083037
0.1300051 0.2693512 -0.08311411
-0.07488231 0.2784349 -0.08345768
-0.09506826 0.2794442 -0.08324209
-0.0345104 0.2824721 -0.08322312
0.08963321 0.2824721 -0.08309675
-0.09405897 0.2834814 -0.08321463
-0.06983583 0.2834814 -0.0838832
-0.04359408 0.2885279 -0.08354407
-0.06680793 0.2895372 -0.08357435
-0.06277074 0.2905464 -0.08394052
-0.07690091 0.2979305 -0.083037
-0.05469636 0.3016487 -0.08335836
-0.07891951 0.3036673 -0.08323523
-0.08906335 0.3117417 -0.083037
0.1190934 0.3157789 -0.083037
0.1037634 0.3188068 -0.08374916
0.1158749 0.3179024 -0.083037
-0.08008382 0.3208254 -0.083037
-0.07589161 0.3244467 -0.083037
-0.05368706 0.3309184 -0.08314519
-0.06277074 0.331964 -0.083037
-0.07553109 -0.3408278 -0.08341569
-0.07787549 -0.3334413 -0.08230466
0.0519525 -0.3291623 -0.0820277
-0.1465424 -0.2901671 -0.0820277
-0.1203007 -0.2615394 -0.08303538
-0.1011241 -0.2040094 -0.08272977
-0.02826971 -0.2028075 -0.08174349
-0.0280618 -0.2027219 -0.08198491
-0.1102077 -0.2009815 -0.08303417
-0.1117524 -0.1999722 -0.0820277
-0.07589161 -0.1747398 -0.08278185
-0.1122263 -0.1404237 -0.0828848
-0.1122263 -0.1370768 -0.0820277
-0.1061705 -0.1353772 -0.08280849
-0.1071798 -0.1273028 -0.08224047
-0.09506826 -0.1273028 -0.08216174
0.05733568 -0.1050982 -0.08204587
-0.04937696 -0.05766124 -0.0820277
-0.04864057 -0.04857755 -0.08242294
-0.04359408 -0.008205652 -0.08213671
-0.04305391 -0.004168451 -0.0820277
-0.04964987 0.002896667 -0.08225581
-0.04964987 0.01298964 -0.08221906
-0.04880609 0.0392313 -0.0820277
0.07752164 0.04306668 -0.0820277
-0.0335011 0.04932433 -0.08225298
-0.02036631 0.06143588 -0.0820277
0.0512799 0.07859397 -0.08284846
-0.00927796 0.07960325 -0.08278144
0.04219622 0.07960325 -0.08284281
0.06843796 0.08162189 -0.08215246
0.04118692 0.08263117 -0.08297281
-0.007259365 0.1088728 -0.08293889
0.003842908 0.1341053 -0.08220292
0.01211239 0.1472262 -0.0820277
0.02806605 0.1492448 -0.0820604
0.010908 0.1754866 -0.08298735
-0.01735234 0.2034643 -0.0820277
0.07550304 0.2137106 -0.0820277
-0.07690091 0.2370537 -0.08217829
0.12294 0.2441188 -0.08300471
0.01797308 0.259444 -0.0820277
0.1225444 0.2602676 -0.0820277
0.1320237 0.2612768 -0.08279436
0.048252 0.2632954 -0.08273098
-0.07891951 0.2663233 -0.08298614
-0.0809381 0.2673326 -0.08262682
-0.02744532 0.2774256 -0.08279558
0.07752164 0.2774256 -0.08291993
0.08660532 0.2814628 -0.08256828
0.1118378 0.2905464 -0.08217869
-0.04359408 0.2986208 -0.08215931
0.08559602 0.3036673 -0.0823527
0.1291941 0.3046766 -0.0820277
-0.04348952 0.3117417 -0.0820277
0.1209214 0.3137603 -0.08252872
0.1067913 0.3219033 -0.0820277
-0.05166847 0.3238533 -0.0825699
-0.06478933 0.3305268 -0.0820277
-0.08699388 0.3985413 -0.08216134
-0.08396599 0.4045971 -0.08242254
0.06547506 -0.3311809 -0.08101841
0.05430779 -0.3305277 -0.08101841
0.05531709 -0.3261344 -0.08105756
-0.07084512 -0.3155316 -0.08101841
-0.1273658 -0.2689565 -0.08101841
-0.1280836 -0.253465 -0.08101841
-0.1061705 -0.2090559 -0.08134219
-0.0379295 -0.2059602 -0.08050851
-0.1021333 -0.2064515 -0.08101841
-0.09802713 -0.2063772 -0.08076366
-0.0279226 -0.2026521 -0.08014274
-0.02757834 -0.2025298 -0.08095058
0.009281097 -0.200992 -0.08067242
0.01688207 -0.190591 -0.08167162
0.04352026 -0.1852631 -0.08161025
-0.09708686 -0.165715 -0.08101841
0.07752164 -0.1616189 -0.08138538
-0.1119243 -0.1505166 -0.08101841
-0.09103107 -0.13134 -0.08181454
-0.06680793 -0.1141819 -0.08166557
-0.05065916 -0.0405032 -0.08164659
-0.04964987 -0.0302487 -0.08101841
-0.04561268 -0.007196307 -0.08108179
-0.05267776 0.004915237 -0.08110036
0.07910986 0.006933868 -0.08101841
-0.04864057 0.02711976 -0.08108986
-0.04763127 0.03418481 -0.08184684
-0.04359408 0.0392313 -0.08107694
-0.06075214 0.0513429 -0.08165467
-0.06781723 0.05141157 -0.08101841
0.05733568 0.07859397 -0.08148349
-0.02441743 0.08263117 -0.08140234
0.05834498 0.1098822 -0.0810293
0.0512799 0.1209844 -0.08125135
0.03109395 0.1593378 -0.08202528
-0.006250069 0.1835609 -0.08145119
0.05834498 0.1926446 -0.08201599
0.1158749 0.2219142 -0.08184481
-0.07084512 0.2400815 -0.08170957
-0.04763127 0.2431095 -0.08200429
-0.09405897 0.2477441 -0.08101841
-0.04157548 0.2481963 -0.08101841
-0.03854759 0.2491652 -0.08190941
-0.09607756 0.2572396 -0.08164094
0.1279865 0.2572396 -0.08131635
0.1340617 0.2612768 -0.08101841
0.006869121 0.2622861 -0.08101841
-0.008268664 0.2703605 -0.08117142
-0.01634305 0.2731017 -0.08101841
0.07146585 0.2731906 -0.08101841
0.1310144 0.2764163 -0.08124409
0.1259679 0.2784349 -0.0817233
-0.02138953 0.2797631 -0.08101841
0.07953821 0.2844907 -0.08101841
-0.04056619 0.2915557 -0.08112136
0.08357742 0.2915557 -0.08113912
-0.08396599 0.2945836 -0.0819615
0.1178935 0.2955929 -0.08166395
0.08426213 0.2966022 -0.08101841
-0.04864057 0.3066952 -0.08182584
0.1249586 0.3079104 -0.08101841
0.1209214 0.3117902 -0.08101841
0.09770759 0.3147696 -0.08180727
-0.08396599 0.3183102 -0.08101841
-0.04460459 0.3188068 -0.08101841
0.1027541 0.322844 -0.08111328
-0.07387301 0.3278905 -0.08104505
-0.05570566 0.3339099 -0.08101841
-0.09304967 0.4005599 -0.08202609
-0.1435146 -0.310995 -0.08003858
-0.1334216 -0.2706231 -0.0803672
0.1007355 -0.2689783 -0.08000911
-0.06855119 -0.2404148 -0.08066515
-0.0888736 -0.2395161 -0.08006159
-0.1061705 -0.2096804 -0.08000911
-0.06175175 -0.2093514 -0.07991342
-0.02788332 -0.2025919 -0.07950526
-0.02782538 -0.202583 -0.07902323
0.03664161 -0.2024078 -0.08007451
0.03866606 -0.2024817 -0.08012659
-0.02755073 -0.2025055 -0.07992634
-0.1051612 -0.1939164 -0.08002647
0.09887353 -0.1838235 -0.08000911
0.04387541 -0.1821629 -0.07907127
0.08761462 -0.1666654 -0.08069018
-0.09989472 -0.1616189 -0.08000911
0.08256812 -0.158591 -0.08051416
-0.1142449 -0.1464794 -0.08068897
-0.1147149 -0.1414329 -0.08000911
-0.0758912 -0.1404237 -0.08000911
-0.1132356 -0.1303307 -0.08004303
-0.111217 -0.1259503 -0.08000911
-0.09708686 -0.1232858 -0.08000911
-0.07488231 -0.1182191 -0.08001355
0.05834498 -0.08995876 -0.08061348
0.05937245 -0.08390298 -0.08000911
-0.05535684 -0.08087507 -0.08000911
-0.05315253 -0.07179141 -0.08000911
-0.04735997 -0.02233583 -0.08000911
-0.04582907 -0.01527071 -0.08000911
-0.04561268 -0.01426142 -0.08047217
-0.05368706 -0.01224285 -0.08006361
-0.05166847 0.02711976 -0.08066393
-0.08354572 0.03721273 -0.08000911
-0.04662198 0.03822201 -0.08099216
-0.07084512 0.05047494 -0.08000911
-0.05671496 0.05050725 -0.08000911
0.06036358 0.07960325 -0.08098611
-0.02038023 0.1018078 -0.08101599
0.04522415 0.1411704 -0.08045603
0.0492613 0.1704401 -0.08000911
0.1219307 0.2148491 -0.08100508
-0.02744532 0.2227015 -0.08000911
-0.08497529 0.2249421 -0.0800188
-0.08396599 0.2350351 -0.08088235
0.1027541 0.238063 -0.08098409
0.1340423 0.248156 -0.08098207
0.06339147 0.2743614 -0.08000911
-0.0345104 0.2915557 -0.08096794
-0.04157548 0.2935743 -0.08061025
-0.08800318 0.3036673 -0.08075558
0.1163194 0.3147696 -0.08000911
0.1128471 0.3175391 -0.08000911
-0.09304967 0.3945041 -0.08095583
0.04623341 -0.3158989 -0.07899981
0.1176235 -0.2827346 -0.07899981
0.105782 -0.2705532 -0.07899981
0.1030427 -0.2423627 -0.07899981
-0.1233286 -0.240527 -0.07899981
0.09770759 -0.2404349 -0.07899981
-0.08561155 -0.209812 -0.07877776
-0.1091984 -0.2091193 -0.07899981
-0.1152542 -0.2070373 -0.07910195
-0.03289351 -0.2037567 -0.07865059
-0.1161218 -0.2019908 -0.07899981
0.02675812 -0.1990687 -0.08010519
-0.1133814 -0.1979536 -0.07899981
-0.1081891 -0.1939879 -0.07899981
0.09669829 -0.187637 -0.07899981
0.06073016 -0.1862094 -0.07894813
0.04593232 -0.181448 -0.07894006
0.06541006 -0.176183 -0.07899981
0.06036358 -0.1747398 -0.07939989
-0.08396599 -0.1737305 -0.07973216
0.07550304 -0.1717119 -0.07967563
-0.09204037 -0.1647275 -0.07899981
-0.09010172 -0.1565724 -0.07899981
-0.08598459 -0.1353772 -0.07925779
0.06036358 -0.09096807 -0.07948387
-0.05772708 -0.08794016 -0.07899981
0.06944524 -0.04554969 -0.07899981
0.07452967 -0.02334511 -0.07899981
-0.04822272 -0.0203172 -0.07899981
-0.01533375 0.07657534 -0.07944591
0.07651234 0.07758468 -0.07909065
-0.01634305 0.08061254 -0.0795848
0.07752164 0.08263117 -0.07919804
-0.02835018 0.09777063 -0.07899981
-0.01634305 0.1139193 -0.0797689
-0.00927796 0.1368708 -0.07899981
-0.007841406 0.1714494 -0.07899981
0.1138563 0.2168677 -0.0798997
0.1249586 0.2168677 -0.07982138
-0.0809381 0.2188863 -0.07900143
0.08660532 0.2239328 -0.07981209
0.1320237 0.2311674 -0.07899981
-0.04864057 0.2340258 -0.0798125
-0.04561268 0.2350351 -0.07997762
0.1259679 0.2350351 -0.07930462
-0.09607756 0.2451281 -0.0797584
-0.08598459 0.2461374 -0.07900708
-0.08396599 0.2461374 -0.07994048
0.1279865 0.2461374 -0.07979756
0.02806605 0.2627181 -0.07899981
0.04219569 0.265314 -0.07899981
-0.09717285 0.2693512 -0.07899981
0.1331695 0.2733884 -0.07899981
-0.02643602 0.2846643 -0.07899981
0.1239493 0.3064005 -0.07899981
-0.04258478 0.3077045 -0.07928766
0.0906425 0.3117417 -0.07996833
0.1155213 0.3147696 -0.07899981
0.1158749 0.3146727 -0.07899981
0.1159173 0.3147696 -0.07899981
0.1148608 0.3157789 -0.07899981
0.1083621 0.3198161 -0.07899981
-0.08396599 0.3218347 -0.07907127
0.1047727 0.3227471 -0.07899981
-0.06781723 0.3309184 -0.07952546
-0.07589161 0.3319277 -0.07916251
-0.1001148 0.3995506 -0.07904139
-0.07791021 0.4015692 -0.07985125
0.1269772 0.4015692 -0.07909145
-0.09852854 0.4045971 -0.07899981
0.1239493 0.4045971 -0.07923356
0.1189028 0.4056064 -0.0794334
-0.07406881 0.4086343 -0.07899981
-0.09002178 0.4103501 -0.07899981
-0.1253472 -0.3299528 -0.07799051
-0.1283751 -0.3261348 -0.07799051
-0.07973663 -0.3180839 -0.07755571
0.003972744 -0.2056012 -0.07878664
-0.04480201 -0.2043618 -0.07753552
-0.02739982 -0.2024519 -0.07731025
0.01620826 -0.1974724 -0.07706317
0.01125459 -0.1991745 -0.07768489
0.02496553 -0.1886402 -0.07849476
0.05879109 -0.1830778 -0.0769142
0.06843796 -0.1747398 -0.07803209
-0.09103107 -0.1636375 -0.07896549
-0.0809381 -0.1373958 -0.0783583
-0.1148917 -0.1323493 -0.07799051
-0.09131328 -0.1262935 -0.07799051
-0.1091984 -0.1222563 -0.07877857
-0.1011241 -0.1202377 -0.07810073
-0.06730289 -0.1091354 -0.07799051
0.06137288 -0.08188438 -0.0787059
0.06440077 -0.06775421 -0.07899941
-0.05368706 -0.05967981 -0.07894773
-0.04990542 -0.0283916 -0.07799051
0.07752164 -0.01022422 -0.07813424
-0.08295669 0.02179468 -0.07799051
-0.05368706 0.02207327 -0.07806762
-0.05974285 0.02318352 -0.07799051
0.08256812 0.03014767 -0.07853473
-0.07298927 0.04677683 -0.07796992
-0.04460338 0.04629642 -0.07837404
0.0777889 0.05840802 -0.07799051
-0.02441743 0.06951028 -0.07894127
0.07078558 0.07051957 -0.07799051
-0.02441743 0.07859397 -0.078196
-0.0375383 0.08464974 -0.07886376
0.07247515 0.09676135 -0.07802846
0.05733568 0.1381425 -0.07809064
0.048252 0.143189 -0.07848991
0.04623341 0.1553006 -0.07883186
-0.006250069 0.1563099 -0.07882863
0.1289958 0.1573192 -0.07799979
0.1269772 0.1593378 -0.07800666
0.0502706 0.1664029 -0.07832358
0.1269772 0.1775051 -0.07874385
0.1239493 0.1976911 -0.07881773
0.06641936 0.1997097 -0.07863767
0.06944726 0.2047561 -0.07889444
-0.08800318 0.2067747 -0.07821216
-0.0345104 0.2168677 -0.07822184
-0.08800318 0.2188863 -0.07804743
-0.03854759 0.2299886 -0.07811203
0.1007355 0.2299886 -0.07854926
0.1350516 0.236549 -0.07799051
0.01595448 0.2635094 -0.07799051
-0.00284704 0.2703605 -0.07799051
0.0512799 0.2693875 -0.07799051
-0.09664156 0.2784349 -0.07799051
0.133033 0.2794442 -0.07859004
0.1239477 0.2865093 -0.07799051
-0.03118355 0.2905464 -0.07799051
-0.09304967 0.3036673 -0.07849072
0.08054952 0.3036673 -0.07856864
0.08121203 0.3066952 -0.07799051
0.1189028 0.3117417 -0.07865423
-0.03955689 0.3147696 -0.07828522
0.1158374 0.3147696 -0.07799051
0.1159068 0.3147696 -0.07799051
0.1158749 0.3147979 -0.07799051
0.1138612 0.3167882 -0.07799051
-0.04129248 0.3188068 -0.07799051
0.09367 0.322844 -0.07799051
-0.08497529 0.3914762 -0.07802241
-0.09809615 0.3924855 -0.07898164
0.1259679 0.397532 -0.07859326
0.1158749 0.4016459 -0.07799051
-0.0799288 0.4131761 -0.07799051
-0.08361919 -0.3391951 -0.07760577
-0.1223193 -0.3321429 -0.07698122
-0.1374588 -0.3206443 -0.07698122
-0.1435146 -0.3141322 -0.07698122
0.1168842 -0.3140228 -0.07711969
-0.1479098 -0.3059485 -0.07698122
0.09818599 -0.2625487 -0.07698122
-0.03440705 -0.205525 -0.07714795
-0.0286184 -0.2025996 -0.07639219
-0.03327018 -0.200019 -0.07728925
-0.02737677 -0.2022355 -0.07653228
-0.01984482 -0.1970771 -0.07718671
-0.02521599 -0.1954829 -0.07678299
-0.1001148 -0.18887 -0.07767804
-0.09515224 -0.1818049 -0.07698122
0.05548745 -0.1809445 -0.07660656
-0.09405897 -0.1649783 -0.07698122
0.05668045 -0.1646468 -0.07698122
-0.08598459 -0.1636375 -0.07776726
-0.08598459 -0.1525352 -0.07731509
-0.0809381 -0.1495073 -0.07746366
0.07651234 -0.148498 -0.07727553
-0.08295669 -0.1343679 -0.07771356
-0.07681209 -0.1151912 -0.07698122
-0.06983583 -0.1118807 -0.07698122
-0.06062619 -0.09298667 -0.07698122
0.06742866 -0.08995876 -0.07726503
-0.05781751 -0.08693087 -0.07698122
0.06843796 -0.05766124 -0.07758154
0.07651234 -0.04655898 -0.0770668
-0.05516063 -0.04353106 -0.07698122
0.07247515 -0.04252177 -0.07743137
-0.05671496 0.02308255 -0.07753471
-0.08863581 0.03216624 -0.07698122
0.07247515 0.07354748 -0.07710072
-0.04258478 0.07556605 -0.07738373
-0.03955689 0.07556605 -0.07782862
-0.02643602 0.07556605 -0.07740633
0.06541006 0.1149287 -0.07698161
0.1289958 0.1159379 -0.0779671
0.05531709 0.1421797 -0.07788918
0.1289958 0.1734679 -0.07752341
-0.01634305 0.1886074 -0.0778585
0.1209214 0.1896167 -0.07710153
0.07449374 0.1936539 -0.07751413
0.07146585 0.1966818 -0.07796144
0.1269772 0.1976911 -0.07789484
-0.09002178 0.2037469 -0.07775999
0.1128471 0.2108119 -0.07749071
-0.02845461 0.2128305 -0.07733568
0.0916518 0.2138398 -0.07782943
0.1269772 0.2219142 -0.07699817
0.1047727 0.2241024 -0.07698122
-0.09506826 0.22797 -0.0770878
-0.09607756 0.2320072 -0.07797638
-0.09103107 0.2350351 -0.07700665
-0.06579863 0.2350351 -0.07751291
0.1350472 0.2451281 -0.07698122
0.06843796 0.2785035 -0.07698122
0.07752164 0.2885279 -0.07753673
-0.03249181 0.2945836 -0.077045
0.1249586 0.2945836 -0.0779897
0.1320237 0.2976115 -0.07754359
0.1325106 0.3006394 -0.07698122
0.1310742 0.3036673 -0.07698122
0.1169662 0.3117417 -0.07698122
0.1178935 0.312751 -0.07700786
0.1128115 0.3157789 -0.07698122
0.1128471 0.3167882 -0.07772527
0.1136961 0.3167882 -0.07698122
0.1138563 0.3167276 -0.07698122
0.09028926 0.3177975 -0.07698122
0.1138563 0.3168125 -0.07698122
0.09568899 0.3248626 -0.07706882
0.1007355 0.3239542 -0.07698122
-0.06680793 0.3336112 -0.07698122
-0.09962585 0.4066157 -0.07698122
0.1088099 0.4086343 -0.0770018
0.1108285 0.4106529 -0.07757993
0.1178935 0.4117025 -0.07698122
-0.08699388 0.4134668 -0.07698122
-0.08347103 -0.3373021 -0.076676
0.06137288 -0.3251251 -0.07638533
0.1128471 -0.3202304 -0.07597192
0.05430779 -0.3164003 -0.07597192
-0.1411568 -0.2736509 -0.07597192
-0.131403 -0.2696137 -0.07677088
-0.09513327 -0.2402452 -0.07603328
0.1026204 -0.2403441 -0.07597192
-0.1066074 -0.2082347 -0.07607043
-0.1026893 -0.2073284 -0.07661141
-0.1182821 -0.206028 -0.07696264
-0.02953457 -0.2030465 -0.0754487
-0.1031782 -0.18887 -0.07597192
0.03942319 -0.1865381 -0.07654237
0.05938819 -0.1835518 -0.07598847
0.058695 -0.1830063 -0.07564369
0.05112123 -0.1784835 -0.07510231
-0.09204037 -0.1696933 -0.076198
-0.09304967 -0.1676747 -0.07599533
-0.09708686 -0.1621074 -0.07597192
0.08660491 -0.1565724 -0.07597192
0.07550304 -0.1434515 -0.07611443
-0.1142631 -0.1363865 -0.07597192
-0.0799288 -0.1222563 -0.07627753
-0.05772425 -0.05059618 -0.0761443
-0.05307139 -0.03747529 -0.07597192
0.07954023 -0.03041017 -0.07677411
0.07752164 -0.02334511 -0.07687423
-0.05974285 -0.009214938 -0.07644346
0.08054952 -0.009214938 -0.07617983
0.08213252 0.006933868 -0.07597192
-0.08396599 0.03882766 -0.07597192
-0.05065916 0.0473057 -0.07674585
-0.06899004 0.05033362 -0.07597192
-0.0335011 0.06648237 -0.07646728
0.1300051 0.08162189 -0.0760789
0.1256151 0.1078635 -0.07597192
0.1310144 0.1108915 -0.07691097
-0.02274405 0.1219937 -0.07597192
0.1279865 0.1371332 -0.07684879
0.1245327 0.1441983 -0.07597192
0.1300051 0.1441983 -0.0768056
-0.01331515 0.1472262 -0.07612735
-0.01133854 0.1542913 -0.07597192
-0.09405897 0.1775051 -0.07607365
0.06843796 0.1815423 -0.07605548
-0.09204037 0.2017282 -0.07649473
0.08155882 0.2047561 -0.07698081
0.09871689 0.2184261 -0.07597192
0.1289958 0.2214742 -0.07597192
-0.04157548 0.2289793 -0.07681206
-0.05873355 0.2350351 -0.07601269
0.07603918 0.2895372 -0.07597192
0.1288291 0.292565 -0.07597192
-0.036529 0.2966022 -0.07675755
-0.09706909 0.2986208 -0.07597192
0.1249586 0.3055325 -0.07597192
0.122678 0.3077045 -0.07597192
-0.0909899 0.3147696 -0.07597192
0.1128471 0.3157789 -0.076892
0.1128471 0.3167882 -0.07646607
0.1141272 0.3167882 -0.07597192
-0.04891591 0.3339463 -0.07597192
-0.08497529 0.3359649 -0.07689765
0.1350516 0.3965227 -0.07683991
-0.07286371 0.4025785 -0.07694286
-0.07084512 0.4056064 -0.07695942
-0.06983583 0.4126714 -0.07638492
0.1067913 0.4126714 -0.07612695
0.06036358 -0.3190693 -0.0756877
0.1236615 -0.2948462 -0.07496262
-0.1491654 -0.2837439 -0.07496262
0.106136 -0.253465 -0.07496262
0.1081583 -0.2484185 -0.07496262
-0.1334216 -0.2423627 -0.07590611
-0.1303937 -0.2404826 -0.07496262
-0.1182821 -0.2090559 -0.07519557
-0.02942556 -0.1965325 -0.07527833
0.07865043 -0.1835376 -0.07569093
0.05973136 -0.1826462 -0.07476722
0.05977294 -0.1826123 -0.07472886
0.0598876 -0.1826103 -0.07469334
0.05983026 -0.1825263 -0.07460735
0.1017448 -0.1807956 -0.07529569
0.04461514 -0.181345 -0.0745698
0.07348444 -0.1666654 -0.07507687
-0.09409651 -0.1656561 -0.07496262
0.07550304 -0.1626282 -0.07568447
0.07523537 -0.158591 -0.07496262
-0.1130531 -0.1515259 -0.07496262
0.08054952 -0.1363865 -0.07568689
-0.08396599 -0.1252842 -0.07496868
-0.09204037 -0.1242749 -0.07572524
-0.1001224 -0.1182191 -0.07496262
0.07752164 -0.1141819 -0.07511926
-0.06219907 -0.09702384 -0.07496262
0.08155882 -0.09601456 -0.07563764
0.08660532 -0.06573561 -0.07503004
0.08357742 -0.06371701 -0.07496787
-0.06083208 -0.06068912 -0.07496262
-0.06075214 -0.02940089 -0.07584878
0.08376434 0.01803607 -0.07496262
0.08461498 0.04528713 -0.07496262
0.08660532 0.07556605 -0.07524038
0.1259679 0.07758468 -0.07498806
0.131096 0.1411704 -0.07496262
-0.01836164 0.1441983 -0.07525612
0.05834498 0.1542913 -0.07565176
-0.09607756 0.1623657 -0.07498361
0.06238218 0.1643842 -0.0755791
-0.09730729 0.1674122 -0.07496262
0.06440077 0.1704401 -0.07550199
0.06742866 0.1734679 -0.07592508
0.07146585 0.1734679 -0.07505265
0.1292841 0.1835609 -0.07496262
-0.09405897 0.1946632 -0.07570627
-0.07690091 0.2087933 -0.07499209
-0.09708686 0.2209049 -0.0757523
-0.08901248 0.2209049 -0.07588673
0.1350516 0.2239328 -0.07583183
-0.08901248 0.22797 -0.07594366
-0.05570566 0.22797 -0.07498199
0.1279865 0.2885279 -0.07596142
-0.0985883 0.2955929 -0.07496262
-0.09707354 0.3036673 -0.07496262
0.077518 0.3036673 -0.07496262
-0.03827468 0.3087138 -0.07496262
0.1148656 0.3147696 -0.07580478
0.1168842 0.3147696 -0.07525047
0.1199121 0.3157789 -0.07509423
0.1189028 0.3167882 -0.07511523
-0.04617465 0.3258719 -0.07496262
-0.09024625 0.3339463 -0.07496262
-0.07589161 0.3460578 -0.07570062
-0.09809615 0.3813751 -0.07496262
0.1340423 0.3894576 -0.07561705
-0.1031426 0.4045971 -0.07552864
0.1269772 0.4106609 -0.07496262
-0.09506826 -0.3392323 -0.07395332
-0.08844889 -0.3306641 -0.07365295
0.06742866 -0.3311563 -0.07395332
-0.1294478 -0.2564929 -0.07395332
-0.09051512 -0.2078499 -0.07434493
0.04459129 -0.2000865 -0.0742121
0.01840251 -0.1980275 -0.07348541
-0.1071798 -0.1913899 -0.07395332
0.08864854 -0.1870189 -0.07527066
0.05924043 -0.1828263 -0.07502883
0.05968331 -0.1822712 -0.07432676
0.05906401 -0.1818626 -0.07399733
0.05733568 -0.1464794 -0.07466346
-0.08699388 -0.1252842 -0.0747006
-0.1162231 -0.1242749 -0.07395332
0.07651234 -0.1242749 -0.07398481
-0.1142449 -0.121247 -0.07469576
-0.09203634 -0.121247 -0.07395332
0.08256812 -0.1182191 -0.07407484
-0.06983583 -0.1125912 -0.07395332
-0.06579863 -0.1058532 -0.07395332
0.07853094 -0.1000517 -0.07460856
-0.06155313 -0.08894947 -0.07395332
0.08054952 -0.08794016 -0.0749174
-0.05974285 -0.08087507 -0.07496181
0.07651234 -0.06977281 -0.07455769
-0.05873355 -0.05053556 -0.07395332
-0.05547149 -0.04454035 -0.07395332
0.0916518 -0.02637303 -0.07417376
-0.06404326 -0.0243544 -0.07395332
-0.09002178 0.02106398 -0.07424885
-0.05267776 0.05033362 -0.07444263
-0.04470229 0.05638939 -0.07395332
0.1279865 0.06446379 -0.07397835
0.07853094 0.068501 -0.0742981
-0.036529 0.06951028 -0.07494324
-0.04964987 0.07455677 -0.07451772
0.1310144 0.07455677 -0.07417456
-0.0345104 0.1007985 -0.07467476
0.1315534 0.1068543 -0.07395332
0.1239493 0.1290588 -0.07457263
-0.09809615 0.1443598 -0.07395332
0.0522892 0.1482355 -0.07459402
0.1310814 0.1512634 -0.07395332
0.06036358 0.1613564 -0.0749606
0.1207636 0.1664029 -0.07395332
0.06541006 0.1886074 -0.07491982
0.06742866 0.190626 -0.0749598
-0.02239883 0.1921077 -0.07395332
-0.04561268 0.2098026 -0.07429003
-0.09123132 0.2138398 -0.07395332
-0.09809615 0.22797 -0.07426459
-0.06176144 0.2299886 -0.07444505
0.04623163 0.2693512 -0.07395332
-0.004231473 0.2743977 -0.07431989
0.05355687 0.2735418 -0.07387621
0.06339147 0.2794442 -0.07484917
-0.02239883 0.2875186 -0.07467113
0.1347613 0.2875186 -0.07395332
0.1178935 0.3137603 -0.07484514
0.1189028 0.3157789 -0.07409704
0.1197862 0.3167882 -0.07395332
0.1186828 0.3177975 -0.07395332
0.1138563 0.3208254 -0.07411844
0.1088099 0.3211726 -0.07395332
0.1047727 0.3218387 -0.07395332
-0.04964987 0.3359649 -0.07458716
-0.08598459 0.3591787 -0.07458191
-0.09204037 0.3763368 -0.07481284
-0.1031426 0.3884483 -0.07403891
0.1168842 0.3934948 -0.07469859
0.1078337 0.4035878 -0.07395332
0.1350516 0.4066157 -0.07406071
0.1138563 0.4163817 -0.07395332
0.06440077 -0.3301716 -0.07318908
-0.08194739 -0.3153809 -0.07294402
-0.152394 -0.2988834 -0.07294402
-0.11744 -0.2101581 -0.07267757
-0.08011936 -0.209586 -0.07300458
0.0009224047 -0.2046666 -0.07361339
0.04496045 -0.1992524 -0.0726045
0.02166852 -0.1955519 -0.07318222
-0.1025799 -0.185842 -0.07294402
0.09972619 -0.1862672 -0.07294402
0.05888879 -0.1816748 -0.07376559
0.05847578 -0.1806571 -0.072703
0.05857308 -0.1807221 -0.07275952
0.0586179 -0.180781 -0.07281806
0.05872892 -0.1809465 -0.07298116
0.05878261 -0.1810644 -0.07310592
0.058586 -0.1806696 -0.07270219
0.07045655 -0.1636375 -0.07304414
0.06339147 -0.1626282 -0.07379547
-0.09506826 -0.1616561 -0.07294402
-0.1101504 -0.1565724 -0.07294402
-0.06830694 -0.111154 -0.07294402
0.08660532 -0.08894947 -0.07345917
0.08054952 -0.06573561 -0.07346442
-0.05621435 -0.04454035 -0.07294402
0.08357742 -0.04353106 -0.07375187
-0.05974285 -0.03848457 -0.07309461
0.08660532 -0.01829863 -0.07369413
0.0926611 -0.009214938 -0.07319433
0.08660532 0.01097101 -0.07391699
0.1310144 0.06547308 -0.07314709
-0.04359408 0.06749171 -0.07303122
-0.05065916 0.07689834 -0.07294402
-0.1031426 0.1149287 -0.072963
-0.1021333 0.1270402 -0.07395212
0.1312591 0.1290588 -0.07294402
-0.1011241 0.1421797 -0.07393031
0.1214903 0.1492448 -0.07294402
-0.02138953 0.1542913 -0.07327104
0.0522892 0.1563099 -0.07389721
0.05560777 0.1643842 -0.07294402
0.06339147 0.1717117 -0.07294402
-0.02946392 0.1875981 -0.07387621
-0.02542672 0.1926446 -0.07306555
-0.0345104 0.1956725 -0.07377771
0.1279776 0.2027375 -0.07294402
-0.09809615 0.2098026 -0.07300337
0.1289958 0.2108483 -0.07294402
-0.05065916 0.2128305 -0.07392425
-0.09304967 0.2148491 -0.07344382
0.1332216 0.2632954 -0.07294402
0.03210324 0.265314 -0.07336146
0.05834498 0.2765455 -0.07294402
-0.01230585 0.2816364 -0.07294402
-0.01634353 0.2834814 -0.07294402
0.1283886 0.3046766 -0.07294402
0.1219307 0.312751 -0.07388671
-0.04359408 0.3236635 -0.07294402
0.08862391 0.3238533 -0.07327427
0.1128471 0.3238533 -0.07311197
-0.05873355 0.3339463 -0.07344504
-0.05166847 0.3368046 -0.07294402
-0.09405897 0.360188 -0.07349833
-0.08295669 0.3642252 -0.07344747
-0.08598459 0.3763368 -0.07380314
-0.06686042 0.4056064 -0.07294402
-0.06680793 0.4156994 -0.07392708
0.1037634 0.4177179 -0.07330333
-0.1132356 -0.3351777 -0.07193472
0.1148656 -0.2731447 -0.07193472
0.1047727 -0.2675951 -0.07204777
-0.1374588 -0.2484185 -0.07258391
0.1007355 -0.2409295 -0.07193472
0.1047727 -0.2406647 -0.07193472
-0.09599076 -0.2395944 -0.07166746
-0.0653396 -0.237405 -0.07167312
-0.1192914 -0.2112146 -0.07193472
-0.1038124 -0.2095622 -0.07213174
-0.04089239 -0.2068948 -0.07158107
-0.02966844 -0.2028903 -0.07196702
-0.02866734 -0.2023077 -0.07184914
0.03647112 -0.1991769 -0.07236791
0.006325562 -0.1994417 -0.07121449
0.05844995 -0.1802994 -0.07233441
0.05842936 -0.1802784 -0.07231584
0.05950002 -0.180995 -0.07287943
0.05845924 -0.1803006 -0.07233401
0.05857591 -0.1803668 -0.07238205
0.05877252 -0.1803809 -0.07235903
-0.09857134 -0.1777677 -0.07193472
-0.1041519 -0.1604029 -0.07193472
0.08660491 -0.1474887 -0.07193472
-0.1195397 -0.1404237 -0.07193472
0.07449374 -0.1373958 -0.07221208
0.08458672 -0.1373958 -0.07210147
0.06843796 -0.1101447 -0.07269251
0.07752164 -0.08693087 -0.07230736
-0.06277074 -0.08491227 -0.07289961
-0.05802986 -0.04857755 -0.07193472
0.0926611 -0.04655898 -0.0726154
0.09669829 -0.005177736 -0.07219997
-0.06378004 0.01904535 -0.07193513
-0.0727426 0.04602593 -0.07177606
-0.06479054 0.05235219 -0.07193472
-0.05368706 0.06547308 -0.07285076
0.1312356 0.07455677 -0.07193472
0.122485 0.09070551 -0.07193472
-0.1049396 0.1219937 -0.07193472
-0.1032452 0.1391518 -0.07193472
-0.1011241 0.1543882 -0.07193472
0.05632639 0.155777 -0.07193472
0.07348444 0.1561887 -0.07193472
-0.01432445 0.1583285 -0.07244624
-0.01534856 0.1674122 -0.07193472
-0.02946392 0.1744772 -0.07224479
-0.02643602 0.1764959 -0.07234369
-0.01836164 0.1764191 -0.07193472
0.06541006 0.1795237 -0.07287014
0.06440077 0.1805331 -0.07275347
0.08261294 0.1896167 -0.07193472
0.1283309 0.1987004 -0.07193472
-0.07690091 0.2017282 -0.07282372
-0.0928902 0.2047561 -0.07193472
0.1088099 0.2057654 -0.07196905
0.1340423 0.2070331 -0.07193472
0.1350948 0.2087933 -0.07193472
0.1358602 0.2188863 -0.07193472
-0.02038092 0.2865093 -0.07193472
-0.03691293 0.3077045 -0.07193472
0.1259679 0.3117417 -0.07193714
0.0835209 0.3147696 -0.07193472
0.08566142 0.3177975 -0.07193472
-0.05065916 0.3388918 -0.07193472
0.1249586 0.3823925 -0.07194886
-0.07891951 0.3914762 -0.07240465
0.1404429 0.3934948 -0.07193472
0.1320237 0.410774 -0.07193472
-0.09205128 0.4136808 -0.07193472
0.1088099 0.4184971 -0.07193472
-0.1303937 -0.3282107 -0.07092543
-0.1354446 -0.253465 -0.07092543
-0.04622068 -0.204074 -0.07081481
0.02399358 -0.2017276 -0.06928068
-0.02795905 -0.2020174 -0.07096621
0.02049458 -0.1994268 -0.07064807
0.04009305 -0.1954138 -0.07097589
0.05846126 -0.1802925 -0.07232513
0.05864818 -0.1803571 -0.07235702
0.05889606 -0.1803333 -0.07228313
0.05929776 -0.1804544 -0.07232391
0.05912335 -0.180324 -0.07222419
0.05924083 -0.1804124 -0.07229201
0.05899699 -0.1800995 -0.07201265
-0.09607756 -0.1617174 -0.07092543
-0.1077014 -0.1596003 -0.07092543
0.07247515 -0.1555631 -0.07127707
0.07344488 -0.1454701 -0.07092543
0.06541006 -0.1262935 -0.07190283
0.07550304 -0.1222563 -0.07159439
-0.1152542 -0.1188166 -0.07092543
-0.09002178 -0.1182191 -0.07096297
0.07494792 -0.1131726 -0.07092543
-0.06983583 -0.111154 -0.07112325
0.07550304 -0.09803316 -0.071139
-0.06668278 -0.09500527 -0.07092543
-0.06579863 -0.08995876 -0.07131421
-0.06026606 -0.05564266 -0.07092543
-0.06680793 -0.03949386 -0.07185681
-0.06396736 -0.01022422 -0.07092543
0.0906425 -0.001140535 -0.0718233
-0.06176144 0.000878036 -0.07158148
-0.0799288 0.01881123 -0.07092543
-0.06983583 0.02005464 -0.071378
-0.09708686 0.02611047 -0.07103241
0.08963321 0.02913833 -0.07105785
-0.05570566 0.05235219 -0.07190687
-0.05974285 0.05538011 -0.07136306
0.08559602 0.05638939 -0.07140747
-0.04864057 0.05840802 -0.07138164
-0.04864057 0.06244516 -0.07122418
0.0926611 0.068501 -0.07165495
-0.05671496 0.07041055 -0.07092543
0.0936704 0.07657534 -0.07191454
-0.1051612 0.09777063 -0.07092947
-0.1072493 0.0997892 -0.07092543
-0.1069372 0.1139193 -0.07092543
0.07247515 0.1219937 -0.07192706
0.1218431 0.1280495 -0.07092543
-0.02845461 0.1482355 -0.07160772
0.1208387 0.1492448 -0.07092543
-0.01735234 0.1563099 -0.07177243
0.05834498 0.1598061 -0.07092543
-0.02340813 0.1815423 -0.07108409
-0.04763127 0.1997097 -0.07122216
-0.03854759 0.1997097 -0.07142402
-0.09809615 0.2037469 -0.07100375
-0.04157548 0.2047561 -0.07173529
-0.09395077 0.2057654 -0.07092543
-0.1001148 0.2087933 -0.07093149
-0.06579863 0.217877 -0.07127222
-0.003201666 0.275407 -0.07092543
-0.02946392 0.2942082 -0.07092543
0.1350306 0.2966022 -0.07092543
-0.03360122 0.3016487 -0.07092543
0.0946797 0.3256418 -0.07092543
0.1088099 0.3258719 -0.07180957
-0.06154626 0.3359649 -0.07092543
-0.06976397 0.3480765 -0.07092543
-0.09708686 0.3571602 -0.07193311
-0.07589161 0.3581694 -0.07095975
-0.08194739 0.3743182 -0.07137235
-0.1021333 0.3763368 -0.07140586
0.1340423 0.3783554 -0.07140101
-0.1071346 0.3955134 -0.07092543
0.1118378 0.3946494 -0.07092543
0.1400981 0.4025785 -0.0711495
0.1004638 0.4086343 -0.07092543
-0.05941825 0.4146901 -0.07092543
-0.09070446 -0.3369722 -0.07096418
0.06339147 -0.3169482 -0.06991614
0.1088099 -0.2413534 -0.07031824
0.05126779 -0.2403825 -0.07096095
-0.1215417 -0.2100652 -0.06991614
-0.02894934 -0.202791 -0.06988788
0.04289898 -0.2003961 -0.07176072
-0.0001987237 -0.2024317 -0.0704882
0.1027541 -0.1848465 -0.06991614
0.05916453 -0.180368 -0.07226133
0.09575359 -0.1666654 -0.06991614
-0.09468272 -0.1626282 -0.06991614
-0.1091984 -0.1587246 -0.06991614
-0.1161541 -0.1515259 -0.06991614
0.06742866 -0.1515259 -0.07061618
0.07247515 -0.1454701 -0.0699783
0.06843796 -0.1262935 -0.07025162
-0.1122263 -0.1162005 -0.07070661
-0.1051612 -0.1161319 -0.06991614
-0.08800318 -0.1153527 -0.06991614
0.07247515 -0.1121633 -0.07057338
-0.1214574 -0.1050982 -0.06991614
-0.12131 -0.09904242 -0.06995287
-0.06761336 -0.06876349 -0.06991614
0.09871164 -0.0243544 -0.06991614
0.09770759 0.01298964 -0.07039575
-0.08901248 0.01755166 -0.06991614
-0.09607756 0.01904535 -0.0708136
0.0926611 0.01904535 -0.07003886
-0.09809615 0.02308255 -0.07083782
0.08761462 0.04124993 -0.07063394
0.1289958 0.05033362 -0.07082894
0.1310144 0.04981685 -0.06991614
-0.05368706 0.05538011 -0.07089475
-0.06478933 0.05638939 -0.06991856
0.08761462 0.06648237 -0.07032793
0.09770759 0.068501 -0.06991856
0.0936704 0.08263117 -0.06993955
0.08660532 0.09171486 -0.07092422
-0.1081891 0.0997892 -0.07014666
-0.03148251 0.1250216 -0.07089515
-0.09280703 0.1371332 -0.06991614
-0.03161635 0.1452076 -0.06991614
-0.01735234 0.1643842 -0.07046882
0.06036358 0.1643842 -0.07007035
-0.02038023 0.1674122 -0.06992541
0.06137288 0.1704401 -0.07090605
-0.08598459 0.1724586 -0.07091332
0.06339147 0.1724586 -0.07071186
0.1163001 0.1785144 -0.06991614
-0.0799288 0.1855795 -0.07018904
0.0926611 0.1875981 -0.07031258
0.08559602 0.1896167 -0.07060488
-0.09499802 0.1916353 -0.06991614
0.1121918 0.1936539 -0.06991614
0.1300051 0.2047561 -0.07083499
0.133681 0.2249421 -0.06991614
0.01992025 0.2663233 -0.06991614
0.005861508 0.2709701 -0.06991614
0.06617027 0.2855 -0.06991614
0.1355324 0.2875186 -0.06991614
0.09770759 0.3248667 -0.06991614
0.1269772 0.3288997 -0.07040463
0.1118378 0.3319277 -0.07062224
-0.09716558 0.3329369 -0.06991614
-0.04662198 0.3350363 -0.06991614
-0.0504242 0.3375515 -0.0700974
0.1400981 0.3834018 -0.07038242
-0.07363442 0.3972696 -0.07013333
0.1069846 0.4005599 -0.06991614
0.1390888 0.4065309 -0.06991614
0.0936704 0.4187273 -0.07013939
0.1218254 -0.2786974 -0.06890684
-0.1333428 -0.2665859 -0.06890684
-0.1316069 -0.2615394 -0.06890684
0.1057081 -0.2575022 -0.06890684
-0.05172821 -0.2370728 -0.06888786
-0.1203007 -0.2111354 -0.06890684
0.02371319 -0.2029977 -0.06729438
-0.02794089 -0.2022435 -0.06930368
-0.1191259 -0.2009815 -0.06890684
0.04457255 -0.1991349 -0.07105018
0.03585432 -0.1965595 -0.07067957
0.1067767 -0.1818049 -0.06890684
0.05687262 -0.1762279 -0.06954915
-0.09706587 -0.1737305 -0.06890684
-0.1142449 -0.1536898 -0.06890684
-0.120306 -0.1434515 -0.06890684
-0.119482 -0.1273028 -0.06890684
0.07348444 -0.1242749 -0.06961899
-0.09506826 -0.1163176 -0.06890684
-0.08497529 -0.1131726 -0.06960042
-0.07387301 -0.1121633 -0.06914745
-0.06983583 -0.1061075 -0.06990442
-0.1167698 -0.1032653 -0.06894276
-0.06882653 -0.07582858 -0.06987535
-0.06762021 -0.06775421 -0.06890684
-0.06176144 -0.05564266 -0.06917328
-0.07074096 0.04954237 -0.06901462
0.1239493 0.05538011 -0.06914624
0.1289425 0.08061254 -0.06890684
0.1203897 0.1048357 -0.06890684
-0.1078084 0.105845 -0.06890684
-0.1071815 0.1139193 -0.06890684
-0.02038023 0.1714494 -0.06988343
-0.1001148 0.1981351 -0.06890684
-0.09405897 0.1987004 -0.06948213
0.136117 0.2087933 -0.06890684
-0.09809656 0.2239328 -0.06890684
0.03815907 0.2665494 -0.06890684
-0.09989351 0.2935743 -0.06890684
0.1316668 0.3016487 -0.06890684
-0.09709615 0.3107324 -0.06890684
0.07730404 0.3107324 -0.06890684
-0.09679739 0.3167882 -0.06890684
-0.04346409 0.3268812 -0.06890684
0.1300051 0.3460578 -0.06897426
-0.1014729 0.3591787 -0.06890684
-0.07891951 0.3692717 -0.06963111
0.1390888 0.3783554 -0.06961294
-0.1081891 0.4035878 -0.06930046
0.0926611 0.4167086 -0.06954996
-0.05671496 0.4187273 -0.06909658
0.09669829 0.4208226 -0.06890684
-0.09504969 -0.3299209 -0.06717528
0.1128471 -0.3240855 -0.06789754
0.1158749 -0.3220972 -0.06836464
0.06843796 -0.3190693 -0.06844861
0.001824313 -0.314366 -0.06789754
-0.04763127 -0.314022 -0.06789754
-0.1465424 -0.2737963 -0.06789754
-0.09331491 -0.2103837 -0.06730448
0.001615913 -0.2028079 -0.07000616
-0.1162635 -0.111154 -0.0688051
-0.1248829 -0.101061 -0.06789754
-0.06395162 -0.06270772 -0.06789754
0.09569141 -0.05967981 -0.06789754
-0.06478933 -0.05261475 -0.06857054
-0.07084512 -0.05059618 -0.06851725
-0.06983583 0.01803607 -0.06793468
0.0946797 0.03115696 -0.06803843
-0.06478933 0.06143588 -0.06832992
0.1289958 0.09474272 -0.06789754
0.08425204 0.1038264 -0.06789754
-0.09505858 0.1108915 -0.06789754
-0.03854759 0.1108915 -0.06890482
0.0801886 0.1139193 -0.06789754
-0.1016634 0.1502541 -0.06789754
0.1193712 0.1563099 -0.06789754
0.1175682 0.1664029 -0.06789754
0.0906425 0.1805331 -0.0689032
0.09972619 0.1946632 -0.06840299
-0.05065916 0.1966818 -0.06887776
-0.09504203 0.1987004 -0.06789754
0.105782 0.1987004 -0.06857457
0.1300051 0.1997097 -0.06865855
-0.09596331 0.2521932 -0.06789754
-0.09570453 0.268342 -0.06789754
-0.0308305 0.3006394 -0.06789754
-0.0355197 0.3177975 -0.06814098
-0.04056619 0.3218548 -0.06789754
0.1027541 0.3268812 -0.06851725
0.08862391 0.3288997 -0.06845023
0.1310144 0.3329369 -0.0686214
0.1221051 0.3531229 -0.06789754
0.1300051 0.360188 -0.06797667
0.1239493 0.3743182 -0.06878006
-0.1072162 0.3844111 -0.06789754
-0.06663272 0.4025987 -0.06722696
-0.06064919 0.407625 -0.0678176
0.1158834 0.4177179 -0.06789754
-0.07690091 0.4190301 -0.06789754
0.0916518 0.4207458 -0.06843085
-0.05772425 0.4207661 -0.06789754
-0.1031426 -0.3375064 -0.06688824
0.07080577 -0.3301716 -0.06688824
0.1259679 -0.3069578 -0.06777037
0.1275279 -0.2867718 -0.06688824
-0.1551433 -0.2857625 -0.06688824
0.1128471 -0.2443143 -0.06688824
-0.1354402 -0.2404216 -0.06688824
-0.0002076458 -0.2016262 -0.06679457
-0.09607756 -0.1611615 -0.06688824
-0.1172345 -0.1151912 -0.06688824
-0.1238082 -0.1050982 -0.06688824
-0.07488231 -0.1020703 -0.06688824
-0.06655238 -0.06674489 -0.06688824
-0.07302561 -0.04554969 -0.06688824
0.1027541 0.01399893 -0.06731335
-0.09348246 0.03620344 -0.06688824
0.08963321 0.06143588 -0.0669056
0.0916518 0.0630427 -0.06688824
0.1293398 0.06547308 -0.06688824
0.07854627 0.1341053 -0.06688824
-0.08800318 0.1482355 -0.06788543
0.0946797 0.1795156 -0.06688824
-0.03955689 0.1825516 -0.06727096
0.1138563 0.1825516 -0.06745506
-0.1028936 0.1946632 -0.06688824
-0.09529677 0.1946632 -0.06688824
0.1296333 0.1956725 -0.06688824
0.133033 0.1956725 -0.06696454
0.1350516 0.1976911 -0.06789673
0.02301956 0.265314 -0.06742962
-0.09708686 0.2868726 -0.06688824
-0.036529 0.3198161 -0.06734807
0.09972619 0.3258719 -0.06782042
0.0916518 0.3267075 -0.06688824
0.09063604 0.3288997 -0.06688824
-0.05582072 0.3358356 -0.06701178
0.1350516 0.3662438 -0.06783617
0.1189028 0.3773461 -0.0678612
-0.07891951 0.380374 -0.06734161
0.1158749 0.3834018 -0.06771627
-0.07757915 0.3884483 -0.06688824
-0.1026687 0.4106529 -0.06688824
-0.0809381 0.4181217 -0.06688824
-0.06579863 0.4204592 -0.06688824
0.08761462 0.4207458 -0.06710423
-0.1283751 -0.3301716 -0.06639732
0.07247515 -0.3251251 -0.06593505
-0.1401326 -0.3241158 -0.06587894
-0.09402949 -0.3186737 -0.06596857
0.06440077 -0.3159643 -0.06587894
-0.1568974 -0.290809 -0.06587894
-0.03511114 -0.2410942 -0.06535249
0.1088099 -0.2399598 -0.06587894
-0.08003861 -0.2076732 -0.06576751
0.02763339 -0.2025269 -0.0656359
-0.03052477 -0.201799 -0.06597745
0.04288965 -0.1989536 -0.06979582
-0.1071798 -0.1934081 -0.06587894
-0.09438598 -0.1737305 -0.06587894
-0.09348973 -0.1656561 -0.06587894
-0.1208582 -0.1303307 -0.06587894
-0.116362 -0.1192284 -0.06587894
-0.1081891 -0.1141819 -0.06594273
-0.07690091 -0.1101447 -0.06683172
-0.12131 -0.1089214 -0.06587894
-0.1143882 -0.1047349 -0.06630729
-0.1142041 -0.09879214 -0.06482806
-0.1137996 -0.0970521 -0.06434118
-0.06579863 -0.06068912 -0.0666347
-0.06882653 -0.02132648 -0.06665368
-0.09718456 0.03418481 -0.06587894
0.1310144 0.0370391 -0.06587894
0.1289958 0.0392313 -0.06684949
0.1320237 0.0392313 -0.06589953
0.08963321 0.05739868 -0.0665584
-0.1102077 0.07657534 -0.0668523
-0.111217 0.08061254 -0.06626207
-0.1106078 0.08565903 -0.06587894
-0.0375383 0.1300681 -0.06603033
0.08155882 0.1512634 -0.06645222
0.08559602 0.1643842 -0.06606466
-0.04460338 0.1805331 -0.06589993
0.1290087 0.190626 -0.06587894
-0.1031426 0.1916353 -0.06592295
0.1359608 0.1946632 -0.06587894
-0.1011717 0.2057654 -0.06587894
-0.05873355 0.2057654 -0.06687209
0.1329991 0.2269607 -0.06587894
0.1319866 0.2602676 -0.06587894
0.03311254 0.2649305 -0.06587894
0.01797308 0.2661215 -0.06587894
0.07050016 0.2935743 -0.06587894
0.1314557 0.3056859 -0.06587894
0.07392167 0.3066952 -0.06587894
0.09998901 0.3288997 -0.06587894
-0.06193747 0.3430057 -0.06616315
0.1360609 0.3581694 -0.06686079
0.1404586 0.407625 -0.06587894
0.01999167 0.4167086 -0.06668275
0.08869941 0.4167086 -0.06587894
-0.01432445 0.4187273 -0.06597342
0.09770759 0.4211092 -0.06587894
-0.09391686 -0.3361289 -0.06659918
-0.09437669 -0.3339722 -0.06586279
-0.1495259 -0.3160414 -0.06486964
0.1189028 -0.2726417 -0.06488014
0.1119128 -0.2544743 -0.06486964
0.1149048 -0.2494278 -0.06486964
-0.1417551 -0.243372 -0.06486964
-0.1152679 -0.2405185 -0.06441021
-0.1228062 -0.2108488 -0.06461854
-0.1253472 -0.2090559 -0.06496896
-0.04543868 -0.2075492 -0.06348004
-0.04147536 -0.2072771 -0.06458583
-0.03014834 -0.2041834 -0.06509209
-0.004674959 -0.2033404 -0.06566416
0.01490994 -0.1987348 -0.06537671
-0.1122263 -0.1968111 -0.06486964
0.03672788 -0.1871444 -0.06487772
-0.1001148 -0.1848328 -0.06565528
-0.1183221 -0.148498 -0.06486964
-0.1253472 -0.09399596 -0.06558543
-0.1223193 -0.09197736 -0.06500812
-0.07488231 -0.07784718 -0.06507836
0.0952776 -0.07380998 -0.06486964
-0.07065699 -0.0707821 -0.06486964
-0.07084512 -0.06371701 -0.0648761
-0.0991761 0.03216624 -0.06486964
-0.07844513 0.04225922 -0.06486964
0.1239013 0.04225922 -0.06486964
0.1314294 0.04629642 -0.06486964
0.105782 0.06345451 -0.06487368
-0.1081891 0.0725382 -0.06587207
0.1189028 0.07354748 -0.06552609
-0.1051612 0.07859397 -0.06587894
0.1292098 0.09575206 -0.06486964
-0.03955689 0.1674122 -0.06537591
-0.0956686 0.1886074 -0.06486964
-0.07286371 0.1926446 -0.06587853
-0.09607756 0.1936539 -0.06571745
-0.09687047 0.2299886 -0.06486964
0.01494518 0.2671954 -0.06486964
0.006870805 0.2713093 -0.06486964
0.1300992 0.2723791 -0.06486964
-0.02138953 0.2908412 -0.06486964
-0.09944175 0.3046766 -0.06486964
-0.05712836 0.3364977 -0.06472995
0.1370702 0.3430299 -0.06528951
-0.06618055 0.350095 -0.06486964
0.1189028 0.3622066 -0.06582645
-0.06780067 0.4017307 -0.06514942
0.09871689 0.4066157 -0.06547523
0.0218057 0.4096436 -0.06486964
0.01595448 0.4126714 -0.06568031
-0.05232088 0.4136808 -0.06486964
-0.01028726 0.4156994 -0.0656468
0.02503816 0.4156994 -0.06494232
-0.05166847 0.4217551 -0.06546311
-0.01230585 0.4217551 -0.06492333
0.0502706 0.4217551 -0.0655487
0.0906425 0.4237536 -0.06486964
-0.01735234 0.4247831 -0.06516355
0.05430779 0.4247831 -0.06490073
0.0522892 0.4268016 -0.06543121
-0.02239883 0.4288203 -0.06523298
0.07239763 -0.328153 -0.06386034
0.1093783 -0.2664837 -0.06383007
-0.1131896 -0.2095141 -0.06690802
-0.02814157 -0.201883 -0.06383007
0.04048946 -0.1951752 -0.0678939
0.1098192 -0.1777677 -0.0646476
0.0611375 -0.1706214 -0.06256642
-0.0942031 -0.1636375 -0.06386034
-0.1066926 -0.1141819 -0.06386034
-0.08194739 -0.111154 -0.06413972
-0.1223193 -0.1061075 -0.06423419
0.0916518 -0.101061 -0.06463993
-0.1140431 -0.09880424 -0.06400124
-0.1154646 -0.09709248 -0.06337427
-0.07488231 -0.07380998 -0.06387933
0.1002316 -0.05059618 -0.06386034
-0.07185441 -0.003159165 -0.0647671
0.105782 0.001887321 -0.06459955
-0.1041519 0.01298964 -0.06476387
-0.07286371 0.01601756 -0.0648652
-0.07690091 0.01803607 -0.06470492
-0.1017716 0.02711976 -0.06386034
0.1027541 0.03620344 -0.06480182
0.1027541 0.06042659 -0.06486924
-0.111217 0.06138748 -0.06386034
-0.1072582 0.09777063 -0.06386034
-0.04662198 0.1042988 -0.06386034
0.1300051 0.1050577 -0.06386034
-0.09204037 0.1078635 -0.06474287
-0.04090693 0.1219937 -0.06386034
0.09871689 0.1785144 -0.06386115
0.1078006 0.1846388 -0.06386034
0.1372648 0.1936539 -0.06386034
-0.07084512 0.1946632 -0.06482726
-0.06075214 0.1997097 -0.06419785
0.1340423 0.2309979 -0.06446229
-0.09687813 0.2410909 -0.06386034
0.1340423 0.2441188 -0.06480747
-0.0970146 0.2511839 -0.06386034
0.1339725 0.2572396 -0.06386034
-0.09609532 0.2632954 -0.06386034
0.01214397 0.268342 -0.06386034
0.008929878 0.2703605 -0.06386034
-0.09605899 0.2764163 -0.06386034
0.1335062 0.2855 -0.06386034
-0.01735234 0.2888629 -0.06386034
0.1336519 0.3147696 -0.06386034
0.1360609 0.3329369 -0.06459592
-0.05950829 0.3400182 -0.06424751
-0.06170734 0.3443581 -0.06355876
0.1098192 0.353135 -0.06386034
0.1400981 0.360188 -0.06431331
-0.1071798 0.3743182 -0.06386075
-0.07732482 0.387439 -0.06386034
-0.07468328 0.3949401 -0.06373236
-0.005815143 0.4126714 -0.06386034
0.04276086 0.4146901 -0.06386034
-0.00927796 0.4183477 -0.06386034
0.0512799 0.4187071 -0.06386034
0.009898706 0.4227645 -0.06446996
0.04724271 0.4227645 -0.06477638
-0.02373349 0.4247831 -0.06386034
0.02301956 0.4247831 -0.06485592
0.08862391 0.4256107 -0.06386034
0.05733568 0.4312587 -0.06386034
-0.02138953 0.4328575 -0.06412317
-0.1546168 -0.3089764 -0.06378848
-0.07026458 -0.2377837 -0.06288375
0.01972497 -0.2034107 -0.06205935
-0.02927542 -0.2032189 -0.06288698
-0.1196709 -0.2009815 -0.06285105
0.04474449 -0.1845146 -0.06417888
0.1034388 -0.1816349 -0.06316958
0.0717319 -0.1704704 -0.06243239
0.09972619 -0.1636375 -0.06286477
-0.09607756 -0.1616189 -0.06293785
-0.1075287 -0.1606096 -0.06285105
-0.1133248 -0.1515259 -0.06285105
-0.1215647 -0.1373958 -0.06285105
-0.1151174 -0.1162005 -0.06285105
-0.1031426 -0.1141819 -0.06312235
-0.1273658 -0.09500527 -0.06351396
-0.1172728 -0.09399596 -0.06365041
-0.1263565 -0.08894947 -0.06313042
-0.07690091 -0.06573561 -0.06383208
-0.09506826 0.009416699 -0.06285105
-0.1061261 0.02005464 -0.06285105
0.09770759 0.05638939 -0.06303797
-0.11202 0.05941731 -0.06285105
0.1178935 0.06143588 -0.06335408
-0.1123474 0.07152885 -0.06285105
0.1168842 0.08666837 -0.06293906
0.1295412 0.1209844 -0.06285105
-0.1023405 0.1351146 -0.06285105
0.1180619 0.160347 -0.06285105
-0.04326101 0.1643842 -0.06285105
-0.09723462 0.1704401 -0.06285105
-0.05065916 0.1835609 -0.06383491
-0.1052388 0.1875981 -0.06285105
0.1360609 0.190626 -0.06297217
0.1375874 0.1966818 -0.06285105
0.1340262 0.2168677 -0.06285105
0.1350516 0.2249421 -0.06379252
0.1395054 0.2471467 -0.06285105
-0.1031426 0.2501746 -0.06298023
0.130725 0.2703605 -0.06285105
0.130926 0.2784349 -0.06285105
0.1342478 0.2915557 -0.06285105
-0.0349113 0.3087138 -0.06285105
0.08288141 0.3278905 -0.06285105
0.08862391 0.3284879 -0.06285105
0.1368586 0.3319277 -0.06285105
-0.1013089 0.3359649 -0.06285105
-0.04709554 0.338258 -0.06249012
-0.07046522 0.3581694 -0.06285105
0.1128471 0.3611973 -0.06303272
-0.0756732 0.370281 -0.06285105
0.1148656 0.3712903 -0.06368634
0.1430206 0.3763368 -0.06285105
0.1078635 0.3955134 -0.06285105
-0.004231473 0.4056064 -0.0629108
-0.0020807 0.4066157 -0.06285105
-0.05207178 0.4121951 -0.06246428
-0.01230585 0.4125988 -0.06285105
0.04522415 0.4136808 -0.06380221
0.0421458 0.4167086 -0.06285105
0.08250514 0.4207458 -0.06285105
-0.01732852 0.427811 -0.06285105
0.0512799 0.4276131 -0.06285105
-0.01956258 0.4314363 -0.06327132
0.01494518 0.4328575 -0.06320672
0.1088099 -0.2615394 -0.0623355
-0.1435146 -0.2504371 -0.0619669
-0.07293477 -0.2394091 -0.06170812
0.1128471 -0.2401923 -0.06184175
-0.05728177 -0.2034624 -0.06154219
-0.02970865 -0.2023428 -0.06218491
-0.02876524 -0.2026016 -0.06187243
-0.02895482 -0.202277 -0.06175172
0.001320512 -0.1985015 -0.06144368
0.03570559 -0.1882873 -0.06257813
0.03770517 -0.1868122 -0.06235972
0.04587935 -0.1835533 -0.06279574
0.09078018 -0.1745444 -0.0609576
-0.1007131 -0.161126 -0.06404767
-0.1152542 -0.1494104 -0.06184175
-0.1106918 -0.1071168 -0.06184175
-0.1136563 -0.1032008 -0.0618801
-0.1182821 -0.09197736 -0.06188697
-0.1293844 -0.08894947 -0.06209932
-0.07502685 -0.03848457 -0.06184175
-0.09809615 0.007943153 -0.06254422
-0.07961793 0.04225922 -0.06184175
0.1027541 0.05638939 -0.06268835
-0.07161501 0.05840802 -0.06184175
0.1108285 0.05840802 -0.06184175
0.1310144 0.08868694 -0.06234398
0.1310144 0.1007985 -0.06269683
0.1310144 0.1198581 -0.06184175
-0.103965 0.1240124 -0.06184175
-0.0851602 0.1284291 -0.06137747
-0.08584974 0.1364993 -0.06247681
0.128716 0.1441983 -0.06184175
-0.07946372 0.1613564 -0.06184175
0.1128471 0.1754866 -0.06280986
-0.07084512 0.1865888 -0.06184175
-0.1031426 0.187267 -0.06184175
-0.09749462 0.1886074 -0.06184175
0.1310144 0.1916353 -0.0623032
0.134356 0.2118212 -0.06184175
0.1408325 0.2259514 -0.06184175
-0.09910545 0.2381558 -0.06184175
-0.1031426 0.2400815 -0.06220308
-0.105347 0.248156 -0.06184175
0.1387351 0.2572396 -0.06184175
-0.1011241 0.2582489 -0.06267826
0.03109395 0.2640383 -0.06184175
-0.09720314 0.2774256 -0.06184175
-0.03148251 0.3056859 -0.06189907
-0.0405238 0.3240551 -0.06223417
0.08357742 0.3294852 -0.06184175
-0.05774767 0.3369297 -0.06232136
-0.06636343 0.3506724 -0.06199315
-0.07767524 0.3793647 -0.06184175
-0.1104863 0.3934948 -0.06184175
0.1441607 0.4035878 -0.06184175
-0.007259365 0.4066157 -0.06185386
0.04320551 0.4086343 -0.06184538
0.03916833 0.4116622 -0.06185871
0.0906425 0.4132932 -0.06184175
0.1239493 0.4147425 -0.06184175
-0.04561268 0.4197366 -0.06259751
-0.01533375 0.422825 -0.06184175
0.05931431 0.4268016 -0.06184175
-0.02744496 0.427811 -0.06184175
0.07954023 0.4288203 -0.06210618
0.08357742 0.4290383 -0.06184175
0.01898237 0.4328575 -0.06283369
-0.1001087 -0.3358693 -0.06125515
0.08256812 -0.3321942 -0.06083245
0.07659753 -0.3210879 -0.06083245
-0.09607756 -0.3154193 -0.06083245
0.1308905 -0.3029206 -0.06083245
-0.1394774 -0.2404475 -0.06083245
0.09230381 -0.2402363 -0.06018731
0.02503816 -0.2322697 -0.06145014
0.02806605 -0.2241954 -0.06106943
-0.08220497 -0.2088128 -0.06022001
-0.02947796 -0.203881 -0.06078441
-0.02911389 -0.2027373 -0.06141825
-0.02927118 -0.2020304 -0.06081348
-0.02775275 -0.201797 -0.06099354
0.1105955 -0.1814032 -0.0605337
0.05415922 -0.1754273 -0.06150869
-0.09428383 -0.1727212 -0.06083245
0.06238056 -0.1688697 -0.0600997
0.06238662 -0.1685273 -0.059784
0.06273825 -0.1679359 -0.05930761
-0.09910545 -0.1105605 -0.06083245
-0.1137794 -0.1027769 -0.06124223
-0.1137649 -0.1028737 -0.06107711
-0.1138093 -0.1027567 -0.06097416
-0.1140148 -0.1021591 -0.06138191
-0.1138775 -0.1026234 -0.06089624
-0.1301305 -0.09197736 -0.06083245
-0.08218922 -0.08491227 -0.06083245
-0.0813071 -0.0728007 -0.06083245
-0.09155147 0.009961724 -0.06083245
-0.08295669 0.01601756 -0.06162979
-0.07891951 0.01601756 -0.06083649
0.1300051 0.02711976 -0.06086071
-0.1001148 0.03721273 -0.06132741
-0.08195708 0.04024065 -0.06083245
0.1307096 0.04225922 -0.06083245
-0.1102077 0.04932433 -0.06123213
0.1037634 0.05235219 -0.0617606
0.1128471 0.06042659 -0.06173315
-0.06983583 0.06446379 -0.06089584
0.1300051 0.07556605 -0.06150021
-0.1090208 0.08061254 -0.06083245
-0.09405897 0.08565903 -0.06171902
0.1355732 0.1028171 -0.06083245
-0.1065359 0.1098822 -0.06083245
0.1295618 0.1320867 -0.06083245
-0.08521672 0.1334876 -0.06021193
0.1217939 0.1351146 -0.06083245
0.0936704 0.163375 -0.06084739
0.1037634 0.1775051 -0.06123537
0.1287601 0.1865888 -0.06083245
0.1297136 0.1896167 -0.06083245
-0.1061705 0.190626 -0.06094832
0.1351275 0.2047561 -0.06083245
-0.09875503 0.2108119 -0.06083245
0.1370702 0.2168677 -0.06120226
0.1417218 0.2259514 -0.06083245
-0.1060216 0.2410909 -0.06083245
0.02201027 0.2638929 -0.06083245
0.01797308 0.264874 -0.06083245
-0.1069469 0.2673326 -0.06083245
-0.1011241 0.2673326 -0.06144571
-0.1031426 0.2703605 -0.06108114
0.001824313 0.2746117 -0.06083245
0.1350516 0.2865093 -0.06107105
0.08049018 0.3198161 -0.06083245
-0.03589879 0.3201996 -0.06149617
0.09572008 0.3299091 -0.06083245
0.09814724 0.3369741 -0.06083245
0.1088099 0.3581694 -0.06096932
-0.0741322 0.3662438 -0.06083245
0.1123917 0.3813833 -0.06083245
0.1451486 0.3924855 -0.06083245
0.01595448 0.4001763 -0.06083245
0.01999167 0.4005599 -0.06106661
-0.1112364 0.4066157 -0.06083245
0.04017763 0.407625 -0.06151918
-0.1102077 0.4086343 -0.06149051
0.1350468 0.4106529 -0.06083245
-0.008268664 0.4177179 -0.06127331
0.04562283 0.4217551 -0.06083245
-0.05671496 0.4237738 -0.0618357
0.08761462 0.4259377 -0.06083245
0.08054952 0.4300758 -0.06083245
0.007129355 0.4328575 -0.06083245
-0.02278051 0.434876 -0.06083245
0.01113097 0.434876 -0.06083245
0.06238218 0.434876 -0.06158337
0.01494518 0.4358894 -0.06083245
0.1270342 -0.3140228 -0.05982315
0.02405692 -0.2398185 -0.06080015
-0.07984281 -0.239227 -0.05956841
0.03210324 -0.2322697 -0.06004157
0.01898237 -0.226214 -0.0598385
0.02328303 -0.2171303 -0.05982315
-0.1278955 -0.210615 -0.05988371
-0.1277089 -0.2070373 -0.05982315
-0.01442074 -0.1988886 -0.05868709
0.03243563 -0.1963355 -0.05954661
0.03206445 -0.1961167 -0.05903873
0.03214349 -0.1959915 -0.05926602
0.03294298 -0.1954187 -0.05969397
0.1128471 -0.1777677 -0.06068227
-0.1198837 -0.13134 -0.05982315
-0.1021333 -0.1101447 -0.06044246
-0.113815 -0.1027324 -0.06067783
-0.1137092 -0.1029666 -0.0602079
-0.1142962 -0.1019896 -0.05981912
-0.1167387 -0.09840053 -0.05840408
-0.1155703 -0.09959552 -0.05953409
-0.0809381 -0.06472632 -0.06068994
-0.07791747 -0.04756826 -0.05982315
-0.1233286 -0.04454035 -0.05983768
-0.1233286 -0.0405032 -0.06033668
0.108243 -0.01829863 -0.05982315
-0.07791021 0.01399893 -0.05995234
-0.09103107 0.03819788 -0.05982315
-0.1132356 0.04528713 -0.05998343
0.1158749 0.05336148 -0.06064513
0.1288388 0.06143588 -0.05982315
-0.06378004 0.07657534 -0.06044852
0.108432 0.07657534 -0.05982315
0.1360609 0.09448433 -0.05982315
-0.107634 0.1068543 -0.05982315
0.133033 0.1240124 -0.06051029
-0.1027571 0.133096 -0.05982315
0.08559602 0.1411704 -0.06083205
0.12893 0.143189 -0.05982315
-0.1061705 0.1843886 -0.05982315
0.1370702 0.1886074 -0.0601328
0.1370702 0.2125439 -0.05982315
0.1411074 0.2138398 -0.0602293
-0.0983614 0.2148491 -0.05982315
-0.09874897 0.2239328 -0.05982315
-0.1042969 0.2299886 -0.05982315
0.1412519 0.2340258 -0.05982315
0.1408623 0.2451281 -0.05982315
0.1350516 0.2663233 -0.05998706
-0.1080192 0.2673326 -0.05982315
0.04404759 0.2673326 -0.05982315
0.1329963 0.275407 -0.05982315
-0.1021333 0.2764163 -0.05985909
-0.00120358 0.2760288 -0.05982315
-0.005062489 0.2794442 -0.05982315
0.1375248 0.2814628 -0.05982315
-0.1003529 0.2996301 -0.05982315
-0.05208066 0.3357993 -0.0593177
-0.04550125 0.3369176 -0.0605664
0.103696 0.3490857 -0.05982315
0.001824313 0.3995506 -0.06059627
0.008889405 0.4025785 -0.0598393
0.001824313 0.4056064 -0.06066571
0.04320551 0.4065753 -0.05982315
0.143126 0.4072455 -0.05982315
-0.0572955 0.4093206 -0.06153735
0.003842908 0.4096436 -0.06028703
-0.1061705 0.4106529 -0.06065925
-0.002212877 0.4096719 -0.05982315
0.04726104 0.4106529 -0.05982315
-0.05523855 0.41251 -0.05767254
0.09972619 0.4187474 -0.05982315
-0.01230585 0.4206732 -0.05982315
0.00283361 0.4257923 -0.05985626
-0.03148251 0.4338667 -0.05988169
0.06057432 0.434876 -0.05982315
-0.02946392 0.4362729 -0.05982315
0.07635611 -0.3301716 -0.05881386
-0.1601789 -0.2988834 -0.05881386
0.1267269 -0.2776881 -0.05881386
-0.1374588 -0.2404604 -0.05881386
0.01738571 -0.2066606 -0.057918
-0.004074144 -0.2019399 -0.06068146
-0.03247808 -0.2007179 -0.05853206
0.02924629 -0.2024668 -0.0592087
0.03378901 -0.1978696 -0.05895233
0.03262549 -0.1961748 -0.0593399
0.03147288 -0.1960852 -0.05822564
0.03143876 -0.1960787 -0.05823331
0.03239658 -0.1959403 -0.05924342
0.03146985 -0.1960699 -0.05821716
-0.02518574 -0.1945341 -0.05849492
-0.1018943 -0.1878606 -0.05881386
0.05028554 -0.1786567 -0.05920224
0.1108285 -0.1727212 -0.05901007
0.06112903 -0.1690889 -0.05873796
0.06198613 -0.1686904 -0.05893215
0.06277338 -0.168512 -0.05930922
0.06371364 -0.1683485 -0.05946667
0.06214761 -0.1684216 -0.05891559
-0.09748008 -0.1615058 -0.05885302
-0.1102077 -0.1587589 -0.05881386
-0.08901248 -0.1101447 -0.05898221
-0.1001148 -0.1091637 -0.05881386
-0.1081891 -0.1071734 -0.05881386
-0.1262669 -0.1030796 -0.05881386
-0.1161618 -0.09898993 -0.05884495
-0.1170302 -0.09800085 -0.05804639
-0.1163794 -0.09875983 -0.05856153
-0.1166374 -0.09844092 -0.05825026
-0.1162244 -0.09879214 -0.0587432
-0.1167266 -0.09814617 -0.05838349
-0.1179902 -0.09613565 -0.0572228
-0.1175603 -0.09685829 -0.05759099
0.09535391 -0.09399596 -0.05881386
-0.1193677 -0.08894947 -0.05881386
-0.1253472 -0.04756826 -0.05882879
-0.1263565 -0.0405032 -0.0592527
-0.1114217 0.007943153 -0.05881386
-0.08497529 0.01399893 -0.05981509
0.1239493 0.03317553 -0.05982234
-0.1126623 0.05437082 -0.05881386
0.1300051 0.06749171 -0.05981387
0.1343859 0.07152885 -0.05881386
0.1158749 0.07455677 -0.05973393
0.1108285 0.07503313 -0.05881386
0.1154373 0.09676135 -0.05881386
0.0936704 0.105845 -0.05935767
-0.08525386 0.1174923 -0.05863743
0.1369079 0.1179565 -0.05881386
-0.1081891 0.1180131 -0.05881386
-0.1051612 0.1250216 -0.05906577
0.1365571 0.1270402 -0.05881386
0.1310144 0.133096 -0.05954459
-0.08116822 0.1481225 -0.05878237
0.1108285 0.1724586 -0.05933344
-0.1011241 0.1845703 -0.05909323
-0.06176144 0.1886074 -0.05977996
0.1390888 0.211034 -0.05881386
0.03811482 0.265314 -0.05881386
0.05761587 0.2791212 -0.06153977
0.1340423 0.2794442 -0.05974282
0.1336983 0.3006394 -0.05881386
0.07347112 0.3097231 -0.05881386
0.08465374 0.3301715 -0.05880901
-0.07301471 0.3632159 -0.05881386
0.1105043 0.3682624 -0.05881386
0.1411074 0.408711 -0.05881386
0.03714973 0.4117429 -0.05881386
0.0522892 0.4164705 -0.05881386
0.07416835 0.4257923 -0.05881386
0.07247515 0.4298295 -0.05939683
0.06742866 0.4318481 -0.05956034
-0.02240888 0.4325224 -0.05832414
0.02503816 0.4349204 -0.05881386
-0.02744532 0.4367089 -0.05881386
-0.1012415 -0.318075 -0.0580359
0.1310144 -0.2847532 -0.05873957
-0.1546572 -0.2766788 -0.05780456
0.01595448 -0.2342883 -0.05810776
0.01595448 -0.2252066 -0.05780456
0.02724154 -0.2091144 -0.05784009
-0.07115235 -0.2060954 -0.05836613
0.02770703 -0.2051983 -0.0578635
-0.0321761 -0.1973759 -0.05763661
0.03120816 -0.19609 -0.05777388
0.03120226 -0.1961013 -0.05758696
0.0310281 -0.1961062 -0.05724097
-0.02800491 -0.1950258 -0.05774077
0.0369924 -0.1850875 -0.05763056
0.1082237 -0.1828307 -0.06093702
0.09793085 -0.1772836 -0.05812633
0.06165831 -0.1682892 -0.05798704
0.06159411 -0.1679811 -0.05863057
0.06271604 -0.1664276 -0.05734997
-0.1061705 -0.1070643 -0.05780456
-0.1163426 -0.098885 -0.05840408
-0.1161767 -0.0990707 -0.05814772
-0.1175728 -0.09671703 -0.05729507
-0.1173237 -0.09683007 -0.05777105
-0.1176588 -0.09614778 -0.05769434
-0.131403 -0.08117384 -0.05780456
-0.1293844 -0.08087507 -0.05805406
-0.1182821 -0.03949386 -0.05786996
-0.1244929 -0.0324288 -0.05780456
-0.1203007 -0.0324288 -0.05799592
0.133033 0.02611047 -0.05792527
-0.1021333 0.03753978 -0.05780456
-0.08699388 0.03915459 -0.05780456
-0.107368 0.04528713 -0.05780456
0.133033 0.06042659 -0.05798623
-0.1094164 0.08565903 -0.05780456
0.1159036 0.08565903 -0.05780456
-0.05446745 0.09877992 -0.05780456
0.1367048 0.1007985 -0.05780456
0.1167942 0.1042907 -0.05823008
-0.1091984 0.1108915 -0.05872181
-0.0852369 0.1221634 -0.05864349
-0.1051467 0.1310774 -0.05780456
-0.1023501 0.1391518 -0.05780456
-0.09991128 0.1472262 -0.05780456
0.1205545 0.1482355 -0.05780456
0.1007355 0.1684214 -0.05780779
-0.06781723 0.180638 -0.05780456
-0.09716034 0.1835609 -0.05780456
-0.1081891 0.1855795 -0.05823694
0.142822 0.2098026 -0.05780456
0.1437849 0.2128305 -0.05780456
-0.1059126 0.2229235 -0.05780456
-0.1011241 0.2239328 -0.05871172
0.1399992 0.2632954 -0.05780456
0.01393588 0.2661901 -0.05780456
0.006870805 0.2697913 -0.05780456
0.1393855 0.275407 -0.05780456
-0.1071798 0.2764163 -0.05786108
-0.09966703 0.2905464 -0.05780456
-0.01520371 0.29028 -0.05724782
0.1390961 0.2915557 -0.05780456
-0.02075461 0.2927709 -0.05772664
0.06742866 0.292989 -0.05780456
-0.01619282 0.2912328 -0.0569838
-0.1010918 0.3036673 -0.05780456
-0.04264776 0.326098 -0.05669311
0.105782 0.3552344 -0.05780456
-0.07877134 0.3864297 -0.05780456
0.005861508 0.3965227 -0.05806859
-0.07144384 0.4026996 -0.06011625
0.03008465 0.4045971 -0.05846504
-0.05147953 0.4124252 -0.05870809
0.03412184 0.4136808 -0.05873957
0.08862391 0.4146295 -0.05780456
0.04219622 0.4155702 -0.05780456
0.0926611 0.4206691 -0.05780456
0.03614043 0.4217551 -0.05804074
0.03311254 0.4283438 -0.05780456
-0.04359408 0.4288647 -0.05780456
-0.03249181 0.4298295 -0.05786593
0.003842908 0.4327686 -0.05780456
0.07449374 0.434872 -0.05780456
0.06742866 0.4376253 -0.05780456
0.07883816 -0.3190693 -0.05679526
0.1340702 -0.2948462 -0.05679526
0.1335478 -0.2887904 -0.05679526
-0.1422154 -0.2672463 -0.05668505
-0.1442465 -0.253465 -0.05679526
0.1178935 -0.2421859 -0.05679526
0.02409435 -0.2386517 -0.0586673
0.03251072 -0.2388883 -0.05859949
-0.1222147 -0.2118137 -0.05677386
-0.05293291 -0.2028984 -0.05752801
-0.1172728 -0.1980364 -0.05679526
0.03104025 -0.1961413 -0.0569079
0.03124954 -0.1962208 -0.05636248
0.03073031 -0.1961082 -0.05684088
0.03108191 -0.1961482 -0.05676538
-0.1091984 -0.1929071 -0.05702175
-0.1005984 -0.1848328 -0.05679526
0.03947882 -0.1822082 -0.05722522
0.1156 -0.1737305 -0.05679526
0.09446573 -0.1343679 -0.05679526
-0.1132356 -0.1131726 -0.0569515
-0.08901248 -0.1061075 -0.05683806
-0.1256774 -0.1030796 -0.05679526
-0.1209531 -0.1028939 -0.05608471
-0.1172256 -0.09752852 -0.05734029
-0.1176293 -0.09682196 -0.05674601
-0.1174731 -0.0969229 -0.05681545
-0.1190246 -0.09456924 -0.05598096
-0.1185558 -0.09481955 -0.05627043
-0.1183322 -0.0950093 -0.05655263
-0.1191432 -0.09370527 -0.05578435
0.09972619 -0.07179141 -0.05732171
-0.1283751 -0.04857755 -0.05753084
-0.0809381 -0.01829863 -0.05709038
-0.1102077 -0.007196307 -0.05692001
-0.1102077 -0.00214982 -0.05762047
-0.1132356 0.000878036 -0.05741294
-0.0809381 0.009961724 -0.05685864
0.1108285 0.02106398 -0.05776539
0.1289958 0.02328444 -0.05679526
0.1334416 0.02812904 -0.05679526
-0.1132356 0.03721273 -0.05709442
0.1168842 0.04225922 -0.05736774
-0.1150875 0.04427785 -0.05679526
0.1118378 0.05033362 -0.05758493
0.1350831 0.06042659 -0.05679526
-0.1094649 0.07556605 -0.05679526
-0.111217 0.08767766 -0.05687641
-0.1142449 0.09676135 -0.0569192
-0.1132356 0.105845 -0.05744807
0.1362922 0.1391518 -0.05679526
-0.08271769 0.1418285 -0.05741093
0.1300051 0.1462169 -0.05767941
-0.09797908 0.1553006 -0.05679526
0.1178935 0.1598989 -0.05679526
-0.1071794 0.1896167 -0.05679526
-0.1002016 0.2138398 -0.05679526
-0.1031426 0.2188863 -0.05707908
0.03210324 0.2643048 -0.05722442
0.01595448 0.2653867 -0.05679526
0.01005333 0.2673326 -0.05679526
0.05366669 0.2745713 -0.05663619
-0.1087862 0.2743977 -0.05679526
-0.006183939 0.2804535 -0.05679526
0.1397214 0.2855 -0.05679526
-0.1017962 0.2976115 -0.05679526
0.1347323 0.2986208 -0.05679526
0.09183913 0.3293681 -0.05710774
-0.06105252 0.3371316 -0.0568865
-0.04549358 0.3359447 -0.05765962
0.09686422 0.3374708 -0.0574404
0.01191731 0.3961715 -0.05679526
0.03513113 0.3985413 -0.0569184
-0.07008047 0.4055055 -0.05667334
0.1370702 0.4097324 -0.05679526
-0.0005788654 0.4116218 -0.05773067
-0.006250069 0.4128007 -0.05679526
0.03714973 0.4156994 -0.05730112
-0.04919205 0.4156106 -0.05456875
-0.03841396 0.4194943 -0.05656271
-0.06176144 0.421743 -0.05679526
-0.0375383 0.4217551 -0.05755021
-0.036529 0.4257923 -0.05746624
0.0008927309 0.4288203 -0.05679526
0.03008465 0.4327282 -0.05679526
0.0761276 0.4338667 -0.05679526
0.02301956 0.4369592 -0.05679526
0.08115672 -0.3271437 -0.05578596
0.07752164 -0.3171016 -0.05578596
0.048252 -0.3145126 -0.05578596
-0.1616811 -0.2887904 -0.05578596
0.1138563 -0.2665859 -0.05608835
-0.1465424 -0.243372 -0.05667052
0.01377028 -0.2362981 -0.05468099
0.01294039 -0.2322697 -0.05578596
0.01578807 -0.2075436 -0.05550659
0.01845068 -0.2080252 -0.05617999
0.02071401 -0.2056057 -0.05766931
0.03235625 -0.2023962 -0.05687036
-0.1233932 -0.2009815 -0.05578596
0.03165435 -0.1963153 -0.05595794
0.03180312 -0.1963743 -0.05586025
0.03508281 -0.1969209 -0.05532613
0.03102354 -0.1961724 -0.05633219
0.03616296 -0.1943464 -0.0562143
0.03907079 -0.183601 -0.0558001
0.1101724 -0.1817499 -0.05878761
0.1145499 -0.1786163 -0.05606171
0.1088099 -0.1769509 -0.05578596
-0.09742558 -0.1707026 -0.05578596
0.05814191 -0.1706764 -0.05603546
0.08385276 -0.1685984 -0.05578274
0.08945315 -0.1686763 -0.05420944
-0.1098908 -0.1565724 -0.05578596
-0.1042706 -0.157207 -0.05530997
0.09766116 -0.1464794 -0.05578596
-0.1132356 -0.1077991 -0.05578596
-0.1163112 -0.0989536 -0.05629627
-0.1187884 -0.09385869 -0.05610571
-0.1192377 -0.09324503 -0.05566888
-0.1190892 -0.09338632 -0.05558491
-0.1185356 -0.09431487 -0.05591193
-0.1191772 -0.09299874 -0.05556069
-0.1217283 -0.08592159 -0.05578596
-0.1327147 -0.08390298 -0.05578596
-0.1303937 -0.07582858 -0.05638549
-0.1293844 -0.06068912 -0.05619291
-0.129476 -0.04655898 -0.05578596
-0.1182821 -0.04554969 -0.05590466
0.105782 -0.03848457 -0.0567888
-0.1257376 -0.0324288 -0.05578596
-0.1203007 -0.01829863 -0.05678113
-0.1172728 -0.009214938 -0.05634875
-0.1041519 -0.003159165 -0.05612307
-0.09910545 0.000878036 -0.05607341
-0.1142449 0.003905952 -0.05641213
-0.1061705 0.03216624 -0.05673349
-0.1162498 0.0392313 -0.05578596
0.1138563 0.04124993 -0.05612469
0.1289005 0.05235219 -0.05578596
0.1300051 0.05739868 -0.05657846
0.1349535 0.08061254 -0.05578596
-0.1152098 0.105845 -0.05578596
-0.08433177 0.111166 -0.05497288
-0.1132356 0.1209844 -0.05603991
-0.1105396 0.1310774 -0.05578596
-0.05164827 0.1593378 -0.05578596
0.1279857 0.1835609 -0.05578596
0.1384416 0.1875981 -0.05578596
-0.1074685 0.2249421 -0.05578596
0.1402152 0.2421002 -0.05578596
0.1397989 0.2693512 -0.05578596
0.04724271 0.2703605 -0.05593736
-0.01265216 0.2856655 -0.0560508
-0.1021333 0.2865093 -0.05675287
0.1400113 0.292565 -0.05578596
-0.1051612 0.2939942 -0.05578596
-0.02280085 0.2956696 -0.05601407
0.1380795 0.2959402 -0.05578596
0.08925816 0.328819 -0.05635803
-0.04864259 0.3384517 -0.05884293
0.1092346 0.3914682 -0.0561049
0.00283361 0.3940076 -0.05578596
-0.1091984 0.4136808 -0.05618969
0.1027541 0.4177179 -0.05578596
-0.06983583 0.4199021 -0.05578596
0.0926611 0.4207014 -0.05578596
0.06137288 0.42142 -0.05578596
0.07550304 0.4226999 -0.05578596
-0.03047321 0.4247831 -0.05624217
-0.03955689 0.4308388 -0.05606171
-0.03148251 0.4384409 -0.05578596
-0.1041439 -0.3336403 -0.05578596
-0.1031422 -0.3321886 -0.05614083
0.09770759 -0.3311809 -0.05566
0.08024028 -0.3291623 -0.05477667
-0.1576447 -0.3120043 -0.05480655
0.1326212 -0.3079671 -0.05477667
-0.1507016 -0.2716287 -0.05518968
0.1147893 -0.2564929 -0.05477667
0.05855653 -0.2415642 -0.05456512
0.01285142 -0.2402076 -0.05527364
0.04147606 -0.2401552 -0.05513275
0.01268819 -0.226214 -0.05477667
-0.1314333 -0.2100652 -0.05477667
0.03513113 -0.2081027 -0.05477667
-0.1299448 -0.206028 -0.05477667
0.01165343 -0.198799 -0.05468664
0.03259659 -0.196633 -0.05545169
0.03337847 -0.1970699 -0.05515092
0.03132483 -0.1962281 -0.0560718
0.03186218 -0.1963387 -0.05572015
0.0315883 -0.1962689 -0.05590506
0.03237583 -0.1964203 -0.0554428
0.0330653 -0.1964917 -0.05503343
-0.1142449 -0.1938934 -0.05477667
0.04456754 -0.1795505 -0.0546394
0.06225177 -0.16513 -0.05438829
-0.116968 -0.1454701 -0.05477667
-0.1190645 -0.1384051 -0.05477667
0.0946797 -0.1202377 -0.05568988
-0.1080365 -0.1071168 -0.05477667
-0.1183968 -0.0948478 -0.05522682
-0.1191735 -0.09378198 -0.05526759
-0.1191981 -0.09320465 -0.05508955
-0.1191582 -0.09311178 -0.05530675
-0.09005892 -0.09298667 -0.05477667
-0.119228 -0.09297454 -0.05499063
-0.1324091 -0.06977281 -0.05477667
-0.1263565 -0.05967981 -0.05516747
-0.1316549 -0.05362403 -0.05477667
-0.1233286 -0.05261475 -0.05534834
-0.1162635 -0.0405032 -0.05499548
-0.1161751 -0.0324288 -0.05477667
-0.1215333 -0.01426142 -0.05477667
-0.1179967 -0.0001312494 -0.05477667
-0.08194658 0.005924523 -0.05477667
0.1320237 0.02106398 -0.05478352
-0.1167573 0.03418481 -0.05477667
0.1189028 0.03418481 -0.05496319
-0.1102077 0.03519416 -0.05501567
-0.1071798 0.03620344 -0.05577628
-0.1041519 0.0392313 -0.05565718
0.129448 0.04629642 -0.05477667
-0.09204037 0.06345451 -0.05557522
-0.1101823 0.07354748 -0.05477667
0.1148656 0.08263117 -0.05500477
0.1078006 0.08565903 -0.05478756
0.1042914 0.09373343 -0.05477667
0.1150994 0.09474272 -0.05477667
-0.1162022 0.09777063 -0.05477667
0.1376738 0.1310774 -0.05477667
-0.1057688 0.1411704 -0.05477667
0.1357601 0.1492448 -0.05477667
0.09871689 0.1613564 -0.05534308
0.1158749 0.1623657 -0.05529666
0.1278258 0.1653935 -0.05477667
-0.06579863 0.1754866 -0.05512144
-0.09540012 0.1785144 -0.05477667
-0.1031426 0.1802908 -0.05477667
0.1365155 0.1855795 -0.05477667
0.1300051 0.1865888 -0.05500759
0.1320237 0.1865888 -0.05483641
0.1391284 0.190626 -0.05477667
0.136052 0.1997097 -0.05477667
0.1365086 0.2037469 -0.05477667
0.1380795 0.2054223 -0.05477667
-0.09986929 0.2077841 -0.05477667
0.1443149 0.2087933 -0.05477667
0.144543 0.2128305 -0.05477667
0.010908 0.2673326 -0.05509278
0.01797308 0.2673326 -0.05497772
0.04017763 0.2693512 -0.05571894
-0.1071205 0.2824721 -0.05477667
0.06687193 0.2905464 -0.05477667
0.06716867 0.292565 -0.05477667
-0.1026376 0.3006394 -0.05477667
-0.03270821 0.3100461 -0.05386265
0.08301625 0.3292914 -0.05560025
-0.1031426 0.3349556 -0.05484369
-0.04708222 0.3343419 -0.05453847
-0.1091677 0.3753275 -0.05477667
0.1117481 0.3793647 -0.05477667
0.008889405 0.390588 -0.05477667
-0.008268664 0.4145851 -0.05477667
0.04421481 0.4185698 -0.05477667
-0.03437274 0.4227443 -0.0551485
-0.01735234 0.4238626 -0.05477667
0.06944726 0.4257116 -0.05477667
-0.04157548 0.4315938 -0.05477667
0.01999167 0.4367614 -0.05477667
0.07449374 0.4367735 -0.05477667
-0.1152542 -0.3351115 -0.05376737
-0.1495703 -0.3220972 -0.05376858
-0.141496 -0.2648656 -0.05376737
0.1189485 -0.253465 -0.05376737
0.01707036 -0.2384353 -0.05579646
0.04007427 -0.2381451 -0.05407541
-0.07137843 -0.238032 -0.05304592
0.01218453 -0.2312604 -0.05376737
-0.1215151 -0.2126797 -0.05289816
-0.04930146 -0.2081649 -0.05326313
0.0371075 -0.1970501 -0.05393814
0.0329253 -0.1965612 -0.05512387
0.0621141 -0.1646411 -0.05342219
0.06234382 -0.1648765 -0.05373225
0.06199541 -0.1643278 -0.05271649
0.06199259 -0.1644506 -0.05308145
0.06210361 -0.164476 -0.05308266
-0.1071798 -0.1548485 -0.05376737
-0.1162635 -0.1262935 -0.05410852
-0.1248337 -0.1035601 -0.05476698
-0.1164521 -0.10312 -0.0543144
-0.1142449 -0.1034591 -0.05376737
-0.1263565 -0.09697542 -0.05376737
-0.1182014 -0.09531206 -0.05501769
-0.1193334 -0.09273231 -0.05479039
-0.1191703 -0.09303105 -0.05463132
-0.1183818 -0.09455308 -0.05458167
-0.1142449 -0.0243544 -0.05392441
-0.1011241 -0.003159165 -0.05389656
-0.1162635 0.02798373 -0.05376737
-0.1062008 0.02812904 -0.05376737
-0.08598459 0.04225922 -0.05430754
0.1340423 0.05033362 -0.05397408
0.1370573 0.05336148 -0.05376737
0.1350516 0.06772184 -0.05376737
-0.1122263 0.07498062 -0.05376737
-0.1159393 0.07758468 -0.05376737
-0.05166847 0.1108915 -0.05417109
0.0956022 0.114428 -0.05368138
0.136966 0.1260309 -0.05376737
0.1189028 0.1512634 -0.05418522
-0.1001148 0.1515217 -0.05376737
-0.06075214 0.1714494 -0.05413717
-0.1099477 0.1805331 -0.05376737
-0.110192 0.1845703 -0.05376737
-0.1080939 0.2198956 -0.05376737
0.1403302 0.2309979 -0.05376737
0.1407994 0.2643048 -0.05376737
-0.1090721 0.2663233 -0.05376737
0.004852222 0.2703524 -0.05376737
0.1411256 0.2764163 -0.05376737
-0.006214016 0.2794442 -0.05376737
0.03008465 0.2794442 -0.05477667
-0.03531784 0.318932 -0.05360911
0.1379947 0.3278905 -0.05376737
0.0933006 0.3317944 -0.05387516
0.1067202 0.3591787 -0.05376737
0.110065 0.3692717 -0.05376737
0.02402886 0.3924855 -0.05389576
0.04093524 0.4005599 -0.05376737
0.09506929 0.4078753 -0.05420904
-0.1119958 0.4116622 -0.05376737
-0.04715004 0.4152755 -0.0544444
0.05782499 0.4168661 -0.05350616
0.04017763 0.4177179 -0.05396116
-0.001052468 0.4204431 -0.05469027
-0.02744532 0.4217471 -0.05376737
-0.05772425 0.4236284 -0.05376737
-0.01972266 0.4280451 -0.05350293
0.010908 0.4335114 -0.05376737
-0.0375383 0.434876 -0.05466282
-0.1069889 -0.3258413 -0.05289816
-0.08194739 -0.3140265 -0.05275807
0.01441453 -0.2391903 -0.05351666
-0.1305697 -0.2138585 -0.05245932
-0.1205805 -0.2120268 -0.05354492
-0.1000841 -0.2117362 -0.05358933
-0.02613715 -0.2012722 -0.05293369
0.08812976 -0.1692891 -0.05457521
0.1138563 -0.1676747 -0.05293692
0.06208383 -0.1642237 -0.05215814
0.06178911 -0.1641385 -0.05225706
0.06187753 -0.164172 -0.05229945
-0.09910545 -0.1616189 -0.05325303
-0.100332 -0.1595389 -0.05316018
-0.1133079 -0.1172098 -0.05275807
-0.1031426 -0.1081826 -0.05275807
-0.09506826 -0.1081261 -0.05308145
-0.1152542 -0.1040889 -0.05308226
-0.1152542 -0.1039961 -0.05275807
-0.1156567 -0.102466 -0.05336405
-0.1186846 -0.09438756 -0.05465555
-0.1185542 -0.09425029 -0.05422963
-0.1197258 -0.09069756 -0.05305965
-0.09164231 -0.09096807 -0.05275807
-0.1330534 -0.07784718 -0.05275807
-0.1251171 -0.07582858 -0.05275807
-0.08699388 -0.07582858 -0.05340846
-0.1327223 -0.05967981 -0.05275807
-0.1081891 -0.01224285 -0.05300152
0.1140849 0.003905952 -0.05275807
-0.09002178 0.007430375 -0.05275807
-0.08699388 0.008104622 -0.05275807
0.1219307 0.02812904 -0.05282751
0.1298 0.0432685 -0.05275807
-0.08413717 0.04932433 -0.05275807
0.1310144 0.05336148 -0.05365715
0.1148656 0.08666837 -0.05347669
0.1205169 0.1254052 -0.05133213
0.1215751 0.1252558 -0.05286344
-0.04956266 0.1270402 -0.05275807
0.1209408 0.1292486 -0.05107134
-0.1132356 0.1323613 -0.05275807
-0.1109336 0.1381425 -0.05275807
-0.07808421 0.1520748 -0.05259376
0.1343067 0.1583285 -0.05275807
0.1300051 0.1623657 -0.0527617
0.1037634 0.1643842 -0.05373548
-0.09809615 0.1805331 -0.05373103
0.1421167 0.2046431 -0.05275807
-0.1071798 0.2138398 -0.05344035
-0.0002159616 0.2723791 -0.05275807
0.0502706 0.275407 -0.05348557
0.06345485 0.2850922 -0.0529567
0.03916833 0.2885279 -0.05289412
0.0682684 0.2941557 -0.05282024
-0.1063663 0.2976115 -0.05275807
-0.02506822 0.2989035 -0.0528594
-0.02600065 0.2999774 -0.05207296
0.02806605 0.3893082 -0.05275807
-0.1122283 0.3995506 -0.05275807
0.1462778 0.407625 -0.05275807
0.1145152 0.4136808 -0.05275807
-0.1102077 0.4153159 -0.05275807
-0.004301922 0.4159335 -0.05343026
-0.02139115 0.4167086 -0.05275807
-0.01028726 0.4171366 -0.05275807
0.07954023 0.4188727 -0.05275807
-0.0350748 0.4215412 -0.05264947
0.03614043 0.4250939 -0.05275807
0.07853094 0.4295025 -0.05275807
-0.036529 0.4379604 -0.05275807
-0.0345104 0.4389859 -0.05275807
-0.1614304 -0.2827346 -0.05174877
-0.02591894 -0.2029032 -0.05198293
-0.05474481 -0.2030764 -0.05224615
-0.0251316 -0.2021103 -0.05338868
0.01229746 -0.2003436 -0.05250333
0.05478014 -0.1742133 -0.05251221
0.0619292 -0.1641066 -0.05196396
0.06248472 -0.1641648 -0.05196799
0.06168737 -0.1640049 -0.05168014
0.06174309 -0.164065 -0.05167772
0.06172169 -0.1639976 -0.05161837
-0.1031426 -0.1560435 -0.05174877
-0.1149769 -0.1454701 -0.05174877
-0.1112227 -0.1040889 -0.05174877
-0.1154294 -0.1030796 -0.05174877
-0.1142449 -0.1030796 -0.05225585
-0.1152542 -0.1027486 -0.05174877
-0.1152542 -0.1009763 -0.05174877
0.1017452 -0.07179141 -0.05174877
-0.08598217 -0.06472632 -0.05174877
-0.1223193 -0.05967981 -0.05186182
-0.1192579 -0.04958689 -0.05174877
-0.08598459 -0.03343809 -0.05193691
-0.1191772 -0.0001312494 -0.05174877
-0.09304967 0.004915237 -0.05242823
0.1310144 0.01904535 -0.05180328
-0.1079045 0.02409184 -0.05174877
-0.1182821 0.02611047 -0.05216663
-0.1141553 0.02711976 -0.05174877
0.1168842 0.02913833 -0.0526095
0.1309789 0.03519416 -0.05174877
-0.09002178 0.04124993 -0.05268096
-0.09103107 0.0432685 -0.05189008
0.130595 0.0473057 -0.05174877
0.139113 0.04831499 -0.05174877
-0.06373159 0.09070551 -0.05174877
-0.05604115 0.1038264 -0.05174877
-0.05141897 0.1179565 -0.05174877
0.0946797 0.1250216 -0.05197567
0.1220236 0.1294908 -0.05139471
0.09386378 0.1421797 -0.05174877
-0.05065916 0.143189 -0.05185172
0.09669829 0.153282 -0.05275726
-0.07588474 0.1570083 -0.0521428
0.1360149 0.1573192 -0.05174877
-0.09607756 0.176294 -0.05174877
0.1300051 0.1844491 -0.05174877
-0.1093131 0.1865888 -0.05174877
-0.1041519 0.2098026 -0.05275807
-0.1064132 0.2461374 -0.05174877
0.1400416 0.2562304 -0.05174877
-0.003573492 0.275407 -0.05174877
-0.1090773 0.2844907 -0.05174877
0.01696378 0.2895372 -0.05202693
0.03008465 0.2955929 -0.05249767
-0.02555329 0.297224 -0.05107335
-0.02576698 0.2986612 -0.05150574
-0.02601042 0.2993314 -0.0515025
0.08111514 0.3259486 -0.0526309
0.01999167 0.3894576 -0.05210808
-0.07855414 0.3924855 -0.05174877
0.03714973 0.3945768 -0.05174877
-0.008162485 0.4010565 -0.05184001
0.133033 0.4106085 -0.05174877
0.143126 0.4112423 -0.05174877
-0.01729942 0.4130994 -0.05219286
-0.00927796 0.416527 -0.05174877
-0.07690091 0.417609 -0.05174877
0.1037634 0.4187273 -0.05188442
0.03412184 0.4287233 -0.05174877
0.003842908 0.4339314 -0.05174877
-0.02845461 0.4369955 -0.05174877
0.1219893 -0.2443813 -0.05073947
0.007479997 -0.2413699 -0.05123847
-0.1445238 -0.2403344 -0.05073947
-0.1157932 -0.2396635 -0.05137089
0.01429822 -0.2371878 -0.05094457
0.01265715 -0.217081 -0.05121829
-0.05237456 -0.2071673 -0.04974673
-0.01383708 -0.1984954 -0.05032001
0.03582287 -0.1971954 -0.05369672
0.1176541 -0.1754196 -0.05081699
0.103612 -0.1736376 -0.05095991
0.1128471 -0.1745161 -0.05073947
0.06177901 -0.1642088 -0.05140278
0.06204345 -0.1639338 -0.05104671
0.1067913 -0.1581162 -0.05073947
-0.1146406 -0.1434515 -0.05073947
-0.1152542 -0.1293214 -0.05073988
-0.1102077 -0.1082351 -0.05073947
-0.1152542 -0.1042262 -0.05073947
-0.1233286 -0.09437546 -0.05073947
-0.1289597 -0.08995876 -0.05073947
-0.1152542 -0.03581196 -0.05073947
-0.1081891 -0.01527071 -0.0509377
-0.09910545 -0.003070354 -0.05073947
-0.08598459 0.005924523 -0.0512946
0.1259679 0.02106398 -0.05115934
0.1239493 0.02433813 -0.05073947
-0.1085141 0.02711976 -0.05073947
-0.1122263 0.02913833 -0.05152309
-0.1190932 0.03014767 -0.05073947
0.1360609 0.04427785 -0.05078752
-0.08699388 0.0513429 -0.05103096
-0.08901248 0.05336148 -0.0516434
0.1380795 0.0535835 -0.05073947
-0.1105892 0.05739868 -0.05073947
-0.06882653 0.08263117 -0.05078429
-0.08299302 0.1013516 -0.05051582
0.1140465 0.1018078 -0.05073947
0.133033 0.123003 -0.05116459
0.1229089 0.1256192 -0.05084767
0.0936704 0.1371332 -0.05129419
0.1370738 0.1482355 -0.05073947
-0.05469636 0.1553006 -0.0514484
-0.07084512 0.1643842 -0.05168458
-0.09405533 0.1674122 -0.05073947
-0.1101851 0.1785144 -0.05073947
-0.1030349 0.1936539 -0.05073947
-0.1005128 0.1997097 -0.05073947
0.00283361 0.2723791 -0.05156428
0.06115124 0.2832755 -0.05126956
-0.02590969 0.2984512 -0.05110484
0.1368231 0.2986208 -0.05073947
-0.02633465 0.2994767 -0.05083597
-0.02635144 0.299941 -0.05080447
-0.02601413 0.2998724 -0.05119447
-0.02915349 0.3049754 -0.05089773
0.09027269 0.3298646 -0.0514266
-0.06183492 0.3364816 -0.05096435
-0.06554428 0.3407409 -0.05017911
0.01191731 0.38689 -0.05073947
0.0486187 0.4098576 -0.05101078
0.108237 0.4156994 -0.05073947
-0.02259823 0.4187273 -0.05073947
-0.07387301 0.4198133 -0.05073947
0.06379438 0.4204714 -0.05032284
0.067574 0.4223769 -0.04993809
0.07049854 0.4233499 -0.05061876
-0.00120358 0.4288203 -0.05151986
0.077344 0.4308388 -0.05073947
-0.1084693 -0.3337389 -0.05014884
0.08377928 -0.3321902 -0.04973017
0.1148656 -0.3291304 -0.04973017
0.1184692 -0.2675951 -0.04973017
0.1229679 -0.2494278 -0.04973017
0.01210247 -0.2212971 -0.04979518
-0.1329355 -0.2137455 -0.04967971
-0.134273 -0.2112795 -0.04978185
-0.1217723 -0.2115884 -0.05353281
0.1146319 -0.178831 -0.05291633
-0.1032815 -0.1787769 -0.04973017
0.1178935 -0.1757599 -0.04973017
0.1181705 -0.1751467 -0.04972049
0.1173687 -0.1753086 -0.04971685
0.05270462 -0.173661 -0.04918355
0.1209214 -0.1707026 -0.04979073
0.09770759 -0.1285664 -0.04973017
-0.1142449 -0.1020703 -0.05060867
-0.1157435 -0.1000517 -0.04973017
-0.1142449 -0.1000517 -0.05013874
-0.1203007 -0.08794016 -0.0503184
-0.12131 -0.08188438 -0.04980648
-0.08827246 -0.05059618 -0.04973017
-0.126199 -0.036466 -0.04973017
-0.1011241 -0.007135808 -0.04973017
-0.09692699 -0.001140535 -0.04973017
-0.1139668 0.01097101 -0.04973017
0.1408829 0.04427785 -0.04973017
0.133033 0.04831499 -0.05070435
-0.1107685 0.05033362 -0.04973017
-0.07891951 0.06244516 -0.04986987
-0.1162635 0.06749171 -0.05051743
-0.1182821 0.06951028 -0.04980164
0.1324214 0.07152885 -0.04973017
0.1300051 0.08868694 -0.04982667
-0.08183355 0.09608305 -0.04954205
0.1078006 0.09676135 -0.04973462
-0.1155069 0.1149287 -0.04973017
0.119548 0.1172702 -0.05019082
0.09673341 0.123003 -0.04973017
0.1206465 0.1246663 -0.04996635
0.1290237 0.1260511 -0.0498844
-0.08862289 0.1284614 -0.04954205
0.1195597 0.1401086 -0.04982425
-0.1081891 0.1774647 -0.04973017
-0.1011241 0.1775051 -0.05022392
0.1272966 0.1775051 -0.04973017
0.1367489 0.2320072 -0.04973017
0.1368179 0.248156 -0.04973017
-0.1081891 0.2631501 -0.04973017
-0.00120358 0.2743977 -0.05034464
0.0492613 0.2915557 -0.04973017
0.1399007 0.2966022 -0.04973017
-0.02632254 0.29919 -0.05056103
-0.02655133 0.2997472 -0.05048675
-0.02640409 0.2997634 -0.05058243
-0.0267919 0.2998764 -0.05014198
-0.02689094 0.3002923 -0.0503402
-0.02699481 0.3004013 -0.05014278
-0.02655617 0.3000702 -0.05042578
-0.03359921 0.3099452 -0.04971443
-0.03357014 0.3099452 -0.04967649
-0.03344014 0.3103166 -0.04986785
-0.0334022 0.3100461 -0.04955981
0.02503816 0.3860866 -0.04973017
0.0304488 0.387221 -0.05026632
0.1219307 0.411424 -0.04973017
0.1037634 0.4227645 -0.05012663
0.03879913 0.4237738 -0.04973017
0.09669829 0.424242 -0.04973017
0.08531099 0.4257923 -0.04973017
0.03311254 0.4305562 -0.04973017
0.1047727 0.4318481 -0.04986098
0.02461195 0.4338667 -0.04973017
0.01797308 0.4351344 -0.04973017
-0.1080858 -0.3316278 -0.04900712
-0.1068964 -0.3166099 -0.04919888
-0.1051612 -0.3148263 -0.04872087
0.1169367 -0.2645673 -0.04872087
-0.06313127 -0.2384567 -0.04805394
0.0485925 -0.226214 -0.04872087
-0.05723333 -0.2020711 -0.04922593
-0.04566798 -0.1995495 -0.04736842
-0.1081891 -0.1868514 -0.04883473
0.0490005 -0.1785343 -0.04878992
0.1199121 -0.1676747 -0.04951701
0.06157958 -0.1640263 -0.04968375
0.08338323 -0.1631316 -0.04906848
-0.1051612 -0.15218 -0.04872087
0.1037533 -0.1505166 -0.04872087
-0.1076292 -0.1112186 -0.04826347
-0.1011241 -0.1071168 -0.04972897
-0.09809615 -0.1061075 -0.0490705
-0.1147249 -0.1030796 -0.04872087
-0.09506826 -0.1030796 -0.04937047
-0.1304304 -0.08592159 -0.04872087
-0.1284869 -0.04655898 -0.04872087
-0.1162635 -0.04454035 -0.04960301
-0.08598459 -0.01728934 -0.04915044
-0.1111468 0.01803607 -0.04872087
0.1351182 0.02207327 -0.04872087
-0.1202248 0.02308255 -0.04872087
0.1303269 0.0392313 -0.04872087
-0.08194739 0.05840802 -0.04951459
-0.1132356 0.06244516 -0.0493313
-0.08396599 0.06446379 -0.04939671
0.1138563 0.09777063 -0.04942335
0.1167054 0.1065596 -0.0485279
0.1185516 0.1081502 -0.04887833
0.1223223 0.1239114 -0.04897805
0.1216877 0.1293455 -0.04971121
0.1318352 0.130056 -0.04936279
0.1207329 0.1341982 -0.04951015
0.1098192 0.1593378 -0.04874874
0.1067913 0.160347 -0.04900146
-0.06277074 0.1623657 -0.04956505
0.1310144 0.1684214 -0.04964298
-0.09598147 0.1744772 -0.04872087
0.1279619 0.1754866 -0.04872087
0.1280273 0.1805331 -0.04872087
0.138004 0.2017282 -0.04872087
-0.1091984 0.2077841 -0.0492223
0.1443371 0.2128305 -0.04872087
0.1423165 0.217877 -0.04872087
0.1380795 0.2238925 -0.04872087
0.1396015 0.2643048 -0.04872087
0.00283361 0.2774256 -0.04968092
-0.007259365 0.2779464 -0.04872087
0.05710516 0.2839215 -0.04966478
0.06238218 0.2845149 -0.04872087
0.06643794 0.2875186 -0.04872087
0.140329 0.2885279 -0.04872087
0.009038914 0.292565 -0.04872087
0.03815907 0.3016487 -0.0495699
0.02201027 0.3036673 -0.04874106
-0.03366623 0.3097473 -0.0496672
-0.03363514 0.3101551 -0.04952347
-0.03386042 0.3107889 -0.04909512
-0.03758351 0.3198121 -0.04895262
-0.0441706 0.3253753 -0.04884603
-0.04751056 0.332182 -0.04999744
0.1061397 0.3525416 -0.04872895
0.1431264 0.3611973 -0.04872087
-0.002212877 0.3927035 -0.04872087
-0.006209211 0.397532 -0.04872087
-0.08901248 0.4122274 -0.04872087
0.1411074 0.4116622 -0.04872087
-0.08497529 0.4133376 -0.04872087
0.08458672 0.4153037 -0.04872087
-0.1041519 0.4177179 -0.04874913
-0.01034572 0.4191512 -0.04895584
0.09770759 0.4257923 -0.04907777
0.1088099 0.4268016 -0.04963449
-0.04964987 0.4269308 -0.04872087
0.09972619 0.4298295 -0.04894938
-0.04266028 0.4318481 -0.04872087
0.0008150153 0.4334347 -0.04872087
-0.1152542 -0.3347114 -0.04771159
0.08434933 -0.3311809 -0.04771159
0.1199121 -0.3271978 -0.04771159
0.08559602 -0.3200786 -0.04821704
0.1326939 -0.2786974 -0.04771159
-0.1509676 -0.2494278 -0.04771159
0.05252133 -0.2409893 -0.04741202
-0.06215507 -0.2387708 -0.04794493
-0.0628539 -0.2384535 -0.04746128
-0.06232261 -0.2385569 -0.04755252
-0.06277034 -0.2384462 -0.04747339
0.01088666 -0.2135299 -0.04834017
-0.05031762 -0.2080575 -0.04842254
-0.04091541 -0.206569 -0.04830182
-0.06994644 -0.2037207 -0.0484625
0.1148656 -0.1725354 -0.04771159
0.05464853 -0.1705015 -0.04663082
0.06305679 -0.163233 -0.04811086
-0.1051612 -0.1050982 -0.04803133
-0.09607756 -0.09803316 -0.04772773
-0.1308975 -0.06371701 -0.04771159
-0.1123321 -0.02637303 -0.04771159
-0.1061705 -0.01495183 -0.04771159
-0.09566294 -0.0001312494 -0.04771159
0.1169097 0.01097101 -0.04771159
-0.1182821 0.02179873 -0.04771159
-0.1182809 0.03115696 -0.04771159
0.1380795 0.04097539 -0.04771159
0.131509 0.04225922 -0.04771159
0.1340423 0.04528713 -0.04862238
-0.1180964 0.06345451 -0.04771159
-0.07387301 0.07556605 -0.04792071
0.1078006 0.1007985 -0.04836763
0.1128471 0.1007985 -0.04863206
-0.1151908 0.1078635 -0.04771159
0.1007355 0.1109883 -0.04771159
0.09715046 0.1211136 -0.04768938
-0.110364 0.1492448 -0.04771159
-0.1041947 0.1563099 -0.04771159
-0.09595524 0.1653935 -0.04771159
0.1350799 0.1674122 -0.04771159
0.1350516 0.1847519 -0.04771159
0.1380791 0.1946632 -0.04771159
-0.1015488 0.2007189 -0.04771159
-0.1065343 0.2320072 -0.04771159
-0.1043215 0.2451281 -0.04771159
-0.1048613 0.2532024 -0.04771159
-0.1068274 0.3006394 -0.04771159
-0.03296739 0.3093719 -0.04906324
-0.07874712 0.3722996 -0.04771159
0.02100097 0.3854527 -0.04771159
0.09264455 0.4106529 -0.04771159
-0.05718448 0.4114563 -0.04773419
-0.09607756 0.4136808 -0.04772127
0.1340423 0.4126877 -0.04771159
0.1104078 0.4156994 -0.04771159
-0.08093931 0.4167086 -0.04771159
-0.1081891 0.418909 -0.04771159
-0.02441743 0.4202412 -0.04771159
0.04118692 0.4207458 -0.04843868
0.07101449 0.4225828 -0.04816253
-0.06491288 0.4247831 -0.04771159
-0.07488231 0.4257923 -0.04868858
0.09869387 0.4298295 -0.04771159
0.1105862 0.4338667 -0.04771159
0.1037634 0.4341695 -0.04771159
0.08768607 -0.3271437 -0.04670229
0.133744 -0.3130136 -0.04670229
0.1280729 -0.2726417 -0.04670229
-0.1452457 -0.2564929 -0.04670229
-0.1505348 -0.2514464 -0.04670229
-0.06249258 -0.238317 -0.0463999
-0.06194635 -0.238445 -0.04701597
0.01344561 -0.2127455 -0.04622509
0.04623341 -0.2100652 -0.04689567
0.01354585 -0.2068257 -0.0450099
0.01100411 -0.2047095 -0.04680119
-0.007560298 -0.1975091 -0.04775397
-0.1225567 -0.1939164 -0.04670229
-0.1082017 -0.1848328 -0.04670229
-0.1103519 -0.1343679 -0.04670229
-0.1102077 -0.1273028 -0.04757512
-0.1069816 -0.1170402 -0.04733007
-0.1192914 -0.09562296 -0.04670229
-0.1172728 -0.08995876 -0.04742494
-0.09201777 -0.08188438 -0.04670229
-0.1313049 -0.05665195 -0.04670229
-0.09809615 -0.003159165 -0.04747904
0.1186683 0.01803607 -0.04670229
0.1352631 0.01904535 -0.04670229
-0.1132356 0.02308255 -0.04768494
-0.1215143 0.02510113 -0.04670229
0.1400981 0.03955835 -0.04670229
0.1421385 0.04629642 -0.04670229
-0.1197274 0.07051957 -0.04670229
-0.07791021 0.07051957 -0.04757391
-0.0809381 0.07758468 -0.04760177
-0.1171412 0.08767766 -0.04670229
0.1256684 0.09481537 -0.04750084
-0.06277074 0.09777063 -0.04750488
0.1108285 0.1026556 -0.04670229
0.1203272 0.109862 -0.04800711
0.1263079 0.1155182 -0.04792152
-0.08818809 0.1203749 -0.04730543
-0.1134896 0.1310774 -0.04670229
-0.1127378 0.1441983 -0.04670229
-0.07694571 0.153827 -0.04688437
-0.06983583 0.1583285 -0.04723036
-0.09561369 0.1684214 -0.04670229
-0.100514 0.1754866 -0.04670229
-0.1061705 0.2037469 -0.04715969
0.1432136 0.2037469 -0.04670229
0.1365692 0.2289793 -0.04670229
-0.1061705 0.2629603 -0.04670229
-0.02727628 0.2977529 -0.047366
-0.02956666 0.3013822 -0.04702082
-0.03600416 0.3156093 -0.047865
0.003354206 0.3884483 -0.04670229
-0.002388374 0.3924855 -0.04670229
0.1482056 0.3995506 -0.04670229
0.1470029 0.4096436 -0.04670229
-0.03837359 0.4225061 -0.04639546
-0.006865134 0.422829 -0.04629251
0.0916518 0.4249688 -0.04670229
-0.00340179 0.4273184 -0.04708986
0.1118378 0.427811 -0.04733289
-0.07084512 0.4288203 -0.04746572
0.0599098 0.4298295 -0.04670229
-0.02441743 0.4331279 -0.04670229
0.02806605 0.433237 -0.04670229
0.1098192 0.434876 -0.04725941
0.07045655 0.4371086 -0.04670229
-0.1091984 -0.3331995 -0.04573578
-0.1659375 -0.2877811 -0.04569299
0.1179137 -0.2585115 -0.04569299
0.1222045 -0.2403441 -0.04569299
-0.06331737 -0.2381761 -0.04651092
-0.06282686 -0.2381693 -0.04517542
0.04623341 -0.2050187 -0.04638416
-0.04393603 -0.1994756 -0.04678909
0.04894519 -0.1868514 -0.04569299
0.09300951 -0.1652314 -0.04690979
-0.1071798 -0.1232656 -0.04666716
-0.1041519 -0.1222563 -0.04592028
-0.102554 -0.1172098 -0.04569299
-0.1103167 -0.1071168 -0.04569299
-0.1122336 -0.1050982 -0.04569299
-0.09910545 -0.1030796 -0.04644229
-0.1162635 -0.09904242 -0.04636881
0.09972619 -0.09399596 -0.04569299
-0.1281712 -0.09096807 -0.04569299
-0.1303937 -0.07582858 -0.04583833
-0.124287 -0.03444737 -0.04569299
-0.1221409 -0.01628 -0.04569299
-0.09405897 -0.0001312494 -0.04633046
-0.1142449 0.02005064 -0.04569299
-0.1132356 0.05437082 -0.04587062
0.1350516 0.05638939 -0.0456946
-0.1195627 0.06244516 -0.04569299
-0.07286371 0.08162189 -0.04630906
0.1261532 0.08263117 -0.04569299
0.1150841 0.09897774 -0.0449235
0.1190288 0.1062043 -0.04639667
0.1141971 0.1070884 -0.04483347
0.09711977 0.1310774 -0.04569299
0.1239085 0.1345091 -0.04672813
0.09689289 0.1391518 -0.04569299
0.09770759 0.1452076 -0.04599456
0.1167874 0.1470203 -0.04594612
-0.08265714 0.1482314 -0.04622832
-0.05570566 0.1492448 -0.04670188
-0.1021333 0.1966818 -0.04669987
0.1380795 0.1976911 -0.04621136
-0.1112453 0.2067747 -0.04569299
0.1365817 0.2552211 -0.04569299
0.1366725 0.2632954 -0.04569299
-0.007259365 0.2804535 -0.04601476
0.0522892 0.3006394 -0.04569339
-0.03495934 0.3052337 -0.04497154
0.01696378 0.3056859 -0.04670188
0.04219622 0.3077045 -0.04602848
-0.1023833 0.3107324 -0.04569299
-0.06844138 0.4088119 -0.0453482
-0.08800318 0.4133013 -0.04569299
-0.05084892 0.4158043 -0.04637042
0.048252 0.4205238 -0.04569299
-0.01432445 0.4213192 -0.04569299
0.03990891 0.4227645 -0.04569299
0.09490295 0.4257923 -0.04569299
0.03815907 0.4308469 -0.04569299
0.07449374 0.4380049 -0.04569299
0.0893288 -0.3337461 -0.04485124
0.08553223 -0.3319153 -0.04477251
0.08468724 -0.3316723 -0.04469015
0.1269772 -0.3220972 -0.04544187
-0.1511263 -0.2423627 -0.04468369
0.05102879 -0.239621 -0.04623518
-0.1475517 -0.240311 -0.04468369
-0.06016353 -0.2385217 -0.04472204
0.05296825 -0.2272232 -0.04468369
0.01153994 -0.210722 -0.04632763
-0.05496281 -0.2058237 -0.04371719
-0.1324123 -0.201019 -0.04468369
-0.0452453 -0.1994373 -0.04529048
-0.01505631 -0.1986779 -0.04419842
0.1148656 -0.1707026 -0.04487828
0.12294 -0.1656561 -0.04470226
-0.1061104 -0.1464794 -0.04468369
-0.1051612 -0.1305366 -0.04468369
-0.1042589 -0.1091637 -0.04515806
-0.09716114 -0.09298667 -0.04468369
-0.1273658 -0.06674489 -0.04472326
-0.1172728 -0.05463338 -0.04565019
-0.1142449 -0.04655898 -0.04477655
-0.1254102 -0.04252177 -0.04468369
-0.09103107 -0.03848457 -0.04490573
-0.111217 -0.0283916 -0.04555976
-0.09103107 -0.003159165 -0.0447176
-0.114249 0.01198035 -0.04468369
-0.1132643 0.01601756 -0.04468369
-0.12131 0.01904535 -0.04546448
0.1239493 0.01904535 -0.04488393
0.1320015 0.03620344 -0.04468369
-0.07690091 0.08162189 -0.04499738
0.1124966 0.089131 -0.04387221
0.1091207 0.1051789 -0.0451306
0.1037634 0.1089092 -0.04468369
-0.05570566 0.1179565 -0.0449679
-0.06579863 0.1563099 -0.04494974
0.1356632 0.1573192 -0.04468369
-0.09905701 0.1714494 -0.04468369
0.1389289 0.1875981 -0.04468369
-0.1051612 0.2317811 -0.04468369
-0.1011241 0.2400815 -0.044695
-0.1011479 0.2532024 -0.04468369
-0.01129656 0.2817978 -0.04468369
-0.01432477 0.2834814 -0.04468369
0.06742866 0.2915557 -0.04497356
0.06836408 0.2946402 -0.04523396
0.01999167 0.3107082 -0.04468369
-0.1051612 0.3440393 -0.04468773
-0.1092029 0.3743182 -0.04468369
0.03300168 0.3869829 -0.04500142
0.003122593 0.3884483 -0.04468369
0.1047133 0.402417 -0.04502604
0.1189028 0.4118721 -0.04468369
-0.0402638 0.4218722 -0.04287301
0.06231717 0.4213353 -0.0444887
0.06281294 0.421735 -0.04424283
0.06302287 0.42184 -0.04433689
0.06295828 0.4218318 -0.04425777
0.06301197 0.4218642 -0.04418913
0.06474231 0.4224011 -0.04517138
-0.06781723 0.4298295 -0.04565343
-0.07690091 0.4318481 -0.0447612
0.009898706 0.4360186 -0.04468369
0.07651234 0.4367775 -0.04468369
0.08546239 -0.3320747 -0.04423233
-0.111217 -0.3328305 -0.04367439
0.086506 -0.3317695 -0.04387544
0.08706233 -0.3321692 -0.04350362
-0.1102077 -0.3311809 -0.04379874
-0.1670558 -0.2968648 -0.04367439
-0.1465424 -0.2652722 -0.04367439
-0.05449329 -0.2396057 -0.04363967
-0.1317615 -0.2148529 -0.04345436
-0.05752441 -0.2027534 -0.04493318
-0.04424205 -0.1991639 -0.04379752
-0.1071798 -0.1767584 -0.04439422
0.1158749 -0.1626282 -0.04391339
0.07117437 -0.1592628 -0.04301956
-0.1055565 -0.1535445 -0.04367439
0.1027198 -0.1384051 -0.04367439
-0.1064249 -0.1373958 -0.04367439
-0.1013162 -0.1131726 -0.04377533
-0.1021333 -0.1000517 -0.04440431
-0.1081891 -0.09601456 -0.04439099
0.1008618 -0.08894947 -0.04367439
-0.1142449 -0.08289367 -0.04380318
-0.1243379 -0.07380998 -0.04370588
0.1066928 -0.05867052 -0.04367439
-0.1296282 -0.05463338 -0.04367439
-0.1194933 -0.04665989 -0.04337443
-0.0917711 -0.04655898 -0.04367439
-0.1253472 -0.04554969 -0.04367479
-0.1184028 -0.03510141 -0.04317903
-0.1021333 -0.01628 -0.04368328
-0.09506826 -0.003159165 -0.04466674
-0.1162635 0.03216624 -0.04467037
0.1360609 0.03895277 -0.04367439
0.143126 0.04024065 -0.04462837
-0.1115901 0.0432685 -0.04367439
-0.1186196 0.07556605 -0.04367439
0.1065858 0.09877992 -0.04367439
0.1067517 0.1068543 -0.04367439
-0.0883092 0.1343395 -0.04450646
-0.08728617 0.1383564 -0.04435305
0.1199065 0.1429548 -0.04434215
0.119263 0.1452035 -0.0439029
0.1199327 0.1456355 -0.04331589
0.1199008 0.1458616 -0.04310314
-0.05836011 0.1492448 -0.04367439
0.1017448 0.1490268 -0.04367439
0.136163 0.1684214 -0.04367439
-0.1019977 0.1754866 -0.04367439
-0.1099263 0.1795237 -0.04367439
0.1330443 0.1805331 -0.04367439
-0.1051911 0.1997097 -0.04367439
-0.1104152 0.2037469 -0.04367439
0.1357492 0.2632954 -0.04367439
-0.102135 0.2643048 -0.04367439
-0.005240771 0.2865093 -0.04367843
-0.02239883 0.2895049 -0.04367439
0.1418954 0.2955929 -0.04367439
0.01191731 0.3077045 -0.04372768
0.09593405 0.3326705 -0.04427917
0.1140114 0.3813833 -0.04367439
-0.1119776 0.3985413 -0.04367439
0.1441353 0.4136808 -0.04400867
0.07550304 0.4199424 -0.04367439
0.04320551 0.4210849 -0.04367439
0.06289974 0.4217673 -0.04381368
0.06309191 0.4218884 -0.04407165
0.08357742 0.4260427 -0.04367439
-0.02138953 0.4286749 -0.04367439
0.07954023 0.4293128 -0.04367439
0.03412184 0.4346378 -0.04367439
-0.036529 0.4379039 -0.0437083
0.01797308 0.4375527 -0.04367439
0.09568899 -0.3350437 -0.04266509
0.08683382 -0.3323618 -0.04267963
0.08670342 -0.3321886 -0.04318105
0.08631989 -0.3319783 -0.04318993
0.1233147 -0.3261344 -0.04266509
-0.03336222 -0.2410163 -0.04249836
-0.04793487 -0.239556 -0.04261019
0.05531709 -0.233279 -0.04302481
-0.1188344 -0.212655 -0.04342166
-0.1368988 -0.2090559 -0.04266509
-0.09568111 -0.2080615 -0.04238249
-0.04348265 -0.1988684 -0.0417325
0.1190647 -0.1738375 -0.04567361
-0.1014797 -0.1192284 -0.04266509
-0.1152542 -0.0976052 -0.04266509
-0.09910545 -0.09197736 -0.04349756
-0.1293888 -0.08995876 -0.04266509
-0.09506826 -0.08087507 -0.04266872
-0.1273658 -0.07582858 -0.0426655
-0.1162635 -0.06674489 -0.04364452
-0.1283751 -0.06169841 -0.04318266
-0.1213504 -0.05846864 -0.04257708
-0.1213532 -0.03341794 -0.04330822
-0.1157492 -0.02994192 -0.04198079
-0.1061705 -0.02233583 -0.04340511
-0.09103107 -0.01224285 -0.04312251
-0.09809615 -0.01123351 -0.04268568
-0.121652 -0.009214938 -0.04266509
0.1208576 0.01500821 -0.04266509
-0.1235607 0.01904535 -0.04266509
0.1329095 0.03115696 -0.04266509
0.1339305 0.03721273 -0.04266509
-0.111383 0.04629642 -0.04266509
-0.1179721 0.05437082 -0.04266509
0.1258343 0.0725382 -0.04266509
0.1080501 0.09373343 -0.04266509
0.1106718 0.1045006 -0.04290732
-0.1123018 0.1421797 -0.04266509
0.1199626 0.1445455 -0.04370144
0.1199343 0.1456194 -0.04328965
0.1199578 0.1465964 -0.04250199
0.1203861 0.1463259 -0.04272848
0.1132932 0.1497575 -0.04293316
-0.1122316 0.1522727 -0.04266509
-0.07349675 0.155127 -0.04306639
-0.1055884 0.1916353 -0.04266509
-0.1101084 0.2804535 -0.04266509
0.1390888 0.2865093 -0.04310152
0.06641936 0.2962389 -0.04266509
-0.1069525 0.3016487 -0.04266509
-0.03943497 0.314382 -0.04292186
-0.04517262 0.3210272 -0.04179265
-0.05076656 0.3330258 -0.04318145
0.007880107 0.3843627 -0.04266509
-0.0003254106 0.3945041 -0.04266509
-0.08699388 0.4162363 -0.04266509
0.06303701 0.421836 -0.04356579
-0.08194739 0.4227645 -0.04307326
-0.05974285 0.4250575 -0.04266509
0.04041332 0.427811 -0.04266509
-0.08136968 0.4298295 -0.04266509
-0.06680793 0.4318481 -0.04283667
-0.06685032 0.4318481 -0.04266509
-0.06670659 0.4318481 -0.04266509
-0.06579863 0.4314323 -0.04266509
-0.06478933 0.4318481 -0.04321092
-0.06680793 0.4328575 -0.04299049
-0.06680793 0.43314 -0.04266509
0.1037634 0.4346863 -0.04266509
-0.07387301 0.4349971 -0.04266509
-0.1606726 -0.3150321 -0.04261019
0.1249586 -0.2413534 -0.04171877
0.01910846 -0.2377575 -0.04068848
-0.04907376 -0.2064886 -0.04325937
0.01128878 -0.2040994 -0.0439796
-0.07484719 -0.2031152 -0.04208172
0.01721118 -0.1999746 -0.04100177
0.01431243 -0.1987715 -0.04092304
0.01669397 -0.1987421 -0.04069575
0.00369551 -0.19644 -0.04217418
0.1213663 -0.1727583 -0.04278379
0.1234451 -0.1707026 -0.04165579
0.1047654 -0.1684797 -0.0428177
0.1248456 -0.1666654 -0.04165579
0.06150328 -0.163067 -0.04214551
-0.1071798 -0.1026678 -0.04165579
-0.1132356 -0.06977281 -0.04220082
-0.1203007 -0.06472632 -0.04259808
-0.127564 -0.05483115 -0.04229852
-0.09405897 -0.05261475 -0.04166751
-0.1102077 -0.04353106 -0.04237442
-0.09405897 -0.03444737 -0.04228076
-0.12131 -0.02940089 -0.04181688
-0.1196104 -0.02341378 -0.0417975
-0.09304967 -0.01224285 -0.04194647
-0.1212446 -0.001140535 -0.04165579
-0.1152542 0.01601756 -0.04228964
0.133033 0.01601756 -0.04188067
0.1370702 0.03760839 -0.04165579
0.1411074 0.03725314 -0.04165579
-0.1207202 0.06042659 -0.04165579
0.1108285 0.08760899 -0.04165579
-0.07791021 0.09373343 -0.04167558
-0.08228572 0.1012668 -0.04282577
0.1048094 0.1048357 -0.04165579
0.1153812 0.105312 -0.04304338
-0.08796401 0.125389 -0.04151893
-0.05572059 0.1310774 -0.04165579
0.1169856 0.1470405 -0.04236877
0.1183126 0.1464712 -0.04233444
0.120183 0.1461241 -0.04268205
0.1340145 0.1775051 -0.04165579
-0.1114536 0.1855795 -0.04165579
-0.1041519 0.2713698 -0.04186048
-0.1091326 0.275407 -0.04165579
0.1400395 0.2784349 -0.04165579
-0.01028726 0.2834814 -0.04259606
0.1395591 0.2915557 -0.04165579
0.07100884 0.3003972 -0.04284758
0.05935428 0.3036673 -0.04165701
0.1370702 0.3036633 -0.04165579
-0.0799506 0.3904669 -0.04165579
-0.005086025 0.4015692 -0.04165579
-0.01735234 0.415437 -0.04165579
0.08559602 0.4156994 -0.04166064
-0.02845461 0.4225626 -0.04165579
-0.06277074 0.4275485 -0.04165579
-0.06584062 0.4328575 -0.04165579
-0.06525321 0.4328575 -0.04165579
-0.06579863 0.432918 -0.04165579
0.1148656 0.4330068 -0.04165579
0.003842908 0.4371086 -0.04165579
0.08796988 -0.3316791 -0.0408423
0.1209214 -0.3301716 -0.04081646
-0.1148101 -0.3254812 -0.04062631
-0.1128081 -0.3170317 -0.0407987
0.08559602 -0.316058 -0.0406465
0.1340423 -0.3161415 -0.0406465
-0.158654 -0.2726417 -0.04065457
-0.01268676 -0.2413857 -0.04108494
-0.0523786 -0.2065629 -0.04076842
-0.03185591 -0.200034 -0.04052942
0.008111111 -0.1987497 -0.04007725
0.009956381 -0.1988939 -0.03978496
0.0502706 -0.1958107 -0.0406465
-0.1036009 -0.1061075 -0.0406465
-0.12131 -0.09628907 -0.0406465
-0.1203007 -0.07380998 -0.04131869
-0.09506826 -0.06068912 -0.04066749
-0.1071798 -0.04655898 -0.04065215
-0.09708686 -0.03545672 -0.04114226
-0.1041519 -0.02738231 -0.04158878
-0.09405897 -0.02738231 -0.04161825
0.1279865 0.01664323 -0.0406465
0.1288985 0.06244516 -0.0406465
0.119034 0.0729177 -0.04082696
-0.07084512 0.09444797 -0.0406465
0.1011594 0.1139193 -0.0406465
-0.1081891 0.1179565 -0.0407002
-0.05603348 0.1240124 -0.0406465
-0.05621555 0.1361239 -0.0406465
0.1015542 0.1462169 -0.0406465
0.1175395 0.1468952 -0.04131142
0.1067913 0.1492125 -0.0406465
0.1303289 0.1532133 -0.04187784
-0.1103842 0.1593378 -0.0406465
-0.1114601 0.1825516 -0.0406465
-0.1057256 0.1946632 -0.0406465
0.1432645 0.2027375 -0.0406465
0.1379095 0.217877 -0.0406465
-0.1021333 0.22797 -0.0408209
0.138681 0.2360444 -0.0406465
0.1390888 0.275407 -0.04066103
-0.0001942823 0.2996301 -0.04090124
0.02402886 0.3167882 -0.04089035
-0.07371516 0.3543422 -0.04046119
-0.07398525 0.3548266 -0.0398322
0.0280604 0.3837087 -0.04066265
0.008889405 0.3840559 -0.0406465
-0.05405727 0.4117551 -0.04090528
0.1219307 0.4126554 -0.0406465
-0.0493386 0.4142864 -0.03989155
0.1145217 0.4167086 -0.0406465
-0.1021333 0.4250253 -0.0406465
0.07898875 0.4308388 -0.0406465
-0.06478933 0.4318481 -0.04158111
-0.06680793 0.4328575 -0.04068244
-0.06579863 0.4328575 -0.04149673
0.1138563 0.4349649 -0.0406465
0.08853711 -0.3330917 -0.03974944
0.09175798 -0.3282035 -0.03922218
0.08862391 -0.3174201 -0.0396372
-0.1626734 -0.2766788 -0.0396372
0.1219307 -0.2665859 -0.03974257
0.01715991 -0.2400393 -0.03993515
0.01923248 -0.2390591 -0.03890687
0.05719438 -0.2400841 -0.04025933
0.0512799 -0.2090559 -0.0398863
-0.03924724 -0.2063929 -0.04037479
-0.02476685 -0.2027712 -0.04022098
-0.06402106 -0.2008015 -0.0392141
-0.04253149 -0.1986714 -0.03964084
0.01645481 -0.1975317 -0.03871955
-0.02158405 -0.1941829 -0.03964366
0.1223772 -0.1724967 -0.04193436
0.09248871 -0.1609721 -0.03942121
0.09320492 -0.1609265 -0.03916606
0.09526145 -0.1611772 -0.03934854
0.08481967 -0.1600831 -0.03957422
-0.1303937 -0.09500527 -0.03977648
-0.1263565 -0.08188438 -0.03985158
-0.09809615 -0.06674489 -0.03976236
-0.1261131 -0.05624419 -0.04178822
-0.1160156 0.01399893 -0.0396372
0.1259679 0.01609015 -0.0396372
0.1249586 0.06749171 -0.04057827
0.1158749 0.07416922 -0.0396372
-0.1102077 0.0997892 -0.04008694
0.1130223 0.1064304 -0.04225209
-0.05948325 0.1079161 -0.04029203
-0.0858885 0.1152759 -0.04078054
-0.05772425 0.1159379 -0.04057504
0.1118378 0.1481426 -0.0396372
0.116875 0.149806 -0.04003526
0.1234822 0.1567782 -0.03871349
-0.1051612 0.1664029 -0.03984552
0.1360205 0.1684214 -0.0396372
-0.1051612 0.1776262 -0.0396372
-0.1120624 0.2128305 -0.0396372
-0.1081891 0.2211956 -0.0396372
-0.1081891 0.275407 -0.04064407
-0.1061705 0.2966022 -0.04003244
0.04522415 0.3157789 -0.04043496
0.08513255 0.3255731 -0.03897469
-0.07395496 0.354645 -0.03945028
-0.0738932 0.354435 -0.03939094
-0.07392469 0.3544067 -0.03902315
-0.07392267 0.3544834 -0.03931423
0.01797308 0.3824006 -0.0396372
-0.1104439 0.3945041 -0.0396372
-0.008268664 0.4064623 -0.0396372
-0.1116732 0.4116622 -0.0396372
-0.110211 0.4187273 -0.0396372
-0.09304967 0.4217551 -0.0396703
-0.01432445 0.4225626 -0.0396372
0.0532985 0.4227523 -0.0396372
0.05733568 0.4255179 -0.0396372
0.1168156 0.4288203 -0.0396372
-0.06614624 0.4318481 -0.0396372
-0.08194739 0.4328575 -0.04064529
-0.06579863 0.4327484 -0.0396372
-0.06579863 0.4328575 -0.04007847
-0.06663837 0.4338667 -0.0396372
-0.07891951 0.4355502 -0.0396372
-0.1142449 -0.333208 -0.0386279
-0.1122263 -0.3321902 -0.039246
0.139088 -0.3079671 -0.0386279
-0.1667518 -0.2827346 -0.0386279
0.1387904 -0.2827346 -0.0386279
0.1303305 -0.2716323 -0.0386279
-0.06548736 -0.2393053 -0.03590966
-0.06548535 -0.2393057 -0.03591814
-0.05344402 -0.2388459 -0.03843331
-0.04260174 -0.1987041 -0.03896339
-0.02673187 -0.1935817 -0.03808127
0.1128471 -0.1666993 -0.0386279
0.1189028 -0.1659686 -0.0386279
0.05891746 -0.1662229 -0.03870986
0.09096225 -0.1608337 -0.03936307
0.09287386 -0.1608773 -0.03908128
0.09288073 -0.1607202 -0.03875871
0.09287709 -0.1606802 -0.03879101
0.09318472 -0.1607667 -0.038768
0.1172456 -0.1596003 -0.0386279
-0.1089768 -0.158591 -0.0386279
-0.1031237 -0.1283121 -0.0386279
-0.102359 -0.1101447 -0.0386279
-0.1071669 -0.1000517 -0.0386279
-0.118467 -0.06573561 -0.0386279
-0.09809615 -0.05665195 -0.03946118
0.1150356 -0.02637303 -0.0386279
-0.112341 -0.02106005 -0.03955403
-0.1116232 -0.01468533 -0.03854756
-0.1187533 -0.01295745 -0.03874619
0.12294 0.01452374 -0.0386279
0.1435786 0.03721273 -0.0386279
0.138889 0.04831499 -0.0386279
0.1094942 0.09171486 -0.0386279
-0.07700547 0.09607095 -0.0394963
-0.07387301 0.09575206 -0.03907845
-0.0674345 0.09858614 -0.03927829
-0.1031426 0.1007985 -0.03908491
0.1047468 0.105845 -0.0386279
-0.1001148 0.1149287 -0.03922945
0.09958851 0.1219937 -0.0386279
-0.08879689 0.1272259 -0.03975146
-0.1061705 0.133096 -0.03958633
-0.1041519 0.133096 -0.03899045
-0.1001148 0.1341053 -0.03879101
0.1003564 0.143189 -0.0386279
-0.1114266 0.1502541 -0.0386279
-0.1120774 0.1563099 -0.0386279
0.1411458 0.1926446 -0.0386279
-0.1122376 0.2057654 -0.0386279
0.1441066 0.2098026 -0.0386279
-0.1026364 0.2733884 -0.0386279
-0.01937094 0.2857947 -0.0386279
0.1411074 0.2940467 -0.0386279
0.06137288 0.3054194 -0.0386279
0.1390399 0.3258719 -0.0386279
-0.1053926 0.3490857 -0.0386279
-0.07390208 0.3542695 -0.03859197
-0.07389926 0.3542776 -0.03868765
-0.07389562 0.3542614 -0.03863598
-0.1081891 0.3773461 -0.0388229
0.01292659 0.3822755 -0.0386279
0.007880107 0.3864297 -0.0390946
0.005573273 0.3894576 -0.0386279
0.133033 0.4158608 -0.0386279
0.1390888 0.4163009 -0.0386279
-0.08800318 0.4217551 -0.03954798
-0.08699388 0.4288203 -0.03903244
-0.06680793 0.4328575 -0.03915234
-0.06684023 0.4328575 -0.0386279
-0.1525982 -0.3238385 -0.0376186
-0.1677611 -0.3039299 -0.0376186
0.1419007 -0.2958555 -0.0376186
0.1411074 -0.2877811 -0.03812971
-0.1526148 -0.253465 -0.0376186
0.06002728 -0.2406049 -0.03856412
0.06446052 -0.2412279 -0.03764647
-0.0655132 -0.2392989 -0.03579501
-0.06550392 -0.2393013 -0.03583619
-0.0655346 -0.2392932 -0.03570094
-0.05703995 -0.2087462 -0.03746115
0.01123362 -0.2010432 -0.04109503
-0.06197299 -0.2013412 -0.03792664
-0.0261602 -0.2001317 -0.03812931
0.1219307 -0.1676827 -0.0376186
0.124326 -0.1676747 -0.0376186
0.1056883 -0.163155 -0.03684912
0.1249586 -0.1626282 -0.03840505
0.09325498 -0.1608938 -0.03890607
0.06429297 -0.1608296 -0.03747528
0.09266514 -0.1604889 -0.03841959
-0.1023061 -0.1151912 -0.0376186
-0.116381 -0.05530757 -0.0381826
-0.1203007 -0.01048666 -0.0376186
0.1370702 0.03620344 -0.03859722
0.1441373 0.04225922 -0.0376186
0.1320237 0.05437082 -0.0376186
0.1199121 0.06547308 -0.03828999
-0.1102077 0.09171486 -0.03836468
-0.08074754 0.1007339 -0.03866061
-0.05676945 0.1094623 -0.03633397
-0.08630513 0.1097772 -0.03852576
-0.0542454 0.1199389 -0.0374115
-0.08974523 0.1302054 -0.03876881
-0.05368706 0.133096 -0.03837194
-0.08317389 0.1478035 -0.03802515
-0.06000365 0.1485463 -0.03777605
-0.06189668 0.1508355 -0.03711557
0.1296757 0.160347 -0.0376186
-0.1041519 0.1709406 -0.0376186
-0.1037329 0.1734679 -0.0376186
0.1351117 0.1815423 -0.0376186
-0.1012597 0.2269607 -0.0376186
-0.1058403 0.3016487 -0.0376186
0.0695385 0.3024319 -0.03788546
0.0005414952 0.3046766 -0.0376186
0.006870805 0.3107324 -0.03776354
0.0827716 0.3230943 -0.03795128
0.142004 0.350095 -0.0376186
-0.07388109 0.3541565 -0.03798559
-0.07381447 0.3540232 -0.03793512
0.1189028 0.413927 -0.0376186
0.08559602 0.4166723 -0.0376186
0.04320551 0.4224657 -0.0376186
-0.06680793 0.4328575 -0.03823145
-0.06579863 0.4324577 -0.0376186
-0.06579863 0.4334993 -0.0376186
-0.06983583 0.4359136 -0.0376186
0.01797308 0.438893 -0.0376186
-0.1142449 -0.3311809 -0.0367393
0.09247297 -0.3296795 -0.03707036
0.08932275 -0.3318378 -0.03756613
0.0916518 -0.3210879 -0.03742159
-0.1132356 -0.3143898 -0.03660931
-0.02542672 -0.3137689 -0.03660931
-0.166273 -0.3089764 -0.03660931
-0.0655782 -0.2392819 -0.03550716
-0.06564078 -0.2392637 -0.03523101
-0.06566621 -0.2392569 -0.03511999
-0.06553662 -0.2392928 -0.03569166
-0.06561656 -0.2392702 -0.035338
-0.06036619 -0.2086994 -0.03585637
-0.04868781 -0.20689 -0.03563151
-0.0415234 -0.1985257 -0.03688788
-0.1182821 -0.1861008 -0.03660931
-0.1142449 -0.1810337 -0.03660931
0.05750525 -0.1691042 -0.03701868
0.08934213 -0.1579337 -0.03541389
0.1077453 -0.1434515 -0.03660931
-0.1060825 -0.1414329 -0.03660931
-0.1113971 -0.09803316 -0.03660931
-0.130879 -0.09096807 -0.03660931
-0.1243379 -0.08390298 -0.03757582
-0.1152542 -0.08289367 -0.03755845
-0.1152542 -0.07179141 -0.03722942
-0.1155526 -0.06210214 -0.03678089
-0.1103272 -0.03701097 -0.03706834
-0.1035653 -0.01476204 -0.0365326
0.1378583 0.02005464 -0.03660931
0.1185964 0.06547308 -0.03660931
-0.1122263 0.08364046 -0.03752495
-0.07758521 0.09767771 -0.03687092
-0.05375811 0.1149287 -0.03660931
-0.08744605 0.137973 -0.03795248
-0.05469636 0.1392083 -0.03660931
-0.09910545 0.1441983 -0.03660931
0.1078006 0.14916 -0.03660931
-0.08179196 0.1502621 -0.03675506
0.1143513 0.153282 -0.03660931
-0.07179951 0.1546667 -0.03644944
-0.1116179 0.1573192 -0.03660931
-0.1089824 0.1653935 -0.03660931
0.1370702 0.1855795 -0.03759317
0.1418107 0.1987004 -0.03660931
0.1426665 0.2108119 -0.03660931
-0.102183 0.2219142 -0.03660931
0.1373132 0.2612768 -0.03660931
-0.1081891 0.2834814 -0.0376182
-0.01129656 0.2865093 -0.03715554
-0.1066086 0.3066952 -0.03660931
-0.1029299 0.3137603 -0.03660931
0.0492613 0.3167882 -0.03705946
0.02907535 0.3222708 -0.03660931
0.1458374 0.3834018 -0.03660931
0.108017 0.4010847 -0.03471021
-0.07319961 0.4053884 -0.03666058
0.05147893 0.4126877 -0.03687455
-0.09607756 0.4295752 -0.03660931
-0.04349679 0.4308388 -0.03660931
0.07752164 0.4356633 -0.03660931
0.1088099 0.4357561 -0.03660931
0.03412184 0.4363133 -0.03660931
-0.1152542 -0.3160414 -0.03639977
-0.1556023 -0.2494278 -0.03560001
-0.06575624 -0.2392258 -0.03472232
-0.06574777 -0.2392282 -0.03476108
-0.06575624 -0.2392262 -0.03472232
-0.05082469 -0.2105295 -0.03359393
-0.04984446 -0.2084895 -0.03426531
-0.02323566 -0.2013077 -0.0371838
0.1249207 -0.1676747 -0.03560001
0.1138563 -0.1648797 -0.03560001
0.1270051 -0.1616189 -0.03560001
0.1209214 -0.158591 -0.03566541
-0.1223193 -0.08894947 -0.03566137
-0.1263565 -0.08794016 -0.03595972
-0.1081891 -0.08491227 -0.03635618
-0.104768 -0.08289367 -0.03560001
-0.1102077 -0.0768379 -0.03586607
-0.09449216 -0.02090663 -0.03532709
-0.09348004 -0.01766884 -0.03483981
-0.09663954 -0.01259005 -0.03462906
-0.1080228 -0.01186335 -0.03556126
-0.1188251 0.002896667 -0.03560001
-0.1152542 0.04566664 -0.03560001
0.1239493 0.05745119 -0.03560001
-0.0809381 0.09373343 -0.03564361
-0.08006041 0.09701163 -0.035946
-0.08598459 0.1018078 -0.03632186
-0.08461113 0.146879 -0.03665291
-0.05895882 0.1473877 -0.03582044
-0.06769934 0.1538593 -0.03648698
-0.1122251 0.2128305 -0.03560001
-0.1051612 0.2180102 -0.03560001
0.1360609 0.2764163 -0.03588504
0.1432035 0.3016487 -0.03560001
-0.0373978 0.3032151 -0.03592581
0.07243316 0.3040711 -0.03622053
-0.1037934 0.3117417 -0.03560001
0.04320551 0.3212655 -0.03560001
0.1479722 0.3965227 -0.03560001
0.1219307 0.4136565 -0.03560001
-0.02736559 0.4227645 -0.03560001
-0.0642645 0.4298295 -0.03560001
-0.08961725 0.4328575 -0.03560001
0.1175379 0.4328575 -0.03560001
-0.02744532 0.4355301 -0.03560001
-0.1223193 -0.3334203 -0.03459071
-0.1566354 -0.3223588 -0.03459071
-0.1551493 -0.2423627 -0.03459071
-0.06588423 -0.2391753 -0.03416439
-0.06588503 -0.2391749 -0.03415874
-0.06588584 -0.2391753 -0.03415429
0.06148834 -0.2389638 -0.03506993
-0.06808368 -0.2381277 -0.03487453
0.02058655 -0.2368148 -0.03464198
0.06036358 -0.2241933 -0.03459071
-0.1091504 -0.2103607 -0.03481276
-0.09297902 -0.206313 -0.03459879
0.1199121 -0.1646468 -0.03479701
0.1169008 -0.1535445 -0.03459071
-0.1324123 -0.09803316 -0.03531095
-0.1346993 -0.09399596 -0.03459071
-0.1024822 -0.0728007 -0.03459071
-0.1122263 -0.06775421 -0.03525968
-0.09607756 -0.05217063 -0.03459071
-0.1104883 -0.04590493 -0.03562908
-0.1008637 -0.04554969 -0.03459071
-0.09436781 -0.04454035 -0.03459071
-0.0961252 -0.02934843 -0.03408647
-0.12131 -0.009602487 -0.03459071
0.1199351 -0.0001312494 -0.03459071
-0.1192914 0.01399893 -0.03525645
-0.1229535 0.01500821 -0.03459071
0.1370702 0.02812904 -0.03481195
0.1379132 0.03317553 -0.03459071
0.1390888 0.04674453 -0.03459071
-0.1205316 0.06042659 -0.03459071
-0.1011241 0.08767766 -0.03533679
-0.09204037 0.08969623 -0.03473524
-0.07185441 0.09794021 -0.03459071
-0.05974285 0.1053202 -0.03459071
0.100658 0.133096 -0.03459071
-0.1021333 0.1502541 -0.03492499
-0.07775801 0.1540127 -0.03538726
0.1336136 0.1684214 -0.03459071
0.1390888 0.2118212 -0.03479096
-0.102399 0.2370537 -0.03459071
0.1381429 0.2370537 -0.03459071
0.1379636 0.2491652 -0.03459071
-0.1024422 0.2632954 -0.03459071
0.1390504 0.3036673 -0.03459071
0.1371647 0.3117417 -0.03459071
-0.06331616 0.336954 -0.03409696
0.1138563 0.3664941 -0.03459071
-0.0809385 0.3773461 -0.03459071
0.01436556 0.3813833 -0.03459071
0.1148656 0.3842335 -0.03459071
0.0460766 0.4063977 -0.03430649
0.04638961 0.4068135 -0.03352772
0.04869993 0.4096637 -0.03551805
-0.06513411 0.4098334 -0.03486242
0.1467146 0.4126714 -0.03459071
-0.02239883 0.4202089 -0.03459071
0.1370702 0.419995 -0.03459071
-0.06277074 0.4273143 -0.03459071
0.1189299 0.427811 -0.03459071
0.07975905 0.4308388 -0.03459071
-0.06576472 0.4338667 -0.03459071
-0.06680793 0.4349083 -0.03459071
0.09454364 -0.3283355 -0.03303356
0.1340423 -0.3190693 -0.03410464
0.1421316 -0.3029206 -0.03358141
-0.1501033 -0.2564929 -0.03358141
-0.06603844 -0.2391067 -0.03350471
-0.06603723 -0.2391039 -0.03350229
-0.03769171 -0.2398055 -0.03508607
-0.06603279 -0.2391063 -0.03351076
-0.1410721 -0.2130361 -0.03324956
-0.05188809 -0.2110365 -0.03277761
-0.05380252 -0.2064995 -0.03399603
-0.04206681 -0.2055387 -0.03390722
-0.0332403 -0.1979112 -0.0332544
-0.1334216 -0.1969443 -0.03381921
0.01280491 -0.1965555 -0.03312521
0.06111772 -0.1668309 -0.03294314
0.125951 -0.1646468 -0.03358141
0.07923663 -0.1571057 -0.03390964
0.1011695 -0.1162005 -0.03358141
-0.1050623 -0.1071168 -0.03358141
-0.1081891 -0.1000517 -0.034535
-0.1274417 -0.08932492 -0.03408404
-0.1059602 -0.08693087 -0.03358141
-0.1020841 -0.0788565 -0.03358141
-0.09809414 -0.06068912 -0.03358141
-0.09708686 -0.03949386 -0.03417812
-0.09903359 -0.01032519 -0.03282807
0.1371966 0.01702678 -0.03358141
-0.1192014 0.02611047 -0.03358141
-0.1160722 0.03014767 -0.03358141
0.1279865 0.05260253 -0.03358141
0.1224968 0.05739868 -0.03358141
-0.1142449 0.07354748 -0.03379337
-0.08699388 0.08464974 -0.03366095
-0.05388528 0.1149287 -0.03358141
-0.05267776 0.129289 -0.03358141
0.1069055 0.1482355 -0.03358141
-0.0809381 0.1542913 -0.03373483
-0.1051612 0.1573192 -0.03360403
0.1433012 0.2077841 -0.03358141
-0.1091984 0.2147967 -0.03358141
0.137591 0.2289793 -0.03358141
-0.1021063 0.2521932 -0.03358141
-0.1017454 0.2764163 -0.03358141
0.1355232 0.2804535 -0.03358141
0.010908 0.3167882 -0.03405942
0.1386604 0.3319277 -0.03358141
0.02779173 0.3814156 -0.03373563
0.03157675 0.3842133 -0.03368154
-0.008268664 0.4049322 -0.03358141
0.04534402 0.4053198 -0.03360604
0.04566751 0.4057679 -0.03311189
0.04613773 0.4064583 -0.03331576
0.04627483 0.4066117 -0.03330204
0.1474357 0.4086343 -0.03358141
0.0926611 0.412191 -0.03358141
0.1421167 0.4177179 -0.03458304
0.1189028 0.4187273 -0.03393386
0.07550304 0.4206005 -0.03358141
-0.03650074 0.4221185 -0.03418578
0.0926611 0.4227443 -0.03358141
-0.1031426 0.4260306 -0.03358141
-0.04964987 0.4267815 -0.03358141
-0.1161715 -0.3321902 -0.03257212
-0.1161028 -0.3301716 -0.03257212
0.09162596 -0.3326085 -0.03290034
-0.1196879 -0.3268264 -0.032233
0.1297221 -0.2504371 -0.03257212
0.1279865 -0.2407377 -0.03257212
-0.06623546 -0.239005 -0.03267305
-0.06615067 -0.239047 -0.03298876
-0.06623021 -0.2389912 -0.03265932
-0.05173306 -0.2378661 -0.03348856
-0.05075202 -0.2360376 -0.03232787
-0.124046 -0.1898792 -0.03257212
0.1118378 -0.1451552 -0.03257212
-0.1349698 -0.09904242 -0.03257212
-0.1142449 -0.09096807 -0.03343729
-0.0958426 -0.03949386 -0.03257212
0.1189028 -0.01426142 -0.03258221
-0.1232579 -0.008932352 -0.03320111
-0.1253472 -0.007196307 -0.03265367
-0.1185954 0.005924523 -0.03257212
-0.1203007 0.0473057 -0.03267386
0.1181535 0.06648237 -0.03257212
-0.1051612 0.07757252 -0.03257212
-0.08167852 0.08969623 -0.03257212
-0.07589161 0.09657562 -0.03257212
-0.06983583 0.09918362 -0.03257212
0.1038211 0.1381425 -0.03257212
0.11325 0.1542913 -0.03257212
0.1347936 0.2390723 -0.03257212
0.1349095 0.275407 -0.03257212
-0.1019141 0.2834814 -0.03257212
0.143306 0.2955929 -0.03257212
-0.03884877 0.3053831 -0.03181797
-0.1018798 0.3339463 -0.03257212
-0.1031426 0.3591787 -0.0329177
0.01689971 0.3808826 -0.03264318
-0.1061705 0.3914762 -0.03352287
0.03604459 0.3921625 -0.03147238
0.1095798 0.398941 -0.03226449
0.04551511 0.4055055 -0.03277882
0.04555823 0.4055458 -0.03271342
0.04559812 0.4055902 -0.03254911
0.0456349 0.4056751 -0.03269687
0.04639146 0.406652 -0.03263106
0.04634645 0.4066036 -0.03268678
0.04637774 0.4066197 -0.03258504
0.1209214 0.4167086 -0.03339247
0.1259679 0.4167086 -0.03355598
0.08357742 0.4174717 -0.03257212
-0.1084528 0.4187273 -0.03257212
-0.08797412 0.4186506 -0.03223501
-0.1062545 0.4227645 -0.03257212
-0.09239524 0.4227645 -0.03257212
-0.05267776 0.4257843 -0.03257212
0.07550304 0.4358853 -0.03356285
0.02806605 0.4368947 -0.03354669
0.01393588 0.4390303 -0.03257212
0.1265775 -0.3291623 -0.03156282
0.1250854 -0.2665859 -0.03156282
0.1249586 -0.2564929 -0.03156322
-0.1547282 -0.253465 -0.03156282
0.001971025 -0.2407559 -0.03139528
-0.06654026 -0.2388818 -0.0317893
-0.06623828 -0.2389908 -0.03254022
0.1249288 -0.2403328 -0.03141506
-0.0665007 -0.2387769 -0.03168475
-0.05267776 -0.2319791 -0.03156282
-0.04460338 -0.2292418 -0.03168878
-0.1405161 -0.2141589 -0.03186722
-0.06239367 -0.208678 -0.03221321
-0.1425053 -0.2090559 -0.03212924
-0.1394774 -0.2040094 -0.03225722
-0.020954 -0.2016101 -0.03047278
0.006650334 -0.19943 -0.03236057
-0.06445748 -0.2011397 -0.03241305
0.02458309 -0.1981498 -0.03154788
0.09557636 -0.1566168 -0.03180788
-0.1020175 -0.07986578 -0.03156282
-0.09335811 -0.02748328 -0.03173763
0.1229457 0.01298964 -0.03156282
0.1351267 0.01601756 -0.03156282
-0.1250686 0.02106398 -0.03156282
-0.1122263 0.07354748 -0.03201741
0.1158745 0.07657534 -0.03156282
-0.06176144 0.1046782 -0.03156282
-0.05671496 0.1108915 -0.03207635
-0.05450742 0.1391518 -0.03156282
-0.05798021 0.1472262 -0.03156282
0.1279865 0.167941 -0.03156282
0.133874 0.1734679 -0.03156282
-0.1111048 0.190626 -0.03156282
0.1410634 0.1916353 -0.03156282
-0.1099619 0.1997097 -0.03156282
-0.1029872 0.2158584 -0.03156282
-0.1010272 0.2542117 -0.03156282
-0.03305823 0.2939619 -0.03165891
0.1360609 0.2930495 -0.03156282
0.1411074 0.2940508 -0.03156282
-0.03891014 0.3052014 -0.03120311
-0.03898603 0.305367 -0.03087004
-0.03911361 0.3059322 -0.03116435
-0.03905466 0.3056052 -0.03093463
0.07618412 0.3081284 -0.03206827
0.1380795 0.3070384 -0.03156282
-0.1030405 0.312751 -0.03156282
0.01797308 0.322844 -0.03204001
0.03614043 0.3258719 -0.03256243
-0.08085614 0.3894576 -0.03156282
0.1096758 0.3985252 -0.03172632
0.1093638 0.399151 -0.03170009
0.109562 0.3989773 -0.0313751
0.1095075 0.399151 -0.03093988
0.109478 0.3991671 -0.0312778
-0.07456822 0.4032285 -0.03126447
0.04573865 0.4055135 -0.03188297
0.04570091 0.4056588 -0.03231737
0.04639635 0.4065713 -0.03228628
0.04653955 0.4066237 -0.03196129
0.04666789 0.4068216 -0.03203396
-0.1081891 0.4106529 -0.03242355
0.08862391 0.421735 -0.03156282
-0.09002178 0.4247831 -0.03235936
-0.06680793 0.4348195 -0.03156282
-0.1657074 -0.2766788 -0.03055352
0.1340758 -0.2726417 -0.03055352
0.1286942 -0.253465 -0.03055352
-0.06667349 -0.2388168 -0.03092131
-0.06701382 -0.2387696 -0.03131493
-0.06752251 -0.2386037 -0.03173844
-0.06672274 -0.2385722 -0.03189386
-0.06566339 -0.2385904 -0.03128708
-0.04001753 -0.2386069 -0.03048045
-0.02667696 -0.2003799 -0.03119544
-0.01590626 -0.1977949 -0.03321282
-0.06801182 -0.1999068 -0.02980866
-0.03840347 -0.1984341 -0.0308232
-0.03844303 -0.1983642 -0.03058622
-0.01181352 -0.1949241 -0.03005493
0.1038199 -0.1589681 -0.03065566
-0.136013 -0.09803316 -0.03055352
-0.09542879 -0.04151249 -0.03055352
-0.1258147 -0.001140535 -0.03055352
0.143153 0.04225922 -0.03055352
-0.1216419 0.04831499 -0.03055352
-0.09103107 0.07463747 -0.03055352
-0.07891951 0.09376574 -0.03055352
-0.05496968 0.1169472 -0.03055352
-0.09708686 0.1593378 -0.0307574
-0.06983583 0.1584092 -0.03055352
0.1157506 0.1593378 -0.03055352
0.1236663 0.1674122 -0.03055352
0.1373455 0.2188863 -0.03055352
-0.102225 0.2330165 -0.03055352
-0.09809615 0.2550717 -0.03055352
0.1365462 0.2602676 -0.03055352
0.1343455 0.2895372 -0.03055352
-0.036204 0.2986975 -0.02914454
-0.03893799 0.3044748 -0.03018372
-0.03899209 0.3050077 -0.03037387
-0.03898684 0.3049673 -0.03024872
-0.03898523 0.304826 -0.03026648
-0.03917417 0.3056698 -0.03045381
0.1405648 0.360188 -0.03055352
0.1441353 0.3864297 -0.03067423
0.005646943 0.3896756 -0.0306815
0.1134159 0.3900794 -0.03047278
0.1094154 0.3992236 -0.03029837
0.109411 0.3992317 -0.0302899
0.1094138 0.3992559 -0.03028182
0.04550147 0.405126 -0.03182039
0.04560418 0.4054611 -0.03214458
-0.08497529 0.4187273 -0.0306052
0.133033 0.4224253 -0.03055352
0.1300051 0.4236809 -0.03055352
-0.08699388 0.4257923 -0.03101215
-0.01836164 0.4256228 -0.03055352
0.1209214 0.4257923 -0.03150509
0.1189028 0.4302655 -0.03055352
-0.09506826 0.4318562 -0.03055352
0.1007355 -0.3376594 -0.02954423
-0.1515889 -0.2645673 -0.02968795
0.1310277 -0.2463999 -0.02954423
-0.0460608 -0.2374103 -0.03230929
-0.04224889 -0.2356901 -0.03004484
-0.05166847 -0.223186 -0.02963506
-0.143949 -0.2118076 -0.02892856
-0.01735263 -0.1951514 -0.03008278
-0.02539342 -0.193216 -0.02953091
-0.1172728 -0.1777455 -0.02954423
0.1289958 -0.1515259 -0.03041586
-0.09304967 -0.01930791 -0.03054989
-0.1135663 -0.009473324 -0.02994189
-0.1017038 -0.008161187 -0.02873961
-0.124589 0.01500821 -0.02954423
-0.1159082 0.04124993 -0.02954423
-0.1217416 0.05336148 -0.02954423
-0.06704088 0.1028171 -0.02954423
-0.06176144 0.1068543 -0.03035368
-0.05458292 0.1240124 -0.02954423
-0.05429748 0.1320867 -0.02954423
-0.09204037 0.1593378 -0.02959066
-0.07488231 0.1613564 -0.02955795
-0.1081891 0.163375 -0.02976505
-0.1080579 0.1694307 -0.02954423
-0.09809615 0.2431418 -0.02954423
-0.09708686 0.2542117 -0.0298341
-0.1006868 0.2905464 -0.02954423
-0.03673126 0.2987258 -0.02915423
-0.03893072 0.303958 -0.02967665
-0.03895535 0.3044708 -0.02983853
0.06742503 0.3066952 -0.02954423
0.07162492 0.3059928 -0.02981472
-0.107108 0.3097231 -0.02954423
-0.05147225 0.3334457 -0.03014416
0.1041231 0.3406803 -0.02978767
-0.100376 0.3470671 -0.02954423
-0.07891951 0.3653758 -0.02954423
-0.08194739 0.3721462 -0.02954423
-0.08295669 0.3793647 -0.0298785
-0.07891951 0.3939874 -0.02954423
0.1452411 0.3985413 -0.02954423
0.1077146 0.4000472 -0.02916796
0.1084586 0.3995022 -0.02944975
0.1092414 0.3993245 -0.02944047
0.1092192 0.3993528 -0.02946913
0.1093169 0.3993124 -0.02951718
-0.09363829 0.4177947 -0.02981673
-0.1049876 0.4187273 -0.02954423
0.07651234 0.4194378 -0.02954423
0.05632639 0.4226312 -0.02954423
-0.12131 -0.3271437 -0.0289003
-0.1717648 -0.2887904 -0.02853493
0.1300051 -0.2412783 -0.02853493
-0.1525982 -0.2392569 -0.02853493
-0.05554982 -0.2372997 -0.03007956
-0.07649315 -0.2387115 -0.02802503
-0.04352343 -0.2201582 -0.02853493
-0.03810027 -0.1984643 -0.02923214
-0.03389393 -0.1968971 -0.02796528
0.09002239 -0.1525917 -0.02874769
0.1178935 -0.1454701 -0.02875253
0.1037634 -0.1283121 -0.02853493
-0.1334216 -0.09116587 -0.02853493
-0.1061705 -0.08894947 -0.0286084
-0.09719546 -0.01059568 -0.02898023
0.133033 0.01592869 -0.02853493
-0.08598459 0.08195698 -0.02853493
0.1078094 0.1098822 -0.02853493
0.1199505 0.1653935 -0.02853493
-0.1103914 0.1966818 -0.02853493
-0.111217 0.2098026 -0.02875253
-0.1041519 0.2119222 -0.02853493
0.1353604 0.2209049 -0.02853493
0.1338433 0.2562304 -0.02853493
-0.09708686 0.264329 -0.02853493
0.1360609 0.2713294 -0.02853493
-0.03656655 0.2980112 -0.02873073
-0.03662952 0.2984634 -0.02870489
-0.03659965 0.2987298 -0.02888899
-0.03703284 0.2991053 -0.02864312
-0.03657341 0.2987258 -0.02883893
-0.03890327 0.3031667 -0.02868955
-0.03895737 0.3039621 -0.02920308
-0.03869294 0.3034453 -0.02925476
-0.03910513 0.3042002 -0.02909852
-0.03900461 0.3042688 -0.02950749
0.1420767 0.3077045 -0.02853493
0.06036358 0.3122383 -0.02853493
0.1162968 0.3763368 -0.02853493
0.02301956 0.3773461 -0.02916392
-0.09935617 0.3834018 -0.02853493
0.03285073 0.383204 -0.028891
0.1098575 0.3975724 -0.02904886
0.1081615 0.399595 -0.02890594
0.108956 0.3994416 -0.02892936
0.1090089 0.3993286 -0.02865967
0.1078833 0.3999342 -0.02838959
0.1085176 0.3996314 -0.02879936
0.1048021 0.4018316 -0.02894349
-0.0900351 0.4164543 -0.02829754
0.1430896 0.4187273 -0.02853493
-0.09705375 0.4199344 -0.02910943
0.0512799 0.4202816 -0.02853493
0.1400981 0.4207458 -0.02853493
-0.1021333 0.4247831 -0.02940534
-0.1001148 0.4247831 -0.02853695
-0.09405897 0.425752 -0.02853493
-0.06379256 0.4298295 -0.02853493
-0.09436741 0.4318481 -0.02853493
-0.08901248 0.434666 -0.02853493
0.1148656 0.4340161 -0.02853493
0.1289857 -0.3311809 -0.02752563
0.0936704 -0.3170507 -0.02823053
-0.0595854 -0.238158 -0.02871458
-0.03869697 -0.2381281 -0.02687766
0.02347879 -0.2353594 -0.02759588
-0.05671496 -0.2322697 -0.02845782
-0.05366404 -0.2111678 -0.02819782
-0.1455663 -0.2100652 -0.02752563
-0.04316735 -0.2055556 -0.0275551
-0.02705981 -0.2002516 -0.02790553
-0.03592544 -0.198342 -0.02840291
-0.02743293 -0.2000792 -0.02748768
-0.003178897 -0.1950848 -0.02765523
-0.02831311 -0.1937291 -0.02745336
0.0586506 -0.18887 -0.02752563
0.06318759 -0.1655273 -0.02788857
0.1249586 -0.1609709 -0.02752563
0.06612869 -0.1597731 -0.0272834
0.0978836 -0.155874 -0.02553327
0.09973305 -0.1560395 -0.02773031
0.131014 -0.1535445 -0.02752563
-0.1354757 -0.1020703 -0.02752563
-0.1104891 -0.1031362 -0.02738756
-0.1257695 -0.09051186 -0.02725957
0.1098228 -0.06270772 -0.02752563
-0.09443806 -0.0324288 -0.02752563
-0.1221146 0.004915237 -0.02752563
0.1223781 0.009961724 -0.02752563
-0.1220767 0.01097101 -0.02752563
-0.1154629 0.03317553 -0.02752563
-0.1149018 0.03721273 -0.02752563
-0.08295669 0.1653935 -0.0275337
0.1234669 0.1694307 -0.02752563
0.1265517 0.1734679 -0.02752563
0.1337726 0.1795237 -0.02752563
-0.1102077 0.186173 -0.02752563
0.1404364 0.1916353 -0.02752563
0.1410291 0.2037469 -0.02752563
-0.1120087 0.2067747 -0.02752563
-0.1022056 0.2229235 -0.02752563
-0.09910545 0.2321364 -0.02752563
-0.1003114 0.2723791 -0.02752563
-0.09904449 0.2855 -0.02752563
-0.01634305 0.2873813 -0.02752563
0.1428644 0.2966022 -0.02752563
-0.09910545 0.2986208 -0.02787242
-0.1001176 0.3016487 -0.02752563
0.1435915 0.3016487 -0.02752563
-0.03881042 0.302767 -0.0283149
-0.03885806 0.3033726 -0.02876383
-0.1060514 0.3056859 -0.02752563
-0.09952573 0.3208254 -0.02752563
0.0512799 0.3208254 -0.02808034
0.08400778 0.3229853 -0.02800081
0.03815907 0.3278905 -0.02852362
-0.09607756 0.3620653 -0.02752563
0.01917547 0.3784846 -0.02724665
0.03210324 0.3793647 -0.02816794
0.1154704 0.3834018 -0.02752563
-0.08598459 0.3864297 -0.02752604
-0.08497529 0.3884483 -0.02759992
0.1076472 0.400027 -0.02816997
0.1091583 0.3992963 -0.02825797
0.1085721 0.3996677 -0.02794872
0.1452964 0.4146901 -0.02752563
-0.1011241 0.4156994 -0.02836052
-0.06075214 0.4261637 -0.02752563
-0.09103107 0.427811 -0.02773354
-0.06378004 0.4276616 -0.02752563
0.08047242 0.427811 -0.02752563
0.1239493 0.42922 -0.02752563
-0.09421641 0.4308388 -0.02752563
0.1017448 0.4309761 -0.02752563
-0.06598637 0.4328575 -0.02752563
0.04017763 0.433899 -0.02752563
-0.06680793 0.4359257 -0.02752563
0.09399055 -0.3357825 -0.0268926
-0.1283751 -0.3323081 -0.02651633
-0.1626973 -0.3190693 -0.02651633
0.1431518 -0.3069578 -0.02651633
-0.1576734 -0.2423627 -0.02651633
0.02184567 -0.2384652 -0.02623978
-0.03961785 -0.2252563 -0.02708033
-0.1410454 -0.2138573 -0.02684011
0.06187955 -0.2110745 -0.02651633
-0.05074072 -0.2099582 -0.02825273
-0.02863003 -0.2003792 -0.02807025
-0.0273701 -0.2001753 -0.02647232
0.02429124 -0.1949233 -0.02655307
0.07737831 -0.1555227 -0.02701129
-0.1092255 -0.1293214 -0.02651633
-0.1081891 -0.1071168 -0.02666773
-0.131403 -0.1050982 -0.02745175
0.1046294 -0.08794016 -0.02651633
0.1402947 0.02106398 -0.02651633
0.1259687 0.0513429 -0.02651633
-0.09607756 0.06441128 -0.02651633
-0.08926965 0.07455677 -0.02651633
-0.05974285 0.1139193 -0.02719821
-0.05873355 0.1179565 -0.02689381
0.1336535 0.2632954 -0.02651633
0.1366366 0.3107324 -0.02651633
-0.1063676 0.312751 -0.02651633
-0.04761795 0.3231993 -0.0291292
0.08666224 0.3249958 -0.02661929
0.02604746 0.3288997 -0.02662251
-0.0688338 0.3443985 -0.02666813
-0.07690091 0.3580281 -0.02651633
0.02301956 0.3733089 -0.02730358
0.03311254 0.380374 -0.02735284
0.1415959 0.3854204 -0.02651633
-0.07891951 0.3965227 -0.02744165
0.1088688 0.3990379 -0.02817804
0.1091793 0.3989692 -0.02767219
0.1091231 0.3990782 -0.02713725
-0.1011241 0.4025785 -0.02708235
0.09197922 0.4104389 -0.02646547
-0.09480666 0.4136808 -0.02651633
0.1199121 0.4136808 -0.02659183
0.1178935 0.4177179 -0.02715058
0.143126 0.4184971 -0.02651633
-0.0809381 0.4197366 -0.02668831
0.0916518 0.4213151 -0.02651633
0.04421481 0.4223204 -0.02651633
0.09669829 0.4227645 -0.02702219
0.08458672 0.423584 -0.02651633
0.09871689 0.4267411 -0.02651633
-0.0809381 0.4288203 -0.02669518
-0.06586969 0.4308388 -0.02651633
0.1055619 0.4338667 -0.02651633
0.1098192 0.4352878 -0.02651633
-0.07286371 0.4372862 -0.02651633
0.09533493 -0.3383094 -0.02477065
-0.1192914 -0.3291623 -0.02599391
-0.12131 -0.3206826 -0.02550703
0.1218229 -0.2414507 -0.0251566
-0.1079736 -0.2406017 -0.02597575
0.01304407 -0.2385996 -0.02527247
-0.05100232 -0.2138642 -0.02664714
-0.05136204 -0.2115876 -0.02688453
-0.04554082 -0.2106792 -0.02589823
-0.0582071 -0.2094342 -0.02524785
-0.06458424 -0.207051 -0.02575451
-0.05842955 -0.2058713 -0.02641176
-0.02578522 -0.2005209 -0.02538511
-0.027115 -0.2002043 -0.02512996
-0.03575305 -0.1986831 -0.02581628
0.05934217 -0.1969443 -0.02550703
0.09687149 -0.1546991 -0.02434351
0.09715651 -0.1545458 -0.0254707
0.09690459 -0.1542793 -0.02532253
0.0973398 -0.1542954 -0.02505689
0.09713027 -0.1544246 -0.02559545
-0.111217 -0.1456155 -0.02550703
0.1244043 -0.1444608 -0.02550703
-0.1195833 -0.1036569 -0.02584132
-0.09910545 -0.06023693 -0.02550703
-0.1265483 -0.01233166 -0.02548927
-0.09675137 -0.01224285 -0.02550703
0.1360379 0.01702678 -0.02550703
-0.0732961 0.1007985 -0.02550703
-0.1011241 0.1704401 -0.02562855
-0.105508 0.1754866 -0.02550703
0.1280055 0.1785144 -0.02550703
0.1330334 0.1815423 -0.02550703
-0.1110345 0.2067747 -0.02550703
-0.1022109 0.2128305 -0.02550703
-0.1001148 0.2804535 -0.02651512
0.1330459 0.2905464 -0.02550703
0.1399733 0.3087138 -0.02550703
-0.04496753 0.3203328 -0.02553731
-0.06331294 0.3380157 -0.02572384
0.02806605 0.3591787 -0.02646466
-0.09304967 0.360188 -0.02617519
0.02503816 0.3611973 -0.02639199
-0.08598459 0.3632159 -0.02644689
0.03412184 0.3712903 -0.02597132
-0.09506826 0.387439 -0.02622928
0.04573251 0.4030589 -0.02540611
-0.06847327 0.4059778 -0.02663463
-0.09809615 0.4096436 -0.02560514
0.1249586 0.4124656 -0.02550703
0.08256812 0.4159214 -0.02550703
0.06590866 0.4213313 -0.02606942
0.07146585 0.421517 -0.02550703
0.1168842 0.4227645 -0.02648646
0.1007355 0.4237738 -0.02553368
0.1199121 0.4237738 -0.02558172
0.05935428 0.4247427 -0.02550703
-0.03136241 0.4246216 -0.02524058
0.0996947 0.427811 -0.02550703
-0.08699388 0.4346943 -0.02550703
-0.0799288 0.4351102 -0.02550703
0.09471482 -0.3386768 -0.02433665
0.09491668 -0.3376396 -0.02406736
0.1275541 -0.3271437 -0.02449774
-0.1182821 -0.314255 -0.02449774
-0.1051612 -0.3135735 -0.02449774
0.06980172 -0.2397127 -0.02552359
-0.1546734 -0.2393348 -0.02449774
-0.0397095 -0.2360615 -0.02492649
0.06791272 -0.2201582 -0.02449774
-0.06522616 -0.2079029 -0.02702582
0.0285051 -0.2030001 -0.02449774
-0.08044395 -0.2019484 -0.02521111
-0.03729082 -0.2026953 -0.02471373
-0.02341233 -0.2014668 -0.02523735
0.06036358 -0.2019908 -0.0248732
-0.03275342 -0.2011378 -0.02606134
-0.02678241 -0.2007235 -0.02449814
-0.0359759 -0.1980485 -0.02496968
-0.1367878 -0.1949257 -0.02449774
0.02776169 -0.1959378 -0.02457363
0.1209852 -0.158591 -0.02449774
0.1239493 -0.1575817 -0.02453528
0.09861596 -0.1547678 -0.02459422
0.09825907 -0.1545094 -0.02447633
0.09780892 -0.154247 -0.02450016
0.09792478 -0.1544125 -0.0247218
0.09870356 -0.1546224 -0.02434634
0.1300051 -0.1537423 -0.02449774
0.09609796 -0.1531973 -0.02416467
0.09620373 -0.1532135 -0.02434029
0.09741287 -0.154138 -0.02475854
0.09499702 -0.152406 -0.02433544
0.1300051 -0.1454701 -0.02537785
-0.1347526 -0.1081261 -0.02449774
-0.1349202 -0.09500527 -0.02449774
-0.1102626 -0.09167859 -0.02516185
-0.129453 -0.08902213 -0.02669235
-0.1116534 -0.0100466 -0.02531163
-0.1247642 0.02308255 -0.02449774
-0.1152542 0.0619809 -0.02449774
-0.09607756 0.06207377 -0.02449774
-0.09204037 0.06798017 -0.02449774
0.1098192 0.1038264 -0.02449895
0.1067913 0.1209844 -0.02449774
0.11078 0.1482355 -0.02449774
-0.07690091 0.1684214 -0.02449975
0.1336628 0.1845703 -0.02449774
-0.1112578 0.1886074 -0.02449774
0.1360609 0.1897742 -0.02449774
0.1400549 0.1936539 -0.02449774
-0.0967978 0.2743977 -0.02449774
-0.02340813 0.2865012 -0.02449774
0.1322054 0.2865093 -0.02449774
0.1340423 0.2924318 -0.02449774
0.1350516 0.3125128 -0.02449774
-0.05520948 0.3353593 -0.02469838
0.03210324 0.3571602 -0.02511745
0.009667888 0.3874027 -0.02668186
0.006928109 0.389276 -0.02409765
0.04299978 0.3998332 -0.0244711
-0.05330473 0.4126675 -0.02449128
0.1289958 0.4136808 -0.0246895
0.1182997 0.4145892 -0.02449975
0.1078006 0.4156994 -0.02464549
0.1106674 0.4179118 -0.02517598
-0.07690091 0.4227645 -0.02489177
0.1330338 0.4247831 -0.02449774
-0.06277074 0.4254209 -0.02449774
-0.05671496 0.4257923 -0.02509161
0.1027541 0.4288203 -0.02467094
-0.08598459 0.4318481 -0.02454093
-0.0809381 0.4318481 -0.02531204
-0.06781723 0.4345652 -0.02449774
0.1088099 0.4343068 -0.02449774
0.07853094 0.4350254 -0.02449774
-0.07185441 0.4361114 -0.02449774
0.0952889 -0.3379585 -0.02369716
0.09518717 -0.3381862 -0.02363176
0.09592638 -0.3381063 -0.02337782
-0.1546168 -0.2663004 -0.02348844
0.1261956 -0.2585115 -0.02348844
0.07151551 -0.2339569 -0.02405284
0.09838543 -0.154465 -0.02422401
0.09804631 -0.1541945 -0.02404719
0.0957867 -0.152842 -0.02401206
0.09688562 -0.1536212 -0.02435441
0.09747949 -0.1539119 -0.0242333
-0.1294034 -0.09087923 -0.02472422
-0.09682243 -0.04151249 -0.02348844
-0.0955168 -0.02536368 -0.02348844
0.1199291 -0.02132648 -0.02348844
-0.1032399 -0.00804013 -0.02418243
-0.1006549 -0.008698165 -0.02401893
-0.1192914 0.02823001 -0.02348844
0.1436839 0.03519416 -0.02348844
0.142109 0.0392313 -0.02348844
0.1239744 0.05538011 -0.02348844
-0.1192821 0.05739868 -0.02348844
-0.05871215 0.1361239 -0.02348844
-0.07084512 0.1623657 -0.02430677
-0.1051612 0.1704401 -0.0244501
0.1280152 0.1825516 -0.02348844
-0.1112897 0.2007189 -0.02348844
-0.1051612 0.2067747 -0.02446221
-0.09780104 0.2370537 -0.02348844
-0.01735234 0.2890285 -0.02348844
0.1390977 0.2935743 -0.02348844
-0.1041519 0.3056859 -0.02360108
0.1400436 0.3066952 -0.02348844
-0.09910545 0.3191419 -0.02348844
-0.09535854 0.3258719 -0.02348844
-0.06735295 0.340979 -0.02366042
-0.09278282 0.3450485 -0.02348844
0.03412184 0.360188 -0.02415821
0.1366919 0.370281 -0.02348844
0.02013039 0.3743182 -0.02348844
0.006608953 0.3894818 -0.02361601
0.00669306 0.3894132 -0.02367334
0.006225137 0.3897241 -0.02345654
0.006791899 0.3893809 -0.02365518
0.007348114 0.3890539 -0.02355061
-0.0799288 0.397532 -0.02409402
0.04316285 0.3999382 -0.02366769
0.0432869 0.4000311 -0.02356192
0.0434821 0.4002249 -0.02342142
0.04377194 0.4005276 -0.02351509
0.04365316 0.4003863 -0.02334511
0.04389192 0.4006326 -0.0233641
0.04413496 0.4008586 -0.02320382
0.04403564 0.4007779 -0.02328295
0.04491418 0.4017792 -0.02344
0.1444942 0.4015692 -0.02348844
0.04551499 0.4025422 -0.02353083
0.04579642 0.4029298 -0.02296118
0.04798765 0.4068741 -0.02387843
0.1279865 0.4096436 -0.02401247
0.1249586 0.4106529 -0.0240601
0.1078006 0.4146901 -0.023637
0.1131506 0.4158245 -0.02389943
0.1400981 0.4167086 -0.02381908
0.1007355 0.4177179 -0.02398501
0.07689304 0.4187273 -0.02348844
0.09669829 0.4197366 -0.02367415
0.1239493 0.4227645 -0.02413964
-0.06844663 0.4298295 -0.02348844
0.1168842 0.4340202 -0.02348844
0.03916833 0.4356956 -0.02348844
0.09492636 -0.3387207 -0.02338024
0.09593809 -0.3384511 -0.02289659
0.09561551 -0.338204 -0.02298056
0.1158749 -0.3372367 -0.02347068
0.09830187 -0.3296956 -0.02165031
0.1400981 -0.3150648 -0.02247914
-0.1714229 -0.2827346 -0.02247914
-0.1645007 -0.2726417 -0.02247914
0.0263085 -0.2386719 -0.02141776
-0.06892665 -0.2389828 -0.02302375
-0.05688734 -0.2164625 -0.02306938
-0.04090773 -0.2091382 -0.02234026
-0.06716361 -0.2059888 -0.02238628
-0.0401871 -0.2041729 -0.02337378
0.003014113 -0.1969996 -0.02370726
0.06860349 -0.1572236 -0.02256797
0.09741691 -0.153811 -0.02409603
0.09820699 -0.1541985 -0.02376378
0.09850413 -0.1543843 -0.02363539
0.09926312 -0.15457 -0.02323813
0.09640317 -0.1532175 -0.02420302
0.09819609 -0.1541985 -0.02381424
0.1259679 -0.1526886 -0.02247914
0.1310144 -0.1493822 -0.02247914
0.08836068 -0.1470164 -0.02208148
0.1098737 -0.1343679 -0.02247914
-0.1249798 -0.1115295 -0.02293131
-0.137678 -0.1071168 -0.02247914
-0.1124637 -0.1073187 -0.02312469
-0.1119574 -0.105833 -0.02371775
-0.1369545 -0.09803316 -0.02247914
-0.119421 -0.05525506 -0.02105966
-0.1210516 -0.01267076 -0.02317717
-0.1303937 -0.01022422 -0.02267575
0.1380795 0.01799977 -0.02247914
0.1433557 0.03115696 -0.02247914
0.1300051 0.04455239 -0.02247914
-0.1041427 0.06042659 -0.02247914
0.1073516 0.1320867 -0.02247914
-0.1031426 0.1744772 -0.02252476
-0.1051612 0.1803433 -0.02247914
0.1267019 0.1805331 -0.02247914
-0.1070268 0.1845703 -0.02247914
0.1373766 0.1956725 -0.02247914
0.1341973 0.2118212 -0.02247914
-0.0983937 0.2198956 -0.02247914
0.06843796 0.3094486 -0.02247914
-0.1038427 0.3177975 -0.02247914
-0.04894053 0.3255449 -0.02242948
0.0936704 0.3270709 -0.02247914
0.09669829 0.3288352 -0.02247914
-0.07497557 0.3489202 -0.02327003
0.1328174 0.3511043 -0.02247914
0.1398849 0.3793647 -0.02247914
0.142021 0.3884483 -0.02247914
0.006582336 0.3894778 -0.02302013
0.007181952 0.3891024 -0.02258895
0.006795843 0.3893769 -0.0232555
-0.08296476 0.397532 -0.02247914
-0.09506826 0.3985413 -0.02341455
0.04320391 0.3999342 -0.02326235
0.04319708 0.3998655 -0.02281746
0.04384186 0.400572 -0.02317152
0.04427359 0.4009112 -0.02247833
0.04424396 0.4009637 -0.02293615
0.04510223 0.4019527 -0.02287075
0.04505002 0.4018478 -0.02277466
0.04526149 0.4020699 -0.02254455
0.04538661 0.4023403 -0.02290345
0.04563324 0.4025906 -0.02276174
0.04590289 0.4028934 -0.02251629
0.04585493 0.4028813 -0.02254535
0.1380795 0.404698 -0.02247914
-0.01009622 0.4063129 -0.02206896
0.1421167 0.4146901 -0.02346583
0.1310144 0.4192763 -0.02247914
-0.07488231 0.4212182 -0.02247914
-0.06478933 0.4237778 -0.02247914
-0.06579863 0.4257923 -0.02340528
-0.05252556 0.4268016 -0.02247914
0.1128471 0.4308388 -0.02274439
0.07163743 0.4328575 -0.02247914
-0.07084512 0.4338667 -0.02334673
0.01696378 0.4394057 -0.02247914
-0.1203007 -0.3306169 -0.02146984
-0.1200318 -0.3291623 -0.02146984
-0.1233629 -0.3255349 -0.02090625
0.1346798 -0.2706231 -0.02146984
-0.1537379 -0.2564929 -0.02146984
-0.06923024 -0.2391782 -0.02111376
-0.06869531 -0.239118 -0.0209111
-0.07003405 -0.2388705 -0.02147227
-0.0678245 -0.238789 -0.0211937
-0.03898967 -0.2148876 -0.02081945
-0.1491069 -0.2126922 -0.02132693
0.06641936 -0.2119057 -0.02146984
-0.1503309 -0.2100652 -0.02146984
0.02806605 -0.2100652 -0.02201971
-0.0351612 -0.1984086 -0.02203102
-0.02666117 -0.1995261 -0.0212591
-0.1265983 -0.185842 -0.02146984
-0.1219216 -0.1797863 -0.02146984
0.1101579 -0.1596403 -0.02159742
0.09858366 -0.1548768 -0.02262609
0.09885173 -0.154469 -0.02326357
0.1320237 -0.1465198 -0.02146984
-0.1115186 -0.1242749 -0.02146984
-0.111217 -0.1172098 -0.02227688
-0.1273658 -0.1151912 -0.02156795
-0.1354402 -0.1131726 -0.02247874
-0.1126014 -0.1082634 -0.02278193
-0.1127988 -0.1079687 -0.02279323
-0.1127927 -0.1074196 -0.02295916
-0.1126527 -0.1076659 -0.02290991
-0.1134512 -0.1067212 -0.02314326
-0.1126482 -0.1072985 -0.02300236
-0.1365976 -0.09601456 -0.02146984
-0.1012892 -0.06464961 -0.02141494
-0.1009807 -0.05789942 -0.02191636
-0.1010578 -0.05395913 -0.02195673
-0.09869528 -0.04556984 -0.02235318
-0.1078754 -0.0431596 -0.02074678
0.1189028 -0.02811301 -0.02146984
-0.1303888 -0.01426142 -0.02146984
-0.1027438 -0.009703457 -0.02243594
0.1269805 0.04831499 -0.02146984
-0.09607756 0.05954647 -0.02146984
0.1209214 0.06534392 -0.02146984
-0.06681439 0.1119007 -0.02146984
0.1093638 0.143189 -0.02146984
0.1138572 0.1522727 -0.02146984
0.1205157 0.1653935 -0.02146984
-0.07387301 0.1686435 -0.02146984
-0.1041519 0.1784902 -0.02146984
0.1360609 0.2037469 -0.02188729
-0.09895042 0.2118212 -0.02146984
-0.1058052 0.3117417 -0.02146984
-0.1011241 0.3197838 -0.02146984
-0.05283077 0.3318146 -0.02172015
0.02457017 0.3511043 -0.02146984
0.03335647 0.3512739 -0.02162285
0.02310031 0.3541322 -0.02146984
0.1419786 0.3914762 -0.02146984
0.04477772 0.4015127 -0.02254818
0.04542492 0.4020456 -0.02164829
0.04542815 0.4023161 -0.02253082
0.04607265 0.4031962 -0.02239274
0.04623813 0.4032285 -0.02190748
0.0916518 0.4207984 -0.02146984
0.1269772 0.4234265 -0.02146984
0.1278517 0.427811 -0.02146984
0.04131021 0.4328575 -0.02146984
0.1158749 0.4330673 -0.02146984
-0.03249181 0.4370722 -0.02146984
0.007880107 0.4384772 -0.02146984
0.09615812 -0.3358459 -0.02097448
0.1289958 -0.3352181 -0.02059175
0.1320237 -0.3321902 -0.02095591
-0.06912528 -0.2394793 -0.01997931
-0.06903 -0.2394688 -0.01994338
-0.06908087 -0.2393893 -0.02017552
-0.06917574 -0.2390764 -0.02085054
0.1285021 -0.2399303 -0.02053806
-0.05856439 -0.2137544 -0.02181301
-0.0919241 -0.202078 -0.02114566
-0.03462304 -0.1998539 -0.0216172
-0.02456474 -0.2006674 -0.02156512
0.0771587 -0.1549535 -0.02055582
0.09788764 -0.1536656 -0.02042825
0.08199968 -0.1505691 -0.02049365
0.1138563 -0.1363339 -0.02046055
0.107501 -0.1283121 -0.02046055
-0.1149179 -0.121247 -0.02046055
-0.1142449 -0.1162005 -0.02137215
0.1037545 -0.1151912 -0.02046055
-0.1126801 -0.1083239 -0.02273308
-0.1126773 -0.1078435 -0.02283119
-0.1324123 -0.09398788 -0.02046055
-0.1264703 -0.01865798 -0.02038384
-0.1099699 -0.01746291 -0.02008953
-0.09852248 -0.01253349 -0.0217799
0.1281738 0.01500821 -0.02046055
0.1320237 0.01695013 -0.02046055
-0.09910545 0.05647826 -0.02046055
-0.08035472 0.09676135 -0.02046055
-0.111217 0.1936539 -0.02078554
-0.1021333 0.2007189 -0.02103786
-0.09519503 0.2743977 -0.02046055
-0.02845461 0.2878779 -0.02046055
-0.03851691 0.2967355 -0.02022033
-0.04190896 0.3078418 -0.01940684
0.1369551 0.3137603 -0.02046055
0.1312038 0.3177975 -0.02046055
0.02604746 0.3319277 -0.02081339
-0.05772425 0.3354764 -0.02046055
0.03210324 0.3448305 -0.02046055
0.1172379 0.3773461 -0.02046055
0.1411074 0.3945041 -0.02103584
0.1320237 0.4045971 -0.02086588
-0.06480911 0.407843 -0.02063495
0.05132996 0.4107094 -0.0209874
0.1078006 0.4143348 -0.02046055
-0.08598459 0.4156994 -0.02139273
-0.08194739 0.4176695 -0.02046055
-0.02910133 0.4234992 -0.02122075
-0.006250069 0.4238262 -0.02046055
0.1269772 0.4268016 -0.02048961
0.1209214 0.4318078 -0.02046055
-0.036529 0.4367008 -0.02046055
-0.1247384 -0.3261344 -0.01945125
-0.12131 -0.3267505 -0.01945125
-0.1692064 -0.3120043 -0.01945125
0.1421167 -0.2789768 -0.01945125
0.1324949 -0.2524557 -0.01945125
0.1341198 -0.2474092 -0.01945125
-0.1602875 -0.2443813 -0.01945125
0.08310507 -0.2415395 -0.01914806
-0.0691931 -0.2396877 -0.01911212
-0.06920965 -0.2396897 -0.01911818
-0.06918624 -0.2396578 -0.01920538
0.07247515 -0.2211675 -0.02044117
-0.06592056 -0.2053865 -0.01985699
-0.1134867 -0.1545538 -0.01945125
0.06951588 -0.1550423 -0.01870235
0.1046491 -0.1562091 -0.02012748
0.06954899 -0.154356 -0.01881418
0.09260418 -0.1468185 -0.01949122
-0.1303937 -0.1242749 -0.02016462
0.1061094 -0.1222563 -0.01945125
-0.1141529 -0.0930351 -0.01947022
-0.1230424 -0.0577541 -0.01894862
-0.1263646 -0.05564266 -0.01945125
-0.1082521 -0.05545694 -0.01991149
-0.1283166 -0.05160546 -0.01945125
-0.1160431 -0.01713586 -0.01970034
-0.09991208 -0.01342982 -0.02069349
-0.1236322 0.01298964 -0.01945125
0.1370702 0.03745902 -0.01945125
-0.07538494 0.1038264 -0.01945125
0.1080307 0.1209844 -0.01945125
-0.08497529 0.1795237 -0.02025869
-0.1061705 0.1886074 -0.02010325
-0.1102077 0.190626 -0.02045005
-0.1081891 0.1997097 -0.02043309
0.1328941 0.2764163 -0.01945125
-0.009738201 0.2999289 -0.02177465
-0.04352303 0.3147898 -0.01975485
-0.1043631 0.3157789 -0.01945125
-0.09506826 0.3225533 -0.01945125
-0.09304967 0.3241763 -0.01945125
0.01599542 0.3268812 -0.01945125
0.1300007 0.3309184 -0.01945125
0.03614043 0.3329369 -0.02031924
-0.06579863 0.3363605 -0.01945125
0.0317904 0.3420206 -0.01945125
0.1320746 0.3490857 -0.01945125
0.1153001 0.3637004 -0.01977544
0.1374343 0.3692717 -0.01945125
0.1148568 0.3884483 -0.01945125
0.1400981 0.3896232 -0.01945125
0.135004 0.3945041 -0.01945125
-0.08699388 0.4035878 -0.01975646
0.125458 0.407625 -0.01945125
-0.06680793 0.4219853 -0.01945125
0.05834498 0.4249647 -0.01945125
0.08256812 0.4263334 -0.01945125
0.1219307 0.4268016 -0.01977786
-0.02138953 0.4286749 -0.01945125
0.1168842 0.4298295 -0.02032812
0.04017763 0.4343916 -0.01945125
0.09775078 -0.3387902 -0.01786423
0.1461692 -0.2867718 -0.01844195
-0.1696505 -0.2776881 -0.01844195
0.1279865 -0.2645673 -0.01857679
0.07715466 -0.2401899 -0.01898495
-0.06937438 -0.2398576 -0.0181876
-0.06931907 -0.2398209 -0.01845527
-0.06929766 -0.2397983 -0.018578
-0.06937881 -0.239858 -0.01818922
-0.03925693 -0.2035544 -0.01891107
-0.03059243 -0.2017857 -0.01797525
-0.1455331 -0.1999722 -0.01862605
-0.072091 -0.1991304 -0.01894337
0.06165871 -0.1949257 -0.01844195
0.06738627 -0.156895 -0.01841894
0.06953002 -0.1546386 -0.01807901
-0.1315592 -0.1262935 -0.01844195
-0.109047 -0.09144041 -0.01699341
-0.1153656 -0.06075779 -0.01708384
-0.1041144 -0.06034195 -0.01860626
-0.1293844 -0.04353106 -0.01861636
-0.09917651 -0.0335592 -0.01928855
-0.1031426 0.1835609 -0.01932933
-0.09910545 0.1855795 -0.01943308
-0.1091984 0.1956725 -0.01940603
0.1340455 0.2188863 -0.01844195
-0.04699461 0.3212856 -0.01950414
-0.05368706 0.3268812 -0.01917833
0.02201027 0.3319277 -0.01845245
0.02705675 0.3339463 -0.01945044
-0.06075214 0.3356217 -0.01844195
0.03412184 0.3359649 -0.01898818
0.02604746 0.3420206 -0.01846617
0.1412491 0.3864297 -0.01844195
-0.0799288 0.4033536 -0.01844195
-0.08497529 0.4136808 -0.01924172
0.1189028 0.4146861 -0.01844195
0.04522415 0.4213313 -0.01844195
-0.01028726 0.4221064 -0.01844195
0.07990035 0.4328575 -0.01844195
0.03513113 0.4368461 -0.01844195
0.1370702 -0.3200786 -0.01811413
-0.12131 -0.3143058 -0.01743265
0.147143 -0.2897997 -0.01743265
-0.08991035 -0.2406743 -0.01740157
-0.06948984 -0.2399372 -0.0176442
-0.06962387 -0.2399901 -0.01708142
-0.06967918 -0.2400155 -0.01684363
-0.06957139 -0.2399646 -0.01731396
-0.06630813 -0.2282326 -0.01743265
-0.0389606 -0.2225195 -0.01789047
0.07371012 -0.2191489 -0.01743265
-0.06512644 -0.2059033 -0.01838462
-0.09087564 -0.2021935 -0.01687754
-0.03849673 -0.1982394 -0.01616336
0.03154102 -0.1964667 -0.01747262
-0.004669831 -0.194958 -0.01711452
0.02756334 -0.1935838 -0.01663813
0.03096871 -0.1908292 -0.01508462
0.06641936 -0.1584465 -0.01743265
0.1213986 -0.1575817 -0.01743265
0.0703201 -0.1541501 -0.01729821
0.0704618 -0.1513483 -0.01494776
0.1310144 -0.1363865 -0.01778026
0.1128471 -0.13134 -0.01751339
-0.1354402 -0.1237258 -0.01743265
-0.1192914 -0.1222563 -0.01820779
-0.1382129 -0.1192284 -0.01743265
-0.13937 -0.1040889 -0.01743265
-0.1094681 -0.09198138 -0.01659332
-0.1092412 -0.09197736 -0.01617911
-0.1092804 -0.09198543 -0.01611895
-0.09950191 -0.02449167 -0.01868378
-0.110544 -0.01770514 -0.01726309
-0.1116866 -0.009982049 -0.01725946
-0.1144193 -0.009122074 -0.01683474
-0.1274191 0.002896667 -0.01743265
0.1380637 0.02005464 -0.01743265
0.1422798 0.02409184 -0.01743265
0.1432604 0.02812904 -0.01743265
0.1390888 0.03509325 -0.01743265
0.1164672 0.08464974 -0.01743265
-0.0799288 0.1805331 -0.01758486
0.1309397 0.1916353 -0.01743265
-0.09607756 0.2017282 -0.01756709
0.1329648 0.2017282 -0.01743265
-0.09683817 0.2158584 -0.01743265
-0.09797746 0.238063 -0.01743265
-0.09720071 0.2592583 -0.01743265
-0.09518333 0.2895372 -0.01743265
-0.1031426 0.3107324 -0.01789935
0.1307673 0.3177975 -0.01743265
0.0492613 0.3268812 -0.01743386
-0.08453241 0.3319277 -0.01743265
-0.05671496 0.3329369 -0.01804752
0.02422838 0.3359649 -0.01743265
-0.07286371 0.3369741 -0.01831155
0.03531164 0.3420408 -0.01706244
0.1139864 0.3571602 -0.01743265
0.143126 0.3773461 -0.01838785
0.1441353 0.380374 -0.01790137
0.1430186 0.3834018 -0.01743265
0.004458891 0.3905921 -0.0176664
0.03645852 0.3899663 -0.01825261
0.1350516 0.3923119 -0.01743265
-0.0708435 0.4064946 -0.01751582
0.09568899 0.4169024 -0.01743265
0.07227409 0.4189695 -0.01829783
-0.02340813 0.4216986 -0.01743265
0.0532985 0.4207822 -0.01743265
-0.05666126 0.4237738 -0.01743265
0.04320551 0.4248275 -0.01743265
0.07752164 0.4350941 -0.01743265
0.00283361 0.4363213 -0.01743265
0.009898706 0.4370763 -0.01743265
0.1334052 -0.3331995 -0.01642336
-0.1223193 -0.3148279 -0.01642336
-0.06985682 -0.2400417 -0.01619768
-0.06983825 -0.2400324 -0.01628044
-0.03826782 -0.2371588 -0.0159611
-0.06999691 -0.2042541 -0.0162768
-0.03133285 -0.2011777 -0.01711816
-0.141496 -0.1949257 -0.0173071
-0.03457823 -0.1959907 -0.01656022
0.1250349 -0.1535445 -0.01642336
0.07966337 -0.1522566 -0.01629336
0.09813391 -0.1513362 -0.01637895
0.1300051 -0.1460313 -0.01642336
0.09020447 -0.141978 -0.01655174
-0.1134892 -0.1404237 -0.01642336
0.1168842 -0.1333586 -0.01700188
-0.1243379 -0.1262935 -0.01735554
0.1102362 -0.1252842 -0.01642336
-0.1093801 -0.09219939 -0.01565912
-0.109408 -0.09229627 -0.01514195
-0.1093034 -0.09219536 -0.0155271
-0.1093708 -0.09222767 -0.01543869
-0.100646 -0.03168195 -0.01820496
-0.1261801 -0.02445537 -0.01701763
-0.10598 -0.02209759 -0.01697483
-0.1175211 -0.01945329 -0.01639469
-0.1154908 -0.01651418 -0.01701278
-0.1304114 -0.01123351 -0.01642336
-0.1286928 -0.004168451 -0.01642336
-0.1111201 -0.005428076 -0.01493081
0.1421361 0.03115696 -0.01642336
-0.1021333 0.05193639 -0.01642336
-0.0720809 0.1098822 -0.01642336
-0.06579783 0.1563099 -0.01642336
-0.08509438 0.1896167 -0.01642336
0.1308174 0.2743977 -0.01642336
-0.04052824 0.3021009 -0.01708424
0.07449374 0.3091256 -0.01642336
0.1340423 0.3162028 -0.01642336
0.1299833 0.3218347 -0.01642336
-0.0869951 0.3278905 -0.01642336
0.03916833 0.3329369 -0.01702288
-0.07690091 0.3349556 -0.01732567
0.03718514 0.335541 -0.01620615
0.133033 0.3438899 -0.01642336
0.1084833 0.3467805 -0.01747948
0.1181342 0.3652345 -0.01642336
0.01258932 0.3853033 -0.01813553
0.1239493 0.4056064 -0.01683676
-0.08089651 0.4106529 -0.01642336
0.12003 0.4136808 -0.01642336
0.01999167 0.4389092 -0.01642336
-0.1303937 -0.3321292 -0.01541406
-0.1737935 -0.3023477 -0.01541406
-0.07010591 -0.2400361 -0.01540558
-0.07010793 -0.2400381 -0.01539306
-0.07010874 -0.2400409 -0.01538095
-0.07187622 -0.1998426 -0.01647059
0.0653919 -0.1636375 -0.01541406
0.1180046 -0.1596003 -0.01541406
0.07005525 -0.1519216 -0.01474227
0.07049289 -0.152079 -0.01500711
0.0704295 -0.1516793 -0.01472975
0.07032534 -0.1517883 -0.01467081
0.07040326 -0.1513362 -0.01443342
0.07058574 -0.1515986 -0.01463569
0.07076984 -0.1515259 -0.01462842
0.08866145 -0.1391963 -0.01461389
0.1310144 -0.13134 -0.01547744
-0.1162635 -0.1293214 -0.01556384
-0.1182821 -0.1273028 -0.01558645
-0.1425501 -0.09803316 -0.01541406
-0.1095497 -0.09239319 -0.01439346
-0.1094839 -0.09238511 -0.01443706
-0.107173 -0.08778673 -0.01583716
0.1118378 -0.0609152 -0.01541406
-0.1107758 -0.03493994 -0.01745647
-0.1263565 -0.0283916 -0.01639711
-0.1281926 -0.02334511 -0.01541406
-0.1169942 -0.0218392 -0.01615973
-0.1076675 -0.02070481 -0.01532483
-0.108496 -0.01957434 -0.01501922
-0.1095049 -0.01610643 -0.01601035
-0.1230815 -0.01368409 -0.01489891
-0.1064003 -0.01123351 -0.01541406
0.1279865 0.01445103 -0.01541406
-0.1273048 0.02005464 -0.01541406
0.133033 0.02005464 -0.01606445
0.1340427 0.0392313 -0.01541406
-0.1223136 0.0513429 -0.01541406
-0.1182821 0.05284476 -0.01541406
-0.06478853 0.153282 -0.01541406
0.1158749 0.1546344 -0.01541406
0.1230232 0.1734679 -0.01541406
0.1299773 0.190626 -0.01541406
-0.08699388 0.1966818 -0.01541406
-0.09327293 0.2844907 -0.01541406
-0.03148251 0.2895331 -0.01541406
-0.02138953 0.2891213 -0.01541406
0.1343524 0.292565 -0.01541406
-0.04529414 0.3159202 -0.01711654
0.0003835605 0.3167882 -0.01541406
-0.09797827 0.3208254 -0.01541406
0.007879053 0.322844 -0.01541406
-0.09342714 0.3238533 -0.01541406
0.0906425 0.32632 -0.01541406
0.1315477 0.3299091 -0.01541406
-0.07488231 0.3332196 -0.01541406
0.1169961 0.3591787 -0.01541406
0.1199287 0.3733089 -0.01541406
0.11681 0.3884483 -0.01541406
0.08074937 0.4143187 -0.01554405
-0.007259365 0.4207984 -0.01541406
-0.004231473 0.4237738 -0.01541446
0.08155882 0.4254169 -0.01541406
-0.04596149 0.4298295 -0.01541406
0.09914766 -0.3403122 -0.01258116
0.101513 -0.3324817 -0.01276849
-0.1223193 -0.3271602 -0.01440476
0.09669829 -0.3160414 -0.01472128
0.09367 -0.3150321 -0.01440476
0.1339927 -0.2413534 -0.01440476
-0.07041314 -0.2399929 -0.01454727
-0.07041597 -0.2399909 -0.01454525
-0.07040425 -0.2399977 -0.01455615
-0.03987543 -0.2347772 -0.01466758
-0.03874784 -0.2127923 -0.0146268
-0.1536075 -0.2080466 -0.0151686
-0.0927699 -0.1968785 -0.01295339
-0.131403 -0.1858453 -0.01440476
-0.1172821 -0.1616189 -0.01440476
0.1116161 -0.159281 -0.0156252
0.07752164 -0.1528461 -0.01440476
0.07266449 -0.1521961 -0.01445563
-0.1130947 -0.1505166 -0.01440476
0.1340649 -0.1343679 -0.01440476
-0.1192914 -0.13134 -0.01440799
-0.1394939 -0.1172098 -0.01440476
-0.141496 -0.09502545 -0.01440476
-0.1153144 -0.09255466 -0.0156684
-0.1097495 -0.0924376 -0.01379878
-0.1094718 -0.0924376 -0.01418635
-0.1283735 -0.05766124 -0.01440476
-0.1320065 -0.04655898 -0.01440476
-0.1233286 -0.0283916 -0.01522189
-0.1186019 -0.02819782 -0.01550933
-0.1284078 -0.02637303 -0.01440476
-0.1077886 -0.02080977 -0.01458078
-0.1076074 -0.02040201 -0.0141815
-0.110934 -0.02111256 -0.01366071
-0.1086619 -0.02027684 -0.01457311
-0.107911 -0.02031314 -0.01431836
-0.1176111 -0.01862162 -0.01360338
-0.125088 -0.008451879 -0.01489568
-0.1267602 -0.006195128 -0.0143769
-0.1063393 -0.005670249 -0.01370673
-0.1288095 0.001887321 -0.01440476
0.1300051 0.01992953 -0.01440476
0.1380795 0.02207327 -0.01521301
0.13622 0.03721273 -0.01440476
-0.09607393 0.05638939 -0.01440476
-0.06779866 0.1189659 -0.01440476
-0.06378004 0.1472262 -0.0145933
0.1207373 0.1664029 -0.01440476
0.1342022 0.2330165 -0.01440476
-0.09607756 0.2421002 -0.01462802
0.1343382 0.2511839 -0.01440476
0.1299389 0.2844907 -0.01440476
-0.02744532 0.2872884 -0.01440476
0.1301335 0.2875186 -0.01440476
0.1352938 0.2966022 -0.01440476
-0.04107447 0.3016043 -0.01541648
-0.09809697 0.3066952 -0.01440476
0.0639599 0.3177975 -0.01440476
-0.05576783 0.3218347 -0.01440476
0.05727351 0.322844 -0.01440476
-0.06680793 0.3339584 -0.01440476
0.1138563 0.350095 -0.01443827
0.01887809 0.3722996 -0.01440476
0.1310144 0.3924492 -0.01440476
0.1259679 0.3945041 -0.01517021
0.1110832 0.3956547 -0.01511854
0.1025231 0.4018356 -0.0148755
-0.07185441 0.407625 -0.0152994
-0.05481748 0.4110647 -0.01524611
0.1148656 0.4116622 -0.0149405
0.06721389 0.4204835 -0.01515043
-0.01028726 0.4211415 -0.01440476
-0.03802155 0.4224899 -0.01427718
-0.0001942823 0.4324618 -0.01440476
-0.02340813 0.432914 -0.01440476
0.1351243 -0.3331995 -0.01339546
-0.1237553 -0.3311809 -0.01339546
-0.1226859 -0.3301716 -0.01339546
0.09973305 -0.320687 -0.0122376
-0.1616084 -0.2484185 -0.01339546
-0.0708326 -0.2398847 -0.013563
-0.0707119 -0.2399174 -0.0138448
-0.07065456 -0.239942 -0.01392232
-0.07084876 -0.2398734 -0.01355049
-0.02988366 -0.202292 -0.01595423
-0.02744871 -0.2000198 -0.01656183
0.1055636 -0.1563261 -0.0143329
0.1239493 -0.1583197 -0.01339546
0.06760468 -0.1546467 -0.01409349
0.0708635 -0.1504682 -0.01308621
0.07086593 -0.1505247 -0.01295622
0.07136088 -0.1503874 -0.01280725
0.07119011 -0.1503269 -0.01278464
0.071656 -0.1510859 -0.01384722
0.07095394 -0.1499756 -0.01290535
0.1300903 -0.1464794 -0.01339546
-0.1169563 -0.1363865 -0.01339546
0.1340992 -0.1363865 -0.01339546
-0.1283751 -0.131231 -0.01339546
-0.1095598 -0.09246588 -0.01351254
-0.1102574 -0.09232858 -0.01300588
0.1056241 -0.08894947 -0.01339546
-0.103726 -0.06495643 -0.01386862
-0.1076082 -0.02048677 -0.0133999
-0.1080648 -0.02002251 -0.01419039
-0.1306169 -0.01829863 -0.01339546
-0.1285822 -0.01177049 -0.01354484
-0.1263238 -0.01101148 -0.01411287
-0.1285083 -0.00214982 -0.01339546
0.1320237 0.02387786 -0.01339546
-0.1213201 0.02913833 -0.01339546
0.1383488 0.03317553 -0.01339546
-0.1011241 0.04898518 -0.01339546
-0.06459676 0.1320867 -0.01339546
-0.07286371 0.1714494 -0.01339788
-0.07787346 0.1825516 -0.01339546
-0.08901248 0.2098026 -0.01383673
0.1360609 0.238063 -0.01388194
-0.09506302 0.2733884 -0.01339546
0.1320241 0.2905464 -0.01339546
-0.0375383 0.297341 -0.01339546
-0.09281914 0.302658 -0.01339546
0.08034363 0.3113016 -0.01335024
0.1347855 0.3117417 -0.01339546
0.1338138 0.3198161 -0.01339546
0.0936704 0.3269821 -0.01339546
-0.07891951 0.3310072 -0.01339546
-0.06478933 0.3323637 -0.01339546
0.1013051 0.3359649 -0.0142138
0.1279865 0.3490857 -0.01386701
0.1460949 0.3773461 -0.01339546
0.1159856 0.3924855 -0.01339546
-0.007187504 0.4025785 -0.01339546
0.09068691 0.4096193 -0.01364456
-0.06680793 0.4096436 -0.01440274
-0.05041209 0.4135799 -0.01441324
0.1078006 0.4136848 -0.01339546
-0.073806 0.4187273 -0.01339546
0.07101369 0.4209921 -0.01398731
-0.02542672 0.4242743 -0.01339546
0.06778394 0.4318481 -0.01339546
0.07449374 0.4348034 -0.01339546
-0.03952984 0.4358853 -0.01339546
0.03311254 0.4359176 -0.01339546
0.1302542 -0.3301716 -0.01238616
-0.1647098 -0.3200786 -0.01267603
0.06541006 -0.3140228 -0.01308379
-0.07113943 -0.2397688 -0.01305271
-0.07164933 -0.2395492 -0.01243179
-0.0712226 -0.2397644 -0.01268209
-0.07151691 -0.2396049 -0.01244874
-0.07257546 -0.2386315 -0.01328202
-0.07108614 -0.2377357 -0.01430302
0.01552585 -0.2390918 -0.01267765
-0.09911554 -0.2020013 -0.01240312
0.1078103 -0.1550907 -0.01264656
0.0706891 -0.1504682 -0.01283873
0.07114489 -0.1501937 -0.01248508
0.07172342 -0.1504117 -0.01277697
0.07195839 -0.150452 -0.0127047
0.07080092 -0.1500604 -0.01213747
0.07202742 -0.1501856 -0.01236355
0.07089297 -0.1499231 -0.01217623
0.07113036 -0.1499595 -0.01211284
0.08862391 -0.1341862 -0.01238616
0.1158749 -0.1262935 -0.01298367
-0.1099445 -0.0924941 -0.01258762
-0.1037676 -0.07283702 -0.01233812
-0.1341261 -0.03747529 -0.01238616
-0.1331608 -0.03343809 -0.01238616
-0.1051176 -0.0189082 -0.01185164
0.1340423 0.02525461 -0.01238616
0.1400981 0.02611047 -0.01334823
0.1400981 0.02812904 -0.01339304
0.1342119 0.04225922 -0.01238616
0.1289958 0.05294162 -0.01238616
0.1239493 0.06495225 -0.01238616
-0.0799288 0.1028252 -0.01238616
-0.08351786 0.1987004 -0.01238616
0.1350516 0.2337109 -0.01238616
-0.09103107 0.2996301 -0.01278383
0.1349305 0.3248626 -0.01238616
-0.06478933 0.3268812 -0.01304625
0.01525899 0.3288997 -0.01238616
0.01897918 0.3319277 -0.01238616
0.1279865 0.335323 -0.01238616
0.1269772 0.3410113 -0.01333894
0.1098192 0.3440393 -0.01253716
0.1158749 0.3470671 -0.01263485
0.143126 0.3622066 -0.01301879
0.1279865 0.3639668 -0.01238616
0.1449052 0.3743182 -0.01238616
0.04224984 0.3977137 -0.01250163
0.1108285 0.3991106 -0.01238616
0.1158749 0.4086343 -0.0129223
0.1209214 0.4086343 -0.01332844
-0.01432445 0.4132407 -0.01238616
0.0946797 0.4184406 -0.01238616
-0.06983583 0.4207458 -0.01298448
0.04623341 0.4200313 -0.01238616
0.06271806 0.4203663 -0.01233408
-0.01634446 0.4268016 -0.01238616
-0.1243379 -0.3271437 -0.01226747
0.1314056 -0.267747 -0.01100141
-0.1521957 -0.2392896 -0.01046406
-0.07161461 -0.2396473 -0.01162717
-0.07226621 -0.2391729 -0.01229452
-0.07201833 -0.2393542 -0.0115969
-0.07252701 -0.2385758 -0.01207813
0.03541531 -0.2374034 -0.01060415
-0.1563581 -0.23816 -0.01091501
-0.1487613 -0.195935 -0.01137687
-0.1296032 -0.1818049 -0.01137687
0.06238218 -0.1789421 -0.01137687
0.12294 -0.1586798 -0.01137687
0.1289171 -0.1565724 -0.01137687
0.0718506 -0.1502784 -0.01250122
0.07084332 -0.149798 -0.01174264
0.07121393 -0.1500079 -0.0121512
0.07183404 -0.1500523 -0.01217986
0.0711344 -0.1496042 -0.01151413
0.07149815 -0.1499635 -0.01209347
0.07176501 -0.1499797 -0.01209508
0.0718611 -0.1498182 -0.01182217
0.09871689 -0.1472021 -0.01137687
-0.1138743 -0.1434515 -0.01137687
0.0916518 -0.1346464 -0.01137687
-0.1302488 -0.1323493 -0.01137687
0.1279865 -0.1283121 -0.01236154
-0.1384681 -0.09294224 -0.01137687
-0.1095242 -0.0921227 -0.01210194
-0.122719 -0.06724957 -0.009093836
-0.1290323 -0.05261475 -0.01137687
-0.1019222 -0.007196307 -0.01137687
-0.1259241 0.006933868 -0.01137687
0.1299777 0.02005464 -0.01137687
0.1372099 0.02913833 -0.01137687
0.1370702 0.04024065 -0.0118686
-0.09910545 0.04938889 -0.01137687
0.1104599 0.1098822 -0.01137687
0.1259679 0.1774405 -0.01137687
0.1291646 0.1855795 -0.01137687
-0.08699388 0.2118212 -0.01188232
0.1373512 0.2340258 -0.01137687
0.1426863 0.238063 -0.01137687
-0.09405897 0.2632954 -0.01157065
-0.0345104 0.2924278 -0.01137687
-0.02032945 0.2935743 -0.01137687
0.1340266 0.3046766 -0.01137687
-0.009234967 0.3097231 -0.01137687
-0.04964987 0.3137603 -0.01185971
-0.05166847 0.3162028 -0.01137687
-0.0893952 0.3238533 -0.01137687
0.1239493 0.3268812 -0.01163161
-0.08383196 0.3278905 -0.01137687
-0.07084512 0.3309184 -0.01151171
0.09972619 0.3320891 -0.01137687
0.1300051 0.3440393 -0.01169863
0.141113 0.3541322 -0.01137687
0.1442334 0.3682624 -0.01137687
0.1451446 0.3834503 -0.01137687
0.1279865 0.3894576 -0.01236194
0.1313289 0.3914762 -0.01137687
0.1350516 0.3922958 -0.01137687
0.04963394 0.405243 -0.01132963
0.08186606 0.4140603 -0.01283671
0.1088099 0.4126714 -0.01226545
-0.05630518 0.4136808 -0.01137687
0.05819117 0.4164059 -0.01147376
-0.06983583 0.4197366 -0.0117059
0.08660532 0.4239716 -0.01137687
0.07045655 0.4257923 -0.01236154
0.0789948 0.4298295 -0.01137687
0.07449374 0.4334186 -0.01137687
-0.1273052 -0.3261344 -0.01036757
-0.1758084 -0.2958555 -0.01036757
-0.07168283 -0.2397313 -0.01073576
-0.07188591 -0.2396122 -0.01086213
-0.07265379 -0.2391176 -0.0114673
-0.07193799 -0.2395819 -0.01069175
-0.1528417 -0.2127039 -0.01120327
-0.1180137 -0.2066562 -0.01110597
0.06641936 -0.2050187 -0.0110434
-0.1536075 -0.2000816 -0.01036757
-0.08025258 -0.1983153 -0.01084517
0.02976894 -0.1817778 -0.008030437
0.03606554 -0.1845683 -0.008919027
0.1199121 -0.1565724 -0.01084759
0.1209214 -0.1535445 -0.01082256
0.07853094 -0.1505166 -0.01131631
-0.1144112 -0.1495073 -0.01036757
0.07183687 -0.1499231 -0.01192996
0.08660532 -0.1363865 -0.01105874
-0.1344309 -0.1265074 -0.01036757
-0.1414919 -0.1091354 -0.01036757
-0.1446353 -0.09601456 -0.01036757
-0.1088379 -0.09135562 -0.01138978
-0.1172728 -0.003159165 -0.01046487
0.1391671 0.0392313 -0.01036757
-0.1228417 0.04629642 -0.01036757
0.133033 0.05033362 -0.01066471
0.1259679 0.06345451 -0.01036797
0.1136924 0.1018078 -0.01036757
-0.06825567 0.123003 -0.01036757
0.12294 0.1676382 -0.01036757
0.1313733 0.2229235 -0.01036757
-0.09002178 0.2330165 -0.01072042
0.1360609 0.2521932 -0.01117662
-0.09387608 0.2743977 -0.01036757
-0.02946392 0.28659 -0.01036757
0.1311662 0.2875186 -0.01036757
-0.09488134 0.3087138 -0.01036757
0.07905819 0.3108455 -0.01062676
-0.06983583 0.3238533 -0.01090572
-0.0805158 0.3278905 -0.01036757
0.1450558 0.3622066 -0.01036757
0.01696378 0.3789731 -0.01036757
0.12294 0.380374 -0.01128724
0.1421167 0.3840074 -0.01036757
0.03697504 0.3864297 -0.01036757
0.1219307 0.3955134 -0.01127028
0.1017448 0.4056064 -0.01121336
0.09568899 0.4101482 -0.01036757
0.1047727 0.4126714 -0.01038089
-0.06983583 0.4167086 -0.01080439
0.08056244 0.4169186 -0.01141199
-0.0001942823 0.4187273 -0.01066107
0.0006177174 0.4227645 -0.01036757
0.04219622 0.4218601 -0.01036757
-0.05645657 0.4257923 -0.01036757
-0.02744532 0.4257923 -0.01045235
0.07597418 0.4298295 -0.01036757
0.07752164 0.4318481 -0.01115926
0.09899788 -0.3384527 -0.009747859
0.1027908 -0.33286 -0.008066371
0.1318186 -0.3321902 -0.009358272
0.1318376 -0.3261344 -0.009358272
0.1455027 -0.3099856 -0.009358272
-0.1758864 -0.2887904 -0.009358272
-0.07165983 -0.2398572 -0.009807609
-0.07170586 -0.2398286 -0.009813264
-0.03217852 -0.2401552 -0.009000573
-0.07172927 -0.2398168 -0.009842735
0.03815907 -0.2181396 -0.009775314
0.07752164 -0.2173309 -0.009358272
-0.1568054 -0.2100652 -0.009358272
-0.006669371 -0.1952818 -0.01103532
-0.02612471 -0.1921437 -0.009126537
0.06436121 -0.1646468 -0.009358272
0.1259679 -0.1591126 -0.009358272
0.1311594 -0.1545538 -0.009358272
0.1229558 -0.1505166 -0.009358272
0.07103145 -0.1491117 -0.009556901
0.08155882 -0.1440813 -0.009358272
0.105782 -0.1424423 -0.009371191
-0.1165199 -0.1394144 -0.009358272
0.1320237 -0.1384051 -0.009358272
-0.1273658 -0.1363339 -0.009358272
0.08862391 -0.1303307 -0.009831026
-0.1426013 -0.121247 -0.009358272
-0.1235066 -0.06468192 -0.009586371
-0.1281002 -0.06187606 -0.009675592
-0.131403 -0.05006725 -0.009358272
-0.1242479 -0.01695424 -0.01001674
-0.1285014 -0.01628 -0.009358272
-0.1253472 -0.004099846 -0.009358272
-0.1240141 0.01097101 -0.009358272
0.1279869 0.01097101 -0.009358272
-0.1041519 0.04497623 -0.009358272
0.1390888 0.05033362 -0.009596061
0.1492149 0.143189 -0.009358272
0.1491818 0.1593378 -0.009507243
0.1262421 0.1702018 -0.009370383
0.1300051 0.1835609 -0.01020002
0.1313984 0.1956725 -0.009358272
-0.08218397 0.1997097 -0.009358272
-0.08624862 0.2158584 -0.009358272
0.1325364 0.22797 -0.009358272
0.1462863 0.2421002 -0.009358272
0.1451446 0.2461374 -0.01012171
-0.08955023 0.2915557 -0.009358272
-0.08901248 0.2996301 -0.01033729
-0.09002178 0.3036673 -0.009359483
-0.05166847 0.3036673 -0.009757951
-0.08699388 0.3188068 -0.009638455
0.12294 0.322844 -0.01021133
0.1278 0.3273091 -0.009312246
0.048252 0.3309224 -0.009358272
0.1414594 0.3319277 -0.009358272
0.1311969 0.3551415 -0.009358272
0.03812956 0.3753275 -0.009358272
0.1249586 0.387439 -0.009453952
0.1383254 0.3904669 -0.009358272
0.1088099 0.407625 -0.0103272
-0.004231473 0.4147869 -0.009358272
-0.00120358 0.4156994 -0.0097523
-0.006250069 0.4158366 -0.009358272
-0.04964987 0.4177179 -0.01005872
0.05228475 0.4217551 -0.009358272
0.08390039 0.4237738 -0.009358272
0.06541006 0.428142 -0.009358272
0.005861508 0.4369107 -0.009358272
0.1340423 -0.338246 -0.009009052
-0.1707656 -0.3125359 -0.008348975
0.1451413 -0.280716 -0.008348975
-0.1615216 -0.2413534 -0.008348975
0.08803973 -0.2403748 -0.009633206
-0.07161582 -0.2400078 -0.0088185
-0.07162188 -0.2399715 -0.009093028
0.1174737 -0.2408851 -0.007851187
-0.07162188 -0.240005 -0.00882617
-0.07503774 -0.2379997 -0.009868976
0.08342724 -0.223186 -0.008348975
0.04017763 -0.2120838 -0.008371986
0.07146585 -0.2110745 -0.00900986
-0.07271717 -0.2047292 -0.008739773
0.04118692 -0.1989629 -0.008539125
-0.09302222 -0.1965616 -0.008795083
-0.09525438 -0.1960763 -0.007608552
-0.09111061 -0.1950383 -0.008016713
-0.09277716 -0.1940864 -0.007488247
0.1138563 -0.1457326 -0.008348975
-0.1434055 -0.1172098 -0.008348975
-0.1455331 -0.1030796 -0.008361489
-0.1214828 -0.06800047 -0.007993698
-0.1291938 -0.06068912 -0.008348975
-0.1293137 -0.05463338 -0.008348975
0.1198031 -0.0283916 -0.008348975
-0.1028746 -0.01869833 -0.008642882
-0.1011241 -0.01426142 -0.009219389
-0.1262213 0.01904535 -0.008348975
0.1312994 0.02005464 -0.008348975
0.1360645 0.02510113 -0.008348975
0.1373782 0.02812904 -0.008348975
-0.1202531 0.03822201 -0.008348975
-0.1011241 0.04529923 -0.008348975
0.1418212 0.05336148 -0.008348975
0.1310144 0.05538011 -0.009161256
0.1471632 0.1300681 -0.008620273
0.143126 0.1482355 -0.009044178
0.1502326 0.1553006 -0.008348975
0.1471632 0.1714494 -0.009130977
0.132037 0.1724102 -0.009090204
0.1390888 0.1838152 -0.008348975
0.133033 0.1946632 -0.008361086
0.131792 0.2067747 -0.008348975
0.1311246 0.2198956 -0.008348975
0.1443375 0.2340258 -0.008348975
0.1319393 0.2602676 -0.008348975
0.1350516 0.3006394 -0.008753095
0.07651234 0.3109747 -0.008348975
0.07277793 0.312751 -0.008348975
0.0853667 0.3162714 -0.00827267
0.1360609 0.3167882 -0.009315476
-0.0799288 0.3208254 -0.009244826
0.1007355 0.327838 -0.008348975
0.1168842 0.3309184 -0.009036101
0.1411001 0.3420206 -0.008348975
0.03835584 0.360188 -0.008348975
0.1249586 0.3857555 -0.008348975
0.00283361 0.3910523 -0.008348975
-0.01331515 0.4108992 -0.008348975
0.0946797 0.4146901 -0.009025607
-0.01792865 0.4177179 -0.008348975
0.08155882 0.4227645 -0.009239174
-0.036529 0.4257923 -0.008819304
0.002146279 0.4328575 -0.008348975
0.03715026 0.4328575 -0.008348975
0.02602436 0.4379039 -0.008348975
0.01191731 0.4387679 -0.008348975
0.1067913 -0.3419113 -0.007339675
0.1360609 -0.3362274 -0.007800721
0.1300051 -0.2575022 -0.008246426
-0.07159765 -0.2400821 -0.00831506
-0.07159523 -0.2401406 -0.007850379
-0.07159805 -0.240114 -0.008049816
0.03827566 -0.2387918 -0.006498732
-0.07159644 -0.2401398 -0.007851593
-0.1539164 -0.211995 -0.008069601
0.03891391 -0.1845231 -0.007728864
0.03352377 -0.1804928 -0.006695341
-0.1248228 -0.1696933 -0.007339675
-0.1212838 -0.1636375 -0.007339675
0.1239493 -0.1575817 -0.00828559
-0.1233286 -0.1375815 -0.007339675
0.09669829 -0.1363865 -0.007341292
0.08686773 -0.1293214 -0.007339675
0.0926611 -0.1283121 -0.008189507
-0.1374588 -0.1263338 -0.007339675
-0.141496 -0.1252963 -0.007339675
0.1320237 -0.1250218 -0.007339675
-0.1128291 -0.0693166 -0.005015064
-0.1253428 -0.06712845 -0.007147506
-0.1334216 -0.05160546 -0.00829972
-0.1364733 -0.04756826 -0.007339675
-0.1298547 -0.02233583 -0.007339675
0.1259675 -0.00214982 -0.007339675
-0.1203007 0.04831499 -0.008292858
0.1440077 0.05437082 -0.007339675
0.1421167 0.05840802 -0.007905692
-0.07371152 0.1149287 -0.007339675
0.1441353 0.1300681 -0.008168109
0.1213623 0.1599959 -0.007377222
0.1500817 0.1714494 -0.007339675
0.1400981 0.2309979 -0.008238353
-0.08875854 0.2421002 -0.007339675
0.1451446 0.2511839 -0.008250464
0.1306959 0.2663233 -0.007339675
0.1300051 0.2764163 -0.008090995
-0.03148251 0.2854838 -0.007339675
-0.02744532 0.2866062 -0.007339675
0.1340423 0.2911965 -0.007339675
0.1370702 0.3016487 -0.0074834
-0.05469636 0.3107324 -0.008260559
-0.005904323 0.3157789 -0.007339675
0.1209214 0.3186251 -0.007339675
0.1239493 0.3186978 -0.007339675
0.06137288 0.3238533 -0.007342502
0.0891653 0.3238251 -0.007508025
0.1426512 0.3248626 -0.007339675
0.1449302 0.3632159 -0.007339675
0.02003265 0.3682624 -0.007339675
0.1441353 0.370398 -0.007339675
0.01595355 0.3817264 -0.007533461
0.1441353 0.3828487 -0.007339675
0.01147185 0.3844233 -0.007337254
0.1390888 0.3854204 -0.008202426
0.1300051 0.3864297 -0.008120872
0.03704795 0.3884483 -0.007339675
0.1350516 0.3897483 -0.007339675
0.04522415 0.4178028 -0.007339675
-0.00927796 0.4206893 -0.007339675
-0.05974285 0.4227645 -0.008218978
0.05613987 0.4247831 -0.007339675
0.001204079 0.4257923 -0.007339675
0.06440077 0.4257923 -0.0082868
0.001824313 0.4308388 -0.007369954
0.03916833 0.4299749 -0.007339675
-0.036529 0.4374881 -0.007339675
-0.0335011 0.4379686 -0.007339675
0.09976818 -0.3426094 -0.005613774
0.1311319 -0.328153 -0.006330378
-0.1565761 -0.2564929 -0.006330378
-0.07160492 -0.2402044 -0.007281944
-0.07160451 -0.2402133 -0.007210486
-0.07160492 -0.240204 -0.007282346
0.03363515 -0.240315 -0.005710267
-0.04071113 -0.2380038 -0.00488345
0.133033 -0.2393284 -0.006330378
-0.07762801 -0.2339282 -0.006622266
0.03173029 -0.1792336 -0.005616602
0.07752164 -0.1474887 -0.006981175
-0.1303937 -0.1373958 -0.006864093
-0.1333804 -0.1343679 -0.006330378
0.09492314 -0.13134 -0.006330378
0.1343128 -0.1273028 -0.006330378
0.0916518 -0.1226358 -0.006330378
0.0906425 -0.114089 -0.006330378
0.1041292 -0.1121633 -0.006330378
-0.1229576 -0.0935559 -0.006774064
0.1056015 -0.08693087 -0.006330378
-0.1065198 -0.06858587 -0.006557267
-0.1218086 -0.06708807 -0.006759938
-0.1209854 -0.06744736 -0.006310999
-0.1211291 -0.06695083 -0.00654031
-0.1146147 -0.06657535 -0.006921019
0.1125116 -0.05564266 -0.006330378
-0.1276633 -0.01916659 -0.006830182
-0.1003796 -0.00540787 -0.006566554
0.1277625 0.005924523 -0.006330378
-0.1244703 0.01702678 -0.006330378
-0.1219539 0.04124993 -0.006330378
-0.1203007 0.0461551 -0.006330378
0.1310144 0.06425387 -0.006330378
0.1471963 0.068501 -0.006330378
-0.08889379 0.08565903 -0.006330378
-0.0848029 0.09575206 -0.006330378
0.1068659 0.134832 -0.006688073
0.1496085 0.1371332 -0.006330378
0.1088535 0.138304 -0.006717544
0.1250067 0.1620063 -0.006768417
0.1340423 0.2582893 -0.006330378
0.1323439 0.2612768 -0.006330378
-0.08901248 0.2622861 -0.006744597
0.1310144 0.2784349 -0.006969869
-0.09103107 0.2791252 -0.006330378
-0.0415771 0.2915557 -0.006330378
0.07954023 0.3098321 -0.006330378
-0.08901248 0.312751 -0.007319894
0.141191 0.312751 -0.006330378
0.09669829 0.3258719 -0.007063936
0.1047727 0.3278905 -0.007050611
0.1402911 0.3531229 -0.006330378
0.1296846 0.3662438 -0.006330378
0.01999167 0.3783554 -0.006740559
0.1380795 0.3821625 -0.006330378
0.01124626 0.3854204 -0.006330378
0.004852222 0.3913229 -0.006330378
-0.004231473 0.4005841 -0.006330378
-0.008268664 0.4052632 -0.006330378
0.0522892 0.4104066 -0.006330378
-0.01331515 0.4117591 -0.006330378
-0.05772425 0.4207458 -0.007311817
0.04157772 0.4227645 -0.006330378
-0.01331515 0.4244076 -0.006330378
0.06036358 0.4257923 -0.006589968
-0.0522042 0.4268016 -0.006330378
-0.02845461 0.428683 -0.006330378
-0.04801077 0.4298295 -0.006330378
-0.02845461 0.4367897 -0.006330378
0.010908 0.4369673 -0.006330378
-0.1263565 -0.3310905 -0.005321082
-0.1705197 -0.2756695 -0.005321082
-0.07162309 -0.2402533 -0.006785367
-0.07162349 -0.2402549 -0.006772447
0.1351994 -0.2403441 -0.005321082
-0.07162349 -0.2402565 -0.006759532
-0.07064003 -0.2126829 -0.006994903
-0.1572434 -0.2090559 -0.005321082
-0.1061988 -0.2009775 -0.005256891
-0.03898846 -0.1990339 -0.005379215
0.03119318 -0.183347 -0.005917374
0.03441712 -0.1835497 -0.007153966
0.0652514 -0.1606096 -0.005321082
0.1310144 -0.1554339 -0.005321082
0.1272643 -0.1533871 -0.005799491
0.126173 -0.1507629 -0.005622659
0.1199121 -0.1462937 -0.005321082
-0.117832 -0.1424423 -0.005321082
-0.1223637 -0.1404237 -0.005321082
-0.1273658 -0.1393175 -0.005321082
0.1067913 -0.1373958 -0.005551606
0.08460408 -0.1283121 -0.005321082
0.08648218 -0.1222563 -0.005321082
0.1088099 -0.1205041 -0.005321082
-0.1211376 -0.06869489 -0.005323905
-0.1047095 -0.06938121 -0.007397812
-0.1220654 -0.06738684 -0.006099451
-0.1222495 -0.06759673 -0.00571188
-0.1224719 -0.06762099 -0.005556449
-0.1217081 -0.06745949 -0.005953304
-0.1365254 -0.05160546 -0.005321082
-0.1342565 -0.0283916 -0.005321082
-0.1132356 -0.001621008 -0.005321082
-0.1142429 0.0116775 -0.003949646
-0.1230508 0.01298964 -0.005321082
-0.1223613 0.01599729 -0.005583495
-0.1208465 0.03418481 -0.005321082
-0.1213318 0.0432685 -0.005321082
0.1464284 0.05840802 -0.005321082
0.1340891 0.06848884 -0.005768806
0.12294 0.07758468 -0.005517691
0.1491818 0.1149287 -0.006303731
0.1502779 0.1199751 -0.005321082
0.1080779 0.1386471 -0.005202387
0.1122649 0.1452601 -0.004676744
0.1502391 0.1764959 -0.005321082
0.1491818 0.1871096 -0.005321082
0.1471632 0.1886074 -0.006129324
0.1324331 0.2219142 -0.005321082
0.1330334 0.2249421 -0.005321082
0.1471373 0.2511839 -0.005321082
0.143126 0.2552211 -0.006229047
0.1391364 0.2572396 -0.005321082
0.1350516 0.2804535 -0.006290004
0.136331 0.2834814 -0.005321082
-0.09002178 0.2855 -0.00624802
-0.02278333 0.2935743 -0.005321082
-0.05065916 0.2945836 -0.006304942
-0.08034544 0.3006394 -0.005321082
-0.05878078 0.3006394 -0.005321082
-0.08800318 0.3066952 -0.006308172
0.08364121 0.3117014 -0.006131344
-0.08295306 0.312751 -0.005321082
-0.06478933 0.3147696 -0.005990449
0.1209214 0.3176643 -0.005321082
0.06791918 0.3188068 -0.005321082
0.1128471 0.3227431 -0.005321082
0.1007355 0.3249877 -0.005321082
0.1078006 0.3258719 -0.005873367
0.1430618 0.3288997 -0.005321082
0.03916833 0.3390614 -0.005321082
0.02136084 0.3430582 -0.005251236
0.03811963 0.3632159 -0.005321082
0.1249586 0.3813833 -0.005809981
0.01898237 0.3823925 -0.00619271
0.03610438 0.3884483 -0.005321082
0.04017763 0.3943467 -0.005321082
-0.00927796 0.4077017 -0.005321082
0.00283361 0.4136808 -0.005326327
0.04203631 0.4197366 -0.005321082
0.05733568 0.4188807 -0.005321082
0.0512799 0.4207458 -0.005760327
-0.01937094 0.4213837 -0.005321082
-0.01245224 0.4227645 -0.005321082
-0.04964987 0.4257923 -0.005350955
0.00283361 0.4257923 -0.005940385
-0.01836164 0.4307056 -0.005321082
0.03361315 0.4328575 -0.005321082
0.008889405 0.434876 -0.005969856
0.01999167 0.4370037 -0.005321082
0.1004484 -0.3424778 -0.004026353
0.1004258 -0.342481 -0.004276257
0.1004791 -0.3423647 -0.004221752
0.1011541 -0.3413042 -0.004330356
-0.131403 -0.3322891 -0.004311785
-0.1261659 -0.328153 -0.004311785
-0.1739316 -0.3069578 -0.004311785
0.1493029 -0.2968648 -0.004311785
0.140759 -0.2736509 -0.004311785
-0.07164165 -0.2402827 -0.006447457
-0.07164165 -0.2402835 -0.006443016
-0.07164165 -0.2402835 -0.006442614
-0.1576334 -0.2386037 -0.00425728
-0.04276282 -0.2358959 -0.004235078
-0.07228196 -0.2145335 -0.004656155
-0.1128694 -0.2029912 -0.004465599
-0.1117536 -0.1990671 -0.002591133
-0.1074499 -0.1993033 -0.003354162
-0.0873112 -0.1931534 -0.00295246
0.01584322 -0.1921417 -0.004535846
0.02280584 -0.186635 -0.002992027
0.061234 -0.1828142 -0.004311785
0.1300051 -0.1549293 -0.004311785
0.1340665 -0.1505166 -0.004311785
0.06932937 -0.1453288 -0.002943173
0.0936704 -0.1202377 -0.005126487
0.1048554 -0.1162005 -0.004311785
0.08862391 -0.1155222 -0.004311785
0.0916518 -0.1121633 -0.004778482
0.0936704 -0.1121633 -0.004987206
0.0906425 -0.1091515 -0.004311785
0.1035143 -0.09904242 -0.004311785
-0.141496 -0.09381834 -0.004311785
-0.1085379 -0.09175128 -0.004113156
-0.1142146 -0.09243357 -0.004444607
-0.1229132 -0.06783897 -0.005224187
-0.1230888 -0.06790358 -0.004853167
-0.1225195 -0.06791165 -0.005165648
-0.1224973 -0.06832749 -0.004978321
0.1224503 -0.01628 -0.004311785
-0.1270339 -0.00214982 -0.004311785
-0.1061705 -0.001140535 -0.004776869
-0.1253347 0.01097101 -0.004311785
-0.1186188 0.0156582 -0.004664633
-0.1036388 0.0392313 -0.004311785
-0.1152542 0.04225922 -0.004311785
-0.09405937 0.07051957 -0.004311785
0.1212824 0.08460939 -0.005186643
0.1481725 0.09171486 -0.005312201
0.1397501 0.1088285 -0.005117606
0.1361925 0.1127284 -0.003605679
0.1322086 0.1449533 -0.004588332
0.1360609 0.2077841 -0.005318258
0.1350516 0.2098026 -0.005250432
0.1340423 0.22797 -0.005242761
0.1380795 0.22797 -0.004395351
0.1320237 0.2673326 -0.005099032
0.1370702 0.2707158 -0.004311785
-0.036529 0.2848541 -0.004311785
-0.08699388 0.2905464 -0.004899193
-0.06075214 0.2986208 -0.004341256
0.1411736 0.3006394 -0.004311785
-0.07488231 0.302658 -0.004363053
-0.01650155 0.3056859 -0.004311785
-0.06277074 0.3117417 -0.005132541
0.1269772 0.3195981 -0.004311785
0.09107287 0.3248626 -0.004311785
0.003869957 0.3258719 -0.004311785
0.129972 0.3298445 -0.004387278
0.1388861 0.3480765 -0.004311785
0.02068841 0.3521136 -0.004311785
0.1428026 0.3591787 -0.004311785
0.1451446 0.3783554 -0.005194716
0.03482944 0.3844111 -0.004311785
0.007880107 0.3934948 -0.004361439
0.04389398 0.4015692 -0.004311785
0.001824313 0.4066157 -0.004574202
0.04724271 0.4086343 -0.00441917
-0.003222176 0.4106529 -0.005133756
0.0512799 0.4116622 -0.004669074
-0.01129656 0.4146901 -0.00439414
-0.007259365 0.4167086 -0.005309373
0.05834498 0.4217551 -0.004583891
-0.04157548 0.4318481 -0.004346102
-0.02441743 0.4340363 -0.004311785
-0.0355197 0.4355704 -0.004311785
-0.02946392 0.435744 -0.004311785
0.1010181 -0.3423417 -0.003579035
0.1390888 -0.3352181 -0.00366462
-0.1631761 -0.2686045 -0.003302485
-0.1606726 -0.2528771 -0.003302485
-0.07165296 -0.2402965 -0.006278705
-0.07165296 -0.2402965 -0.006276686
-0.07165296 -0.2402965 -0.006277494
0.0936704 -0.233279 -0.00361456
0.07954023 -0.2142142 -0.003302485
-0.1449251 -0.2079735 -0.003592357
-0.1066037 -0.2002435 -0.003337204
-0.1064745 -0.1998798 -0.003633533
-0.1063102 -0.1990558 -0.002872527
-0.1577501 -0.1969443 -0.003302485
-0.1570504 -0.1949257 -0.003302485
-0.08869556 -0.1946112 -0.002683986
0.04765115 -0.1939326 -0.004012223
0.02609336 -0.1832598 -0.002004933
-0.1363187 -0.1807956 -0.003302485
0.04226372 -0.1781512 -0.00332227
-0.1298083 -0.1737305 -0.003302485
0.06953728 -0.1456034 -0.003025129
0.0692018 -0.1455428 -0.002756253
0.07951116 -0.1353772 -0.003302485
0.1336321 -0.1283121 -0.003302485
0.1168842 -0.1225631 -0.003302485
0.1075204 -0.1202377 -0.003302485
0.08761462 -0.1151912 -0.003400993
0.1027254 -0.1081261 -0.003302485
0.09323519 -0.1061075 -0.003302485
0.0916518 -0.101061 -0.0040421
-0.1466062 -0.09904242 -0.003302485
0.0926611 -0.09399596 -0.003522512
-0.1146038 -0.09269598 -0.003315002
-0.1148283 -0.09270403 -0.003254037
-0.1140806 -0.09254661 -0.003352549
-0.1045197 -0.07183179 -0.004255667
-0.1264566 -0.0673303 -0.003486983
-0.1304167 -0.05867052 -0.003302485
-0.135969 -0.05463338 -0.003302485
0.126305 -0.0001312494 -0.003302485
-0.1305342 0.006933868 -0.003302485
-0.1090147 0.01103157 -0.002459519
-0.1114484 0.01414829 -0.004095796
0.1377206 0.01500821 -0.003302485
-0.1268716 0.02106398 -0.003302485
-0.1266976 0.02409184 -0.003302485
0.1483537 0.07152885 -0.003302485
0.1502399 0.08364046 -0.003302485
0.1505322 0.1119007 -0.003302485
0.1350193 0.1209562 -0.002801873
0.1330532 0.1372099 -0.003338419
0.1478014 0.1371332 -0.003302485
0.1166897 0.1490995 -0.003704589
0.1482391 0.153282 -0.003302485
0.1451446 0.2077841 -0.003982347
0.1384505 0.2188863 -0.003302485
-0.08698016 0.22797 -0.003302485
0.1370702 0.2632954 -0.003489811
-0.08800318 0.2824721 -0.004064709
0.1402895 0.2885279 -0.003302485
-0.05368706 0.2915557 -0.003565308
-0.06680793 0.3056859 -0.004294019
-0.08194739 0.3077045 -0.004195914
0.1118378 0.3211282 -0.003302485
0.01936788 0.3379834 -0.003302485
0.1390791 0.3420206 -0.003302485
0.13166 0.3561508 -0.003302485
0.03668388 0.3672531 -0.003302485
0.1300051 0.370281 -0.003626674
0.1422992 0.3733089 -0.003302485
0.143126 0.3793647 -0.003353354
0.1421167 0.380374 -0.003447823
0.1289958 0.3834018 -0.003645241
0.03311254 0.387439 -0.003728811
0.02806605 0.3924855 -0.003414717
0.01999167 0.3926188 -0.003302485
0.01292659 0.3955134 -0.003532201
0.03916833 0.3965227 -0.003317825
0.001824313 0.397532 -0.004251629
0.005861508 0.4066157 -0.00369611
-0.008268664 0.4116622 -0.003769994
0.04421481 0.4116622 -0.004035234
0.0492613 0.4156994 -0.00427141
0.0522892 0.4167086 -0.003857601
0.05531709 0.4217551 -0.003954895
-0.04460338 0.427811 -0.004205201
-0.01894707 0.4288203 -0.003302485
-0.03955689 0.4308388 -0.003638379
-0.03148251 0.4338667 -0.004150294
0.1008219 -0.3415823 -0.002673894
-0.158654 -0.3251251 -0.002298839
-0.1243379 -0.3138052 -0.002293188
-0.1633905 -0.2474092 -0.002293188
-0.071657 -0.2403005 -0.00622097
-0.1556261 -0.2082529 -0.002293188
-0.04128279 -0.2070373 -0.002293188
-0.1058435 -0.2004236 -0.002616569
-0.1063292 -0.1999548 -0.003023516
-0.0835756 -0.1969641 -0.003192268
-0.0800043 -0.1972532 -0.003192268
-0.03646965 -0.194908 -0.002782091
0.01898488 -0.1902749 -0.002826098
0.0605614 -0.18887 -0.002293188
0.02073508 -0.1863899 -0.001703352
0.06088357 -0.1777677 -0.002293188
0.03265081 -0.1771137 -0.002072755
0.1320237 -0.1545861 -0.002293188
0.06943474 -0.145345 -0.002483338
-0.132514 -0.1384051 -0.002293188
-0.1354402 -0.1344244 -0.002293188
-0.1394774 -0.1296322 -0.002293188
-0.1440979 -0.1131726 -0.002293188
0.08862391 -0.1081261 -0.002618991
0.0906425 -0.09821886 -0.002293188
0.09434663 -0.09500527 -0.002293188
-0.1174565 -0.09293821 -0.002870508
-0.1165812 -0.09286553 -0.002513215
-0.1168614 -0.0930149 -0.00242722
-0.1157778 -0.09282112 -0.002693273
-0.1157734 -0.09283322 -0.002753023
-0.1149381 -0.09273231 -0.0030219
-0.1138961 -0.09260714 -0.003109913
-0.1134976 -0.09255064 -0.002739701
-0.1164642 -0.09290996 -0.002120398
-0.1157262 -0.09283322 -0.002692867
-0.1165627 -0.09263542 -0.002329119
0.103551 -0.08995876 -0.002293188
-0.1182417 -0.07062465 -0.001336373
-0.113771 -0.06864241 -0.003218509
-0.1154787 -0.06860605 -0.003670271
-0.1294461 -0.06573561 -0.002293188
-0.1372622 -0.036466 -0.002293188
-0.1074826 -0.02098334 -0.002460327
-0.1273658 -0.02028084 -0.002293188
-0.1223193 -0.002137721 -0.002293188
-0.1117104 0.00963062 -0.001981515
-0.1233286 0.01105177 -0.002293188
-0.1253472 0.01952177 -0.002293188
-0.1079348 0.02583593 -0.001623418
-0.1058306 0.03177869 -0.001761086
-0.09980873 0.04528713 -0.002293188
0.1267834 0.0883882 -0.003132522
0.119894 0.09246975 -0.002797838
0.1151345 0.1033904 -0.002563275
0.1332692 0.1059015 -0.002375953
0.1192892 0.148938 -0.001883414
-0.06781682 0.1542913 -0.002293188
0.1237067 0.1533667 -0.003139786
-0.07101913 0.1664029 -0.002293188
-0.08085574 0.1987004 -0.002293188
0.1461539 0.2117728 -0.002293188
0.141652 0.2269607 -0.002293188
0.1382858 0.268342 -0.002293188
-0.0809381 0.2865093 -0.002878986
-0.0809381 0.2945836 -0.003220528
-0.06882653 0.2940104 -0.002293188
0.1421938 0.3066952 -0.002293188
0.07645743 0.312751 -0.002293188
0.1239493 0.3178581 -0.002293188
0.1299066 0.322844 -0.002293188
0.02097384 0.3410113 -0.002293188
0.0238394 0.3753275 -0.002293188
0.1288812 0.380374 -0.002293188
0.02907535 0.3854204 -0.003250808
0.03815907 0.4146901 -0.002304897
-0.02038023 0.427811 -0.002715476
-0.02542672 0.4298295 -0.003117986
-0.02744532 0.4328575 -0.003124043
0.09663773 -0.3150321 -0.001283888
-0.1576447 -0.2645673 -0.001958504
-0.1566354 -0.2595208 -0.001785308
0.1320237 -0.256155 -0.001283888
0.09877462 -0.2411633 -0.001629476
-0.1056768 -0.2406957 -0.002047323
-0.08964349 -0.2407789 -0.002049744
0.04149245 -0.2396957 -0.000927005
0.005680064 -0.2405819 -0.001373112
0.09519726 -0.2395379 -0.002733644
-0.07552907 -0.2136708 -0.001612116
0.07853094 -0.2132602 -0.001283888
0.07176784 -0.2083772 -0.001470812
-0.157658 -0.2030001 -0.001283888
-0.1115654 -0.2014482 -0.001872111
-0.1074883 -0.2001482 -0.002412286
-0.1086058 -0.1960024 -0.00291653
-0.08356954 -0.1955935 -0.001324262
-0.1007038 -0.1944449 -0.001565687
0.03156545 -0.1851303 -0.0043897
0.0502706 -0.1848328 -0.002276633
-0.1202983 -0.1535445 -0.001283888
0.1320237 -0.1534396 -0.001283888
0.1108285 -0.1323493 -0.001378763
0.1088099 -0.1283121 -0.001697302
-0.1445154 -0.1262935 -0.001283888
0.09669829 -0.1242749 -0.002126858
0.1164058 -0.1232656 -0.001283888
0.08155882 -0.1216507 -0.001283888
0.1300051 -0.1220746 -0.001283888
0.09455334 -0.1202377 -0.001283888
0.1028978 -0.1202377 -0.001283888
0.08963321 -0.09803316 -0.001316994
-0.1445238 -0.09728628 -0.001283888
-0.1167972 -0.09298667 -0.001205571
0.09593405 -0.08894947 -0.001283888
0.0936704 -0.08188438 -0.001987167
0.09568899 -0.07582858 -0.001873724
0.09460744 -0.07452458 -0.0008922815
-0.1128997 -0.06976068 -0.001808725
-0.1138283 -0.06889269 -0.002577405
-0.1133741 -0.06909052 -0.002157941
-0.1134266 -0.06894115 -0.002369493
-0.1114758 -0.06961131 -0.001407024
-0.1180096 -0.06789955 -0.004388891
0.1075196 -0.06573561 -0.001283888
0.09612744 -0.0642257 -0.0004251786
0.09749927 -0.05932456 -0.0002439097
-0.1005657 -0.001818776 -0.001660157
-0.1046497 0.01387376 -0.0004893728
0.1370702 0.01249707 -0.001283888
-0.1054329 0.01737398 -0.00159758
-0.1262439 0.02409184 -0.001283888
-0.1074846 0.03493577 -0.001702141
0.1468313 0.05739868 -0.001283888
-0.09257005 0.07556605 -0.001283888
0.1493025 0.08364046 -0.001283888
-0.07185441 0.120391 -0.001283888
0.1316006 0.1373875 -0.0003916696
0.1258545 0.1475774 -0.001037218
0.1481725 0.2053981 -0.001283888
-0.08452474 0.2168677 -0.001283888
0.1484034 0.2360444 -0.001283888
0.1494236 0.2421002 -0.001283888
-0.08598459 0.2804535 -0.001730401
-0.0375383 0.2812489 -0.001283888
-0.0355197 0.281491 -0.001283888
-0.03148251 0.2840304 -0.001283888
0.08256812 0.3063803 -0.001283888
0.07998594 0.3087138 -0.001283888
0.1415002 0.3319277 -0.001283888
0.04219622 0.3369741 -0.001284294
0.1421167 0.3549922 -0.001283888
0.0387091 0.3561508 -0.001283888
0.133033 0.3682624 -0.001518853
0.03311254 0.380374 -0.001810744
0.133033 0.3813833 -0.002057415
0.03614043 0.4066157 -0.001740091
0.03412184 0.4257923 -0.001935493
0.1380795 -0.3392553 -0.001010973
-0.1626912 -0.3231138 -0.0002745911
-0.1612911 -0.2403441 -0.0002745911
-0.08431239 -0.239378 -0.001744129
-0.1124924 -0.2384164 -0.0001110844
-0.09929763 -0.2371151 0.0004904531
-0.1068419 -0.2343045 0.001036648
0.04463468 -0.2201582 -0.0002745911
0.04724271 -0.2130931 -0.0007764138
0.07999361 -0.2120838 -0.0002745911
-0.1058734 -0.1997154 0.0003273524
-0.08143871 -0.195717 -0.000175681
-0.08586185 -0.1956185 -0.0003690608
0.06285977 -0.1949257 -0.0002745911
-0.1015044 -0.1928462 -0.0009746403
-0.1096514 -0.1926556 -0.0002459288
0.02782515 -0.1902938 -0.003529377
0.0559695 -0.1898792 -0.0002745911
0.01688525 -0.1888073 -0.00014944
-0.1505796 -0.1873988 -0.0002745911
0.02591415 -0.1822344 -0.0002911426
0.05834498 -0.1757478 -0.0002745911
0.04011831 -0.1737656 -0.0006581247
0.065989 -0.1464633 -0.0001114905
0.1189028 -0.1434515 -0.001223736
0.130922 -0.1353772 -0.0002745911
0.1118378 -0.1293214 -0.000575766
0.1332211 -0.1242749 -0.0002745911
0.09467728 -0.1101447 -0.0002745911
0.0916518 -0.08296633 -0.0002745911
0.0946797 -0.08110923 -0.0002745911
0.09770759 -0.08087507 -0.001141783
0.0926611 -0.07784718 -0.0003286898
0.09871689 -0.07579225 -0.0002745911
-0.1133422 -0.0698455 -0.001102217
-0.1128674 -0.06951848 -0.001529351
-0.1132853 -0.06909052 -0.00193711
-0.1129324 -0.06925201 -0.001772791
-0.1055541 -0.07113737 -0.0009710081
-0.1127822 -0.06924394 -0.001513604
0.09519565 -0.06341425 4.353747E-05
0.09490941 -0.0630388 0.0002135038
0.09501478 -0.06265524 0.000229653
0.09484361 -0.06273195 0.000452105
0.09550651 -0.06286517 -3.760681E-05
0.0952445 -0.06094348 0.0003342144
0.1091873 -0.05867052 -0.0002745911
-0.1352524 -0.03041017 -0.0002745911
-0.1152542 -0.0001312494 -0.0007202998
-0.1242055 0.02913833 -0.0002745911
-0.12131 0.0355131 -0.0002745911
0.1450239 0.03620344 -0.0002745911
-0.1016529 0.03787488 -0.0003751181
0.1457389 0.04629642 -0.0002745911
-0.08901248 0.08276433 -0.0002745911
0.1176941 0.1012224 -0.0005935282
-0.07935834 0.105845 -0.0002745911
0.1328481 0.1084207 -0.0005394295
0.1481591 0.1169472 -0.0002745911
0.1072551 0.1201568 -0.001025911
0.1479165 0.1240124 -0.0002745911
0.1469395 0.1714494 -0.0002745911
-0.07589161 0.1825516 -0.001046907
0.1452495 0.2289793 -0.0002745911
-0.08497529 0.2663233 -0.0003399961
0.1397372 0.2834814 -0.0002745911
0.1249586 0.2855 -0.0002895296
-0.07185441 0.2905464 -0.001282677
0.1300051 0.3178378 -0.0002745911
0.1168842 0.3198282 -0.0002745911
0.131729 0.3407893 -0.0004409254
0.1337367 0.3531229 -0.0002745911
0.02217846 0.3581694 -0.0002745911
0.1411248 0.3672531 -0.0002745911
0.1360609 0.3722996 -0.0007198974
0.1360609 0.3773461 -0.000780452
0.02604746 0.4298295 -0.001205571
0.1345405 -0.3342088 0.0007347055
-0.1263565 -0.3280561 0.0007347055
0.1030363 -0.3268603 -0.0001449995
0.1331307 -0.3261344 0.0007347055
0.1009902 -0.317649 0.0007621571
0.09951424 -0.3159873 0.0005998649
0.1445382 -0.3140228 0.0007347055
-0.1094237 -0.2390207 -0.0008414127
-0.0846616 -0.2386424 -0.0007756054
-0.04368775 -0.216121 0.0007347055
-0.1536818 -0.2053853 -0.0001655892
0.0502706 -0.206028 -0.0002463348
-0.1566354 -0.2019908 0.0005578771
-0.1057228 -0.2009177 0.002287328
-0.1146725 -0.1979084 0.0007209778
-0.07940841 -0.198646 -2.388284E-05
-0.1578478 -0.1969443 0.0007347055
-0.09981439 -0.1962289 0.0002994947
-0.08637176 -0.1959895 0.0001832247
0.05632639 -0.195935 0.0005057938
-0.08990268 -0.1955487 0.0001973584
0.005422366 -0.191836 0.0003120117
0.05834498 -0.18887 -5.012378E-05
0.06238218 -0.1565724 0.0006737448
0.133033 -0.1525877 0.0007347055
0.119617 -0.147949 0.00206371
0.1349075 -0.1454701 0.0007347055
0.07956041 -0.1323493 0.0007347055
0.1249586 -0.1213762 0.0007347055
0.08556452 -0.1050982 0.0007347055
0.09463206 -0.1030796 0.0007347055
0.09439507 -0.09399596 0.0007347055
-0.1068807 -0.09154135 0.001024496
0.0916518 -0.08188438 1.366064E-05
0.09446412 -0.06680548 0.0007282458
0.09439023 -0.06607071 0.0007415675
0.09436762 -0.06525519 0.0007173456
0.09435873 -0.06589711 0.0007476248
0.09428849 -0.0652875 0.0007326864
0.0949086 -0.06280461 0.0002740622
0.09966401 -0.06262696 0.001429707
0.09492879 -0.06179529 0.0004577562
-0.1311402 -0.05766124 0.0007347055
0.0980665 -0.05386627 0.0008961558
-0.1370409 -0.04655898 0.0007347055
0.1168842 -0.03372073 0.0007347055
0.1219307 -0.01930791 -0.0002733804
-0.1072343 0.009763896 0.0005671605
0.1401917 0.01601756 0.0007347055
-0.1243379 0.02409184 0.0006172247
-0.1192914 0.03620344 0.000716541
0.147009 0.07455677 0.0007347055
-0.08450011 0.08969623 0.0007347055
0.1217535 0.09647065 -0.0003585666
0.121783 0.1001606 0.0005033724
0.1245428 0.1029544 0.001220621
-0.07097553 0.1209844 0.0007347055
-0.06855805 0.1320867 0.0007347055
0.1278852 0.1450138 0.0006119758
0.1235727 0.148183 0.0003951788
0.146487 0.1896167 0.0007347055
0.1481725 0.1966818 -5.658343E-05
0.1440828 0.2239328 0.0007347055
-0.08598459 0.238063 -0.0001373291
0.1481947 0.2521932 0.0007347055
0.1407675 0.2733884 0.0007347055
-0.0345104 0.281382 0.0007347055
0.1279865 0.2855 -0.0002455264
-0.05065916 0.2865093 0.0002280399
0.1411688 0.2875186 0.0007347055
0.1259679 0.2899652 0.0007347055
0.1408648 0.2955929 0.0007347055
0.1259679 0.3016487 0.0006991811
0.1289958 0.3066952 0.0006798021
0.0926611 0.3107324 -0.0002410859
0.140547 0.3147696 0.0007347055
0.1249586 0.3157789 0.0004650243
0.09669829 0.3188068 0.0004666373
0.1305231 0.3208254 0.0007347055
-0.005240771 0.3208618 0.0007347055
0.09633495 0.3218347 0.0007347055
0.09871689 0.3238533 -0.000216458
0.1037634 0.3228965 0.0007347055
0.1418486 0.3238533 0.0007347055
0.1295227 0.3258719 0.0007347055
0.1295194 0.3329369 0.0007347055
0.02100097 0.3398123 0.0007347055
0.03829613 0.3410113 0.0007347055
0.139172 0.3440393 0.0007347055
0.132901 0.3480765 0.0007347055
0.1390888 0.350095 0.0004557371
0.1411074 0.3642252 0.0005154833
0.02099637 0.3995506 0.0007347055
0.01595448 0.4257923 -0.0002636909
0.02402886 0.4268016 0.0003362335
0.1015239 -0.3425985 0.002417769
0.139281 -0.3372367 0.001744002
-0.1263565 -0.330036 0.001744002
-0.1293844 -0.3261344 0.00107706
-0.1677377 -0.3181816 0.001744002
0.1491785 -0.2867718 0.001744002
0.1327637 -0.2675951 0.001744002
-0.09029227 -0.2398863 0.0005126595
-0.09341907 -0.2367373 0.002022609
0.09770759 -0.2302511 0.001100354
0.06440077 -0.1976343 0.001744002
-0.08939924 -0.1961139 0.0004553348
-0.08687317 -0.1957925 0.00120391
-0.01586621 -0.1921203 0.00250021
0.04593898 -0.1656561 0.001744002
0.05430779 -0.1656298 0.001744002
0.06691755 -0.1433466 0.00299428
0.07848289 -0.1353772 0.001744002
0.1301335 -0.1303307 0.001744002
0.1178935 -0.126136 0.001744002
0.09568899 -0.1151912 0.00116406
-0.1404867 -0.09694311 0.001744002
0.09568899 -0.0867492 0.001744002
0.09738744 -0.08188438 0.001744002
0.09425014 -0.06558624 0.000857193
0.09388599 -0.0649524 0.001220543
0.1010124 -0.05433053 0.002249338
0.0971658 -0.04811734 0.003037721
0.09786544 -0.04665178 0.003242608
-0.1375149 -0.03747529 0.001744002
-0.1034531 -0.02053922 0.001088966
0.1241455 -0.01325214 0.001744002
0.1285396 0.001887321 0.001744002
-0.1122263 0.008524418 0.001744002
0.1329942 0.008952439 0.001744002
0.1380795 0.01284426 0.001744002
-0.1021333 0.02106398 0.0009145215
-0.1192914 0.02510113 0.0007488355
-0.1182821 0.03115696 0.001654379
-0.1014361 0.03373671 0.00180864
0.1333685 0.1152718 0.0008122176
0.1314589 0.1307867 0.002364885
0.1116856 0.1456517 -0.000690423
0.1137918 0.1481628 0.001268949
-0.08194739 0.2458547 0.001744002
0.1463594 0.2562304 0.001744002
0.1395821 0.268342 0.001744002
0.1259679 0.2713698 0.001203302
0.1279865 0.2713698 0.001458213
-0.08396599 0.2784349 0.0009358376
-0.08194739 0.2804535 0.001691479
-0.06882653 0.2814628 0.001737263
-0.06378004 0.2844907 0.0007871874
-0.07286371 0.2855 0.001737218
-0.05469636 0.2852537 0.001744002
0.1289958 0.2966022 0.001662977
-0.01836164 0.3096141 0.001744002
-0.01331515 0.3117579 0.001744002
0.1300051 0.3157789 0.001012992
0.1411074 0.3401878 0.001744002
0.02402886 0.3440393 0.001217473
0.03614043 0.3581694 0.001678199
0.02398098 0.360188 0.001744002
0.03311254 0.3652345 0.00113802
0.02907535 0.370281 0.001500279
0.02604746 0.4005599 0.0009853728
0.1269772 -0.3422832 0.00241866
-0.1263565 -0.3150321 0.002131939
-0.006250069 -0.3144051 0.002753299
-0.0335011 -0.3140148 0.002753299
0.1360609 -0.2525671 0.002753299
-0.1150887 -0.2384482 0.002186477
-0.1125687 -0.2357082 0.002965331
-0.1122933 -0.2344098 0.003236227
0.04421481 -0.2252769 0.002753299
-0.1402376 -0.2055956 0.002706632
-0.1513956 -0.2035556 0.002674859
-0.08672501 -0.1958337 0.001878198
0.05935428 -0.195935 0.002744459
-0.08670926 -0.1957808 0.001890149
0.1287964 -0.1496163 0.001961041
0.1231181 -0.1481468 0.002795812
0.07550304 -0.1434515 0.00183044
-0.12131 -0.1415864 0.002753299
-0.1303937 -0.1400644 0.002753299
0.1191418 -0.1384051 0.002753299
0.08256812 -0.109955 0.002753299
0.09568899 -0.1074519 0.002753299
0.09669829 -0.1061075 0.002134845
0.0946797 -0.1043513 0.002753299
-0.1453378 -0.1000517 0.002753299
-0.1197234 -0.09537667 0.002632305
0.09770759 -0.0956068 0.002753299
-0.1344309 -0.09355995 0.002753299
0.09874515 -0.0768379 0.002753299
0.1042927 -0.0768379 0.002753299
0.1000217 -0.06444776 0.002679378
0.09772576 -0.0566721 0.002725039
0.0976551 -0.05476654 0.002741069
0.09762725 -0.05391473 0.002743207
0.09761191 -0.05366033 0.002745267
0.09758849 -0.05318803 0.002750315
0.09757315 -0.05293369 0.002753988
0.09753964 -0.05245328 0.002763148
0.09749644 -0.0519042 0.002777848
0.09745082 -0.05139148 0.00279589
0.09740036 -0.05087471 0.002819713
0.09731558 -0.05011576 0.002871592
0.09728651 -0.04987752 0.002888463
0.09663007 -0.04863006 0.003256336
0.0971981 -0.04905796 0.002972115
0.09716216 -0.04899341 0.002987094
0.09707012 -0.04791951 0.003162269
0.09751502 -0.04518229 0.003615767
0.0976551 -0.04508942 0.003624
0.09762846 -0.04436678 0.003773943
0.09791793 -0.04397511 0.003883995
-0.1383813 -0.04151249 0.002753299
-0.1331806 -0.02738231 0.002753299
-0.09844214 -0.01751137 0.002857622
-0.1313049 0.001887321 0.002753299
-0.1283751 0.01052284 0.002753299
0.1350516 0.01171792 0.002753299
-0.12131 0.02913833 0.001867138
0.1451761 0.03519416 0.002753299
0.1478737 0.05538011 0.002753299
0.146055 0.09171486 0.002753299
-0.08263574 0.09272414 0.002753299
0.1233478 0.10335 0.003602847
0.1193066 0.1039475 0.003207199
-0.06780148 0.1250216 0.002753299
-0.06803484 0.1341053 0.002753299
0.1080521 0.1457647 0.002268109
0.1201939 0.1500482 0.00269654
-0.07360253 0.1795237 0.002753299
-0.07690091 0.1946632 0.002115909
-0.07785247 0.2027375 0.002753299
-0.08194739 0.2209049 0.002040979
0.1444449 0.2219142 0.002753299
0.1450138 0.2269607 0.002753299
0.1421716 0.2602676 0.002753299
0.1399083 0.265314 0.002753299
-0.07891951 0.2703605 0.001757767
0.1168842 0.2733884 0.002591893
-0.07589161 0.2764163 0.00196173
0.1310144 0.2834814 0.002135448
-0.0252792 0.2945836 0.002753299
0.1300051 0.2966022 0.002718706
-0.02185223 0.3016487 0.002753299
0.09669829 0.3077045 0.002485111
0.1179573 0.3167882 0.002753299
0.1118378 0.3198161 0.002735212
0.1037634 0.3218347 0.002174608
0.1306769 0.3345882 0.002565451
0.1432213 0.3349556 0.002753299
0.02604746 0.360188 0.002637435
0.02705675 0.4066157 0.002483252
0.01797308 0.4086343 0.002525281
0.02503816 0.4167086 0.002713457
0.1022256 -0.3395302 0.003652744
0.1047464 -0.3356335 0.004512385
0.1491741 -0.3029206 0.003762599
0.13727 -0.2696137 0.003762599
0.1271028 -0.2415452 0.005342752
0.1363358 -0.2403441 0.003762599
-0.1120495 -0.2346472 0.002991859
-0.1122582 -0.2347699 0.003241841
-0.08901248 -0.233279 0.003413182
-0.0830229 -0.2113813 0.004205398
-0.1083652 -0.2008745 0.005398426
-0.08049481 -0.1975636 0.003547456
-0.08667777 -0.1958329 0.002606951
-0.08664305 -0.1958042 0.002484262
-0.08666808 -0.1958054 0.002523139
-0.08555342 -0.1883019 0.00303312
-0.1354402 -0.1750272 0.003762599
-0.124352 -0.1616189 0.003762599
0.0492613 -0.1598894 0.003762599
-0.1212959 -0.1535445 0.003762599
0.05858802 -0.1509728 0.004021343
0.1223175 -0.1476341 0.003378015
0.1230099 -0.14589 0.003065296
-0.1203007 -0.1423131 0.003762599
-0.1426772 -0.13134 0.003762599
0.1249106 -0.1222563 0.003762599
-0.1474201 -0.1061075 0.003762599
0.08761462 -0.08188438 0.003036104
0.1021101 -0.08087507 0.003762599
0.09975687 -0.0768379 0.003762599
0.1001214 -0.06466171 0.003753312
0.1000375 -0.0638018 0.003607653
0.1000734 -0.06351113 0.003616493
0.1002926 -0.06387851 0.003653798
0.09996034 -0.06266332 0.00374851
0.09994419 -0.06267947 0.003692392
0.09984851 -0.06169438 0.003741525
0.09984649 -0.06169841 0.003738698
0.09977221 -0.06070527 0.00374455
0.0997609 -0.06070527 0.003755413
-0.1303937 -0.05967981 0.003441721
0.09974234 -0.05976057 0.003756743
0.09974234 -0.05976057 0.003763929
0.0997496 -0.05976462 0.003756788
0.1013709 -0.05901366 0.003416974
0.09973426 -0.0588966 0.00376514
0.09973466 -0.0588966 0.003761429
0.09972901 -0.0581376 0.003765747
0.0997282 -0.0581336 0.003764819
0.09972538 -0.05750781 0.003766999
0.09972538 -0.05750376 0.003766797
0.09972335 -0.05702335 0.003767926
0.09972335 -0.05702335 0.003768008
0.1102887 -0.05564266 0.003762599
0.09766035 -0.05476254 0.00273909
0.09972255 -0.05670041 0.003768776
0.09972255 -0.05669636 0.003768776
0.09761918 -0.05377746 0.002743691
0.09972174 -0.05652678 0.003769178
0.09972174 -0.05653083 0.003769178
0.09972174 -0.05647027 0.003769342
0.09747585 -0.05164987 0.002784751
0.09737331 -0.05062848 0.002832551
0.09724775 -0.0496676 0.002914786
0.09708304 -0.04875517 0.003059078
0.1002446 -0.04699498 0.004115772
0.09742458 -0.0456062 0.003611609
0.09758527 -0.04485124 0.003696591
0.09762645 -0.04418105 0.003939506
0.09752107 -0.04326057 0.00431319
-0.1334216 -0.03545672 0.003524523
-0.1303937 0.0006761551 0.003762599
0.1400981 0.02207327 0.003397275
0.1420392 0.02510113 0.003762599
0.1370702 0.02812904 0.003742896
0.1486844 0.06749171 0.003762599
-0.09405897 0.0682224 0.003762599
-0.08793697 0.07556605 0.003762599
-0.07734943 0.1048357 0.003762599
-0.06789999 0.1411704 0.003762599
0.1260685 0.147638 0.003677897
0.1489101 0.1583285 0.003762599
0.1483069 0.1694307 0.003762599
0.1168842 0.2814628 0.003447738
-0.02471634 0.2955929 0.003762599
0.08660532 0.3006394 0.003374424
-0.01947772 0.3087138 0.003762599
0.105782 0.3188068 0.003567763
0.1299579 0.3278905 0.003762599
0.1351214 0.3381287 0.003586493
0.1340423 0.3420206 0.003054801
0.03482221 0.3430299 0.003762599
0.1319809 -0.2655766 0.004771896
-0.02106236 -0.2412952 0.005894963
-0.1119369 -0.2346682 0.003555048
0.09568253 -0.223186 0.004771896
-0.08394944 -0.2186587 0.003523719
0.06937741 -0.2040094 0.004771896
0.06137288 -0.1989629 0.004544482
0.05531709 -0.1535445 0.003954444
0.1255162 -0.1489663 0.004499182
0.1320237 -0.1267456 0.004771896
-0.1226479 -0.0967049 0.004473832
0.08515798 -0.09096807 0.004771896
0.09871689 -0.08491227 0.004280329
0.0986313 -0.08155736 0.004600115
0.08761462 -0.07644224 0.004771896
0.08974019 -0.07380998 0.004771896
0.1006188 -0.07240102 0.004756071
0.1005009 -0.07156128 0.004691437
0.1005175 -0.07160163 0.004732128
0.1003479 -0.07081842 0.004568424
0.1001671 -0.07051969 0.004401404
-0.1283751 -0.06775421 0.004413597
0.100446 -0.06422165 0.004074994
0.1001448 -0.06357574 0.003793243
0.09984326 -0.06168634 0.003740191
0.09977221 -0.06070527 0.003765464
0.09973627 -0.0588966 0.003763366
0.09972901 -0.0581336 0.003764857
0.09972538 -0.05750376 0.003766596
0.09972335 -0.05701125 0.003767926
0.09972174 -0.05651873 0.003769219
0.1007419 -0.05171043 0.004736733
0.1007419 -0.05171043 0.004736692
0.1007403 -0.0518719 0.004743919
0.1007472 -0.05137938 0.004719656
0.1007464 -0.05138338 0.004719935
0.1007577 -0.05085456 0.00468877
0.1007561 -0.05086666 0.004689939
0.1007767 -0.05018842 0.004643511
0.1007738 -0.05020452 0.004642744
0.1008053 -0.04946166 0.004584853
0.1007908 -0.04949397 0.00458356
0.1008061 -0.04941732 0.004587799
0.1007981 -0.04869461 0.004504312
0.1008764 -0.04853314 0.004516788
-0.1347894 -0.04756826 0.004771896
0.1008449 -0.04798406 0.004378997
0.100727 -0.04775399 0.00441727
0.101052 -0.04787105 0.004477382
0.1014997 -0.04740274 0.004483033
0.1037932 -0.04513383 0.005981844
0.09784606 -0.03804046 0.005781919
-0.1281353 -0.02334511 0.004771896
-0.105225 0.009961724 0.004771896
0.1319401 0.009961724 0.004771896
-0.1020788 0.01601756 0.004771896
0.1360609 0.02409184 0.004594218
0.1361675 0.02913833 0.004771896
0.1421167 0.03216624 0.004041445
0.1400981 0.03418481 0.004349604
0.1454021 0.04831499 0.004771896
-0.09757011 0.05840802 0.004771896
0.1310964 0.1050093 0.004143428
0.1074731 0.1234027 0.005735897
-0.06517933 0.1250216 0.004771896
-0.06277074 0.1310774 0.00403975
0.1178935 0.1553006 0.004365593
0.1447824 0.2138398 0.004771896
0.1269772 0.2592583 0.004118234
-0.07589161 0.2649224 0.004771896
0.1310144 0.268342 0.003949843
-0.04460338 0.2754837 0.004771896
0.08862391 0.2951933 0.004771896
0.1148653 0.2955929 0.004771896
0.1301674 0.3066952 0.004771896
0.1148656 0.3087138 0.00383006
0.08082446 0.3097231 0.004771896
-0.0102875 0.3147696 0.004771896
0.07651193 0.3157789 0.004771896
0.1311267 0.3157789 0.004771896
0.06641734 0.3258719 0.004771896
0.1421454 0.3339463 0.004771896
0.02806605 0.3450485 0.003942333
0.03109395 0.3460578 0.004181094
0.1032777 -0.3437111 0.005814701
0.1088099 -0.3446215 0.005781196
0.111757 -0.2418007 0.005168147
-0.02086276 -0.2412553 0.006547894
-0.02095695 -0.2412767 0.006232794
-0.02090027 -0.2412634 0.006423391
-0.1511501 -0.2020566 0.005692821
0.06805766 -0.2009815 0.005781196
-0.1188598 -0.1994498 0.006151121
-0.08667737 -0.195843 0.003373332
-0.1559806 -0.1848328 0.005781196
0.04219622 -0.1655313 0.005781196
0.1320237 -0.148498 0.005456485
0.06120008 -0.1467822 0.005902149
0.07752164 -0.1279003 0.005781196
-0.1066385 -0.09399596 0.005781196
0.09958165 -0.0797689 0.005265441
0.09925061 -0.07894936 0.005164836
0.1010782 -0.07591739 0.005479656
0.1001246 -0.07505751 0.005987696
0.1004896 -0.0755581 0.006066259
0.1005013 -0.07161778 0.004708029
-0.1203007 -0.0700433 0.005781196
0.08862391 -0.06977281 0.005749784
0.1002878 -0.0704672 0.004734065
0.1004182 -0.07053986 0.005089138
0.1003992 -0.07015228 0.004801814
0.1047727 -0.06908649 0.005781196
0.1007419 -0.05171043 0.00473661
-0.1362149 -0.05261475 0.005781196
0.1007468 -0.05138338 0.004719574
0.1007565 -0.05085856 0.004688486
0.100771 -0.05020857 0.004644241
0.101333 -0.04667199 0.004729141
0.1128471 -0.04659128 0.005781196
-0.1367725 -0.0405032 0.005781196
0.09951705 -0.03649831 0.00669574
-0.1071798 0.008972645 0.005781196
0.1411074 0.04581195 0.005781196
-0.09103107 0.06689012 0.005781196
-0.06478933 0.1351146 0.004845131
-0.06075214 0.1361239 0.004836652
-0.06075214 0.1411704 0.005528666
0.1135762 0.1564794 0.005225837
0.1199121 0.1613564 0.005642757
0.1464312 0.2017282 0.005781196
0.1259679 0.2219142 0.005134597
0.147602 0.2309979 0.005781196
0.1199121 0.2663233 0.004955873
-0.06478933 0.2778656 0.005781196
0.1067913 0.2804535 0.005145416
-0.02956836 0.2895372 0.005781196
0.1078006 0.2895372 0.004801609
0.08582775 0.2986208 0.005781196
0.1390888 0.3140712 0.005781196
0.1310144 0.3218347 0.005257491
0.1424122 0.3268812 0.005781196
0.02301956 0.3406076 0.005781196
0.02806605 0.342606 0.005781196
0.03210324 0.3424809 0.005781196
0.1053807 -0.3325834 0.007176045
-0.1758121 -0.3038867 0.006790489
0.1380795 -0.2474092 0.006181117
-0.02083208 -0.2412488 0.006648745
-0.02067378 -0.2412052 0.00719744
-0.0206435 -0.2411976 0.007300872
-0.02070991 -0.2412145 0.007074591
0.04327201 -0.2410006 0.006820001
0.1295743 -0.2406594 0.006618712
-0.1033687 -0.2342108 0.004942186
-0.09641185 -0.2339997 0.006246075
-0.08786914 -0.2183269 0.006623637
0.0916518 -0.2185041 0.006790489
0.06036358 -0.2040094 0.005804893
-0.1093938 -0.2011959 0.007322229
-0.1184416 -0.2013436 0.005306259
-0.154987 -0.1969443 0.006790489
-0.02292245 -0.1901126 0.007024162
-0.10568 -0.184431 0.006929491
0.1228076 -0.1481024 0.004792325
0.06490501 -0.1434515 0.006790489
0.1253086 -0.1434515 0.006790489
-0.1273658 -0.1404358 0.006790489
0.07342833 -0.1404237 0.006790489
-0.1380995 -0.1363865 0.006790489
0.1219307 -0.1343679 0.006724887
0.1284617 -0.1323493 0.006790489
0.1295404 -0.1293214 0.006790489
0.1259679 -0.1222119 0.006790489
0.1279865 -0.1209926 0.006790489
0.08054952 -0.1130999 0.006790489
-0.1475505 -0.1081261 0.006790489
-0.1243367 -0.09803316 0.006790489
-0.1364495 -0.09601456 0.006338283
-0.1091984 -0.09524342 0.006790489
-0.1162635 -0.09399596 0.005943369
0.09903301 -0.07695898 0.007036354
0.1005857 -0.07421774 0.005952571
-0.1312294 -0.06472632 0.006790489
0.1067913 -0.06068912 0.006440669
0.1036201 -0.05841213 0.006896954
0.1037408 -0.05731809 0.006988596
0.1040246 -0.05762893 0.0070519
0.1036903 -0.05653489 0.006910801
0.1037416 -0.0566358 0.006934013
-0.1358903 -0.05564266 0.006790489
0.1035894 -0.05548924 0.006731145
0.1035696 -0.05577183 0.006695293
0.1034033 -0.05540854 0.006444745
0.1033928 -0.0548473 0.006312367
0.09231189 -0.05261475 0.006790489
0.1106642 -0.05160546 0.006790489
0.1041497 -0.04893285 0.006604455
-0.135418 -0.04454035 0.006790489
0.1068551 -0.03620356 0.008352559
-0.1324878 -0.02940089 0.006790489
-0.1229083 -0.02178276 0.0062875
-0.1313808 0.008952439 0.006790489
0.1461539 0.05779034 0.006790489
0.1482435 0.06345451 0.006790489
0.1486242 0.1028171 0.006790489
0.1491301 0.1139193 0.006790489
0.1323132 0.1246704 0.006472323
-0.06020349 0.133096 0.006790489
0.1483077 0.1361239 0.006790489
-0.06680793 0.1418164 0.006790489
-0.06277074 0.1413319 0.006790489
0.1078918 0.1514572 0.006821617
0.1254544 0.1579288 0.008156151
-0.07690091 0.2047561 0.006525207
0.12294 0.2148491 0.006351408
0.1259679 0.2148491 0.006240588
0.1289958 0.2209049 0.006226458
-0.0799288 0.2239328 0.005796779
0.1239493 0.2289793 0.006021932
0.1158749 0.2461374 0.006770507
0.1219307 0.2521932 0.00621818
0.1269772 0.2522174 0.006790489
0.1300184 0.2552211 0.006790489
0.1469758 0.2552211 0.006790489
0.1050052 0.2774256 0.006790489
0.09669829 0.2855 0.006409097
0.1394227 0.2905464 0.006790489
0.08862391 0.292565 0.005863551
0.1037634 0.2945836 0.00614224
0.1017448 0.2976115 0.006010827
-0.02038023 0.2992063 0.006790489
0.1380621 0.3077045 0.006790489
0.1411074 0.3233123 0.006790489
0.03513113 0.3409912 0.006790489
0.1390888 -0.3432925 0.007664464
-0.02038023 -0.3141678 0.007799789
0.1505354 -0.2928276 0.007799789
-0.1768622 -0.2857625 0.007799789
-0.02048989 -0.2411435 0.007865921
-0.02047099 -0.2411322 0.007951587
0.1083056 -0.2404135 0.005969286
-0.02049231 -0.2411411 0.00786709
-0.1606726 -0.2393348 0.007771693
-0.09797827 -0.2357558 0.008550424
-0.04658806 -0.2351103 0.007844441
0.1088099 -0.233279 0.007764585
0.06641936 -0.1999415 0.007799789
-0.09457411 -0.195258 0.007313147
-0.03883141 -0.1922591 0.008485548
0.02571067 -0.1805578 0.007313386
-0.1435146 -0.1767894 0.007799789
0.04609756 -0.1616189 0.007799789
0.1310144 -0.1398786 0.007799789
0.1230874 -0.1283121 0.007799789
-0.1451028 -0.1273028 0.007799789
0.1311795 -0.1222563 0.007799789
-0.1455331 -0.1040889 0.007411491
-0.141496 -0.103552 0.007799789
0.09821103 -0.08041888 0.006807368
0.0981545 -0.08013222 0.006957911
0.09924253 -0.07601836 0.007239912
0.1041497 -0.05747956 0.007321987
0.1033593 -0.05706775 0.00668145
0.1037585 -0.05660754 0.0069259
0.1036116 -0.05578798 0.006806519
-0.131403 -0.0405032 0.007703424
0.1168834 -0.0324288 0.007799789
-0.1063042 -0.02626401 0.007910527
-0.09809615 -0.02132648 0.006872367
-0.09784263 -0.002307355 0.007585697
-0.1027991 0.001903474 0.0086696
0.1383128 0.0392313 0.007799789
-0.09654588 0.05941731 0.007799789
-0.09204037 0.06239271 0.007799789
0.1490465 0.07960325 0.007799789
0.1295461 0.1041493 0.00779333
0.1114566 0.111388 0.007873911
-0.06075214 0.1452076 0.006948791
0.1471386 0.160347 0.007799789
0.1098192 0.163375 0.007563088
0.1487021 0.1886074 0.007799789
0.1290523 0.2269607 0.007799789
0.1209214 0.2350351 0.007138781
-0.07812458 0.2400815 0.007799789
0.1168842 0.2400815 0.007647548
0.1219307 0.2471467 0.007480491
-0.07286371 0.2653261 0.007799789
-0.06983583 0.2723791 0.006835748
0.1316822 0.2764163 0.007799789
0.1310144 0.2927468 0.007799789
-0.01634305 0.3136352 0.007799789
0.1360609 0.3248626 0.007726111
0.06540926 0.3278905 0.007799789
0.1400981 0.3278905 0.007035751
0.010908 0.3349556 0.006792147
0.1066229 -0.3447285 0.008706745
-0.02026211 -0.2410325 0.00881131
-0.02034903 -0.2410833 0.008418489
-0.02029622 -0.2410518 0.008653574
-0.09469887 -0.2316682 0.008728221
0.1069754 -0.2292418 0.008809086
0.04724271 -0.226214 0.008203022
0.0532985 -0.216121 0.008777961
-0.0456042 -0.2110745 0.008809086
-0.1119021 -0.2012148 0.009580836
-0.0977211 -0.1989104 0.007819332
-0.09887049 -0.1962951 0.007858369
-0.08115449 -0.1937989 0.008651555
-0.04118994 -0.1944945 0.008030351
-0.01716324 -0.1921905 0.007641733
-0.02629831 -0.1896394 0.008249249
-0.1079631 -0.1828142 0.008809086
-0.1283662 -0.1656561 0.008809086
0.05286207 -0.1535445 0.008809086
0.1320754 -0.1434515 0.008809086
0.06944039 -0.1424423 0.008809086
0.1259679 -0.1213519 0.008809086
-0.1465424 -0.1131726 0.00803104
-0.1233286 -0.1000517 0.008791361
0.08388989 -0.09096807 0.008809086
-0.1328346 -0.06169841 0.008809086
0.09032398 -0.05967981 0.008809086
0.105463 -0.05776215 0.007389043
-0.1344309 -0.04151249 0.008078236
0.1148656 -0.03845227 0.008809086
0.1041659 -0.03646195 0.008433346
-0.1263565 -0.02738231 0.007871449
0.127146 -0.005177736 0.008809086
-0.1009815 0.001152575 0.009592503
0.1424118 0.06143588 0.008809086
0.1472455 0.06446379 0.008809086
0.1483969 0.123003 0.008809086
0.104262 0.1323774 0.008496203
0.1040226 0.132551 0.008943204
0.1039652 0.1331364 0.008825678
0.1441555 0.1371332 0.008809086
0.131188 0.1385583 0.008936983
0.1314052 0.1380295 0.009474173
-0.05862697 0.1401611 0.008809086
-0.06771792 0.1482355 0.008809086
0.1078006 0.1583285 0.008673638
-0.07062308 0.160347 0.008809086
0.1476133 0.1674122 0.008809086
0.1218573 0.1713969 0.008926407
-0.07673094 0.1956725 0.008809086
0.1279538 0.2138398 0.008809086
0.1300378 0.2249421 0.008809086
0.1269772 0.2309979 0.008150987
0.1148656 0.2602676 0.00806148
0.1417041 0.2622861 0.008809086
0.1158749 0.2632954 0.007955667
0.1053875 0.265314 0.008809086
0.1088397 0.2723791 0.008809086
-0.05671496 0.2727667 0.008809086
-0.04763127 0.2741353 0.008809086
-0.04456422 0.275407 0.008809086
0.1380795 0.292565 0.00877279
0.133033 0.3067275 0.008809086
0.001824313 0.330224 0.008809086
0.1413965 -0.3402646 0.009818383
0.1413532 -0.3190693 0.009818383
-0.01533375 -0.3157181 0.009818383
-0.07891951 -0.3135759 0.009818383
-0.02022379 -0.2410139 0.008965567
-0.02010514 -0.2409234 0.009592343
-0.02008064 -0.2409142 0.009692546
-0.02014785 -0.2409691 0.009304166
-0.0169217 -0.2404232 0.009343531
-0.1116559 -0.2382476 0.009619068
-0.04642213 -0.2373832 0.01016348
0.0148407 -0.2395278 0.009595368
0.08761462 -0.2128392 0.009818383
0.05935428 -0.2080466 0.008828424
0.0653273 -0.2029315 0.009236749
-0.1015698 -0.1993077 0.008087236
-0.09605899 -0.1953553 0.008259583
-0.08806778 -0.1815255 0.01043369
0.04724271 -0.1610198 0.009818383
0.1329789 -0.1262935 0.009818383
0.1249586 -0.1232656 0.009818383
-0.1475574 -0.1222563 0.009818383
0.08122536 -0.1020703 0.009818383
-0.1152542 -0.09500527 0.008917242
0.09883235 -0.07827511 0.007443387
-0.1044325 -0.07298639 0.009036057
0.1057372 -0.04915082 0.009161979
0.09998295 -0.03398311 0.009507559
-0.1082453 -0.02808076 0.009632353
-0.1233286 -0.02739441 0.009818383
-0.09923666 0.02611047 0.009818383
-0.09837311 0.05235219 0.009818383
0.1487199 0.08061254 0.009818383
0.1347153 0.1092806 0.01047055
-0.07286412 0.11291 0.009818383
0.1088321 0.1178476 0.008260068
0.1013863 0.1243192 0.009975957
0.1348223 0.1245493 0.01190601
0.1032523 0.1324177 0.009611033
0.09669829 0.1323976 0.009818383
0.1039418 0.132773 0.009084258
0.103966 0.1330274 0.008981556
0.1029273 0.1382152 0.009783909
0.131343 0.1376419 0.009866871
0.1313043 0.1376621 0.009819679
0.1313648 0.1383525 0.009858634
0.1313317 0.1396807 0.00979824
-0.06478933 0.1482355 0.009724721
0.1411074 0.1583285 0.009669937
0.1409701 0.1643842 0.009818383
0.1398292 0.1674122 0.009818383
0.1217261 0.1767058 0.009662427
0.1219307 0.1966818 0.009264119
-0.07589161 0.2229235 0.009716243
0.1231043 0.2390723 0.009818383
0.1118378 0.2693512 0.008809168
-0.06277074 0.2713698 0.009116035
0.1380795 0.2733884 0.009802599
0.1340423 0.2743977 0.009754274
0.09013221 0.2774256 0.009818383
0.09770759 0.2784349 0.009062663
0.1401078 0.2824721 0.009818383
0.08963321 0.2834814 0.008818451
0.08765176 0.2885279 0.009818383
-0.02441743 0.2911682 0.009818383
0.1320237 0.2935743 0.008947156
0.1360609 0.302658 0.009219706
-0.01773684 0.3077045 0.009818383
0.02604746 0.3415281 0.009818383
-0.1576447 -0.3270783 0.01082768
-0.02002032 -0.2408197 0.01028468
-0.01985395 -0.2407745 0.0106557
-0.0199795 -0.2408019 0.01031411
-0.08841417 -0.210305 0.010554
-0.1301288 -0.204487 0.01040846
-0.1130887 -0.2011474 0.01126866
-0.111045 -0.2011301 0.009164039
-0.1077987 -0.200772 0.007887315
-0.1566241 -0.1868514 0.01082768
-0.1568155 -0.1838235 0.01082768
-0.1051612 -0.1777677 0.01071387
0.05430779 -0.1536576 0.01082768
0.1272364 -0.1467136 0.01024386
0.1300051 -0.1464794 0.01003603
0.1259679 -0.1454701 0.01013458
0.1289958 -0.1373958 0.00988185
0.1290309 -0.1323493 0.01082768
0.07606744 -0.1162005 0.01082768
-0.1203007 -0.101061 0.0102255
-0.1354402 -0.09904242 0.01073135
-0.1081891 -0.09726202 0.01082768
-0.111217 -0.09601051 0.01082768
-0.1243379 -0.03041017 0.0105628
-0.1206007 -0.02405971 0.009986615
-0.1189107 -0.02370042 0.009572562
-0.09487569 -0.006154716 0.01086503
-0.1040982 0.01298964 0.01082768
0.1339293 0.02409184 0.01082768
0.1369119 0.03317553 0.01082768
-0.0918587 0.05840802 0.01082768
0.1481135 0.1038264 0.01082768
0.1052446 0.116487 0.01218273
0.1441353 0.1209844 0.0098418
0.1320871 0.1277226 0.01078683
0.1049874 0.1296281 0.008411385
0.1040173 0.1324057 0.009100128
0.1037932 0.1329426 0.009248253
0.1317484 0.1346988 0.01029865
0.1313879 0.1358009 0.0106603
0.1314202 0.1360149 0.0106381
0.1313624 0.1364509 0.0104775
0.1313527 0.1369071 0.01033244
0.1313293 0.1374885 0.01014592
-0.06277074 0.1502541 0.01007475
-0.06781763 0.1522727 0.01082768
0.1243107 0.1649333 0.0104339
0.1418926 0.1694307 0.01082768
0.1462467 0.1734679 0.01082768
0.1118378 0.1785144 0.009818707
0.1239493 0.1785144 0.0103112
0.1483764 0.1855795 0.01082768
0.12294 0.1875981 0.01006409
0.1148656 0.2087933 0.009847775
0.1465281 0.2098026 0.01082768
-0.07387301 0.2148491 0.01070087
-0.06341063 0.2249421 0.01082768
-0.06075214 0.2259514 0.01060043
-0.06338399 0.2269607 0.01082768
-0.06176144 0.2289793 0.01053305
-0.05974285 0.2320072 0.01062711
0.1248121 0.2350351 0.01082768
-0.07690091 0.2461818 0.01082768
-0.07488231 0.2504128 0.01082768
0.1471826 0.2521932 0.01082768
0.1340423 0.2612768 0.01040349
0.1400981 0.2632954 0.01038694
0.1007355 0.2643048 0.009930901
-0.06478933 0.2663233 0.01076971
0.133033 0.2824721 0.01027362
0.13909 0.2824721 0.01082768
-0.036529 0.2825125 0.01082768
0.1350516 0.2966022 0.00982016
0.07247515 0.3230135 0.01082768
0.03513113 0.3412011 0.01082768
0.1411074 -0.3432925 0.0109098
0.139153 -0.338246 0.01183698
-0.1293226 -0.3321902 0.01183698
-0.1283751 -0.3301716 0.01169374
0.1327678 -0.328153 0.01183698
-0.01735234 -0.3151093 0.01183698
-0.007259365 -0.314282 0.01183698
-0.01734524 -0.3105617 0.0129938
-0.1721366 -0.2756695 0.01183698
-0.02780128 -0.2413401 0.01232831
0.1296381 -0.2419166 0.01275241
0.1372377 -0.2413534 0.01183698
-0.01972936 -0.2406627 0.01206645
-0.0201095 -0.2406849 0.01096511
-0.01972875 -0.2406639 0.01088586
-0.02093515 -0.2405977 0.01103858
-0.01898022 -0.2405581 0.01137614
0.06413956 -0.2080466 0.01183698
-0.1354523 -0.2058649 0.01180085
0.0783864 -0.2075359 0.01209762
-0.1126006 -0.2011814 0.01062538
-0.1134274 -0.2011172 0.0118082
-0.112934 -0.201143 0.01113003
-0.1124375 -0.2011712 0.01048525
-0.1133281 -0.2011228 0.01164832
-0.1130039 -0.2011382 0.01120576
0.008052802 -0.1862696 0.0114155
-0.02346178 -0.1857185 0.01238737
-0.08450415 -0.1828085 0.01169943
0.02635909 -0.1780349 0.01122595
0.05862234 -0.1500322 0.01132882
0.1289958 -0.1434515 0.01181264
-0.12131 -0.1404237 0.01110504
-0.1402481 -0.1343679 0.01183698
0.1318836 -0.1283121 0.01183698
0.1300051 -0.1242749 0.01180965
-0.1297348 -0.06472632 0.01183698
-0.1351196 -0.05766124 0.01183698
0.1080537 -0.04607451 0.01037705
-0.1351547 -0.04554969 0.01183698
-0.1293727 -0.03949386 0.01183698
0.1144583 -0.03747529 0.01183698
0.0977843 -0.03462499 0.01181603
0.1095075 -0.0295139 0.01341112
-0.09708686 -0.0243544 0.01099192
-0.09607756 -0.02334511 0.01176237
0.1243716 -0.01123351 0.01183698
-0.1243379 0.01097101 0.01106693
-0.1091984 0.0101999 0.01183698
0.1414025 0.06547308 0.01183698
0.1470788 0.07859397 0.01183698
0.1470844 0.09777063 0.01183698
0.1210228 0.1026112 0.0120522
0.1423884 0.105845 0.01183698
0.1471632 0.1098822 0.01084109
0.1423759 0.1119007 0.01183698
0.1095087 0.1137418 0.01132555
0.1430872 0.1240124 0.01183698
0.1326495 0.1279647 0.01230356
0.0936704 0.1320867 0.01164323
0.1325372 0.133415 0.01210683
0.1314747 0.1356435 0.01084621
0.101287 0.1366972 0.01138421
0.1313451 0.1366447 0.01048731
0.1329171 0.137654 0.01183068
-0.05923577 0.1452076 0.01183698
0.1296846 0.1481951 0.01215043
0.1390476 0.163375 0.01183698
-0.07185441 0.1652361 0.01183698
0.1390888 0.1744772 0.01128974
0.1067913 0.1764959 0.01176257
0.1237794 0.1760114 0.01219475
-0.0748274 0.1785144 0.01183698
0.1241492 0.1875981 0.01183698
-0.07581167 0.190626 0.01183698
0.1078006 0.190626 0.01156709
0.1249586 0.1916353 0.01089228
0.1098192 0.1936539 0.0108513
0.1258226 0.2047561 0.01183698
0.1067913 0.2128305 0.01090891
-0.06397746 0.2209049 0.01183698
-0.06478933 0.2259514 0.01128647
-0.06378004 0.2259514 0.01183698
-0.06377883 0.2259514 0.01183698
0.1128471 0.2330165 0.01182717
0.1148656 0.2330165 0.01088489
-0.05469636 0.2340258 0.01129006
-0.05873355 0.2350351 0.01136911
0.1340423 0.2581157 0.01183698
0.1441353 0.2590967 0.01183698
-0.06362218 0.2602676 0.01183698
0.08761462 0.275407 0.01155583
-0.02068044 -0.3079416 0.01278725
0.14521 -0.2776881 0.01284628
-0.1638083 -0.2423627 0.01284628
0.05017613 -0.2384511 0.01317846
-0.1138299 -0.2010788 0.01244111
-0.1136789 -0.2010933 0.01219504
-0.1135259 -0.2011034 0.01196916
-0.08293126 -0.1971861 0.01253901
-0.01598559 -0.1897472 0.01241373
-0.1535159 -0.18887 0.01284628
-0.03172886 -0.1832429 0.01438873
-0.1455331 -0.1739036 0.01284628
0.04046075 -0.1666654 0.01284628
0.05999902 -0.1482033 0.0121304
-0.1195885 -0.1434515 0.01284628
0.1249586 -0.1394628 0.01284628
0.1239493 -0.1386271 0.01284628
0.12294 -0.1303307 0.01190916
0.1239493 -0.1293214 0.01258903
-0.1475049 -0.1232656 0.01284628
0.08058909 -0.09197736 0.01284628
0.08529888 -0.0748193 0.01284628
-0.1364454 -0.05160546 0.01284628
-0.1303937 -0.04277611 0.01284628
0.09337407 -0.03852493 0.01254563
0.1032886 -0.03311509 0.01262423
-0.1296682 -0.03141952 0.01284628
-0.09809615 -0.02940089 0.01200428
-0.1011814 0.02005464 0.01284628
-0.09716235 0.05336148 0.01284628
-0.09183649 0.05739868 0.01284628
0.1451446 0.07354748 0.0119713
0.1350573 0.1115697 0.01290764
0.09754691 0.1256434 0.0128506
0.1314726 0.1340165 0.01123463
0.0946797 0.1391518 0.01187626
0.1335389 0.1376218 0.01355565
0.105004 0.1542913 0.01284628
-0.06478933 0.1567701 0.01284628
0.1370294 0.1744772 0.01284628
0.1451446 0.1825516 0.01185902
0.1471632 0.1855795 0.01188078
0.1472944 0.2007189 0.01284628
-0.07254478 0.2128305 0.01284628
-0.06075214 0.2209049 0.01192358
0.1433791 0.2209049 0.01284628
0.1435059 0.2239328 0.01284628
-0.07543541 0.2259514 0.01284628
-0.06378004 0.2259514 0.01183775
0.1027541 0.2259514 0.01184106
-0.06680793 0.2269607 0.01242213
-0.07743341 0.2340258 0.01284628
-0.05570566 0.2400815 0.01267195
0.1118378 0.2400815 0.01184134
-0.05166847 0.2421002 0.01268414
-0.05065916 0.2461374 0.01277405
-0.04460338 0.2461374 0.01240465
-0.06052727 0.2562304 0.01284628
0.1400981 0.2602352 0.01284628
0.0926611 0.2664565 0.01284628
0.08693232 0.2824721 0.01284628
-0.0345104 0.2834693 0.01284628
0.01393588 0.3392067 0.01284628
-0.02239883 -0.3136643 0.01385557
0.1334496 -0.2675951 0.01385557
0.1118378 -0.2292418 0.01377907
-0.09607756 -0.2221768 0.01372207
-0.0483612 -0.2120838 0.01385557
-0.1139789 -0.2010622 0.01269771
-0.1138303 -0.2010764 0.01245088
-0.02965673 -0.1862918 0.0134909
-0.111108 -0.1807956 0.01385557
0.01580906 -0.1807661 0.01423402
0.03365522 -0.1716485 0.01305552
0.05430779 -0.1515259 0.01341726
0.1269772 -0.1343679 0.01286792
0.1289958 -0.1283121 0.0137517
0.06996321 -0.1232656 0.01385557
-0.1455331 -0.1091354 0.01341475
-0.1445238 -0.1071168 0.01360854
-0.1150685 -0.09803316 0.01385557
0.07345579 -0.08693087 0.01385557
0.0926611 -0.04353106 0.01289755
0.1092749 -0.03786284 0.01308665
0.1128063 -0.03799206 0.01340236
-0.1303937 -0.03444737 0.01299146
0.09632728 -0.0343343 0.01372538
-0.1233286 -0.03259432 0.01385557
-0.1189337 -0.02723294 0.01351508
-0.09522491 -0.02233583 0.01385557
0.1271464 -0.00214982 0.01385557
-0.1264158 0.0006479025 0.01328145
-0.121614 0.0005913973 0.01368601
-0.0948228 0.0006842613 0.01513133
0.1301303 0.004915237 0.01385557
0.1412002 0.07455677 0.01385557
0.09943873 0.1384009 0.0131391
-0.06983583 0.1625029 0.01385557
0.1372038 0.1795237 0.01385557
0.1404974 0.1845703 0.01385557
0.1419798 0.1855795 0.01385557
-0.07171756 0.2077841 0.01385557
-0.06811356 0.2249421 0.01385557
-0.07690091 0.2289793 0.01382736
-0.05963182 0.2350351 0.01385557
0.1481474 0.2350351 0.01385557
-0.07589161 0.2400815 0.01382913
0.1047727 0.2471467 0.01313376
0.09770759 0.248156 0.01339077
-0.04460338 0.2501746 0.0134135
-0.05974285 0.2521932 0.01292298
0.1289958 0.2527382 0.01385557
0.1017448 0.2562304 0.0128533
-0.01230585 0.3146605 0.01385557
0.1045999 -0.3411273 0.0138739
0.1334606 -0.3321902 0.01486487
-0.01692674 -0.3128153 0.01419413
-0.1735262 -0.3099856 0.01486487
-0.02131799 -0.3076994 0.01389478
-0.1616819 -0.2524577 0.01486487
-0.1002149 -0.2358657 0.01454012
0.1010677 -0.2203245 0.01445239
-0.1340142 -0.205466 0.01373458
0.07498668 -0.2060243 0.01469026
-0.114018 -0.2010566 0.0127724
-0.1543855 -0.1969443 0.01486487
-0.1525853 -0.1898792 0.01486487
-0.0363231 -0.188243 0.01522745
0.006766626 -0.1859725 0.01506891
-0.1538195 -0.1767584 0.01486487
-0.09910545 -0.1767584 0.01457722
-0.08699388 -0.1773676 0.01486487
-0.1274195 -0.1636375 0.01486487
0.0443459 -0.1616189 0.01486487
0.0532985 -0.1474726 0.01486487
0.06293406 -0.1414329 0.01486487
0.06339147 -0.1353772 0.01482733
0.1239493 -0.1353772 0.01439252
-0.1466668 -0.121247 0.01486487
0.07449374 -0.1081261 0.01396547
-0.1192914 -0.1071168 0.01484598
0.06835399 -0.1030796 0.01486487
0.07651234 -0.1000517 0.01388981
-0.1071798 -0.09904647 0.01486487
0.07247515 -0.09702384 0.01480896
0.07853094 -0.09298667 0.01386647
0.07752164 -0.08188438 0.0147696
0.07853094 -0.07784718 0.01454618
0.08256812 -0.07784718 0.01427807
0.08531825 -0.06674489 0.01486487
0.08871515 -0.05160546 0.01486487
0.1099766 -0.02900118 0.01525592
-0.106548 0.01198035 0.01486487
0.1380541 0.03317553 0.01486487
0.1400561 0.05538011 0.01486487
0.1400032 0.09171486 0.01486487
0.1331711 0.1035236 0.01554583
0.09257027 0.1361239 0.01486487
0.0946797 0.1419375 0.01486487
-0.06680793 0.165224 0.01486487
-0.0720151 0.1734679 0.01486487
0.1427885 0.1946632 0.01486487
0.14408 0.1987004 0.01486487
0.1027541 0.2037469 0.01465825
-0.07482982 0.2209049 0.01486487
0.1318695 0.2209049 0.01486487
-0.06690522 0.2269607 0.01486487
0.1462605 0.2289793 0.01486487
-0.06176144 0.2307274 0.01486487
0.09568899 0.2330165 0.01431973
-0.05065916 0.2350351 0.01392473
-0.04460338 0.2360444 0.01481271
0.1259679 0.2471467 0.01449894
-0.04157548 0.2491652 0.01485882
0.08054952 0.31286 0.01486487
0.0532985 0.3367158 0.01486487
0.1422128 -0.3443018 0.01587417
0.02503816 -0.3140313 0.01587417
0.09757396 -0.3148424 0.0157495
-0.00927796 -0.3135259 0.01587417
-0.0142649 -0.3118916 0.01592181
-0.01681079 -0.3109029 0.0149964
0.148168 -0.3079671 0.01587417
0.1500158 -0.2877811 0.01587417
-0.1586229 -0.2645673 0.01587417
0.119506 -0.2401802 0.01476669
-0.02065941 -0.2407289 0.01551111
-0.03875188 -0.2390312 0.01571934
0.05834498 -0.2181396 0.0157669
-0.1519095 -0.2009815 0.01587417
-0.09704083 -0.1969056 0.0120906
-0.1543831 -0.1949257 0.01587417
-0.08088521 -0.1900718 0.01585891
-0.009080058 -0.1882922 0.01529516
-0.03451605 -0.1843507 0.01631879
-0.08401646 -0.1787769 0.01587417
0.02165859 -0.1768161 0.01632476
-0.1364495 -0.1707587 0.01587417
-0.1031394 -0.1696541 0.01640207
-0.1205684 -0.1515259 0.01587417
0.05834498 -0.1464794 0.01524098
0.05834498 -0.1414329 0.01530505
0.05610475 -0.1384051 0.01587417
-0.1324123 -0.137097 0.01587417
0.05828685 -0.1333586 0.01587417
0.06641936 -0.1202377 0.01548789
-0.1430624 -0.1192284 0.01587417
0.07146585 -0.1190185 0.01587417
0.07309203 -0.1172098 0.01587417
0.06932332 -0.09803316 0.01587417
0.07216832 -0.08390298 0.01587417
0.07349857 -0.07986578 0.01587417
0.07651234 -0.0748193 0.01503395
-0.1047547 -0.07186002 0.01550784
-0.1100378 -0.06992623 0.01586739
0.08155882 -0.06674489 0.01558555
-0.1337748 -0.04554969 0.01587417
-0.1045545 -0.03925973 0.01603602
-0.09696332 -0.03444737 0.01587417
0.08883142 -0.03270733 0.01666566
0.09187102 -0.0320453 0.01596921
0.118112 -0.0283916 0.01587417
-0.09893347 -0.0005713105 0.01241228
0.1310281 0.005924523 0.01587417
-0.09854752 0.04024065 0.01587417
0.1400569 0.07455677 0.01587417
0.1239493 0.09877992 0.01512499
0.131603 0.1315901 0.01246206
0.0926611 0.1395515 0.01587417
-0.06540097 0.1623657 0.01587417
0.1047727 0.1664029 0.01543428
-0.06781723 0.1744772 0.01546084
-0.07366671 0.1785144 0.01587417
0.1047727 0.1815423 0.01515301
0.1252921 0.1966818 0.01587417
0.09770759 0.2158584 0.01492967
0.1267713 0.2340258 0.01587417
0.08761462 0.2562304 0.01524501
-0.04964987 0.2748176 0.01587417
-0.03047321 0.2838609 0.01587417
0.1052745 -0.342917 0.01753907
-0.1354402 -0.3341551 0.01688347
-0.02542672 -0.3142408 0.01688347
-0.01789643 -0.3117204 0.01673276
-0.1573456 -0.2595208 0.01688347
-0.1577586 -0.2564929 0.01688347
0.05245593 -0.2397026 0.0172238
0.1024077 -0.2171884 0.01849055
-0.04896233 -0.2070373 0.01688347
-0.1424112 -0.2013275 0.0169219
-0.03369005 -0.1880355 0.01582879
0.01087676 -0.1841165 0.01627192
-0.03205175 -0.1814936 0.01709474
-0.1031426 -0.1675725 0.01688347
0.05113254 -0.1454701 0.01688347
-0.1243379 -0.1372383 0.01688347
0.05934621 -0.1293214 0.01688347
0.06238218 -0.1262935 0.01590106
0.0622445 -0.1192284 0.01688347
0.06641936 -0.1162005 0.01679538
-0.1435146 -0.1141819 0.01599791
0.06788567 -0.11159 0.01717721
-0.1253472 -0.06672472 0.01688347
0.07850065 -0.06472632 0.01688347
0.08155882 -0.05967981 0.01688315
0.08668 -0.04554969 0.01688347
-0.09973849 -0.04141152 0.01663474
0.1119552 -0.03444737 0.01627991
-0.1105618 0.002747297 0.01712154
-0.1306064 0.007943153 0.01688347
0.1353124 0.01803607 0.01688347
-0.09308197 0.05638939 0.01688347
-0.0799288 0.0997811 0.01688347
0.1336095 0.1202093 0.01351597
0.1414752 0.133096 0.01688347
0.09264293 0.1441983 0.01688347
0.1027541 0.163375 0.01671726
0.1390888 0.1815423 0.01603324
0.09474065 0.2047561 0.01688347
-0.07102397 0.2057654 0.01688347
0.1279865 0.2087045 0.01688347
0.0926611 0.2094676 0.01688347
0.09061425 0.2188863 0.01688347
-0.05267776 0.2198956 0.01588269
0.1413908 0.2198956 0.01688347
-0.06882653 0.2229235 0.01610005
0.1421118 0.2239328 0.01688347
-0.06898559 0.2259514 0.01688347
-0.06579863 0.2272393 0.01688347
0.08862391 0.2299886 0.01608096
0.1289958 0.2299886 0.0165632
-0.03789801 0.2360444 0.01688347
-0.05873355 0.2410909 0.01620635
-0.05974285 0.2421002 0.01653845
0.08458672 0.2431095 0.01592169
-0.05570566 0.248156 0.01622306
-0.05368706 0.248156 0.01605201
0.1299417 0.2521932 0.01688347
-0.05406535 0.2542117 0.01688347
-0.04408742 0.2535214 0.01661609
0.1451531 0.2542117 0.01688347
0.07917365 0.2562304 0.01688347
0.133033 0.2552493 0.01688347
0.143126 0.2573082 0.01688347
0.08054025 0.2632954 0.01688347
-0.06178203 0.2673326 0.01688347
-0.05974285 0.2703605 0.01595758
-0.02844541 0.2855 0.01688347
-0.1600323 -0.3261344 0.01789277
-0.01129656 -0.3109744 0.01789277
-0.1769405 -0.2857625 0.01789277
0.1326818 -0.2396489 0.01831049
-0.05140201 -0.2360231 0.01868042
0.0532985 -0.2295131 0.01789277
0.09655982 -0.2155073 0.01730459
0.06641936 -0.2120838 0.01740382
-0.08584773 -0.1990792 0.01651972
-0.008060629 -0.1891347 0.01715004
-0.02130399 -0.1848049 0.01553081
-0.08063733 -0.1839837 0.01782252
-0.03555805 -0.1811161 0.01837816
-0.1397806 -0.1333586 0.01789277
-0.1253432 -0.1141819 0.01789277
-0.1404867 -0.1101447 0.01758017
0.06668258 -0.1049085 0.01802099
0.08054952 -0.05893296 0.01789277
-0.1263565 -0.03343809 0.01722546
-0.12131 -0.03343809 0.01739337
0.1143226 -0.03343809 0.01789277
-0.1162635 -0.0324288 0.01788566
0.108063 -0.02959466 0.01728372
0.1209033 -0.01930791 0.01789277
0.1306426 -0.00214982 0.01789277
-0.1051612 0.01504052 0.01789277
-0.09809414 0.03115696 0.01789277
0.1269772 0.09751225 0.01789277
-0.07659045 0.1068543 0.01789277
0.09884486 0.1426682 0.01763717
0.1004141 0.1452076 0.01789277
0.1390319 0.1563099 0.01789277
0.136916 0.1653935 0.01789277
0.1027541 0.1744772 0.01692614
0.1425979 0.1875981 0.01789277
0.0946797 0.1966818 0.01785179
0.1435862 0.1997097 0.01789277
-0.07308374 0.2138398 0.01789277
0.1320237 0.2158584 0.01764311
-0.07589161 0.2229235 0.01753826
0.133033 0.2259514 0.0172433
-0.04864057 0.2269607 0.01771889
-0.04258478 0.2289793 0.01787286
-0.07690091 0.2299886 0.01713091
-0.03785602 0.2389269 0.01853759
-0.04694293 0.2537677 0.01758868
0.1370702 0.2568399 0.01789277
-0.06075214 0.2602676 0.01709219
-0.02115618 0.2955929 0.01789277
-0.01634305 0.312751 0.01722707
-0.01230585 0.3140308 0.01789277
0.06137288 0.3329369 0.01693708
0.02604746 0.3430299 0.01789277
-0.1263565 -0.3136704 0.01890207
-0.04359408 -0.3138234 0.01890207
-0.0166481 -0.3107967 0.01912108
0.1380537 -0.2494278 0.01890207
0.06440077 -0.2144326 0.01890207
0.06944726 -0.2090111 0.01890207
0.07146585 -0.2073445 0.01890207
-0.1321511 -0.202338 0.01790948
-0.1226374 -0.1921473 0.01877921
-0.1530205 -0.1908885 0.01890207
-0.04336154 -0.1887331 0.01912383
-0.1172728 -0.1841299 0.01890207
-0.1130846 -0.1787769 0.01890207
-0.1536818 -0.1747398 0.01890207
-0.1495703 -0.1728722 0.01890207
-0.09910545 -0.1717119 0.01804238
-0.09607756 -0.1717119 0.01887413
-0.09103107 -0.1707026 0.01870735
-0.1065452 -0.1695487 0.01838538
-0.1001148 -0.1676747 0.01798808
0.03265044 -0.1668434 0.01892887
0.0381436 -0.1614223 0.01892035
0.04623341 -0.1535445 0.01822785
0.06330992 -0.1141819 0.01890207
0.07146585 -0.1141819 0.01795405
-0.1162635 -0.1050982 0.01847117
-0.1132356 -0.101061 0.01852487
-0.1046917 -0.09904242 0.01890207
-0.1080632 -0.06893712 0.01863093
-0.1011241 -0.05059618 0.01806083
-0.09910545 -0.0489611 0.01890207
-0.1342662 -0.04756826 0.01890207
0.08519714 -0.0405032 0.01890207
0.08694444 -0.02611464 0.01956017
0.09020124 -0.02296966 0.01945266
0.1259679 -0.00926739 0.01890207
-0.09520513 0.002145708 0.01882835
0.1332292 0.007943153 0.01890207
0.1369814 0.02711976 0.01890207
-0.09500286 0.05538011 0.01890207
0.1413141 0.1048357 0.01890207
0.09270995 0.1452076 0.01890207
0.09669829 0.1442468 0.01890207
0.0926611 0.1482355 0.01847166
0.1376883 0.1704401 0.01890207
-0.06579863 0.1754866 0.01852071
-0.07084512 0.1805331 0.01830238
0.1238177 0.1816514 0.01922524
-0.06983583 0.1875981 0.01872443
0.1310144 0.1875739 0.01890207
0.09426992 0.1946632 0.01890207
0.1320237 0.1966818 0.01828126
-0.06478933 0.2045422 0.01890207
-0.06277074 0.2047561 0.01865531
0.1320237 0.2118212 0.01878644
-0.07387301 0.217877 0.01872612
0.1400981 0.2209049 0.01886004
-0.07387301 0.2219142 0.01874215
-0.07589161 0.2289793 0.01834772
-0.07488231 0.2320072 0.01798651
-0.0345746 0.2330165 0.01890207
0.1279865 0.2370537 0.01879786
-0.04145033 0.2497143 0.01888604
0.07702184 0.2552211 0.01890207
-0.06075214 0.2663233 0.01801291
-0.05469636 0.2713698 0.01798175
-0.01844634 0.3016487 0.01890207
0.001824313 0.3319277 0.01790621
0.1337795 -0.3261344 0.01991136
-0.01249916 -0.3120043 0.01991136
-0.1034168 -0.2356428 0.01993736
0.1209214 -0.2342883 0.0190235
0.1078006 -0.2229963 0.01991136
-0.08535478 -0.2005104 0.01866447
-0.1525998 -0.1818049 0.01991136
-0.1548938 -0.1777677 0.01991136
-0.1183136 -0.1404237 0.01991136
-0.1223193 -0.1363865 0.01890328
-0.12131 -0.1172098 0.01893186
-0.1091984 -0.1021713 0.01991136
-0.1035068 -0.09500527 0.01991136
0.06938306 -0.09197736 0.01991136
-0.1021333 -0.06674489 0.01981241
-0.1061705 -0.05967981 0.01943477
-0.1011241 -0.05967981 0.01917066
-0.1344171 -0.05463338 0.01991136
-0.1293844 -0.04143578 0.01991136
-0.1263565 -0.03545672 0.01927417
-0.09775986 0.0513429 0.01991136
0.1381594 0.06446379 0.01991136
-0.09103107 0.06467777 0.01991136
0.1046645 0.117133 0.01905322
-0.06579863 0.123003 0.01890743
0.1386504 0.1391518 0.01991136
0.09126746 0.1462169 0.01991136
0.09974919 0.1573192 0.01991136
0.1379023 0.163375 0.01991136
0.1310144 0.1775051 0.01968669
0.1237693 0.1814333 0.01992444
0.1237559 0.1813849 0.019942
0.1237786 0.181405 0.01997466
0.12381 0.1815181 0.01967325
0.09568899 0.1816029 0.01991136
0.1370702 0.190626 0.01898547
0.1242134 0.1956725 0.01991136
0.1380795 0.2027375 0.01969501
0.0936054 0.2037469 0.01991136
-0.06983583 0.2057654 0.01974588
0.1360609 0.2067747 0.01924543
-0.06781723 0.2158584 0.018965
0.1390888 0.2239328 0.0191449
-0.04662198 0.2255598 0.01991136
-0.06882653 0.2289793 0.01939101
-0.06378004 0.2309979 0.01941055
0.1459528 0.2320072 0.01991136
-0.06378004 0.2350351 0.01915128
-0.03438 0.2350351 0.01991136
0.08559602 0.2343004 0.01991136
0.08155842 0.2441188 0.01991136
-0.008268664 0.3209869 0.01991136
0.04118692 0.3420005 0.01991136
-0.131403 -0.3342241 0.02092066
-0.168747 -0.3172687 0.02092066
-0.01836164 -0.3132707 0.02092066
-0.01432445 -0.3079537 0.02092066
-0.163707 -0.2484185 0.02092066
-0.1060054 -0.2383966 0.01963352
-0.05130431 -0.2384777 0.02229169
-0.1015015 -0.2211675 0.02092066
0.1050024 -0.2185841 0.02101485
-0.153482 -0.2010901 0.0213373
-0.1334216 -0.1988479 0.02092066
-0.1515889 -0.185842 0.02024116
-0.01594429 -0.1868231 0.02068178
-0.02709594 -0.1818541 0.02047548
-0.02743191 -0.1815049 0.02064016
-0.1374588 -0.1716715 0.02092066
-0.1243379 -0.1616189 0.01991487
-0.1435121 -0.1303307 0.02092066
-0.141496 -0.1182191 0.01998141
-0.1071798 -0.1029706 0.02092066
-0.1021333 -0.07179141 0.01991201
-0.1176253 -0.07042682 0.02073232
-0.1091984 -0.06775421 0.01997256
-0.1293844 -0.05911863 0.02092066
0.1218641 -0.009214938 0.02092066
0.1279865 -0.00527066 0.02092066
-0.09137706 -0.001556396 0.0200869
-0.1230476 -0.0008296967 0.0212532
-0.1273658 0.01154029 0.02092066
0.1360234 0.04225922 0.02092066
0.1390892 0.07051957 0.02092066
0.1403367 0.1199751 0.02092066
-0.05989586 0.1300681 0.02092066
0.09133247 0.1492448 0.02092066
0.1401481 0.1563099 0.02092066
0.1237915 0.181405 0.02017677
0.1238355 0.1814414 0.02016776
0.1238419 0.1815504 0.02029619
0.1239731 0.1810659 0.02067879
0.1441353 0.1865888 0.02088977
0.1242876 0.1875981 0.02092066
0.1390888 0.190626 0.02090072
-0.06478933 0.1936539 0.02062946
0.1259679 0.1987004 0.02082655
0.1289958 0.2027375 0.02061052
0.09165705 0.2118212 0.02092066
-0.07185441 0.2128305 0.02004289
0.1428951 0.2128305 0.02092066
-0.04864057 0.2148491 0.02036732
-0.06983583 0.2158584 0.01994774
0.1380795 0.217877 0.02081387
-0.03339008 0.2289793 0.02092066
0.143126 0.2280346 0.02092066
0.08660532 0.2292296 0.02092066
-0.04475437 0.256953 0.0209295
-0.03854759 0.2756088 0.02092066
0.1098192 -0.3489506 0.02192996
0.1047678 -0.3416215 0.02171167
-0.1309371 -0.328153 0.02192996
-0.1657191 -0.3203879 0.02192996
-0.006250069 -0.313978 0.02192996
-0.01634305 -0.3120043 0.02142244
-0.01366946 -0.3120043 0.02192996
-0.01533375 -0.3089764 0.02173912
-0.1672193 -0.2706231 0.02192996
0.1259687 -0.2396675 0.02215164
-0.1586597 -0.2382258 0.02159438
0.05531709 -0.2312604 0.02105925
-0.05143592 -0.2181396 0.02192996
0.07954023 -0.2082933 0.02192996
0.07550304 -0.207787 0.02192996
-0.1233286 -0.18887 0.02189431
-0.1203007 -0.1878606 0.02133714
-0.02707224 -0.1819474 0.02074573
-0.02711019 -0.1818545 0.02082429
-0.02694874 -0.1815925 0.02099494
-0.02716292 -0.1819958 0.02092587
-0.1093349 -0.1696933 0.02192996
0.03784934 -0.1596003 0.02192996
0.04527147 -0.1495073 0.02192996
-0.1365871 -0.1353772 0.02192996
-0.1273658 -0.13134 0.02188761
-0.1444233 -0.1273028 0.02192996
-0.1283751 -0.1252842 0.02174852
-0.141496 -0.1202377 0.02129834
-0.1334216 -0.1162005 0.02103257
0.07247515 -0.07676119 0.02192996
0.07550304 -0.06549338 0.02192996
-0.1324123 -0.04958689 0.02140665
-0.1253472 -0.04857755 0.02112712
-0.1233286 -0.04756826 0.02175038
-0.1091984 -0.04655898 0.02133382
-0.1263565 -0.04151249 0.02135559
-0.1223193 -0.04151249 0.02155099
0.1120372 -0.03000653 0.0225298
0.1073884 -0.02570689 0.02201373
0.08930822 -0.02163339 0.02184558
0.1044392 -0.02291715 0.02275423
0.121963 -0.005177736 0.02192996
-0.1263565 -0.0004420877 0.02192996
-0.1295588 0.001887321 0.02192996
-0.12131 0.01482648 0.02192996
-0.1071798 0.01616693 0.02192996
-0.09866096 0.0473057 0.02192996
0.1380694 0.06446379 0.02192996
-0.08962049 0.068501 0.02192996
0.1390888 0.144166 0.02192996
0.0916518 0.1512634 0.02160864
0.0906425 0.1522727 0.02185345
0.1310144 0.1724586 0.0217396
0.1303596 0.1764959 0.02192996
-0.06478933 0.1825516 0.02127472
0.1289958 0.190626 0.02132854
0.08963321 0.2198956 0.02092974
-0.04626711 0.2217689 0.02184893
-0.0355197 0.2249421 0.02096216
0.144057 0.2471467 0.02192996
0.07811147 0.248156 0.02192996
0.07619704 0.2542117 0.02192996
0.1400981 0.2542117 0.02110484
0.07675336 0.2592583 0.02192996
-0.05065916 0.265314 0.021223
0.08458672 0.3040872 0.02192996
-0.0166265 0.3087138 0.02192996
0.1138563 -0.3503576 0.02200569
0.1411074 -0.3493479 0.02293925
0.1054917 -0.3341325 0.02168671
0.1401877 -0.3200786 0.02293925
0.1009644 -0.3166559 0.0227965
-0.1768266 -0.2988834 0.02293925
0.1226974 -0.233279 0.02293925
0.1084752 -0.2231263 0.02279012
-0.1577424 -0.1979536 0.02293925
-0.1414128 -0.1984026 0.02284321
-0.01349283 -0.1878186 0.02382776
-0.1182821 -0.1833438 0.02293925
-0.02701822 -0.1819353 0.02084629
-0.02443632 -0.1806377 0.02386046
-0.0361822 -0.1762824 0.02388364
0.02630987 -0.1727212 0.02293925
-0.1283751 -0.1683416 0.02293925
-0.09997144 -0.1537867 0.02324616
0.04952089 -0.1424423 0.02293925
-0.131403 -0.1363865 0.02196096
-0.1233286 -0.1283121 0.02246428
-0.1192914 -0.121247 0.0220434
0.06944726 -0.08491227 0.02276517
0.07651234 -0.06169841 0.02270691
0.07884381 -0.0577541 0.02300732
-0.1103179 -0.05261475 0.02293925
-0.1142449 -0.04252177 0.02205539
0.08484712 -0.03739053 0.02313732
0.10136 -0.02443916 0.02203258
0.1071897 -0.02491558 0.02325432
0.09233045 -0.0203011 0.02276323
0.1199121 -0.009428918 0.02293925
0.1239493 -0.0001312494 0.02265568
-0.09255189 0.001330197 0.02261959
0.1318348 0.003905952 0.02293925
0.1341485 0.01803607 0.02293925
-0.09809615 0.06446379 0.02208357
-0.09304967 0.06648237 0.02271176
0.141669 0.08565903 0.02293925
0.1404828 0.09272414 0.02293925
-0.05792046 0.1361239 0.02293925
0.1411074 0.1623657 0.02220913
0.0973939 0.163375 0.02293925
0.1320237 0.1690351 0.02293925
0.1441712 0.1704401 0.02293925
0.1350516 0.1724586 0.02230578
0.09457514 0.1855795 0.02293925
-0.06176144 0.1926446 0.02293231
0.0916518 0.2077841 0.0221935
-0.03047321 0.2259514 0.02252605
0.08357742 0.2309979 0.02193573
-0.0335011 0.2327662 0.02293925
0.1441353 0.2323423 0.02293925
0.1448697 0.2400815 0.02293925
0.07651234 0.2421002 0.02279412
0.1320237 0.2431095 0.0226273
0.07755959 0.2461374 0.02293925
0.1340423 0.248156 0.02266279
-0.04531635 0.2602676 0.02293925
0.08357742 0.2748296 0.02293925
-0.01891122 0.3006394 0.02293925
0.008894608 0.3379834 0.02293925
-0.1290118 -0.3321902 0.02394855
-0.0809381 -0.3134035 0.02394855
0.1362753 -0.2524557 0.02394855
0.1380311 -0.2474092 0.02394855
0.1298295 -0.2406949 0.02367007
-0.1618038 -0.2403441 0.02394855
0.1303668 -0.240617 0.02424141
0.1166331 -0.2243391 0.02648512
-0.1566354 -0.2019726 0.02394855
-0.138397 -0.1961825 0.02360329
-0.08201845 -0.1936988 0.02365444
-0.1253472 -0.1818049 0.02362198
-0.1540306 -0.1747398 0.02394855
0.03109395 -0.1676977 0.02394855
-0.08396599 -0.1655979 0.02394855
-0.09606909 -0.158591 0.02394855
-0.1223193 -0.1303307 0.02314184
0.05577248 -0.1293214 0.02394855
-0.116951 -0.1192284 0.02394855
-0.1163766 -0.1141819 0.02394855
0.06408183 -0.1101447 0.02394855
0.06479722 -0.1050982 0.02394855
-0.1192914 -0.06977281 0.02364617
-0.1233286 -0.06793588 0.02394855
-0.1263565 -0.05261475 0.02347749
-0.1182821 -0.04554969 0.02376433
0.08155882 -0.04478258 0.02394855
0.1217862 -0.001140535 0.02394855
0.1279865 -0.001140535 0.02312057
-0.1016646 0.01211351 0.0250526
-0.1021333 0.02346206 0.02394855
0.131991 0.02812904 0.02394855
-0.1041519 0.06446379 0.02375586
-0.09002178 0.07051957 0.02366264
0.140029 0.0725382 0.02394855
0.12294 0.09576416 0.02394855
0.1389572 0.1078635 0.02394855
0.09770759 0.1482355 0.02294971
0.0906425 0.1539562 0.02394855
0.09988324 0.1573192 0.02394855
0.09581496 0.1704401 0.02394855
0.1243405 0.1709447 0.02365359
0.1252529 0.1828019 0.02305589
0.1279865 0.1836497 0.02394855
0.1458806 0.1886074 0.02394855
0.0946797 0.1899195 0.02394855
0.1453581 0.2047561 0.02394855
0.143126 0.2100368 0.02394855
0.1400981 0.2299886 0.02307527
0.1350516 0.2350351 0.02375808
-0.04388799 0.2663233 0.02394855
-0.0375383 0.2748822 0.02394855
-0.004118592 0.3268812 0.02394855
0.0512799 0.3392996 0.02394855
0.03412184 0.3438576 0.02394855
0.1430723 -0.3473297 0.02495785
0.1461539 -0.279494 0.02495785
0.05926909 -0.2400966 0.02624914
0.1304831 -0.2405984 0.02475147
0.0946797 -0.2135352 0.02495785
-0.1567053 -0.1929071 0.02495785
-0.049274 -0.1904331 0.0249937
-0.01646343 -0.1869381 0.02518963
0.01693685 -0.180261 0.02446358
-0.1152542 -0.1785258 0.02495785
-0.03998282 -0.1753772 0.02594155
-0.1394774 -0.1739856 0.02495785
0.04507825 -0.1495073 0.02495785
-0.09809615 -0.1466369 0.02495785
-0.1344309 -0.1333586 0.02447419
-0.1324123 -0.13134 0.02439272
-0.141496 -0.1293214 0.02399623
-0.1404867 -0.1252842 0.02455542
-0.1354402 -0.1242749 0.02398464
0.06197361 -0.1141819 0.02495785
0.072155 -0.08174306 0.02430952
0.07571984 -0.06655517 0.02421582
-0.1312702 -0.05967981 0.02495785
-0.09756689 -0.05564266 0.02495785
0.07983131 -0.05466563 0.02418065
0.0860171 -0.02827454 0.02439668
0.1269772 0.004915237 0.02451675
0.1310144 0.004915237 0.02395566
-0.1293573 0.008952439 0.02495785
-0.09795728 0.01283216 0.02538313
0.1290334 0.01399893 0.02495785
-0.120444 0.01710349 0.02440851
-0.09910545 0.01803607 0.02455143
-0.1071609 0.01905346 0.02499685
-0.09915511 0.02812904 0.02495785
-0.09967349 0.04225922 0.02495785
-0.1019537 0.07152885 0.02495785
0.1402915 0.08565903 0.02495785
0.1374243 0.09676135 0.02495785
0.09400024 0.1243192 0.02456002
0.0916518 0.1280495 0.02399938
0.08862391 0.153282 0.0245503
0.09871689 0.1635001 0.02495785
0.1400981 0.1754866 0.02487121
0.1247931 0.1772912 0.02463237
0.1464942 0.1815423 0.02495785
-0.05772425 0.1966818 0.02449749
0.0916518 0.2027375 0.0239838
0.1390888 0.2057654 0.0242165
0.06541006 0.22797 0.02471412
0.06843796 0.2340258 0.02394863
0.1340423 0.2410909 0.02415752
0.1400981 0.248156 0.02399126
-0.01417576 0.3097231 0.02495785
-0.1717749 -0.2756808 0.02596715
0.1396867 -0.2716323 0.02596715
0.1313071 -0.2575022 0.02596715
0.130188 -0.2405294 0.02532233
0.1299619 -0.2405286 0.02485308
0.130429 -0.240544 0.02503064
0.131102 -0.2405476 0.02512063
0.1163053 -0.2244679 0.0267785
0.1162282 -0.2244275 0.02690983
-0.1036945 -0.2191489 0.02596715
0.07155103 -0.2151117 0.02596715
0.09770759 -0.2136765 0.02596715
-0.1556261 -0.2030603 0.02596715
-0.1579019 -0.2009815 0.02596715
-0.04167884 -0.1770487 0.02549003
-0.1344309 -0.1757491 0.02579121
-0.1253472 -0.1737305 0.02576553
-0.03693555 -0.1750748 0.0264374
-0.1283751 -0.1717119 0.02506007
-0.1214525 -0.1626282 0.02596715
-0.09304967 -0.1616189 0.02528563
-0.1061705 -0.1606096 0.0256346
0.03823457 -0.1606096 0.02596715
0.06675364 -0.1355144 0.02635225
0.07096362 -0.1253003 0.02655452
-0.1081891 -0.1081261 0.02595148
0.06557277 -0.1081261 0.02596715
-0.1045726 -0.1050982 0.02596715
0.06638747 -0.1000517 0.02596715
0.06883522 -0.09096807 0.02596715
-0.117379 -0.06573561 0.02596715
-0.1312689 -0.05867052 0.02596715
-0.1303937 -0.05261475 0.02504388
-0.09504525 -0.03343809 0.02596715
0.08779225 -0.02439076 0.02533262
0.0910107 -0.0210762 0.02531554
-0.1294272 0.004915237 0.02596715
0.1250648 0.004915237 0.02596715
-0.1091472 0.01180267 0.0266311
-0.09708686 0.01803607 0.0249874
-0.1049392 0.02106398 0.02596715
-0.1031426 0.02296549 0.02596715
-0.09828873 0.03418481 0.02596715
0.1352946 0.04024065 0.02596715
-0.1031426 0.04427785 0.02591866
0.1387501 0.06749171 0.02596715
-0.09103107 0.0725382 0.02542729
0.1358998 0.08868694 0.02596715
0.09658283 0.1221957 0.02586541
0.0926611 0.1242546 0.02596715
0.1326737 0.1321877 0.02578051
0.127127 0.1486554 0.02595213
0.0946797 0.153282 0.02592637
0.0906425 0.1573192 0.02516904
0.08862391 0.1613564 0.02583933
0.1380795 0.1664029 0.02563997
0.1251254 0.1744772 0.02596715
-0.04662198 0.2057654 0.02557134
0.07752164 0.2148491 0.02554627
0.06742866 0.2360444 0.02502022
0.1421167 0.238063 0.02527776
0.1189028 -0.3523762 0.0268324
-0.1292144 -0.3342088 0.02697644
-0.1546188 -0.3311809 0.02697644
0.1360609 -0.2413534 0.02643219
0.1262053 -0.2392524 0.02659356
0.130031 -0.2404898 0.02532717
-0.05368706 -0.2273795 0.02697644
0.1163756 -0.2244634 0.02684786
0.07410011 -0.2120838 0.02697644
-0.1530516 -0.202032 0.02668023
-0.1586988 -0.195935 0.02697644
-0.1389206 -0.1868514 0.02697644
0.01497029 -0.1840855 0.02729098
-0.1334216 -0.1787769 0.0261703
-0.1172728 -0.1758024 0.02697644
-0.1505796 -0.1731273 0.02697644
-0.07673296 -0.1676747 0.02697644
-0.1170055 -0.1495073 0.02697644
0.06072289 -0.1465561 0.02762785
0.04956853 -0.1432981 0.02615762
0.06916182 -0.1372181 0.0275427
0.05753431 -0.1273028 0.02697644
0.07364714 -0.1224097 0.02779991
0.06231596 -0.1151912 0.02697644
0.06742866 -0.111154 0.02620752
-0.1233286 -0.06665611 0.02697644
-0.1203007 -0.05059618 0.02621866
0.08256812 -0.04151249 0.02620696
0.1118906 -0.02906179 0.02684289
0.1074691 -0.02678484 0.02619856
0.09591427 -0.02240449 0.02606198
0.1206102 -0.004168451 0.02697644
-0.1047809 0.009352088 0.02707249
-0.1263565 0.01342565 0.02697644
-0.1100858 0.02045035 0.02713167
-0.1116425 0.0211851 0.02629384
-0.1087257 0.0223155 0.02795349
-0.1075371 0.02282822 0.0275062
-0.108236 0.02298975 0.02759995
-0.1065747 0.02291298 0.02738041
-0.1052319 0.0230301 0.02712074
-0.1041402 0.02308255 0.02689223
-0.1031673 0.02305025 0.02675258
-0.1019686 0.02273542 0.02672771
-0.1060623 0.0230099 0.02732978
-0.1049364 0.02305835 0.02706131
-0.1038657 0.02316737 0.02683789
-0.1023215 0.02387786 0.02652468
-0.1016941 0.02472973 0.0271146
-0.1099138 0.05840802 0.02697644
0.1387061 0.06042659 0.02697644
-0.09910545 0.07354748 0.02626408
-0.1005003 0.07455677 0.02697644
-0.09879863 0.07455677 0.02697644
0.1397658 0.1280495 0.02697644
0.1388114 0.1381425 0.02697644
0.09568899 0.1553006 0.02665436
0.1439932 0.1573192 0.02697644
0.09871689 0.1603309 0.02697644
0.08559602 0.1613564 0.02681633
0.1249586 0.1663423 0.02697644
0.09669829 0.1688413 0.02697644
0.1411074 0.1926446 0.02660224
0.1411074 0.2057654 0.02625589
0.08256812 0.2077841 0.02596723
-0.04387507 0.2158584 0.02697644
-0.04157548 0.2168677 0.02648318
-0.02643602 0.2188863 0.02601894
-0.02744532 0.2238359 0.02697644
0.06238218 0.2289793 0.0263401
-0.03854759 0.2386484 0.02697644
0.069419 0.2400815 0.02697644
0.07556723 0.2451281 0.02697644
-0.02942665 0.2855 0.02697644
-0.02189697 0.2955929 0.02697644
0.07235646 0.3248626 0.02697644
0.1344032 -0.3342088 0.02798574
-0.1598159 -0.328153 0.02798574
-0.1263977 -0.3140228 0.02798574
-0.01331515 -0.3140228 0.02722845
-0.1717749 -0.3120713 0.02798574
0.1311892 -0.263558 0.02798574
0.11555 -0.2248833 0.02687721
0.1160695 -0.2252612 0.02738351
0.1160615 -0.2247404 0.02709683
0.06944726 -0.219513 0.02798574
0.1053956 -0.2192381 0.02762748
-0.1486753 -0.1978805 0.02812503
-0.002160637 -0.1832296 0.03015077
-0.1500641 -0.1818049 0.02798574
-0.1391911 -0.1797863 0.02798574
-0.1521424 -0.1787769 0.02798574
-0.02994402 -0.1776312 0.02721892
-0.02941612 -0.1777555 0.02742171
-0.02881086 -0.1780809 0.02706449
-0.02973364 -0.1776046 0.02750403
-0.02967098 -0.177567 0.02770936
-0.1203007 -0.1656561 0.027362
-0.1082428 -0.1636375 0.02798574
-0.09607756 -0.1384051 0.02781994
-0.09506826 -0.1384051 0.02739357
-0.1172684 -0.1363865 0.02798574
0.05531709 -0.1369436 0.02798574
0.07384013 -0.1283565 0.0281004
0.06137288 -0.1222563 0.02764323
0.0685074 -0.1141213 0.02765901
0.0694949 -0.1040889 0.02798574
-0.1276395 -0.06169841 0.02798574
0.08640911 -0.03699887 0.02713111
0.08733847 -0.02819377 0.02699053
0.1239493 0.003429532 0.02798574
-0.09405897 0.01702678 0.0279268
-0.1075351 0.02351862 0.02832063
-0.1068835 0.02292109 0.02755473
-0.1057507 0.0229938 0.02723567
-0.1046049 0.02308661 0.02701068
-0.1033179 0.02324808 0.02686094
-0.1080846 0.02387786 0.02815716
-0.1068831 0.02414036 0.02841231
-0.1068153 0.02413225 0.02863444
-0.1057353 0.02438658 0.02831477
-0.1048912 0.0245319 0.02816689
-0.1047111 0.02457231 0.02813423
-0.1021107 0.0237608 0.02697362
-0.115798 0.02435023 0.02775377
-0.1065254 0.02436644 0.02858417
-0.1055379 0.02444315 0.0283138
-0.104835 0.02457231 0.02817291
-0.1030397 0.02506077 0.02784618
-0.09565488 0.02510113 0.02798574
-0.1118541 0.02626389 0.02813782
-0.1029097 0.02519 0.02789006
-0.1172728 0.02727723 0.02798574
-0.1005213 0.02696234 0.02778203
-0.09985274 0.03721273 0.02798574
-0.1107653 0.05235219 0.02798574
0.1342474 0.09070551 0.02798574
0.1219307 0.0950011 0.02798574
0.1311799 0.0997892 0.02798574
0.1168855 0.1007985 0.02798574
0.09972619 0.1174963 0.02798574
0.1007355 0.1189659 0.02701347
0.08795414 0.1492448 0.02798574
0.1310144 0.1664029 0.02768582
0.1259679 0.1678603 0.02798574
0.1279865 0.1694307 0.02781905
0.08559602 0.1698143 0.02798574
0.09436197 0.1805331 0.02798574
0.1451446 0.1815423 0.0278442
0.143126 0.1855795 0.02748796
0.143126 0.2027375 0.02701855
-0.0375383 0.2128305 0.02733309
-0.02441743 0.2158584 0.02751735
-0.03220234 0.2299886 0.02798574
0.06439997 0.2350351 0.02798574
-0.04391827 0.2552211 0.02798574
-0.04257106 0.265314 0.02798574
-0.01725852 0.3016487 0.02798574
0.1372979 -0.2696137 0.02899504
-0.05643154 -0.2371927 0.02951305
-0.1113595 -0.2322697 0.02899504
0.1159101 -0.2249414 0.0284281
0.06692159 -0.2211675 0.02899504
0.1065817 -0.2211675 0.02899504
0.08155882 -0.2102787 0.02899504
-0.145624 -0.1939164 0.02899504
-0.151274 -0.18887 0.02899504
-0.05267776 -0.18887 0.02876242
-0.02969759 -0.1774633 0.02800141
-0.02922661 -0.1775948 0.0281065
-0.141496 -0.1767584 0.02805894
-0.02989803 -0.1773442 0.0281268
-0.02932233 -0.1776142 0.02793544
-0.1162635 -0.1707026 0.02868107
0.04849622 -0.1509607 0.0287864
-0.09204037 -0.1384051 0.02823355
-0.1193822 -0.1303307 0.02899504
0.07459064 -0.1297009 0.02942746
0.06339147 -0.1172098 0.02814255
0.06541006 -0.1151912 0.02810428
-0.1122263 -0.1121633 0.0289696
0.0906425 -0.07097185 0.02899504
0.09187263 -0.06876349 0.02899504
-0.1203007 -0.06573561 0.02838018
-0.1203007 -0.06371701 0.02896936
0.0836174 -0.05364019 0.0280706
0.1084881 -0.02994591 0.02825151
0.104331 -0.02697456 0.02825942
0.09129491 -0.02346218 0.02768166
-0.1007793 0.007733166 0.02939759
-0.1283791 0.007943153 0.02899504
-0.09493747 0.01198435 0.02839196
-0.1058556 0.02438658 0.02841247
-0.104156 0.02470154 0.02806338
-0.1033211 0.02489531 0.02796806
-0.1036618 0.0248872 0.02800331
-0.1014063 0.02523845 0.02800791
-0.1170601 0.02594894 0.02866641
-0.1058827 0.02653843 0.03023684
0.131616 0.02711976 0.02899504
-0.1073797 0.03822201 0.02899504
-0.1069219 0.04124993 0.02899504
0.1372281 0.04124993 0.02899504
-0.1112033 0.06244516 0.02899504
0.136425 0.06951028 0.02899504
0.1078006 0.1124054 0.02899504
0.1410089 0.1159379 0.02899504
0.09663653 0.1199751 0.02899504
0.1299288 0.1415136 0.02853932
0.0916518 0.160347 0.02813431
0.0936704 0.1606176 0.02899504
0.1380795 0.1613564 0.02818946
0.1451446 0.1684214 0.02809624
0.08256812 0.1694307 0.02877853
0.08559602 0.1946632 0.02810076
-0.04258478 0.2118212 0.02862334
0.05935428 0.217877 0.02815805
0.1128471 -0.3521384 0.03000434
-0.1294106 -0.3331995 0.03000434
-0.1309988 -0.3311809 0.03000434
0.1421167 -0.3170507 0.03000434
0.0008150153 -0.3140228 0.02969578
-0.05710293 -0.2353449 0.03005844
-0.1445238 -0.1908885 0.02972953
-0.05065916 -0.1787769 0.0299567
-0.1515889 -0.1747398 0.02965197
-0.111217 -0.1698374 0.03000434
-0.07488231 -0.1596003 0.02977632
0.05576118 -0.1541259 0.03087149
-0.09002178 -0.1545538 0.02936804
0.05811042 -0.1520427 0.03010632
0.0684424 -0.139273 0.02997692
0.08363959 -0.07784718 0.03000434
0.08805588 -0.06977683 0.02986933
0.0865278 -0.06796816 0.02950163
0.0899578 -0.06589711 0.03006502
-0.09690236 -0.06371701 0.03000434
-0.1273658 -0.05766124 0.02900283
-0.1243379 -0.05766124 0.029182
0.09154401 -0.0302003 0.02952097
-0.09442797 -0.01325214 0.03000434
-0.09150787 -0.0003492832 0.0298307
0.1219307 0.001011252 0.03000434
-0.09553335 0.009194672 0.03025145
0.1294254 0.01904535 0.03000434
-0.12131 0.0226748 0.03000434
-0.09513569 0.02707541 0.0299179
-0.1144944 0.02994579 0.02980312
-0.09991007 0.03012347 0.02955972
-0.1121545 0.05033362 0.03000434
-0.106177 0.07354748 0.03000434
0.12294 0.09274024 0.03000434
0.139371 0.1068543 0.03000434
0.1387359 0.1441983 0.03000434
0.08403686 0.1593378 0.03000434
0.1421167 0.1623657 0.02995884
0.0898165 0.1684214 0.03000434
0.08054952 0.1714494 0.0299267
0.09222307 0.1805331 0.03000434
-0.0602911 0.1825516 0.03000434
-0.04561268 0.1977355 0.03000434
-0.04359408 0.2087933 0.02941378
-0.02441743 0.2118212 0.0298024
0.05733568 0.217877 0.0293837
0.07590111 0.2582489 0.03000434
0.08462871 0.2986208 0.03000434
0.08054952 0.3127671 0.03000434
0.1380795 -0.3536232 0.03101364
0.1043573 -0.3405617 0.03118304
0.1350516 -0.2404184 0.03101364
-0.1136922 -0.2384301 0.02972076
0.1209214 -0.2289156 0.03101364
0.06944726 -0.2211679 0.03101364
0.1022652 -0.216121 0.03101364
-0.08859301 -0.1992859 0.03041549
-0.01581369 -0.1889575 0.03108493
-0.1435146 -0.1828142 0.03097346
-0.148561 -0.1745072 0.03101364
-0.1093635 -0.1661543 0.03115663
-0.07286371 -0.1616189 0.03100378
0.05902363 -0.1544933 0.03112656
-0.0799288 -0.1555631 0.03101
0.05769015 -0.1536293 0.03109555
0.05715038 -0.1535364 0.03109014
0.05755006 -0.1526846 0.03054512
0.05796549 -0.1527896 0.03102304
0.05821216 -0.1523293 0.03079627
0.05122378 -0.1520629 0.02986211
0.0642304 -0.1467136 0.03022941
-0.09002178 -0.1323493 0.03038073
-0.09204037 -0.1303307 0.03036312
0.07594229 -0.1232817 0.03064375
-0.08997938 -0.122224 0.03133919
0.0746189 -0.1186026 0.03092175
0.0733815 -0.09197736 0.03101364
0.08018456 -0.08894947 0.03101364
0.09044953 -0.06775421 0.03101364
0.08905105 -0.06068912 0.03101364
0.09044146 -0.04988152 0.03090831
0.1011642 -0.03671223 0.03166524
0.1007516 -0.03416079 0.03073899
0.1158749 -0.01123351 0.03000567
-0.09025069 -0.002416313 0.03100835
-0.09449135 0.000603497 0.03058198
-0.1032682 0.02864581 0.03191433
-0.1142449 0.03278798 0.03101364
-0.1080515 0.03519416 0.03029841
0.1371271 0.04124993 0.03101364
-0.1127148 0.06042659 0.03101364
-0.09847081 0.07859397 0.03101364
-0.08596117 0.07960325 0.03101364
-0.08437698 0.08162189 0.03101364
0.1289958 0.09474272 0.03047818
0.1356269 0.09575206 0.03101364
0.1121656 0.1028171 0.03101364
0.1377307 0.1492448 0.03101364
0.0936704 0.1704401 0.03071036
-0.06276711 0.1714494 0.03101364
0.08357742 0.1711506 0.03101364
0.07449374 0.2017282 0.03034225
0.06440077 0.2098026 0.03022319
-0.02340813 0.2168677 0.03069179
0.05624887 0.2188863 0.03101364
-0.04359368 0.248156 0.03101364
0.07146585 0.2484022 0.03101364
0.08458672 0.2897471 0.03101364
0.01696378 0.3416411 0.03101364
0.1410654 -0.3422832 0.03202293
0.06334625 -0.2407967 0.03200589
-0.1128077 -0.2372783 0.03043943
0.06363694 -0.2346896 0.03131425
-0.09512478 -0.2076937 0.03168688
-0.1556261 -0.1999722 0.03122155
-0.05677148 -0.1989629 0.03202293
-0.08295669 -0.1949257 0.03118376
-0.1522373 -0.18887 0.03202293
-0.01315326 -0.1832013 0.03382453
-0.02591963 -0.1773098 0.03224659
-0.04763127 -0.168684 0.03112837
-0.0443773 -0.1672762 0.03276642
-0.1102077 -0.1661519 0.03202293
-0.1065072 -0.158591 0.03202293
0.05735506 -0.1544085 0.03144323
0.06067646 -0.153266 0.03107722
0.05703774 -0.1534194 0.03150197
0.05746164 -0.1531206 0.03129059
0.05780441 -0.1533548 0.0313157
0.05755369 -0.1523172 0.03132902
0.05823436 -0.1502058 0.0317151
-0.1140285 -0.1474887 0.03202293
0.05624564 -0.1464794 0.03202293
0.06028567 -0.1373958 0.03202293
-0.09405897 -0.1303307 0.03151279
0.07317116 -0.1301732 0.03133011
0.07476666 -0.1292205 0.03079571
-0.101143 -0.09500527 0.03202293
0.08189028 -0.08794016 0.03202293
0.1041142 -0.03389025 0.03267784
0.1073234 -0.02997017 0.03213577
0.1118378 -0.02536368 0.03158244
-0.09276626 -0.008205652 0.03202293
0.1152932 -0.006187022 0.03202293
-0.1080797 0.0005832911 0.03130189
0.1269801 0.007943153 0.03202293
-0.1233286 0.01141918 0.03202293
-0.1192684 0.01219428 0.03156952
-0.1202119 0.01415229 0.03152765
-0.12131 0.01500821 0.03175034
0.1339834 0.02308255 0.03202293
-0.09204078 0.02409184 0.03202293
-0.1104887 0.06951028 0.03202293
-0.09506826 0.07758468 0.0310471
-0.08793294 0.07859397 0.03202293
0.1315489 0.08364046 0.03202293
0.1322264 0.08767766 0.03202293
0.1192121 0.09777063 0.03202293
0.1168842 0.099765 0.03202293
0.1108285 0.1068543 0.03188789
0.1088099 0.1101728 0.03202293
0.1027549 0.1139193 0.03202293
0.08880115 0.1280495 0.03202293
0.08761501 0.1441983 0.03202293
0.1289958 0.153282 0.03148054
0.1289958 0.1593378 0.0313312
0.1320237 0.1593378 0.03116471
-0.04157548 0.2087933 0.03183625
0.05531709 0.2108119 0.03202293
-0.02138953 0.2138398 0.03134073
0.06142859 0.2320072 0.03202293
0.07656967 0.2542117 0.03202293
0.08327826 0.2834814 0.03202293
0.05733568 0.3373173 0.03202293
0.1259679 -0.3549386 0.03303223
0.1419076 -0.3503576 0.03303223
-0.1750769 -0.3029206 0.03303223
0.1494551 -0.2978741 0.03303223
-0.1762138 -0.2867718 0.03303223
0.06541006 -0.2292418 0.03258983
-0.1121823 -0.2241954 0.03303223
-0.1082731 -0.2191489 0.03303223
-0.1566354 -0.1979536 0.03210904
-0.1495703 -0.1974094 0.03303223
-0.1555696 -0.1929071 0.03303223
-0.1502922 -0.1848328 0.03303223
0.01161784 -0.1861234 0.0328791
-0.004629056 -0.1834702 0.03269387
-0.01679937 -0.1830293 0.03479725
-0.02056954 -0.1824536 0.03331738
-0.01411686 -0.1831008 0.03421715
-0.02089356 -0.1820871 0.03375913
-0.1465424 -0.1767584 0.03234308
0.04855112 -0.169474 0.03426616
0.03634952 -0.1700433 0.03231934
0.04401037 -0.1634631 0.03270845
-0.1122263 -0.1616189 0.03233218
0.05679026 -0.1543721 0.03178825
0.05664936 -0.1535163 0.03201106
0.05887748 -0.1526442 0.0313828
0.06294093 -0.1456114 0.03157154
0.06970967 -0.1358899 0.03079211
-0.09708686 -0.1343638 0.03303223
0.06238218 -0.1252842 0.03242403
-0.09152079 -0.1201691 0.03290187
0.07002135 -0.1206656 0.03301923
0.0734469 -0.1198905 0.03255435
-0.08588406 -0.1162005 0.03303223
0.07470852 -0.1121633 0.03303223
0.09684323 -0.04756826 0.03303223
-0.09345824 -0.04353106 0.03303223
-0.1195966 -0.0006924272 0.0327883
-0.1179131 0.01044613 0.03272767
-0.1213161 0.02409184 0.03303223
0.1357246 0.03418481 0.03303223
0.1348901 0.06648237 0.03303223
0.1289958 0.07152885 0.03298249
-0.1021333 0.07846069 0.03303223
-0.08194739 0.08767766 0.03303223
0.134991 0.1157805 0.03333336
0.1420541 0.1240124 0.03303223
0.133792 0.1295595 0.03220081
0.1327112 0.1377711 0.03284378
0.1390888 0.1382797 0.03303223
0.07954023 0.1734679 0.03205992
0.0926611 0.1734679 0.03207489
0.07752164 0.1744772 0.03268398
-0.036529 0.2037469 0.03301495
-0.02845461 0.2047561 0.03282008
-0.03955689 0.2077841 0.0326703
0.07550304 0.2521932 0.03289355
-0.04396631 0.2612768 0.03303223
0.1392765 -0.3200786 0.03404153
0.07247515 -0.3133519 0.03404153
0.1493118 -0.2887904 0.03404153
-0.1608991 -0.2514464 0.03404153
-0.1627033 -0.2474092 0.03404153
0.0482453 -0.2406336 0.03400225
0.1266167 -0.2393518 0.03338609
-0.01423398 -0.2397414 0.03455881
-0.158654 -0.238795 0.03404153
-0.1384681 -0.2390203 0.03404153
0.1123828 -0.2222769 0.03353365
0.1068389 -0.2206341 0.03429551
-0.1030845 -0.2151117 0.03404153
-0.1546168 -0.195935 0.03394157
-0.02058084 -0.1848469 0.03359009
-0.07589161 -0.1838235 0.03398856
0.01937027 -0.1845114 0.03341714
-0.01876588 -0.1828287 0.03484307
-0.02063434 -0.1826115 0.03425889
-0.02029792 -0.1823491 0.03454759
0.02587564 -0.1809017 0.0333496
-0.1061334 -0.1651054 0.03556274
0.05193634 -0.157899 0.03377108
0.05467235 -0.1541541 0.03374435
-0.1036223 -0.1519862 0.03339529
0.05554075 -0.1454701 0.03404153
-0.08194739 -0.1414329 0.03404145
0.05935428 -0.1353772 0.03344976
0.07614374 -0.09601456 0.03404153
0.08054952 -0.09298667 0.03386401
0.08524317 -0.07582858 0.03404153
-0.09499236 -0.06472632 0.03404153
-0.09417523 -0.0283916 0.03404153
-0.09408561 -0.01728934 0.03404153
0.115078 -0.0001312494 0.03404153
0.1178935 0.004915237 0.03351084
0.1199121 0.00602144 0.03404153
-0.1210976 0.02308255 0.03404153
-0.1093825 0.02401114 0.03317446
-0.1114633 0.0392313 0.03404153
0.1340976 0.04124993 0.03404153
0.1272219 0.06749171 0.03404153
0.1196586 0.09272414 0.03404153
0.1325869 0.1035398 0.03394577
-0.07046239 0.1149287 0.03404153
0.1425434 0.1189659 0.03404153
0.1370702 0.1436735 0.03404153
0.08963321 0.1714494 0.03313692
-0.04337163 0.1946632 0.03404153
-0.04258478 0.2017282 0.03314991
-0.01800322 0.2067747 0.03404153
0.05531709 0.2063428 0.03404153
-0.01901377 0.2095847 0.03378715
0.05387218 0.2128305 0.03404153
0.06326309 0.2390723 0.03404153
0.06750779 0.2451281 0.03404153
0.07506662 0.2622861 0.03404153
0.1330338 -0.3331995 0.03505082
0.1323657 -0.3261344 0.03505082
-0.1243379 -0.3130136 0.03441295
-0.1071798 -0.312632 0.03505082
0.1315146 -0.2665859 0.03505082
0.129997 -0.2585115 0.03505082
0.1350548 -0.2524557 0.03505082
0.1229202 -0.2322697 0.03505082
-0.05665117 -0.2221768 0.03505082
0.1008336 -0.216121 0.03505082
-0.05855551 -0.2040094 0.03505082
-0.07892516 -0.1898792 0.03505082
-0.06075214 -0.18887 0.03443172
-0.0207957 -0.1832546 0.03494461
-0.02046429 -0.1826817 0.03495321
-0.02087742 -0.1821722 0.03479717
-0.01904897 -0.1825534 0.03542427
-0.008352395 -0.1829776 0.03363014
-0.07387301 -0.1797863 0.03410378
-0.148561 -0.1787769 0.03446604
-0.06075214 -0.175204 0.03505082
-0.1076284 -0.167235 0.03567635
-0.04864057 -0.1616786 0.03505082
0.05341961 -0.1579378 0.03581761
-0.06983583 -0.1515259 0.03436305
-0.1102077 -0.1505166 0.03498001
-0.07791021 -0.1505166 0.03413156
-0.07286371 -0.1495073 0.03405949
-0.1142449 -0.1370405 0.03505082
0.05531709 -0.1363865 0.03495886
-0.08396599 -0.1333586 0.03420608
0.06440077 -0.1131726 0.0346656
-0.08295669 -0.1062771 0.03505082
-0.08189209 -0.09432298 0.03592011
-0.09799846 -0.08491227 0.03505082
0.08341835 -0.08087507 0.03505082
0.08824441 -0.06977281 0.03505082
0.09329575 -0.05564266 0.03505082
0.1047727 -0.03133869 0.03505082
-0.08973836 -0.007196307 0.03505082
-0.1039303 0.006429195 0.0353023
-0.1033057 0.006421089 0.03516132
-0.1044119 0.0065099 0.03505483
-0.1036877 0.006453395 0.03513072
-0.1031334 0.006485641 0.03484485
-0.1248131 0.007943153 0.03505082
-0.1034285 0.006449342 0.03514425
0.1263825 0.007943153 0.03505082
-0.119377 0.02611047 0.03505082
-0.1016194 0.02903748 0.03492358
0.1343503 0.02913833 0.03505082
-0.1141714 0.05033362 0.03505082
0.1245686 0.05235219 0.03505082
0.125125 0.05840802 0.03505082
-0.1128799 0.05941731 0.03505082
0.1259623 0.06244516 0.03505082
-0.09708686 0.08152896 0.03505082
0.1119423 0.1007985 0.03505082
0.1316507 0.1018078 0.03505082
0.1350516 0.1391518 0.0348369
0.1340423 0.1462169 0.03404585
0.07503674 0.1714494 0.03505082
-0.06075376 0.1734679 0.03505082
0.08256812 0.1732701 0.03505082
0.07348444 0.1795237 0.03502983
-0.05469636 0.1845703 0.03438877
0.06944726 0.1976911 0.03439967
-0.03955689 0.2037469 0.03428614
-0.036529 0.2305619 0.03505082
0.06944726 0.2511839 0.03504279
0.08129681 0.3087138 0.03505082
-0.0001942823 0.33087 0.03505082
0.1003834 -0.3191925 0.03503791
0.09919126 -0.3168557 0.03506181
0.1316329 -0.2554836 0.03606012
-0.1208514 -0.2385193 0.03550533
0.01517987 -0.2388015 0.03614919
0.1037634 -0.2211675 0.03512228
-0.1081891 -0.215934 0.03606012
0.09669829 -0.2145953 0.03606012
-0.1019379 -0.2120914 0.03594571
-0.1475517 -0.1878606 0.03559944
-0.01260667 -0.1831295 0.03426281
-0.1465424 -0.1818049 0.03549645
0.03351597 -0.1788266 0.03634802
-0.06983583 -0.1767584 0.03565374
0.03987347 -0.1740902 0.03567724
0.04838935 -0.1698132 0.03584438
0.05489197 -0.1646629 0.03645153
-0.05166847 -0.1591389 0.03606012
-0.07185441 -0.1424423 0.03524901
-0.1132352 -0.121247 0.03606012
-0.1122263 -0.1192284 0.03602048
-0.1102077 -0.1172098 0.03605778
-0.1071798 -0.1151912 0.03511841
0.07449374 -0.1122319 0.03606012
-0.08695997 -0.1069271 0.03654996
-0.08205963 -0.09964803 0.03621867
-0.09103107 -0.04857755 0.03585471
-0.09133871 -0.03747529 0.03606012
-0.09239565 -0.0283916 0.03606012
-0.08958293 -0.006187022 0.03606012
-0.09909778 -0.0007570386 0.03555564
-0.1240945 0.001887321 0.03606012
-0.104005 0.006441236 0.03533985
-0.1045928 0.006404936 0.03586489
-0.1034854 0.006425142 0.03527049
-0.103068 0.00639689 0.03535039
-0.0903932 0.01045829 0.03686469
0.1320237 0.02030098 0.03606012
0.1320948 0.03317553 0.03606012
0.1341638 0.04427785 0.03606012
0.133033 0.06244516 0.03506298
0.1209214 0.08868694 0.03602585
0.1259679 0.08924407 0.03606012
0.1189028 0.09575206 0.03547493
0.138199 0.09676135 0.03606012
0.1400981 0.1018118 0.03606012
0.1411074 0.1250216 0.03512281
0.1373799 0.1257604 0.03524598
0.08559602 0.1734679 0.03600942
0.07045655 0.1798063 0.03606012
-0.04561268 0.1886074 0.03562342
-0.03148251 0.2017282 0.03554425
0.05343939 0.2057654 0.03606012
-0.0294755 0.2229235 0.03606012
-0.1354402 -0.3384886 0.03706942
-0.1276452 -0.3352181 0.03706942
-0.158654 -0.3311809 0.03621075
-0.1698883 -0.2746602 0.03706942
0.1376923 -0.2706231 0.03706942
-0.1554792 -0.2585115 0.03706942
-0.1620687 -0.2423627 0.03706942
-0.1195373 -0.2368411 0.03813422
0.1013253 -0.2201582 0.03706942
-0.02118182 -0.1871154 0.03797337
-0.07488231 -0.185842 0.03685848
-0.06680793 -0.1838235 0.03661831
-0.01676598 -0.1776627 0.03858977
0.03931903 -0.1753603 0.03718203
-0.06579863 -0.1727212 0.03617191
-0.06378004 -0.1606096 0.03697035
-0.04864057 -0.1596003 0.03682118
-0.1084007 -0.1565724 0.03706942
-0.1091637 -0.1525352 0.03706942
0.0532985 -0.1515259 0.03651564
0.0522892 -0.1424423 0.03658512
-0.07690091 -0.1414329 0.03675686
-0.06475906 -0.1414329 0.03706942
-0.06882653 -0.1394144 0.03687475
0.07247515 -0.1131726 0.03632246
0.07106213 -0.101061 0.03706942
0.06843796 -0.1000517 0.03658387
0.07651234 -0.1000517 0.0366433
-0.0799288 -0.08995876 0.03607151
-0.0799288 -0.08592159 0.03681601
0.0962441 -0.05261475 0.03706942
-0.08813358 -0.03747529 0.03706942
-0.0893181 -0.02536368 0.03706942
0.1048361 -0.0243544 0.03706942
-0.08953448 -0.01022422 0.03706942
-0.0915325 -0.004043281 0.03661201
0.1148656 0.004915237 0.03633562
0.1239493 0.006933868 0.0368976
-0.1175914 0.009210825 0.03675157
0.1269772 0.01939666 0.03706942
-0.1162635 0.02409184 0.03614208
0.1294742 0.02510113 0.03706942
-0.1142449 0.02812904 0.03701112
-0.09103107 0.03115696 0.03692719
-0.1115428 0.03620344 0.03706942
0.1209214 0.03917485 0.03706942
-0.1141949 0.04528713 0.03706942
0.1209214 0.04528713 0.03643041
0.1249586 0.04528713 0.03630397
0.1320237 0.05336148 0.03676122
0.1340423 0.05336148 0.03616659
-0.1041519 0.07934082 0.03706942
0.1285485 0.08162189 0.03706942
-0.09607756 0.08263117 0.03691819
-0.08497529 0.08227181 0.03706942
0.1181552 0.09171486 0.03706942
0.1088333 0.1068543 0.03706942
0.1411074 0.1108915 0.0365454
0.1390888 0.1122358 0.03706942
-0.06192051 0.1542913 0.03706942
0.08054952 0.1759387 0.03706942
0.08357742 0.1795237 0.03656522
-0.02643602 0.1987004 0.03694879
-0.0345104 0.1997097 0.03654794
0.06238218 0.2445064 0.03706942
0.06647104 0.2491652 0.03706942
-0.04157589 0.268342 0.03706942
0.06232242 0.3339463 0.03706942
0.1360609 -0.3563245 0.03807872
-0.158654 -0.3243003 0.03807872
0.1364404 -0.2484185 0.03807872
0.1340597 -0.2403441 0.03807872
-0.05851029 -0.2292418 0.03807872
0.1194749 -0.2292418 0.03807872
0.07954023 -0.216121 0.03733608
0.002985611 -0.1870261 0.0379248
0.02970725 -0.18432 0.03840563
-0.02248902 -0.1805852 0.03724899
-0.01694257 -0.1769336 0.03887896
-0.02272346 -0.174162 0.03911887
-0.1072614 -0.1662225 0.03687192
0.05299006 -0.1535445 0.03807872
-0.05570848 -0.1515259 0.03807872
-0.1091173 -0.1394144 0.03807872
-0.1162635 -0.13134 0.03726669
-0.1020906 -0.1131726 0.03807872
0.07247515 -0.109418 0.03807872
-0.07525131 -0.08995876 0.03807872
-0.07690091 -0.08390298 0.03748363
0.08423064 -0.06573561 0.03807872
0.08963321 -0.06452042 0.03807872
-0.08901248 -0.05499667 0.03807872
-0.09003793 -0.0203172 0.03807872
-0.09115098 0.008338749 0.03862329
0.1237115 0.007943153 0.03807872
0.1279865 0.02347827 0.03807872
-0.1081891 0.02913833 0.03752117
-0.09304967 0.03317553 0.03792108
0.1209214 0.0365628 0.03807872
0.1259679 0.04223096 0.03807872
-0.1129183 0.06244516 0.03807872
-0.1106296 0.0725382 0.03807872
-0.1001148 0.08235657 0.03807872
0.1332724 0.08767766 0.03807872
0.1310144 0.09575206 0.03733597
0.1146743 0.09777063 0.03807872
0.1372349 0.09777063 0.03807872
0.1370702 0.1098822 0.03720039
-0.05720224 0.1351146 0.03807872
-0.04159688 0.1886074 0.03807872
-0.01119207 0.2014295 0.0379985
-0.036529 0.2764163 0.03708036
-0.01129575 0.3147696 0.03807872
0.1403444 -0.3533854 0.03908803
-0.1274183 -0.3362274 0.03908803
-0.1300263 -0.3331995 0.03908803
-0.1596633 -0.323484 0.03908803
0.1471632 -0.3059485 0.03895413
0.07086835 -0.2382981 0.03919555
0.1214883 -0.2371241 0.03925699
-0.1051612 -0.2123066 0.03908803
-0.09103107 -0.2022088 0.03908803
-0.08194739 -0.1944102 0.03908803
0.01660237 -0.1901392 0.04022754
-0.06680793 -0.1898792 0.03809485
-0.07185441 -0.1878606 0.03870486
-0.01980885 -0.1830475 0.03650966
-0.004835235 -0.1833531 0.03502087
-0.02266851 -0.1781948 0.03971579
-0.02406312 -0.1750559 0.03777053
0.03849299 -0.1752206 0.03888344
0.04668852 -0.1694196 0.03803837
-0.1076114 -0.1637384 0.03809033
-0.05267776 -0.1526321 0.03908803
0.04995449 -0.1474887 0.03908803
-0.05873355 -0.1424423 0.03882653
-0.06277074 -0.1394144 0.03861817
-0.07488231 -0.1353772 0.03890207
-0.07589161 -0.1262935 0.03825284
0.07348444 -0.1106292 0.03908803
-0.0981232 -0.1020703 0.03908803
0.08011836 -0.09803316 0.03908803
0.07348444 -0.09399596 0.03846645
-0.09405897 -0.08544922 0.03908803
0.08559602 -0.06068912 0.03876135
0.09671121 -0.05160546 0.03908803
-0.08689296 -0.04353106 0.03908803
-0.08725751 -0.02738231 0.03908803
-0.09002178 -0.009796321 0.03908803
0.1168842 0.006933868 0.03818298
-0.08762934 0.02409184 0.03908803
0.1249586 0.03822201 0.03839443
0.1320237 0.0392313 0.03881153
0.1300051 0.03994596 0.03908803
0.1190054 0.0432685 0.03908803
-0.1118073 0.05235219 0.03908803
0.1222392 0.05538011 0.03908803
-0.1128493 0.068501 0.03908803
-0.0799288 0.09272414 0.03808187
0.1350516 0.09676135 0.03871904
0.1380795 0.1048357 0.03813365
0.07954023 0.1795237 0.03808178
0.06641936 0.1855795 0.03883084
-0.04157548 0.1966818 0.03809357
-0.03047321 0.1976911 0.03821902
-0.03854759 0.1997097 0.03853915
0.00427618 0.1985995 0.04107438
0.0548944 0.1997097 0.03908803
-0.0100269 0.2032987 0.03985014
-0.01476559 0.2080343 0.04014645
0.05958763 0.2400815 0.03908803
0.07651153 0.2703605 0.03908803
0.08154954 0.3006394 0.03908803
0.07851075 0.312751 0.03908803
0.04522415 0.3420206 0.03884245
0.03109395 0.3438454 0.03908803
0.1387258 -0.355404 0.04009732
-0.1647611 -0.3190693 0.04009732
0.0946797 -0.3144891 0.04009732
0.1431353 -0.3140228 0.04009732
-0.1556229 -0.2554836 0.04009732
0.1204362 -0.233279 0.04009732
0.07247515 -0.2279197 0.04009732
0.1159739 -0.2241954 0.04009732
-0.07690091 -0.1911376 0.04009732
0.03588181 -0.1777677 0.04009732
-0.05570566 -0.1452198 0.04009732
-0.1021757 -0.1400078 0.03934692
-0.1032238 -0.1363865 0.04009732
-0.07084512 -0.1363865 0.03986519
-0.07387301 -0.1182191 0.03918787
-0.07286371 -0.1151912 0.03986041
-0.07286371 -0.1101447 0.03961052
0.07550304 -0.1083683 0.04009732
-0.08791962 -0.1047107 0.03995002
0.07045655 -0.08378589 0.04009732
-0.07825256 -0.07849717 0.0407573
-0.07286371 -0.07784718 0.03925588
-0.07286371 -0.07184386 0.04009732
0.09266231 -0.05766124 0.04009732
0.08660532 -0.05600196 0.04009732
0.08761462 -0.05362403 0.04005818
-0.1022028 0.005625725 0.04021618
-0.09604446 0.00578326 0.04032667
0.1310378 0.02812904 0.04009732
-0.1081891 0.03216624 0.03912403
0.1209214 0.08527952 0.04009732
0.1239493 0.08542085 0.04009732
-0.05974285 0.1270402 0.03909124
0.07853214 0.1593378 0.04009732
0.07348444 0.1825516 0.03952248
0.07449374 0.1865888 0.03923946
-0.0345104 0.1945259 0.04009732
0.008890382 0.1971259 0.04181596
0.000527163 0.2000529 0.04135358
-0.007254886 0.2030565 0.04011395
0.06716584 0.2521932 0.04009732
0.1306127 -0.328153 0.04110661
-0.1243137 -0.3140228 0.04110661
-0.1717749 -0.3085436 0.04110661
0.1474361 -0.2857625 0.04110661
-0.06028222 -0.2387522 0.04273451
0.1126694 -0.2227012 0.0412054
0.01883227 -0.1904109 0.04110677
0.03158879 -0.1824242 0.04015802
0.0521814 -0.1624994 0.04078427
-0.04766317 -0.158591 0.04110661
-0.1070309 -0.1577505 0.04035447
-0.05012545 -0.1545538 0.04110661
-0.07488231 -0.1323493 0.04035393
-0.1009404 -0.1295878 0.03948009
-0.07084512 -0.1061075 0.04094552
0.05935428 -0.1040889 0.0404511
0.07449374 -0.101061 0.04088537
0.07651234 -0.1012791 0.04110661
0.08044779 -0.09399596 0.04110661
-0.07185441 -0.06650674 0.04110661
0.08360852 -0.06169841 0.04110661
0.0916518 -0.05686992 0.04110661
0.09929057 -0.03848457 0.04110661
-0.08645209 -0.03747529 0.04110661
0.1030649 -0.02132648 0.04110661
0.1088099 -0.003159165 0.04110661
0.1219307 0.03216624 0.04017081
0.1178935 0.03620344 0.04013882
-0.1091984 0.03765279 0.04110661
-0.1111993 0.05538011 0.04110661
0.1310362 0.08464974 0.04110661
0.1185468 0.08666837 0.04110661
0.08458672 0.1457446 0.04110661
0.07449374 0.1643842 0.04109661
0.07146585 0.1845703 0.04013927
0.006318881 0.1943846 0.04143087
0.06339147 0.1946632 0.04015787
-0.0375383 0.1956725 0.04090699
-0.01331515 0.1956725 0.04009802
-0.004890181 0.2013367 0.04326776
0.05540066 0.2198956 0.04110661
0.06079637 0.2441188 0.04110661
0.001824313 0.3319277 0.04082478
-0.1591215 -0.3301716 0.04211591
-0.1748028 -0.2979649 0.04211591
-0.1556261 -0.263558 0.04137705
0.07247515 -0.2302511 0.0415965
0.07752164 -0.2221768 0.04129232
-0.0641341 -0.2030001 0.04211591
-0.07286371 -0.1918978 0.0415005
0.009003819 -0.190327 0.04322784
0.008238608 -0.1878542 0.0406769
0.02709894 -0.1853229 0.04184315
-0.03578333 -0.1683703 0.04164032
0.04724271 -0.157465 0.04211591
0.05357787 -0.1565724 0.04211591
-0.05285419 -0.1505166 0.04211591
-0.1061705 -0.148498 0.04172939
-0.1017853 -0.1434515 0.04211591
-0.05772425 -0.1418003 0.04211591
-0.1091984 -0.1384051 0.0412087
-0.1130443 -0.1343679 0.04211591
-0.101883 -0.1293173 0.0428715
-0.09513851 -0.119725 0.04203792
-0.1020425 -0.1162005 0.04211591
0.07449374 -0.1020703 0.04177157
-0.06882653 -0.09197736 0.04176935
0.07853094 -0.08188438 0.04189595
0.07481955 -0.0768379 0.04211591
-0.09077795 -0.07380998 0.04211591
0.09490578 -0.05160546 0.04211591
-0.1166329 -0.00384146 0.04198466
0.1103089 0.004915237 0.04211591
0.1165161 0.03115696 0.04211591
0.1269772 0.03115696 0.0419712
-0.1031426 0.03216624 0.04156054
-0.08856113 0.03317553 0.04211591
-0.09204037 0.03620344 0.04203566
-0.09002178 0.03830683 0.04211591
-0.1137819 0.04932433 0.04211591
0.1252295 0.07455677 0.04211591
-0.09002178 0.08462554 0.04211591
0.1300051 0.08767766 0.041138
-0.07589161 0.1033379 0.04211591
0.06767493 0.1714494 0.04211591
0.06339147 0.1785144 0.04194106
0.06238218 0.1896167 0.04207936
-0.03047321 0.1936539 0.04205393
0.01735769 0.1959389 0.04392866
-0.007732322 0.2027497 0.04247661
0.01494518 0.3392673 0.04211591
-0.1573084 -0.3271437 0.04312521
-0.01983013 -0.2408855 0.04303675
0.007680419 -0.2396364 0.04301694
-0.1227606 -0.2377365 0.04190334
0.1001053 -0.2185477 0.04272952
0.09750734 -0.216121 0.04312521
0.01928771 -0.1902232 0.0420567
0.03513113 -0.1727212 0.0421268
0.0502706 -0.1616189 0.0425261
-0.1102077 -0.1354821 0.04312521
-0.07065416 -0.1081261 0.04312521
-0.07011843 -0.1040889 0.04312521
0.05531709 -0.1020703 0.0427321
0.07550304 -0.09904242 0.04241194
-0.06882653 -0.09702384 0.04222391
0.07853094 -0.09702384 0.04223745
0.07348444 -0.07179141 0.04224521
0.07748773 -0.0707821 0.04312521
-0.07316691 -0.06131893 0.04356412
-0.06478933 -0.06169841 0.04309033
0.0936704 -0.05059618 0.04307911
0.08636469 -0.04857755 0.04312521
-0.08624943 -0.04756826 0.04312521
0.0906425 -0.04655898 0.04212075
0.1037626 -0.01728934 0.04312521
0.121481 0.006933868 0.04312521
-0.08713277 0.01198035 0.04312521
0.1251048 0.02005464 0.04312521
0.1269772 0.02510113 0.04312118
0.1187091 0.05739868 0.04312521
-0.1131981 0.05941731 0.04312521
-0.1131658 0.06143588 0.04312521
0.1218879 0.068501 0.04312521
-0.1117875 0.06951028 0.04312521
-0.1103777 0.07354748 0.04312521
0.1279906 0.07859397 0.04312521
0.08969215 0.1209844 0.04312521
0.05448785 0.1966818 0.04312521
0.06944726 0.2602676 0.04275013
0.06440077 0.3312736 0.04312521
0.1350516 -0.3574226 0.04394843
0.1310754 -0.3321902 0.04413451
-0.06233028 -0.237988 0.04484488
0.1214043 -0.2389582 0.04463444
0.1049996 -0.2210447 0.04427157
0.1031824 -0.2201384 0.04456661
0.01958444 -0.188333 0.04406091
-0.008826967 -0.1831496 0.04516917
-0.02466769 -0.1833075 0.04437823
0.02705675 -0.1828142 0.0433063
-0.01743454 -0.1797471 0.04393742
-0.02384956 -0.1795214 0.04376697
-0.04133689 -0.1636044 0.04334675
-0.04789369 -0.158591 0.04413451
-0.1052828 -0.153928 0.04292153
-0.1034228 -0.1524585 0.04336185
-0.0555478 -0.1444608 0.04413451
-0.06277074 -0.1389662 0.04413451
-0.1051612 -0.1353772 0.04345527
-0.111217 -0.1241336 0.04413451
-0.07387261 -0.1222563 0.04413451
-0.1031426 -0.1180778 0.04413451
-0.09817529 -0.1050982 0.04413451
-0.08769958 -0.1020623 0.04373228
-0.06623989 -0.08693087 0.04413451
-0.06478933 -0.07380998 0.04356366
-0.089438 -0.07179141 0.04413451
-0.07185441 -0.05429018 0.04413451
-0.08909766 -0.02334511 0.04413451
-0.1010001 -0.007196307 0.04413451
-0.08699388 -0.007196307 0.04319415
-0.09231894 -0.006187022 0.04413451
-0.12131 0.007943153 0.04335461
0.1118378 0.007034719 0.04413451
0.1168842 0.007672608 0.04413451
0.1209214 0.007943153 0.04349765
0.1209214 0.01500821 0.04377104
0.1199121 0.02711976 0.04345763
-0.08497529 0.03620344 0.04365302
-0.08194658 0.08565903 0.04413451
-0.0668051 0.1179565 0.04413451
-0.05734839 0.1300681 0.04413451
-0.05267776 0.1754866 0.04315154
0.05519799 0.1865888 0.04413451
0.05724646 0.1916353 0.04413451
0.01686979 0.1930362 0.04401621
-0.03854759 0.1936539 0.04318689
0.03815907 0.1954222 0.04413451
0.03936538 0.1972712 0.04501012
0.04021299 0.1986116 0.04582593
0.05632639 0.2320072 0.04413451
0.06309877 0.2542117 0.04413451
-0.04442494 0.2663233 0.04413451
0.008866139 0.3359649 0.04413451
-0.156442 -0.3342088 0.04514381
-0.1288151 -0.3342088 0.04514381
0.07530724 -0.2381842 0.04551587
0.1191051 -0.2322697 0.04514381
0.09984528 -0.2215131 0.04734472
0.1040553 -0.2213968 0.04605891
0.1048651 -0.2212425 0.04539762
0.104482 -0.2212498 0.04583251
0.1047868 -0.2208667 0.04543779
0.09745284 -0.2188735 0.04522787
-0.07286371 -0.1959645 0.04514381
-0.01239827 -0.1815703 0.04560227
-0.02420886 -0.1689012 0.04666348
0.03513113 -0.1554864 0.04514381
0.04118692 -0.1535445 0.0441657
-0.1025387 -0.1471455 0.04439434
-0.1041519 -0.1384051 0.04467069
-0.06882653 -0.1346182 0.04514381
-0.1054366 -0.1337582 0.04505479
0.048252 -0.1121633 0.04445141
-0.06984793 -0.1061075 0.04514381
0.0512799 -0.09500527 0.04486497
-0.08287353 -0.08658773 0.04496662
0.05935428 -0.08491227 0.04418352
-0.06277074 -0.06977281 0.04506436
-0.08729304 -0.06371701 0.04514381
0.07449374 -0.06169841 0.0449585
0.08243893 -0.05362403 0.04514381
0.0936704 -0.04454035 0.04430013
-0.08744282 -0.0405032 0.04514381
-0.08812632 -0.02738231 0.04514381
-0.09204037 -0.01527071 0.04428931
-0.08598459 -0.01527071 0.04465524
-0.08295669 -0.008205652 0.04474183
-0.08699388 -0.005177736 0.04433094
-0.1192914 -0.003817201 0.04514381
-0.1214687 -0.001140535 0.04514381
0.1201729 0.01198035 0.04514381
-0.09809615 0.03418481 0.04470041
0.1132928 0.03519416 0.04514381
-0.09002178 0.04124993 0.04445064
-0.08598459 0.04124993 0.044207
-0.1133083 0.04427785 0.04514381
-0.1102077 0.06547308 0.04470314
0.1215944 0.068501 0.04514381
0.1269772 0.08061254 0.04513343
-0.1032145 0.08263117 0.04514381
0.1067913 0.1048357 0.0445734
-0.04157548 0.1795237 0.04448945
-0.03047321 0.1875981 0.04504706
0.0008150153 0.1886074 0.044991
-0.02643602 0.190626 0.04417153
0.05586816 0.190626 0.04514381
-0.036529 0.1936539 0.04425397
0.02604746 0.1936539 0.04463512
0.04046552 0.1968796 0.04584514
0.02540106 0.1981958 0.04765885
0.05319312 0.1997097 0.04514381
-0.04359408 0.2350351 0.04427078
-0.04729538 0.2421002 0.04514381
0.05632639 0.3369984 0.04514381
-0.1274534 -0.3372367 0.0461531
0.0946797 -0.3148311 0.0461531
-0.1223193 -0.3130136 0.0459929
0.1332272 -0.2413534 0.0461531
0.07530441 -0.239422 0.04645133
-0.1243367 -0.2371063 0.04437299
0.1044683 -0.2213128 0.04592621
0.10735 -0.2215837 0.04572471
0.1037327 -0.2213964 0.04628423
0.1051994 -0.2211679 0.04580449
0.1055086 -0.2209002 0.04623393
-0.1061722 -0.2110745 0.0461531
-0.07891951 -0.1955721 0.0461531
-0.02470499 -0.1810866 0.04544502
0.048252 -0.1574541 0.0461531
-0.05065916 -0.1541299 0.0461531
0.04795471 -0.1474887 0.0461531
0.04504692 -0.1404237 0.0461531
-0.1122263 -0.13134 0.04602573
-0.07387301 -0.1273028 0.04542233
-0.1051612 -0.121247 0.04614289
-0.06994483 -0.1050982 0.0461531
-0.09670696 -0.1030796 0.0461531
-0.06492539 -0.0788565 0.0461531
-0.06176144 -0.05967981 0.04549831
-0.0722319 -0.0503822 0.04662
-0.08708068 -0.04756826 0.0461531
0.08862391 -0.03848457 0.04593416
0.09669829 -0.03474206 0.0461531
0.1015042 -0.02233583 0.0461531
-0.09506826 -0.007422447 0.0461531
-0.1152542 -0.006187022 0.04517356
-0.09234881 -0.002085268 0.04593497
-0.09435247 0.001136422 0.0466873
-0.1211675 0.005924523 0.0461531
0.1180332 0.01601756 0.0461531
-0.08239996 0.03822201 0.0461531
0.1178935 0.05871886 0.0461531
-0.1085739 0.06749171 0.0461531
0.1189028 0.08061254 0.04534841
0.08731465 0.123003 0.0461531
0.05733568 0.1795237 0.04560295
-0.03850278 0.1815423 0.0461531
-0.03249181 0.1866736 0.0461531
0.04118692 0.1923822 0.0461531
0.02122233 0.1959631 0.04614406
0.02566211 0.1977395 0.04710995
0.0403765 0.1977556 0.04629283
0.04057711 0.1977556 0.04625024
0.04036374 0.1980786 0.0461749
-0.004533011 0.2017565 0.04487803
0.05364085 0.2148491 0.0461531
-0.03148251 0.2188984 0.0461531
0.06036358 0.2511839 0.04530359
-0.003222176 0.3261464 0.0461531
0.02781486 -0.2409424 0.04652182
-0.158654 -0.2403469 0.0471624
-0.1264736 -0.2359985 0.04689582
0.1169601 -0.2292418 0.0471624
0.1110574 -0.2234953 0.04731718
0.09959942 -0.2212442 0.04751606
0.1001295 -0.2212971 0.04775942
0.1032668 -0.2214254 0.04659138
0.1028138 -0.221417 0.04690547
0.1027634 -0.2214158 0.04691609
0.1036895 -0.2214137 0.04632343
0.09981743 -0.2211344 0.04740172
0.1027944 -0.2214056 0.04691504
-0.06176063 -0.2171303 0.0471624
-0.02235886 -0.1861904 0.04670644
-0.01599706 -0.1759073 0.0477375
-0.01605386 -0.1754451 0.04842075
-0.0215201 -0.1709335 0.04730539
-0.02155013 -0.1705911 0.04799996
0.0512799 -0.158591 0.04659542
0.04219622 -0.148498 0.04674035
-0.05757811 -0.1424423 0.0471624
-0.0649266 -0.1373958 0.0471624
-0.07185441 -0.1151912 0.04637555
-0.09086999 -0.08894947 0.0471624
0.07651234 -0.05417711 0.0471624
0.0946797 -0.033535 0.0471624
0.0916518 -0.0324288 0.04699703
-0.1001131 -0.01325214 0.0471624
-0.09204037 0.001887321 0.04702089
0.1095567 0.006933868 0.0471624
-0.1096013 0.009008944 0.04763992
-0.09405897 0.03822201 0.04654915
-0.1136628 0.0513429 0.0471624
-0.1053353 0.07960325 0.0471624
0.09266352 0.1169472 0.0471624
0.07544087 0.1583285 0.0471624
-0.05679529 0.1684214 0.0471624
-0.01937094 0.1855795 0.04684378
0.01191731 0.1873437 0.0471624
-0.0375383 0.190626 0.04622718
0.02427929 0.1982482 0.04865773
0.04025534 0.1980383 0.04668201
0.04065838 0.1977637 0.04688012
0.04091796 0.1973762 0.04682529
0.0403595 0.1980827 0.04643473
0.03472782 0.1993383 0.04703818
-0.036529 0.2241185 0.0471624
0.05793157 0.2431095 0.0471624
0.07651274 0.2804535 0.0471624
0.105782 -0.3485566 0.0481717
-0.1626202 -0.2696137 0.0481717
-0.1547589 -0.2645673 0.0481717
-0.1599471 -0.2474092 0.0481717
0.1163437 -0.2373271 0.04880065
-0.1265006 -0.2312604 0.0481717
0.1021941 -0.2213495 0.04726313
0.1012466 -0.2211227 0.04756341
0.1017173 -0.2211016 0.04800492
0.1019959 -0.2212942 0.04749518
0.08761462 -0.217775 0.0481717
0.0906425 -0.2170621 0.0481717
-0.09103107 -0.2027223 0.0481717
0.006211617 -0.190511 0.04709938
-0.01508602 -0.1865073 0.04722239
-0.01049089 -0.1834387 0.04693446
-0.01615475 -0.175542 0.04824299
-0.01637526 -0.1755593 0.04820173
-0.0159044 -0.1752291 0.04911034
-0.01606121 -0.1752234 0.04890893
-0.01581514 -0.1751338 0.04952173
-0.01637563 -0.1747644 0.04912395
-0.01769017 -0.1731394 0.04974902
-0.02139482 -0.1707506 0.04828659
-0.02126656 -0.170751 0.04878519
-0.02079901 -0.1711374 0.04843948
-0.02230828 -0.1697966 0.04875781
-0.02141872 -0.1706723 0.04833637
-0.02751747 -0.1669012 0.04780048
-0.03854759 -0.1606096 0.04719639
-0.04763127 -0.1555631 0.04740875
0.04421481 -0.149588 0.0481717
-0.10498 -0.1480782 0.04661407
0.03614043 -0.1464794 0.04784586
-0.05412469 -0.1454701 0.0481717
-0.1047111 -0.1445174 0.04664245
-0.103416 -0.1432537 0.04686881
-0.1102077 -0.1323493 0.0473794
-0.06983502 -0.13134 0.0481717
-0.1029085 -0.1300844 0.04799018
0.04118692 -0.1162005 0.04812866
0.03922634 -0.1030796 0.0481717
0.04219622 -0.09824711 0.0481717
-0.06777483 -0.09399596 0.0481717
-0.08831242 -0.0788565 0.0481717
-0.08700842 -0.06472632 0.0481717
-0.06277074 -0.04554969 0.04795397
0.08660532 -0.03848457 0.04816443
-0.09103107 -0.01406366 0.0481717
-0.08699388 -0.00214982 0.0481203
-0.1049004 -0.0004380941 0.04872386
-0.1081932 0.000878036 0.0481717
0.1128471 0.007600009 0.0481717
-0.1134464 0.04831499 0.0481717
0.1239493 0.07125431 0.0481717
0.1239493 0.07758468 0.04736046
0.1017448 0.1088971 0.0481717
-0.01634305 0.1837143 0.0481717
-0.03776882 0.1855795 0.0481717
-0.02441743 0.1875981 0.04778243
-0.0355197 0.1886074 0.04798489
0.00691718 0.1961489 0.04934123
0.01105978 0.1963588 0.05021694
0.02436948 0.1981715 0.04872733
0.001384784 0.1992212 0.04754658
0.02435236 0.1982401 0.04886892
-0.008756315 0.2020512 0.04815086
-0.1324123 -0.3417507 0.04918099
-0.1283751 -0.3402646 0.0482937
-0.1560896 -0.3251251 0.04918099
-0.1667284 -0.3143765 0.04918099
-0.1677357 -0.2746602 0.04918099
0.1387113 -0.2736509 0.04918099
0.1282808 -0.2655766 0.04918099
0.1144248 -0.2292418 0.04918099
0.1016866 -0.2213164 0.04797593
0.1016988 -0.2212203 0.04885935
0.1074913 -0.2210104 0.0489644
0.09365708 -0.2186434 0.04958948
-0.06891736 -0.2040094 0.04918099
-0.08396599 -0.1989225 0.04918099
-0.02441141 -0.184729 0.04784162
-0.007651133 -0.1862163 0.04827727
-0.01613299 -0.1751132 0.04925035
-0.01708423 -0.1741923 0.04920263
-0.02166519 -0.1703893 0.04919436
-0.02121363 -0.1706432 0.04896617
0.0490554 -0.1590391 0.05006041
0.0492613 -0.1482235 0.04918099
-0.06781723 -0.1343679 0.04882927
-0.1041519 -0.1323493 0.04916973
-0.1091984 -0.1293214 0.04844865
0.04724271 -0.07986578 0.04893751
0.05632639 -0.07784718 0.04839035
0.06238218 -0.0707821 0.04823028
0.05935428 -0.06674489 0.04883916
-0.06020188 -0.05198091 0.04872249
-0.0568288 -0.04680526 0.05083156
-0.06983583 -0.04447174 0.04918099
-0.05895236 -0.04267919 0.05085663
-0.08699388 -0.02132648 0.04826488
-0.09607756 -0.0203172 0.04907752
0.104482 -0.008205652 0.04918099
-0.07791021 -0.005177736 0.04917599
-0.1192914 -0.00480634 0.04918099
-0.1061705 -0.002375901 0.04918099
-0.1081891 -0.001140535 0.04898773
-0.1091419 -0.0001312494 0.04918099
-0.1017559 -0.001023471 0.04784254
0.1061647 0.001887321 0.04918099
-0.09647765 0.00253731 0.04938338
0.1138563 0.006360531 0.04918099
0.1190369 0.007943153 0.04918099
-0.1142449 0.008443713 0.04918099
-0.1001148 0.03902143 0.04918099
-0.08800318 0.0442819 0.04918099
-0.107219 0.07152885 0.04918099
0.1189028 0.07473844 0.04918099
-0.09506826 0.08757669 0.04918099
-0.05962859 0.1593378 0.04918099
-0.03837965 0.1785144 0.04918099
-0.02946392 0.1835609 0.04884098
0.02907535 0.1852041 0.04918099
0.04269271 0.1916353 0.04918099
0.001725079 0.1965324 0.0495074
-0.003176515 0.1983935 0.04971915
0.02341767 0.1982281 0.049503
0.02369527 0.1981837 0.04925847
0.02495705 0.1981473 0.0486801
-0.01626283 0.2073722 0.0462487
0.05318061 0.2098026 0.04918099
0.05058631 0.2188863 0.04918099
0.07143395 0.268342 0.04918099
-0.03652819 0.2794442 0.04918099
0.06137288 0.3321739 0.04918099
0.04219622 0.3409912 0.04918099
0.03311254 0.3420328 0.04918099
0.133033 -0.3577505 0.05019029
0.144455 -0.3079671 0.05019029
0.1250668 -0.2408241 0.05170815
0.1253151 -0.2406683 0.05134864
0.1245133 -0.2405032 0.05085619
0.01271589 -0.2393013 0.04963853
-0.1334216 -0.2382835 0.05019029
0.08660532 -0.2201582 0.05001811
0.007693197 -0.1858667 0.05033361
-0.01061375 -0.1851513 0.04865684
0.01595448 -0.1747398 0.04995642
-0.02166539 -0.1703663 0.0498856
-0.02160964 -0.1704119 0.05000373
-0.02161223 -0.1703812 0.04982767
-0.02116995 -0.1706703 0.05024488
-0.02161315 -0.170376 0.05005323
0.04742192 -0.1539644 0.05033527
0.0502706 -0.1525352 0.0493986
-0.06882653 -0.1273028 0.049941
0.04017763 -0.121247 0.04975819
-0.1011241 -0.1202377 0.04976691
-0.09607756 -0.1101447 0.05018961
-0.06774294 -0.1071168 0.05019029
-0.06781723 -0.09702384 0.04963772
-0.06680793 -0.08995876 0.04975145
0.04118692 -0.08693087 0.04984685
0.048252 -0.08693087 0.04918164
-0.06583698 -0.08491227 0.05019029
-0.06310744 -0.07380998 0.05019029
0.07146585 -0.05564266 0.04918156
0.06541006 -0.05463338 0.0501368
-0.08977269 -0.05160546 0.05019029
-0.06680793 -0.04207766 0.05019029
-0.08926319 -0.036466 0.05019029
0.09972619 -0.01820171 0.05019029
-0.1091984 -0.01325214 0.05002569
-0.1001139 -0.006187022 0.05019029
-0.1071798 -0.003159165 0.05004055
-0.1182821 0.001887321 0.04932827
-0.118033 0.004915237 0.05019029
-0.1172728 0.006933868 0.0500043
0.1098192 0.006413043 0.05019029
-0.08699388 0.009707332 0.05019029
-0.08297163 0.01702678 0.05019029
-0.1071798 0.04024065 0.04944599
-0.1091984 0.04225922 0.05014822
-0.1121589 0.04831499 0.05019029
0.1160623 0.05235219 0.05019029
0.1187264 0.05840802 0.05019029
-0.112165 0.06042659 0.05019029
0.1216675 0.06749171 0.05019029
0.12294 0.0725382 0.04984677
-0.02845461 0.1805331 0.04986917
-0.01230585 0.1809771 0.05019029
0.05232957 0.1825516 0.05019029
-0.004231473 0.1835609 0.04986316
-0.0335011 0.1872065 0.05019029
0.005804087 0.1981997 0.0482346
0.02297669 0.1980786 0.04977741
0.02328529 0.1980907 0.05002461
0.02281924 0.1982038 0.05054896
0.05012648 0.2148491 0.05019029
-0.04863815 0.2572396 0.05019029
0.07247555 0.3167882 0.05019029
0.1098192 -0.3524864 0.05119959
-0.1273569 -0.3362274 0.05119959
0.1451446 -0.2842478 0.05119959
-0.1536075 -0.263558 0.0508054
0.07755555 -0.2410345 0.0516786
0.1249239 -0.2408791 0.05215035
0.1250995 -0.2408003 0.05183601
0.1250055 -0.2408161 0.05212217
0.1251815 -0.2406622 0.05158474
0.1245242 -0.2406828 0.05177905
0.125559 -0.2406001 0.0521977
-0.04098363 -0.2395213 0.0513721
0.1305275 -0.2401871 0.05238067
-0.1263565 -0.223786 0.05119959
-0.1192914 -0.2181327 0.05119959
-0.002634078 -0.1898744 0.05148655
-0.0218832 -0.1702428 0.05028214
-0.02164319 -0.1704256 0.05058537
-0.02162268 -0.1703921 0.05022344
0.02100097 -0.1626282 0.05035186
-0.03568563 -0.158591 0.05119959
-0.03854759 -0.1565724 0.05114896
0.04715316 -0.1549737 0.05180594
0.02705675 -0.1464794 0.05019065
0.04219622 -0.1443397 0.05119959
-0.06277074 -0.1384051 0.05024019
0.03047747 -0.1332819 0.05276004
0.03995381 -0.1232656 0.05119959
-0.09304967 -0.1091354 0.05106543
-0.08826116 -0.1074398 0.05139709
0.03614043 -0.1081261 0.05054036
0.009898706 -0.09500527 0.05103556
0.04118692 -0.08995876 0.05103382
0.04623341 -0.0759699 0.05119959
-0.06176144 -0.06876349 0.05024374
-0.05418323 -0.05854136 0.05255778
0.06742866 -0.04958689 0.05119959
0.08862391 -0.02785057 0.05119959
-0.09002137 -0.02233583 0.05119959
0.0946797 -0.01644558 0.05119959
-0.1051612 -0.01582384 0.05119959
-0.1071798 -0.00214982 0.05057689
-0.1091984 -0.001140535 0.05075142
-0.1029509 0.0005590916 0.0514482
0.1128471 0.02409184 0.05095695
-0.08194739 0.02711976 0.05100197
0.1088171 0.02812904 0.05119959
-0.09304967 0.04202914 0.05119959
-0.08167448 0.04225922 0.05119959
0.1172278 0.07354748 0.05119959
-0.1057305 0.07455677 0.05119959
-0.09103107 0.0876413 0.05119959
0.05184228 0.1795237 0.05119959
0.04219622 0.1845703 0.05109777
-0.03638244 0.1855795 0.05119959
0.004817078 0.1952486 0.05137545
0.02195124 0.1978889 0.05000611
0.01020608 0.1979817 0.05050991
0.06807784 0.3238533 0.05119959
0.009898706 0.3349556 0.05019203
0.01715421 0.3379834 0.05119959
-0.1576447 -0.3301716 0.05199774
-0.1556681 -0.3291623 0.05220889
0.1376633 -0.31806 0.05220889
0.12498 -0.2408669 0.05222391
0.1141765 -0.2359488 0.05205996
-0.07589161 -0.1983581 0.05220889
0.002515964 -0.1891687 0.05147339
-0.02252528 -0.1700066 0.05150387
-0.03005637 -0.1647546 0.05206375
-0.04964987 -0.1424423 0.0512469
-0.05873355 -0.1394144 0.05133685
-0.09597542 -0.1215619 0.05117997
0.009898706 -0.1101447 0.05122514
0.008889405 -0.1050982 0.05148336
-0.08987604 -0.09803316 0.05220889
0.01292659 -0.09500527 0.05195269
0.004852222 -0.09298667 0.0518593
0.0008150153 -0.09096807 0.05181429
0.0008150153 -0.08995876 0.05167521
0.007880107 -0.08693087 0.05182083
0.03614043 -0.08693087 0.05217602
-0.08748965 -0.08087507 0.05220889
0.04118692 -0.07986578 0.05210291
-0.08226027 -0.07809344 0.05223928
0.05381687 -0.06674489 0.05220889
0.05935428 -0.05967981 0.05212895
0.07045655 -0.04454035 0.0521323
-0.08980296 -0.03949386 0.05220889
-0.09394713 -0.03041017 0.05220889
-0.08396599 -0.02536368 0.05130201
-0.1127181 -0.01325214 0.05220889
-0.1081891 -0.004378378 0.05220889
-0.1182821 -0.00214982 0.05213428
-0.09161485 0.00350219 0.05201284
0.1158536 0.005924523 0.05220889
-0.0943452 0.007991552 0.0511249
-0.08497529 0.04737836 0.05220889
-0.1122824 0.05840802 0.05220889
-0.1082142 0.06749171 0.05220889
-0.1028891 0.08464974 0.05220889
-0.03047321 0.1797659 0.05220889
0.00283361 0.1815423 0.05211131
-0.02038023 0.1835609 0.0515744
0.03874672 0.2001013 0.05217659
0.03576005 0.2006786 0.0520977
-0.02643602 0.2125641 0.05220889
0.07401533 0.3097231 0.05220889
-0.06579863 -0.3130143 0.05321819
0.1461506 -0.2978741 0.05321819
-0.1730167 -0.2918183 0.05321819
0.1459334 -0.2877811 0.05321819
-0.1721229 -0.2847532 0.05321819
0.1234968 -0.2409448 0.05305884
0.08444663 -0.2387619 0.05454497
-0.131403 -0.2378536 0.05321819
0.08256812 -0.2292418 0.0525428
-0.1243379 -0.2205461 0.05321819
0.108287 -0.221769 0.05266687
-0.07891951 -0.1985079 0.05321819
-0.009242071 -0.1857342 0.05197675
-0.04056619 -0.1503269 0.05321819
0.0213149 -0.1444608 0.05321819
-0.04864057 -0.1394144 0.05220913
0.04530805 -0.1373958 0.05321819
0.02182593 -0.1361967 0.05526653
-0.06176144 -0.1343679 0.05243113
0.03815907 -0.1343679 0.05274854
-0.06176144 -0.121247 0.0530424
-0.05469636 -0.1202377 0.0528594
-0.05166847 -0.1202377 0.05318771
-0.09549984 -0.1172704 0.05259028
0.01393588 -0.1040889 0.05316158
0.03370734 -0.1040889 0.05321819
-0.08570279 -0.1005402 0.05328427
-0.06378004 -0.101061 0.05303203
0.01292659 -0.09803316 0.05278277
0.01191731 -0.08693087 0.05294115
-0.05873355 -0.06977281 0.05271713
-0.09128179 -0.06573561 0.05321819
-0.061713 -0.03943336 0.05355921
-0.1049021 -0.03526288 0.05483072
-0.09809615 -0.0243544 0.05256557
-0.1091984 -0.02319169 0.05321819
-0.1081891 -0.01829863 0.05265395
-0.1001466 -0.01022422 0.05321819
-0.1157835 -0.009214938 0.05321819
0.09669829 -0.008964658 0.05321819
-0.1041519 -0.007196307 0.05294038
-0.1091984 -0.004313827 0.05321819
-0.1081891 -0.003837407 0.05321819
0.1051889 0.000878036 0.05321819
-0.1152542 0.003905952 0.05225217
0.1088111 0.03418481 0.05321819
0.1138503 0.0473057 0.05321819
0.08293147 0.1421797 0.05321819
-0.04662198 0.1704401 0.05221002
-0.02441743 0.1775051 0.05233755
0.03412184 0.1785144 0.05298169
0.01797308 0.1815423 0.05297171
-0.03249181 0.1835609 0.0529709
0.01492649 0.1953657 0.05222968
0.02628957 0.1976386 0.05292686
0.0312061 0.1976184 0.05359885
0.04707295 0.2168677 0.05321819
-0.04561268 0.2356851 0.05321819
0.07247515 0.2750921 0.05321819
-0.008268664 0.3172283 0.05321819
0.00283361 0.3294004 0.05321819
0.05733568 0.3339463 0.05226298
-0.1192914 -0.3130131 0.05422748
-0.1718669 -0.2998927 0.05422748
0.1310144 -0.2524557 0.05341855
-0.06649464 -0.237355 0.05492834
0.1060791 -0.2223621 0.0546333
0.09081005 -0.2211675 0.05422748
-0.0717878 -0.2040094 0.05422748
-0.009561453 -0.1878433 0.05473286
-0.01483862 -0.1766643 0.05374011
-0.03249181 -0.1610723 0.05422748
0.048252 -0.146431 0.05422748
0.02460566 -0.1355346 0.05483714
0.03977108 -0.1364833 0.05414056
-0.09898596 -0.1272907 0.05083943
0.03580781 -0.128744 0.05476495
0.009898706 -0.1172098 0.05381331
0.00283361 -0.1101447 0.05372461
0.03363879 -0.1091354 0.05422748
-0.09002864 -0.1047389 0.05336239
-0.05974285 -0.101061 0.05414662
-0.05368706 -0.09601456 0.0541144
0.03714973 -0.09298667 0.05336247
-0.08849774 -0.0788565 0.05422748
0.010908 -0.0768379 0.05388146
-0.05267776 -0.0748193 0.05413039
0.01696378 -0.0748193 0.05349263
-0.08901248 -0.07179141 0.05325831
0.01494518 -0.07179141 0.0535395
-0.05242584 -0.06781074 0.05455445
-0.1034999 -0.03785074 0.05454969
-0.09391968 -0.03653866 0.0536819
0.07384294 -0.03545672 0.05422748
-0.1071798 -0.02893263 0.05422748
-0.1021333 -0.02440691 0.05422748
0.08357742 -0.0243544 0.0542274
0.0926611 -0.01338935 0.05422748
-0.1061705 -0.006594777 0.05422748
-0.1081891 -0.005177736 0.05409708
-0.1162635 -0.003159165 0.0542186
-0.08480815 0.001887321 0.05422748
0.1092758 0.002896667 0.05422748
-0.1063009 0.01097101 0.05422748
-0.08699388 0.04831499 0.05338993
-0.1041519 0.07455677 0.0539303
-0.09910545 0.08751613 0.05422748
-0.06478933 0.1179565 0.05393612
0.06339147 0.1663383 0.05422748
-0.007259365 0.1764959 0.05396014
0.03916833 0.1785144 0.05418666
-0.02038023 0.1795237 0.05397274
-0.01634305 0.1815423 0.05341116
0.04177345 0.1926446 0.05422748
0.01781066 0.1947883 0.05482305
0.04724271 0.2067747 0.05388941
-0.03240824 0.2855 0.05422748
0.04724271 0.3379592 0.05422748
0.1370702 -0.3523762 0.05466257
0.1378498 -0.345311 0.05523678
-0.1273658 -0.3422158 0.05523678
0.1367723 -0.3412739 0.05523678
-0.1616819 -0.3186305 0.05523678
0.0936704 -0.3157346 0.05523678
0.06137288 -0.3130277 0.05523678
-0.156824 -0.2504371 0.05523678
0.1144817 -0.2388528 0.05602238
0.1120227 -0.226214 0.05523678
-0.0376263 -0.1525352 0.05523678
0.04680242 -0.1532538 0.05348201
0.04374351 -0.1492368 0.05514017
0.04108523 -0.1400805 0.05529593
0.04763395 -0.1384051 0.05523678
0.006870805 -0.1182191 0.05424504
-0.09129672 -0.1102214 0.05321697
0.007880107 -0.09904242 0.05426027
0.01595448 -0.09702384 0.05517545
0.03311254 -0.09096807 0.05451206
0.03217603 -0.08592159 0.05523678
0.0008150153 -0.08589733 0.05523678
0.01292659 -0.08188438 0.05453536
-0.09197295 -0.07784718 0.05523678
0.01797308 -0.07582858 0.05447577
-0.09227695 -0.06876349 0.05523678
0.04996741 -0.06674489 0.05523678
0.02100097 -0.06573561 0.05475615
0.05533364 -0.05967981 0.05523678
-0.1013723 -0.04701114 0.05595859
-0.09214655 -0.04554969 0.05523678
-0.07193274 -0.04299009 0.05507545
-0.08598459 -0.036466 0.05485858
-0.1056893 -0.02953815 0.05453802
0.07853094 -0.02536368 0.05522104
-0.07891951 -0.02334511 0.05507719
-0.1147673 -0.008205652 0.05523678
-0.1051612 -0.006187022 0.05488215
-0.1102077 -0.004660964 0.05523678
0.1017448 -0.00214982 0.05513787
-0.08206811 -0.0001312494 0.05523678
-0.1113159 0.002896667 0.05523678
-0.1125384 0.007943153 0.05523678
0.1158749 0.008952439 0.05425413
0.1158749 0.01097101 0.05430221
0.1151357 0.05941731 0.05523678
-0.1091984 0.06042659 0.0552243
-0.09708686 0.07758468 0.05503746
-0.07288875 0.1048357 0.05523678
-0.06781723 0.1136287 0.05523678
0.08761462 0.1189659 0.05492285
0.07948331 0.1482355 0.05523678
0.05163194 0.1734679 0.05523678
-0.02643602 0.1744772 0.0543658
0.03311254 0.1765645 0.05523678
-0.01331515 0.1802989 0.05523678
-0.0335011 0.1815423 0.05515902
0.05462754 0.1896167 0.05523678
0.04421481 0.2017282 0.05506209
0.0512799 0.2037469 0.05444246
0.03916833 0.2047561 0.05519059
0.04247943 0.2077841 0.05523678
-0.02038023 0.2078204 0.05523678
0.05935428 0.2582489 0.05433318
-0.01614224 0.3016487 0.05523678
0.06036358 0.3299817 0.05523678
0.105782 -0.3508323 0.05624608
-0.1566354 -0.2408863 0.05624608
-0.06558103 -0.2385916 0.05694907
0.1287177 -0.2398415 0.05606368
0.1122152 -0.2360465 0.05599508
0.1027081 -0.2226899 0.05573638
0.1084017 -0.2234065 0.05521825
-0.06621689 -0.2151117 0.05624608
-0.006855446 -0.1884372 0.05566864
0.04375994 -0.1471254 0.0558554
0.04312926 -0.1477309 0.05685969
0.04253357 -0.1455065 0.05557498
-0.04193802 -0.1424423 0.05624608
0.00283361 -0.1323493 0.05586541
0.02131288 -0.1342669 0.05766733
0.006870805 -0.1321312 0.05624608
0.04400601 -0.1293214 0.05624608
0.008889405 -0.1262935 0.05560752
0.0351858 -0.127117 0.05700111
0.001315909 -0.1182191 0.05624608
-0.09231894 -0.1143151 0.05322174
0.03620628 -0.1151912 0.05624608
0.01292659 -0.113871 0.05624608
0.01603611 -0.1020703 0.05624608
0.004875129 -0.09803316 0.05624608
-0.08381096 -0.09098423 0.05555737
0.01593526 -0.08491227 0.05624608
-0.08699187 -0.08390298 0.05624608
-0.09204037 -0.07937729 0.05624608
-0.08497529 -0.07582858 0.05602403
0.01999167 -0.07380596 0.05624608
0.009898706 -0.07240507 0.05624608
0.02402886 -0.06068912 0.0558837
0.02100097 -0.05967981 0.05616961
-0.05000918 -0.05882394 0.05617345
0.06059087 -0.04857755 0.05624608
-0.1050785 -0.03848052 0.05483314
0.08660532 -0.01728934 0.05523714
-0.1060175 0.0003532171 0.05628899
-0.08598459 0.01094276 0.05624608
0.1079423 0.02308255 0.05624608
-0.07589161 0.03014767 0.05580049
-0.07690091 0.03620344 0.05526851
-0.0948555 0.08061254 0.05624608
-0.09607756 0.08162189 0.05609775
-0.1001216 0.08565903 0.05624608
-0.00120358 0.1746992 0.05624608
0.02806605 0.1754866 0.05549266
-0.01735234 0.1764959 0.05608192
-0.01028726 0.1787607 0.05624608
0.0502706 0.1815423 0.05548301
0.048252 0.1835609 0.05610772
0.05466266 0.1916353 0.05624608
0.04219622 0.1966818 0.05541066
0.0532985 0.1975336 0.05624608
0.04239105 0.2098026 0.05624608
-0.04851784 0.2461374 0.05624608
0.07248484 0.2814628 0.05624608
-0.1251893 -0.3402646 0.05725537
-0.1592826 -0.3352181 0.05725537
-0.1556261 -0.3231065 0.05657087
-0.1192914 -0.3140228 0.05713817
0.1400981 -0.2776881 0.05710216
0.1320237 -0.2453906 0.05705299
0.08796464 -0.2402577 0.05860921
0.1102951 -0.2379541 0.05860327
0.09566518 -0.2204985 0.05624685
0.01191731 -0.1535445 0.05637551
0.04460497 -0.1489542 0.05597922
0.04043052 -0.1437422 0.05776741
0.04072656 -0.1438351 0.05751052
0.04102406 -0.1440329 0.05736591
0.04008901 -0.1434959 0.05804238
0.04044197 -0.1435888 0.057831
0.04082245 -0.1435444 0.05750197
0.04711296 -0.1414329 0.05725537
0.03537022 -0.1131726 0.05725537
-0.08746301 -0.1012589 0.0549176
0.03335005 -0.1020703 0.05725537
0.03300241 -0.09702384 0.05725537
-0.08522923 -0.09573194 0.05586056
0.03125628 -0.08693087 0.05725537
0.03513113 -0.08087507 0.05725481
0.03899505 -0.0768379 0.05725537
0.04320551 -0.06674489 0.05652775
0.0492613 -0.06371701 0.05645456
0.04623341 -0.06270772 0.05650099
-0.09118247 -0.05766124 0.05725537
-0.09901462 -0.04804462 0.05709227
-0.09506826 -0.04454035 0.0562508
-0.05364306 -0.04557389 0.05754662
-0.06320918 -0.03894889 0.05722191
0.07045655 -0.036466 0.05639008
-0.09103107 -0.03545672 0.05663272
-0.1001148 -0.01628 0.05724544
-0.07387301 -0.01426142 0.05624644
0.08458672 -0.01275152 0.05725537
-0.1061705 -0.007765591 0.05725537
-0.07286371 -0.003159165 0.05662065
-0.1122263 0.005924523 0.05626332
-0.1018233 0.01256979 0.05714984
-0.08040398 0.01601756 0.05725537
-0.1041519 0.04528713 0.05663082
-0.1071798 0.04831499 0.05679215
-0.1081891 0.05437082 0.05644709
-0.08800318 0.05437082 0.05724092
-0.1031426 0.06749171 0.05655202
-0.08699388 0.07657534 0.05697451
-0.09405897 0.07758468 0.05706684
0.1138584 0.08263117 0.05725537
-0.08194739 0.08691055 0.05725537
-0.07946331 0.08868694 0.05725537
-0.03647652 0.1714494 0.05725537
-0.01937094 0.1714494 0.05647515
0.00283361 0.1735527 0.05725537
0.01999167 0.1737869 0.05725537
0.02806605 0.1742148 0.05725537
-0.03047321 0.1798386 0.05725537
0.04522415 0.1896167 0.05665512
-0.03249181 0.2173643 0.05725537
-0.0425856 0.2309979 0.05725537
-0.04855014 0.2562304 0.05725537
-0.04620574 0.265314 0.05725537
0.07093053 0.3117417 0.05725537
0.1340423 -0.357553 0.05826467
-0.1253532 -0.338246 0.05826467
-0.1203007 -0.31806 0.05801602
0.1266999 -0.2665859 0.05826467
-0.1515889 -0.263558 0.05818062
0.1249586 -0.2585115 0.05734169
0.1253074 -0.2564929 0.05826467
-0.1576447 -0.2443813 0.05776571
0.04623341 -0.2392311 0.05826467
0.1087202 -0.2361733 0.0588254
0.1074203 -0.2280359 0.05816572
0.1108285 -0.2282326 0.05821595
-0.0120461 -0.1854666 0.05797537
-0.01592778 -0.1770026 0.05727443
-0.036529 -0.1541017 0.05826467
0.04040767 -0.1436494 0.05786406
0.040691 -0.1438068 0.05765772
0.04026697 -0.143387 0.05810763
0.04041424 -0.1432618 0.05792055
0.04351763 -0.143718 0.05781065
0.007880107 -0.1350622 0.05826467
0.04685748 -0.13134 0.05826467
-0.04562156 -0.1151912 0.05826467
-0.04721383 -0.1040889 0.05826467
-0.0869519 -0.09297857 0.05732772
-0.008268664 -0.08491227 0.05820642
0.00283361 -0.0829381 0.05826467
-0.08802861 -0.08231634 0.05827953
0.03571653 -0.06977281 0.05826467
0.02600947 -0.06169841 0.05826467
0.02604746 -0.05766124 0.05821348
0.02301956 -0.05564266 0.05814186
-0.04929016 -0.05489576 0.05807428
-0.09304967 -0.05160546 0.05758017
-0.07750688 -0.05203748 0.05769099
0.05531709 -0.05059618 0.05731343
-0.05594304 -0.04324847 0.05852507
-0.09405897 -0.02934438 0.05826467
-0.1071798 -0.02646989 0.05826467
-0.1012351 -0.0008943081 0.05876997
0.0946797 -0.00214982 0.05764161
0.1088971 0.01702678 0.05826467
-0.07791021 0.02409184 0.05772345
-0.09607756 0.0473057 0.05803177
-0.08497529 0.05638939 0.05742223
-0.09204037 0.08061254 0.05773136
-0.08598459 0.08162189 0.05737104
-0.09809615 0.08565903 0.05730757
0.1098333 0.09272414 0.05826467
-0.05403829 0.1351146 0.05826467
-0.05469636 0.1620427 0.05826467
0.01595448 0.1734679 0.05744464
0.01797308 0.1731732 0.05826467
0.02301956 0.1734679 0.05737976
0.03008465 0.1743884 0.05826467
0.04320551 0.176298 0.05826467
0.0522892 0.1875981 0.05824493
0.01714307 0.1980706 0.05555224
-0.1445238 -0.3409477 0.05927397
-0.158654 -0.3331708 0.05927397
0.126993 -0.3261344 0.05927397
0.09369704 -0.3170507 0.05927397
-0.06264438 -0.239265 0.05937502
-0.1354402 -0.2380021 0.05927397
0.1086149 -0.2321531 0.05852346
0.1118378 -0.2302511 0.05834239
-0.08194739 -0.2018729 0.05927397
-0.0001942823 -0.1747398 0.05886295
-0.02773386 -0.1696832 0.05857352
-0.03249181 -0.1634788 0.05927397
-0.0001942823 -0.1431245 0.05927397
-0.002212877 -0.1414329 0.0582803
0.01464587 -0.1403671 0.05998706
0.03797296 -0.1391035 0.0598089
-0.01028726 -0.1050982 0.05926424
-0.0001942823 -0.09500527 0.05864502
-0.08588083 -0.08308747 0.05817016
0.005861508 -0.0788565 0.05877477
-0.04690902 -0.07582858 0.05927397
0.03177894 -0.0748193 0.05927397
0.02301956 -0.06977281 0.05887562
0.01292659 -0.06441545 0.05927397
0.03841475 -0.06371701 0.05927397
-0.04810847 -0.05961525 0.05970365
0.04464789 -0.05665195 0.05927397
-0.09879418 -0.05261475 0.05927397
-0.08901248 -0.04857755 0.05829418
-0.05146579 -0.04854119 0.05882189
-0.07185441 -0.0405032 0.05849552
0.07348444 -0.02631247 0.05927397
-0.07002033 -0.01022422 0.05927397
-0.1102077 -0.009214938 0.05868486
-0.1051612 -0.0002362728 0.05927397
-0.07589161 0.02611047 0.05897187
-0.1051612 0.04831499 0.05829592
-0.1021333 0.04831499 0.05867255
-0.1061705 0.05437082 0.05882738
-0.08295669 0.05538011 0.05826714
-0.1001148 0.06749171 0.058608
-0.08800318 0.07051957 0.05827517
-0.08396599 0.07122201 0.05927397
-0.08607987 0.08666837 0.05927397
0.1037634 0.1015211 0.05927397
-0.05369554 0.1300681 0.05927397
0.06843796 0.1583285 0.05927312
-0.03854759 0.1674122 0.0588405
-0.01634305 0.1684214 0.05913489
0.05430779 0.1684214 0.0583287
0.01191731 0.1724586 0.05911276
0.02100097 0.1724586 0.05887029
0.02100097 0.172277 0.05927397
0.02100097 0.1732782 0.05927397
0.02095991 0.1734679 0.05927397
0.02117182 0.1734679 0.05927397
-0.00120358 0.1746832 0.05927397
-0.0345104 0.1764959 0.05897801
-0.01129656 0.1775051 0.05910808
0.04724271 0.1775051 0.05840763
0.0492613 0.1875981 0.05833714
0.0522892 0.1916353 0.05884679
0.0215468 0.1975377 0.05831365
0.01356806 0.1985631 0.05569585
0.03614043 0.2041062 0.05927397
-0.04541042 0.2370537 0.05927397
0.06475645 0.268342 0.05927397
-0.04060373 0.275407 0.05927397
-0.02736344 0.2905464 0.05927397
-0.01330801 0.3046766 0.05927397
0.03513113 0.3379269 0.05927397
0.1148656 -0.3543019 0.06028327
0.09393121 -0.3219729 0.06009392
0.0906425 -0.3147007 0.06028327
-0.1597953 -0.2697979 0.05978124
0.1249586 -0.2645673 0.0599823
0.01455535 -0.2402306 0.05990143
-0.1525982 -0.2388144 0.06028327
-0.06872802 -0.2344026 0.06035291
0.1042268 -0.2232971 0.06037887
-0.1275915 -0.2221768 0.06028327
-0.03096761 -0.1735064 0.06153343
0.007060953 -0.1515259 0.06028327
-0.03965177 -0.1454701 0.06028327
0.03851769 -0.1409121 0.05997854
0.003962207 -0.1394144 0.06028327
0.03732345 -0.1275692 0.06007866
-0.04654769 -0.09197736 0.06028327
0.03129298 -0.09096807 0.06028327
-0.00927796 -0.08693087 0.06024548
-0.01028726 -0.08289367 0.06010006
-0.08465877 -0.08171886 0.05771763
-0.09002178 -0.08087507 0.06014863
0.001824313 -0.08087507 0.06028061
0.01898237 -0.0779683 0.06028327
-0.09304967 -0.07582858 0.05934821
-0.08699388 -0.07380998 0.06002299
0.0314543 -0.07179141 0.06028327
-0.09259549 -0.05867052 0.06028327
-0.08340038 -0.05867052 0.06028327
-0.08598459 -0.05665195 0.06026207
-0.0799288 -0.04353106 0.06010514
-0.07589161 -0.04353106 0.05995952
-0.102569 -0.03747529 0.06028327
-0.07791021 -0.03747529 0.0600431
-0.1051612 -0.02940089 0.05993268
0.06843796 -0.02940089 0.05966505
-0.06983583 -0.01829863 0.06009905
-0.1091984 -0.01325214 0.05964289
0.1035127 0.000878036 0.06028327
-0.1039832 0.01097101 0.06028327
-0.09103107 0.01198035 0.05945536
-0.08598459 0.01218218 0.06028327
0.1027541 0.02409184 0.05986958
-0.09607756 0.0513429 0.05951891
-0.09304967 0.05235219 0.05933667
-0.1021333 0.05638939 0.05998985
-0.09506826 0.06951028 0.059937
-0.09204037 0.06951028 0.06001758
-0.08295669 0.08464974 0.05940437
-0.09158861 0.08666837 0.06028327
0.08434974 0.1219937 0.06028327
-0.02542672 0.1685951 0.06028327
-0.02854049 0.1724586 0.06028327
0.01696378 0.1714938 0.06028327
0.02201027 0.1734679 0.05962121
-0.00120358 0.1983612 0.06028327
0.03311254 0.2017282 0.05984616
0.0502706 0.2340258 0.05928499
0.06843553 0.2764163 0.06028327
0.0492613 0.3339382 0.06028327
0.01797308 0.3349556 0.05927813
0.09842904 -0.3414386 0.06131465
0.08862391 -0.3140168 0.06129257
-0.1496067 -0.2554836 0.06129257
-0.1327865 -0.2363069 0.06129257
0.1061098 -0.2302511 0.06129257
-0.1324474 -0.2272232 0.06129257
0.1058098 -0.2252046 0.06129257
-0.07791021 -0.2030659 0.06129257
-0.01576032 -0.1845974 0.06174271
-0.01011128 -0.1843063 0.06031867
-0.0355197 -0.1665822 0.06129257
0.001824313 -0.1636375 0.06059684
-0.036529 -0.158591 0.06081864
-0.004987477 -0.1505166 0.06129257
-0.04106882 -0.1404237 0.06129257
0.01797489 -0.1380659 0.0610402
0.02709846 -0.131566 0.06034811
0.03493178 -0.1030796 0.06129257
-0.005240771 -0.09702384 0.06046571
0.01665061 -0.09500527 0.06129257
-0.004231473 -0.09197736 0.06082659
0.03172585 -0.08390298 0.06129257
-0.04612055 -0.0768379 0.06129257
-0.09128098 -0.0728007 0.06129257
-0.09103107 -0.06371701 0.06071173
-0.04719647 -0.06431857 0.06087052
0.01696378 -0.05665195 0.0612358
0.02503816 -0.05261475 0.06049138
-0.0988939 -0.04655898 0.06129257
-0.05403264 -0.04602605 0.06094476
-0.07286371 -0.03848457 0.06028602
0.05935428 -0.03661942 0.06129257
-0.07470386 -0.03545672 0.06129257
-0.07589161 -0.03343809 0.06051157
-0.1061705 -0.01628 0.06115143
-0.1021333 -0.01628 0.06086297
0.08963321 -0.00214982 0.06115102
-0.1031426 0.000878036 0.0612027
0.0946797 0.0001068711 0.06129257
-0.09405897 0.0145036 0.06129257
-0.08800318 0.08565903 0.06083023
-0.0578058 0.1482355 0.06129257
0.010908 0.1724586 0.06123508
0.02301956 0.1731167 0.06129257
0.03109395 0.1744772 0.06073891
-0.00120358 0.1747558 0.06129257
0.04421481 0.1745741 0.06129257
0.0522892 0.2518298 0.06129257
-0.007259365 0.3157426 0.06129257
0.06043342 0.3248626 0.06129257
0.02806605 0.3366875 0.06129257
-0.1556261 -0.3320578 0.06230186
-0.1653319 -0.310995 0.06230186
-0.15561 -0.2484185 0.06230186
0.1288985 -0.2418371 0.06194421
-0.01900477 -0.1768867 0.06065465
0.002091615 -0.1596003 0.06230186
-0.01230585 -0.1555631 0.06164937
0.006870805 -0.1491924 0.06230186
-0.01937094 -0.1444608 0.06136657
0.01140849 -0.1435848 0.06169403
0.04220393 -0.1357607 0.06263114
0.008747958 -0.1323493 0.06230186
0.04561128 -0.1323493 0.06230186
-0.01331515 -0.1172098 0.06140496
-0.01634305 -0.1000517 0.0620019
-0.08699388 -0.0768379 0.06131441
0.03064008 -0.07380998 0.06230186
-0.08901248 -0.06977281 0.0617623
0.02612529 -0.06371701 0.06230186
-0.09106257 -0.05967981 0.06230186
-0.09486842 -0.05665195 0.06230186
0.02816101 -0.05564266 0.06230186
-0.09204037 -0.04857755 0.06200832
0.06238218 -0.03141952 0.06230126
0.07146585 -0.02089453 0.06230186
0.08054952 -0.01240838 0.06230186
-0.06983583 -0.007196307 0.0616088
0.09954935 -0.0001312494 0.06230186
0.1047727 0.007943153 0.06230142
-0.0809381 0.01447529 0.06230186
0.1088498 0.0432685 0.06230186
-0.07825902 0.04932433 0.06230186
-0.0809381 0.07960325 0.06224934
-0.05469636 0.1260309 0.06193565
-0.04886867 0.1623657 0.06230186
0.0512799 0.1664029 0.06230122
-0.0335011 0.1714494 0.06222318
0.01595448 0.1721033 0.06230186
-0.02946392 0.1734478 0.06230186
0.03614043 0.1754866 0.06136632
0.01917184 0.19606 0.06143407
-0.0355197 0.2214702 0.06230186
-0.04359408 0.2350391 0.06230186
0.006870805 0.3279228 0.06230186
0.03838681 0.3359649 0.06230186
0.105782 -0.3519975 0.06331116
0.1269728 -0.3321902 0.06331116
0.1249586 -0.3291623 0.06315161
-0.1697417 -0.2867718 0.06331116
-0.1485368 -0.2585115 0.06331116
-0.1554828 -0.2423627 0.06331116
-0.01486668 -0.2407434 0.06037701
-0.1146579 -0.2151117 0.06331116
-0.09002178 -0.2049884 0.06331116
-0.0245012 -0.1800539 0.06382182
-0.03535943 -0.1696933 0.06331116
0.0002724174 -0.1616189 0.06331116
-0.03955689 -0.1579818 0.06331116
-0.00927796 -0.1575817 0.06328165
0.0007513491 -0.1424423 0.06331116
0.02277075 -0.1333787 0.06289412
-0.02585212 -0.1283121 0.06331116
0.04623349 -0.1283121 0.06331116
0.03512419 -0.1244324 0.06376982
0.04522415 -0.1203184 0.06331116
-0.01634305 -0.1071168 0.06271373
-0.01230585 -0.0788565 0.06237672
-0.004231473 -0.07784718 0.06313182
0.001824313 -0.06775421 0.06303252
-0.09506826 -0.04958689 0.06283166
-0.06719065 -0.03812122 0.06278362
-0.09405897 -0.036466 0.06259573
-0.09809615 -0.03141952 0.06324087
-0.09607756 -0.02940089 0.0623514
-0.1021333 -0.02334511 0.06240493
-0.07084512 -0.004168451 0.06238285
-0.09211869 -0.0007247329 0.06334697
0.09669829 -0.0004259944 0.06331116
-0.09809615 0.004915237 0.06285629
-0.08196233 0.00349009 0.06332388
-0.0994252 0.01198035 0.06331116
0.1128471 0.06951028 0.06230235
-0.07855535 0.08666837 0.06331116
0.08281641 0.1260309 0.06331116
-0.007259365 0.1653935 0.06302278
0.04219622 0.1692531 0.06331116
0.04017763 0.1714494 0.0623623
-0.007259365 0.1724586 0.06289178
0.01999167 0.1732298 0.06331116
0.03311254 0.1734679 0.06263857
-0.005240771 0.1744772 0.062847
-0.01634305 0.2041506 0.06331116
0.04421481 0.220917 0.06331116
0.06944726 0.3016487 0.06278653
0.1354113 -0.355404 0.06432046
0.1323471 -0.3200786 0.06432046
0.0906425 -0.3161355 0.06432046
0.1380795 -0.3130136 0.06415578
-0.1637005 -0.2747595 0.06432046
0.1290144 -0.2504371 0.06432046
0.09871689 -0.2262454 0.06432046
0.1044626 -0.2230298 0.06397799
-0.07084512 -0.2130931 0.06335795
-0.02948576 -0.1762892 0.06436511
-0.008268664 -0.1728031 0.06432046
-0.004231473 -0.1676747 0.0633808
-0.03047321 -0.1555631 0.06339921
-0.04157548 -0.1541259 0.06432046
0.01415781 -0.1496083 0.06561785
-0.0335011 -0.1454701 0.06373256
0.03798668 -0.1393094 0.06331338
0.01069058 -0.1293214 0.06432046
-0.04358681 -0.121247 0.06432046
0.03815907 -0.1091354 0.06397463
-0.01542749 -0.08087507 0.06432046
-0.09103107 -0.05564266 0.06377289
0.0532985 -0.03966749 0.06432046
-0.06771468 -0.0243544 0.06432046
-0.07690091 -0.0001312494 0.06416406
-0.09506826 0.007943153 0.06394637
0.06238218 0.1595194 0.06432046
0.03614043 0.1653935 0.06402546
0.04724271 0.1701897 0.06432046
0.04522415 0.1709487 0.06432046
0.010908 0.1726282 0.06432046
0.01191731 0.1956725 0.06378537
-0.02441743 0.2093343 0.06432046
0.06541006 0.3137603 0.06431957
0.01999167 0.3325373 0.06432046
0.1017448 -0.3493482 0.06525313
0.09891834 -0.2385294 0.06614127
0.1069754 -0.2382872 0.06646065
-0.1354862 -0.2373162 0.06532976
0.1061364 -0.236038 0.06548478
-0.1349242 -0.2302511 0.06532976
0.09794619 -0.2302511 0.06532976
-0.06931826 -0.2191489 0.06532976
-0.01935895 -0.1843131 0.06518748
-0.01634305 -0.1656561 0.06525725
-0.04575761 -0.1572834 0.0660447
-0.03854759 -0.1585087 0.06532976
0.007519574 -0.1555631 0.06532976
0.02365074 -0.1370445 0.06570465
0.03558237 -0.1350017 0.06507489
0.009898706 -0.1315055 0.06532976
0.03003293 -0.1291478 0.06423846
0.01191731 -0.1277509 0.06532976
0.04126242 -0.1131726 0.06532976
0.03412184 -0.09399596 0.06511062
-0.06663958 -0.0364902 0.06528882
-0.06757621 -0.0324288 0.06532976
0.08516525 -0.00214982 0.06532976
-0.09809615 0.000878036 0.06466886
0.0916518 0.000878036 0.06480238
-0.09506826 0.01399893 0.06490424
-0.06983583 0.02611047 0.06452038
-0.07488231 0.0432685 0.0652516
-0.05570606 0.1421797 0.06532976
0.03008465 0.1704401 0.06532935
0.006870805 0.1714494 0.06515934
0.02806605 0.1724586 0.06503476
-0.04562398 0.2612768 0.06532976
0.0532985 0.2613212 0.06532976
-0.04026017 0.2743977 0.06532976
-0.02038023 0.2955929 0.06432599
0.1346665 -0.345311 0.06633905
0.133033 -0.3401225 0.06633905
-0.1593908 -0.3372367 0.06633905
-0.1505796 -0.3261344 0.06610748
0.1289958 -0.2453906 0.06627534
-0.01427447 -0.2399848 0.06635819
0.1261096 -0.2405908 0.06646509
0.1067913 -0.2312604 0.06545499
0.1047727 -0.2257682 0.06633905
-0.1203007 -0.2186672 0.06633905
-0.1011241 -0.2096344 0.06633905
-0.08396599 -0.2049137 0.06633905
-0.02845461 -0.1676747 0.06620623
-0.00120358 -0.1615269 0.06633905
-0.036529 -0.158591 0.06550231
-0.04728084 -0.1536293 0.0678689
-0.04391544 -0.1505166 0.06633905
-0.04411003 -0.1424423 0.06633905
0.004852222 -0.1361644 0.06633905
0.04219622 -0.1269879 0.06633905
0.01503905 -0.1182191 0.06633905
0.04522415 -0.1151912 0.06627098
-0.04561228 -0.1091354 0.06633905
-0.01331515 -0.08491227 0.06540404
0.03091239 -0.06876349 0.06633905
0.0251487 -0.06674489 0.06633905
0.03286453 -0.05967981 0.06633905
-0.06781723 -0.003857553 0.06633905
-0.07791021 0.002387941 0.06633905
-0.08194739 0.00300163 0.06633905
-0.07488231 0.09474671 0.06633905
-0.05676582 0.1522727 0.06633905
-0.002212877 0.1609163 0.06633905
0.001824313 0.1643842 0.06542754
0.00283361 0.1714494 0.06571127
0.02301956 0.1714494 0.06583941
0.01595448 0.1966818 0.06571276
-0.04377212 0.2663233 0.06633905
0.06742866 0.2895372 0.06581418
-0.003168481 0.3177975 0.06633905
0.04421481 0.3319277 0.0658344
-0.158736 -0.3392553 0.06734835
-0.1511525 -0.3241158 0.06734835
-0.1582564 -0.31806 0.06734835
0.08963321 -0.3165368 0.06734835
-0.1152542 -0.3140228 0.06655283
0.1320237 -0.2716323 0.06653348
-0.07027265 -0.2382294 0.06762042
0.1025058 -0.2374717 0.06753136
0.1017448 -0.2252046 0.06734771
-0.07570711 -0.2110745 0.06734835
-0.01860525 -0.1842199 0.06666772
-0.01549944 -0.1826724 0.0662856
-0.02589464 -0.1779606 0.06654911
-0.01129656 -0.1747398 0.06705795
-0.02138953 -0.1707026 0.06697515
-0.01533375 -0.16908 0.06734835
-0.007259365 -0.1676125 0.06734835
0.001824313 -0.158591 0.06716232
-0.007259365 -0.1575817 0.06645541
0.006870805 -0.1555026 0.06734835
-0.004231473 -0.1515259 0.06639517
-0.04157548 -0.1505166 0.06713369
-0.0001942823 -0.1444608 0.06719841
-0.03997716 -0.1414329 0.06734835
0.03558867 -0.1250339 0.06564256
0.04557268 -0.1202377 0.06734835
0.03354597 -0.07582858 0.06734835
-0.04763127 -0.07380998 0.06669663
0.03513113 -0.05463338 0.06734795
0.02806605 -0.04756826 0.06699748
-0.06570901 -0.03587657 0.06749183
-0.06765251 -0.02233583 0.06734835
0.07651234 -0.007196307 0.06638876
0.08054952 -0.004350126 0.06734835
-0.09506826 0.000878036 0.06668653
-0.09405897 0.01298964 0.06637539
-0.07361141 0.01904535 0.06734835
-0.06733721 0.02711976 0.06734835
0.09799705 0.02711976 0.06734835
0.10839 0.04932433 0.06734835
0.08155923 0.1391518 0.06734835
0.07348444 0.1502541 0.06732167
0.010908 0.1623657 0.06734819
0.02201027 0.1623657 0.06727116
0.04320551 0.1684214 0.06720237
-0.03047321 0.1698546 0.06734835
0.01191731 0.1704401 0.06722881
0.01696378 0.1704401 0.06651322
0.01999167 0.1714494 0.06674229
0.001824313 0.1986358 0.06734835
-0.006250069 0.2007189 0.06734835
-0.03752174 0.22797 0.06734835
0.05141313 0.3268812 0.06734835
-0.1647098 -0.2783099 0.06835765
0.1013407 -0.2392286 0.06880816
0.02503816 -0.2392714 0.06835765
-0.1384681 -0.2380417 0.06835765
0.1238448 -0.2390566 0.06879488
-0.1324123 -0.2270056 0.06835765
-0.08194739 -0.206028 0.06795563
-0.01995072 -0.1836171 0.06705792
-0.01584518 -0.1787769 0.06835765
-0.02340813 -0.1757491 0.06776349
-0.01028726 -0.168684 0.06834057
-0.005240771 -0.1606096 0.06788284
-0.04459692 -0.1490431 0.06833968
-0.04589286 -0.1454701 0.06835765
0.02152802 -0.1399311 0.0673997
0.003924702 -0.1373958 0.06835765
-0.04527315 -0.1333586 0.06835765
0.02820259 -0.1321515 0.06855063
0.03471708 -0.1324381 0.06829023
0.00886262 -0.1303307 0.06835765
-0.03955689 -0.1232656 0.06758586
0.01393588 -0.1228982 0.06835765
0.01628827 -0.1121633 0.06835765
0.04522415 -0.1108956 0.06835765
-0.02744532 -0.1050982 0.06752446
-0.02643602 -0.09904242 0.06764258
0.01781474 -0.0989536 0.06824335
0.01917047 -0.09298667 0.06835765
0.03614043 -0.08794016 0.06777916
-0.02441743 -0.08693087 0.06745768
-0.04852188 -0.08491227 0.06835765
-0.01744722 -0.0788565 0.06835765
0.02177764 -0.0788565 0.06835765
-0.01931401 -0.07380998 0.06835765
-0.01735234 -0.0707821 0.06742869
-0.008268664 -0.06876349 0.06795074
-0.006250069 -0.06270772 0.06831001
0.0317206 -0.06169841 0.06835765
0.02608601 -0.06068912 0.06835765
0.02862936 -0.05160546 0.06835765
-0.06351843 -0.03997028 0.06812838
0.06036358 -0.0243544 0.06835446
-0.06478933 -0.008205652 0.06747847
0.07449374 -0.008205652 0.06763503
-0.08702981 -0.001140535 0.06835765
0.08743981 0.000878036 0.06835765
-0.09079248 0.01399893 0.06835765
-0.08497529 0.01507682 0.06835765
-0.07891951 0.0153473 0.06835765
0.09871689 0.01803607 0.06802192
-0.06781723 0.02308255 0.0683503
0.01999167 0.1684214 0.06743455
-0.01230585 0.2027375 0.06785708
-0.04460338 0.2471467 0.06735659
0.05834498 0.2703605 0.0683566
-0.03859119 0.2743977 0.06835765
-0.03120354 0.2844907 0.06835765
-0.1293844 -0.3479587 0.06936695
-0.1505796 -0.3422832 0.06917599
-0.1575426 -0.3352181 0.06936695
0.08458672 -0.3140019 0.06936695
-0.1667341 -0.3019113 0.06936695
0.1219307 -0.2655745 0.06936695
-0.04662198 -0.2394083 0.06936695
0.1027541 -0.2342883 0.06843581
-0.04702852 -0.151748 0.06913643
0.0136012 -0.1506498 0.06703418
-0.04584602 -0.1498303 0.06949621
0.01216331 -0.1488775 0.06839749
-0.04359408 -0.1479732 0.06936695
0.001824313 -0.1474887 0.06863448
-0.04560662 -0.1404237 0.06936695
0.01393588 -0.1373958 0.06933033
0.02623305 -0.06876349 0.06936695
-0.05065916 -0.06332541 0.06936695
0.02691957 -0.05665195 0.06936695
-0.0633093 -0.006187022 0.06936695
-0.07891951 0.002945065 0.06936695
-0.08800318 0.008952439 0.06845042
0.1088103 0.06042659 0.06936695
0.08155882 0.1219937 0.06936529
-0.05028532 0.1341053 0.06936695
-0.05469636 0.1553006 0.06873117
0.03513113 0.1593378 0.06918273
-0.02715723 0.1674122 0.06936695
-0.03047321 0.2178124 0.06936695
-0.04056619 0.238063 0.06932952
-0.04359408 0.2562304 0.06893569
0.05430779 0.2663233 0.06835886
-0.007401032 0.3097231 0.06936695
0.03008465 0.3309184 0.06936658
0.09061142 -0.3261344 0.07037625
-0.11649 -0.3220972 0.07037625
0.08761462 -0.3160757 0.07037625
0.1414978 -0.2928276 0.07037625
0.1203897 -0.2575022 0.07037625
0.11759 -0.240554 0.070163
-0.04732525 -0.1522122 0.06948391
-0.04815248 -0.1506822 0.0703425
-0.04919609 -0.15088 0.07080515
-0.04258478 -0.1424301 0.07037625
0.006870805 -0.1414329 0.07023515
0.02750012 -0.1322806 0.07000321
0.03262465 -0.1310533 0.06975318
0.03593825 -0.132325 0.06910174
-0.04207731 -0.1202377 0.07037625
0.04237708 -0.1040889 0.07037625
-0.03955689 -0.101061 0.07018758
0.03916833 -0.0976496 0.07037625
-0.06680793 -0.02940089 0.06938379
0.06783722 -0.01426142 0.07037625
0.07134715 -0.008205652 0.07037625
0.09632162 0.003905952 0.07037625
0.0946793 0.02510113 0.07037625
-0.07690091 0.06547308 0.07037584
0.09568899 0.105845 0.07037532
-0.02239883 0.1582275 0.07037625
0.04724271 0.163375 0.07012816
0.04320551 0.1643842 0.06983142
-0.03148251 0.1653935 0.06955827
0.02990201 0.2047561 0.07037625
-0.01917166 0.2067747 0.07037625
-0.01529519 0.2582489 0.07037625
-0.02340813 0.2905949 0.07037625
0.04320551 0.3278582 0.07037625
-0.1209232 -0.3422832 0.07138554
-0.07246242 -0.2376578 0.07023846
0.1220591 -0.2385027 0.07198858
-0.0456361 -0.1474887 0.07138554
0.006870805 -0.1384051 0.07055049
0.008889405 -0.1303307 0.07091948
0.01898237 -0.1303307 0.07112256
0.03233381 -0.1287239 0.06801497
-0.04742821 -0.1222563 0.07138554
0.04118692 -0.1182191 0.07083515
0.04495733 -0.1151912 0.07138554
0.01654185 -0.1081261 0.07138554
-0.04027268 -0.1000517 0.07138554
-0.03854759 -0.09197736 0.07129458
0.01998461 -0.08894947 0.07138554
-0.02239883 -0.07986578 0.07049538
0.03308941 -0.06371701 0.07138554
-0.06277074 -0.01728934 0.07138554
0.07449374 -0.00516969 0.07138554
-0.07046401 -0.001140535 0.07138554
0.08761462 0.0008578897 0.07138554
0.09770759 0.01298964 0.07043362
-0.08545894 0.01399893 0.07138554
-0.06886649 0.1028171 0.07138554
0.08862391 0.11291 0.07124481
-0.0505546 0.1260309 0.07138554
0.0492613 0.1593378 0.07047927
-0.00927796 0.2511839 0.07134695
-0.01230585 0.2542117 0.07122111
-0.01230585 0.2561011 0.07138554
-0.01432445 0.2602676 0.07098287
-0.01937094 0.2612768 0.07137407
-0.0375383 0.2632954 0.07138018
-0.02441743 0.2632954 0.07102147
-0.036529 0.2713698 0.07093745
-0.01542043 0.2955929 0.07138554
0.133033 -0.355404 0.07166076
0.09890179 -0.3493482 0.07239484
-0.1550775 -0.3352181 0.07239484
0.1387254 -0.2837439 0.07239484
0.1051962 -0.2395367 0.07221979
0.1233805 -0.2392456 0.07281633
-0.12131 -0.2221768 0.07229096
-0.04980409 -0.1503188 0.0719283
-0.04749885 -0.1492813 0.07222237
-0.04966804 -0.1503228 0.07172374
-0.04659977 -0.1444608 0.07239484
-0.04189564 -0.1404237 0.07239484
-0.0466462 -0.1363865 0.07239484
0.02635307 -0.1314611 0.07112486
0.01199064 -0.1252842 0.07239484
0.01385982 -0.1182191 0.07239484
0.04567317 -0.1121633 0.07239484
-0.04258478 -0.1083239 0.07239484
0.04522415 -0.1050982 0.07158865
-0.0335011 -0.08390298 0.07141582
-0.02946392 -0.07380998 0.07226678
-0.01432445 -0.06270772 0.07159512
-0.005240771 -0.05564266 0.07138614
0.004852222 -0.04955858 0.07239484
0.02705675 -0.04151249 0.07239383
0.04118692 -0.0405032 0.0713893
0.05935428 -0.01930791 0.07143209
0.06238218 -0.01720452 0.07239484
0.0795802 -0.003159165 0.07239484
0.08963321 -0.001140535 0.07200598
0.0936704 0.0001634359 0.07239484
-0.07272 0.01702678 0.07239484
0.1033278 0.04225922 0.07239484
-0.04864057 0.133096 0.0715501
0.08149423 0.1341053 0.07239484
0.06641936 0.1522727 0.07231349
-0.0345104 0.1583285 0.07174614
0.03916833 0.1583285 0.07220356
0.04421481 0.1635647 0.07239484
-0.02845461 0.1653613 0.07239484
-0.02542672 0.1650907 0.07239484
0.003842908 0.200937 0.07239484
0.02402886 0.2026447 0.07239484
-0.01028726 0.2491652 0.07183117
-0.01129656 0.2996301 0.07213771
0.0008150153 0.3157789 0.07237413
0.010908 0.3218427 0.07239484
0.02201027 0.3268812 0.07170703
0.1289958 -0.3574263 0.07340413
-0.1667284 -0.2938369 0.0729814
-0.1593452 -0.2736509 0.07340413
0.1300051 -0.2716323 0.07246578
0.08658391 -0.2402412 0.07308549
-0.04994458 -0.1501331 0.07217134
-0.05012101 -0.1499756 0.07242168
-0.04460338 -0.1464794 0.07268246
0.03425474 -0.129285 0.07242464
0.01393588 -0.1283121 0.07338311
-0.04318713 -0.1202377 0.07340413
-0.04324163 -0.1141819 0.07340413
-0.05065916 -0.1081261 0.07340413
-0.05166847 -0.09904242 0.07244228
-0.03955689 -0.08390298 0.07250381
-0.02340813 -0.06876349 0.07305165
0.02284496 -0.03949386 0.07340413
-0.06478933 -0.03747529 0.07281761
0.06924782 -0.01022422 0.07340413
-0.08194739 0.000878036 0.07295743
0.09459774 0.000878036 0.07340413
-0.0827831 0.007943153 0.07340413
-0.07690091 0.01695412 0.07340413
-0.06680793 0.01904535 0.07248475
0.09186335 0.02005464 0.07340413
-0.07387301 0.05437082 0.07309554
-0.07085481 0.09676135 0.07340413
-0.05979816 0.1159379 0.07340413
0.0793194 0.1240124 0.07340413
-0.002212877 0.153282 0.0727776
-0.05065916 0.1553006 0.07329962
-0.03249181 0.1593378 0.07240138
-0.003222176 0.2027053 0.07340413
-0.02839789 0.2188863 0.07340413
-0.0345104 0.2390723 0.07258309
-0.03148251 0.2441188 0.07264858
-0.008268664 0.2463392 0.07340413
-0.01634305 0.2511839 0.07297761
-0.01331515 0.2521932 0.07252637
-0.01735234 0.2643048 0.0732244
-0.02138953 0.2673326 0.07281753
-0.02845461 0.2703605 0.07312759
0.05531709 0.3167882 0.07246028
0.006870805 0.3198161 0.07239666
-0.1182821 -0.3407099 0.07441343
-0.1480144 -0.3291623 0.07441343
0.1259849 -0.3220972 0.07441343
-0.0735888 -0.3120043 0.07441343
0.1370702 -0.3079671 0.07421258
-0.1505796 -0.2411467 0.07441343
-0.1364495 -0.2372221 0.07441343
-0.07067112 -0.2366513 0.07513722
-0.07366309 -0.233581 0.07431493
-0.05036082 -0.1497657 0.07281815
-0.05040765 -0.1497213 0.07289872
-0.05062889 -0.1495194 0.07326719
-0.05043349 -0.149693 0.07293982
-0.04741327 -0.1404237 0.07441343
0.02705675 -0.1262935 0.07347716
0.03380351 -0.1242749 0.07441343
0.03563909 -0.1232656 0.07441343
0.04532836 -0.1000517 0.07441343
-0.05368706 -0.0768379 0.07405283
-0.02643602 -0.06876349 0.07406834
0.02922517 -0.06068912 0.07441343
-0.02340813 -0.05867052 0.07342279
-0.06176144 -0.04945767 0.07441343
-0.06277074 -0.04616731 0.07441343
0.02832492 -0.04252177 0.07441343
-0.06359836 -0.0324288 0.07441343
0.06856755 -0.01426142 0.07441343
0.07348444 -0.004434884 0.07441343
0.08659603 -0.003159165 0.07441343
0.0916518 -0.00118494 0.07441343
-0.08598459 0.001887321 0.07353571
-0.08598459 0.002896667 0.0739215
-0.06135329 0.02308255 0.07441343
-0.06176104 0.02611047 0.07441343
0.1047727 0.08767766 0.07433653
0.09972619 0.09877992 0.07344976
0.08049058 0.1310774 0.07441343
-0.0001942823 0.1441983 0.07438461
-0.02241769 0.1563099 0.07441343
-0.01735234 0.2077841 0.0738861
-0.02398444 0.2138398 0.07441343
-0.03148251 0.2259514 0.07343094
-0.006250069 0.2471467 0.07421444
-0.01146794 0.2562304 0.07441343
0.05935428 0.2804535 0.07344863
-0.02744532 0.2834814 0.07368973
-0.02138953 0.2884835 0.07441343
0.05834498 0.3097231 0.07347661
-0.1233286 -0.348339 0.07490803
-0.1576447 -0.338246 0.07479685
0.09097315 -0.338246 0.07542273
-0.111217 -0.3170507 0.07460786
0.08476637 -0.3160414 0.07542273
0.08357742 -0.3148077 0.07542273
-0.1616819 -0.3089764 0.07522325
0.118787 -0.2645673 0.07542273
-0.1448408 -0.263558 0.07542273
-0.1515889 -0.2443813 0.07443108
-0.1475517 -0.2391741 0.07542273
-0.1001148 -0.2120232 0.07542273
-0.05055339 -0.149588 0.07314071
-0.05064301 -0.1495073 0.07329142
-0.05064382 -0.1495073 0.07329296
-0.0506079 -0.1495396 0.07323191
0.01386346 -0.1091152 0.07525596
-0.05372178 -0.09803316 0.07542273
-0.05504275 -0.08894947 0.07542273
-0.03956375 -0.06270772 0.07542273
-0.036529 -0.05873513 0.07542273
-0.05873355 -0.05859381 0.07542273
0.0261452 -0.05059618 0.07542273
0.03318343 -0.04554969 0.07542273
-0.06451683 -0.003159165 0.07542273
-0.07891951 0.001746058 0.07542273
-0.07387301 0.004963636 0.07542273
0.09124041 0.02510113 0.07542273
-0.07084512 0.0473057 0.07494186
0.08055034 0.1189659 0.07542273
-0.04460338 0.133096 0.07491493
-0.003222176 0.1421918 0.07542273
-0.05368706 0.1441983 0.07454327
-0.05354374 0.1492448 0.07542273
-0.01735234 0.1522727 0.07502212
-0.01937094 0.1529832 0.07542273
0.01898237 0.153282 0.07459641
-0.004231473 0.2451281 0.07516132
-0.008268664 0.2451765 0.07542273
0.04422523 0.248156 0.07542273
0.05932844 0.2905464 0.07542273
0.0512799 0.3167882 0.0749629
0.03110368 0.3238533 0.07542273
-0.1102077 -0.3140228 0.07545087
-0.1439199 -0.2544743 0.07643203
0.1233082 -0.2514464 0.07643203
-0.1483043 -0.2504371 0.07643203
0.1249045 -0.2453906 0.07643203
-0.0001942823 -0.2395698 0.07643203
-0.08699388 -0.2101294 0.07643203
-0.05066482 -0.1494871 0.07332848
-0.04266149 -0.1414329 0.07643203
-0.04662198 -0.1409364 0.07643203
0.01595448 -0.1222563 0.07554825
0.04118692 -0.1089134 0.07643203
0.04406621 -0.1071168 0.07643203
-0.02744532 -0.05867052 0.07622541
0.02672021 -0.05160546 0.07643203
0.02604746 -0.03747529 0.07553279
0.07853094 -0.005177736 0.07622351
0.0918246 0.003905952 0.07643203
-0.069833 0.004915237 0.07643203
0.1058252 0.07657534 0.07643203
-0.07286371 0.08450037 0.07643203
-0.04964987 0.1391639 0.07643203
0.01977124 0.1441983 0.07643203
0.04100917 0.1563099 0.07643203
-0.007259365 0.2507074 0.07643203
0.05430779 0.2775831 0.07643203
-0.00927796 0.2915557 0.07548381
-0.002212877 0.3077045 0.07609266
0.003842908 0.3116731 0.07643203
0.1310144 -0.3543947 0.07703325
-0.1577755 -0.3422832 0.07744133
-0.1466975 -0.3241158 0.07744133
-0.1071798 -0.3125824 0.07744133
0.1192488 -0.2544743 0.07744133
-0.1351099 -0.2363069 0.07744133
-0.07444993 -0.2352977 0.07744133
-0.1122263 -0.2183019 0.07744133
0.03513113 -0.1162005 0.07696837
-0.04281732 -0.1151912 0.07744133
0.01292659 -0.1141819 0.07684108
0.02100097 -0.111154 0.0767366
-0.05233864 -0.1091354 0.07744133
0.01390944 -0.1021834 0.07756576
-0.04157548 -0.1000517 0.07702272
0.01828454 -0.08693087 0.07744133
-0.04864057 -0.08592159 0.07721844
0.0455091 -0.08592159 0.07744133
0.02100097 -0.08170673 0.07744133
-0.04157548 -0.0788565 0.07649747
0.02615162 -0.0728007 0.07744133
-0.05663017 -0.06977281 0.07744133
-0.04056619 -0.05564266 0.07710055
-0.03047321 -0.05564266 0.07737783
0.03221124 -0.04857755 0.07744133
-0.06251357 -0.04454035 0.07744133
0.0502706 -0.0203172 0.07744056
0.06641936 -0.01507294 0.07744133
0.07065842 -0.01123351 0.07744133
-0.07690091 0.01601756 0.07728586
0.09871689 0.03904563 0.07744133
-0.05665601 0.1169472 0.07744133
-0.04662198 0.1260309 0.07741541
-0.03933848 0.1371332 0.07744133
-0.01533375 0.143189 0.07711266
-0.05166847 0.1512634 0.07678032
0.04623341 0.1577269 0.07744133
-0.02340813 0.1588573 0.07744133
0.04320551 0.1583608 0.07744133
-0.02744532 0.1595719 0.07744133
0.01191731 0.2037469 0.07678052
-0.003222176 0.2421002 0.07732534
-0.01340748 0.2602676 0.07744133
-0.01245358 0.2663233 0.07744133
0.04623341 0.3157789 0.07744056
0.1300051 -0.3471589 0.07845063
-0.1561724 -0.3443018 0.07845063
0.1133089 -0.2403175 0.07711658
0.07960563 -0.2383187 0.07893004
-0.1344309 -0.2312604 0.07767738
-0.07580966 -0.2241954 0.07845063
-0.07735953 -0.2201582 0.07845063
-0.04864057 -0.1353691 0.07845063
0.02806605 -0.1123288 0.07845063
0.01574188 -0.1110006 0.07824922
0.02503816 -0.1040809 0.07845063
0.01358667 -0.1020219 0.07850537
0.01387561 -0.1014688 0.07845091
0.04520538 -0.09904242 0.07845063
0.01475774 -0.09692696 0.07813661
0.01492019 -0.09605491 0.07865943
0.04623459 -0.09096807 0.07845063
0.01707448 -0.08978114 0.07853674
-0.05469636 -0.08781502 0.07845063
-0.04460338 -0.08491227 0.07754056
-0.04964987 -0.0728007 0.07822394
0.03932565 -0.06371701 0.07845063
-0.02138953 -0.04827476 0.07845063
0.01292558 -0.03747529 0.07845063
0.02705675 -0.03671223 0.07845063
0.03529775 -0.03545672 0.07845063
0.06137288 -0.01527071 0.07780398
0.05632639 -0.01325214 0.07786342
0.05935428 -0.01325214 0.07791331
0.08963321 0.001887321 0.07839531
-0.06378004 0.01841557 0.07845063
-0.06176144 0.1098822 0.07744234
-0.005240771 0.1400602 0.07845063
-0.01634305 0.1413844 0.07845063
0.07804163 0.1421797 0.07845063
0.03614043 0.1510736 0.07845063
-0.04964987 0.1522727 0.07749091
-0.03249181 0.153282 0.07747391
-0.01533375 0.2108119 0.07746862
-0.01432445 0.2390723 0.07803306
-0.0001942823 0.2421002 0.07833052
0.003842908 0.2421002 0.07836859
-0.0001942823 0.2441188 0.07831405
-0.01129656 0.2461374 0.07756232
-0.02132869 0.2814628 0.07845063
-0.01028726 0.2855 0.07844953
-0.002212877 0.2865093 0.07795708
0.0008150153 0.2966022 0.07806883
0.05531709 0.3016487 0.07769458
0.009898706 0.3147696 0.07745021
0.01999167 0.3173897 0.07845063
0.1289417 -0.3513668 0.07945992
-0.1464823 -0.3301716 0.07945992
-0.1515889 -0.3195235 0.07945992
0.08256812 -0.3161016 0.07945992
0.1300051 -0.3157136 0.07945992
-0.1627207 -0.3019113 0.07945992
0.1318243 -0.2766788 0.07945992
-0.1296056 -0.2272232 0.07945992
-0.04460338 -0.1373958 0.07848163
-0.04964987 -0.1308918 0.07945992
-0.05064019 -0.1242749 0.07945992
-0.05136608 -0.1101447 0.07945992
0.01767376 -0.1061075 0.07945992
0.01382736 -0.1022439 0.07873154
0.01337766 -0.1022238 0.07859455
0.01368804 -0.101493 0.07874373
0.01363532 -0.1014769 0.07858615
0.01361428 -0.101166 0.07866222
0.01485531 -0.09598628 0.07911321
0.01463145 -0.09606302 0.07900025
0.01480881 -0.09594187 0.07885132
0.01486928 -0.09524342 0.07894494
0.01511854 -0.0954009 0.07916974
-0.05267776 -0.08894947 0.07889508
0.01790868 -0.08592159 0.07945992
-0.05671496 -0.0779804 0.07945992
0.04699668 -0.0748193 0.07945992
-0.05772385 -0.06775421 0.07945992
0.04219622 -0.06674489 0.07923214
-0.04359408 -0.06371701 0.07873799
0.02998808 -0.05564266 0.07945992
-0.06027051 -0.05261475 0.07945992
-0.01533375 -0.04454035 0.07850295
-0.06054826 -0.04353106 0.07945992
-0.02946392 -0.04252177 0.07945605
-0.02643602 -0.04255807 0.07945992
-0.05873234 -0.0405032 0.07945992
0.06843796 -0.01315522 0.07945992
0.07090509 -0.006187022 0.07945992
0.07927459 -0.006187022 0.07945992
0.08306511 -0.003159165 0.07945992
-0.07589161 0.004915237 0.07921575
-0.05671496 0.01904535 0.07901503
-0.06177355 0.03317553 0.07945992
0.0926611 0.1048357 0.07926598
-0.0355197 0.1351146 0.07863892
-0.02744532 0.1391518 0.07929517
0.02402886 0.1410856 0.07945992
0.02818935 0.1421797 0.07945992
-0.05065916 0.1452076 0.07872894
-0.02845461 0.1442589 0.07945992
0.06742866 0.1480135 0.07945992
-0.02946392 0.153282 0.07899831
-0.02546092 0.22797 0.07945992
0.01191731 0.2390723 0.07886685
0.005861508 0.2410909 0.07908277
0.01393588 0.2410909 0.07852636
0.01568956 0.2421002 0.07945992
0.005861508 0.2431095 0.0793051
0.04320551 0.2592583 0.07897922
-0.008268664 0.2693512 0.07892963
-0.01836164 0.2743977 0.07919388
-0.02138953 0.2764163 0.07847622
-0.01836164 0.2844907 0.07857013
0.05430779 0.2875186 0.07856382
0.0008150153 0.3046766 0.0788807
0.008889405 0.3066952 0.07899666
0.0512799 0.3077045 0.07847594
0.02806605 0.316659 0.07945992
-0.1536075 -0.3463975 0.08046922
0.1189957 -0.3311809 0.08046922
-0.1637005 -0.2893161 0.08046922
-0.1505796 -0.2687978 0.08046922
-0.1482017 -0.2423627 0.08046922
-0.1162635 -0.2222636 0.08046922
-0.09002178 -0.2120216 0.08046922
-0.04460338 -0.1283121 0.0797783
-0.04460338 -0.1202377 0.08006938
0.03513113 -0.1101447 0.07954939
-0.04964987 -0.1081261 0.08034419
0.02806605 -0.1040889 0.08045779
0.01460602 -0.0968664 0.07919581
0.0148868 -0.09552199 0.07914253
0.01524515 -0.09467822 0.07931516
0.02402886 -0.09399596 0.08045453
-0.05368706 -0.08046329 0.08046922
0.03306458 -0.04756826 0.08046922
0.02678202 -0.04252177 0.08046922
-0.0335011 -0.04173452 0.08046922
-0.05671496 -0.03545672 0.08008432
0.07247515 -0.005315006 0.08046922
0.0926611 0.03206533 0.08046922
-0.0375383 0.1314408 0.08046922
0.07838035 0.1391518 0.08046922
-0.01735234 0.1405285 0.08046922
0.01595448 0.1402822 0.08046922
-0.02338625 0.1421797 0.08046922
-0.02542672 0.1441983 0.07966392
0.03311254 0.1470364 0.08046922
-0.02946392 0.1482355 0.08045961
-0.04460338 0.1492448 0.0804209
-0.0193606 0.1492448 0.08046922
0.0502706 0.1509081 0.08046922
0.048252 0.1526764 0.08046922
-0.02542672 0.1578117 0.08046922
0.006870805 0.2067747 0.0797372
-0.004231473 0.2098026 0.07986961
-0.02125441 0.2219142 0.08046922
-0.02441743 0.2330165 0.07988553
0.010908 0.2360444 0.08031916
-0.00927796 0.2410909 0.08038908
-0.003222176 0.2410909 0.08043393
-0.01039659 0.2572396 0.08046922
-0.005240246 0.2643048 0.08046922
0.048252 0.2774256 0.07951637
0.003842908 0.2834814 0.08032655
0.0492613 0.2873773 0.08046922
0.01292659 0.2955929 0.0802383
0.005861508 0.3016487 0.0803458
0.04522415 0.3087138 0.08024246
0.09568899 -0.3503576 0.08058642
-0.1566354 -0.3412739 0.08047725
0.1266389 -0.3392553 0.08147852
0.08665054 -0.3352181 0.08147852
0.1189028 -0.3248239 0.08147852
0.1165358 -0.2381257 0.0809916
-0.08396599 -0.2146692 0.08147852
0.01344141 -0.1018443 0.07874098
0.01797308 -0.09679776 0.08147852
0.01797308 -0.08794016 0.0813511
0.04780065 -0.06472632 0.08147852
-0.04964987 -0.06068912 0.08062974
-0.0001942823 -0.03949386 0.08047076
0.01291807 -0.03343809 0.08147852
0.02503816 -0.03343809 0.08085853
0.0502706 -0.01190776 0.08147852
0.07752164 -0.005936801 0.08147852
-0.07589161 0.007943153 0.08060705
-0.06680793 0.01808453 0.08147852
-0.06277074 0.01820159 0.08147852
0.08369005 0.02207327 0.08147852
0.08660693 0.1098822 0.08147852
0.07551515 0.1199751 0.08147852
0.07348444 0.1240124 0.08079074
0.07449374 0.1280495 0.08050721
0.07565443 0.143189 0.08147852
-0.04359408 0.1441983 0.08084831
0.02705675 0.2108119 0.08098122
0.03204612 0.2158584 0.08147852
0.03714973 0.2229235 0.08086462
0.03916946 0.2289793 0.08147852
-0.00927796 0.2350351 0.08058392
-0.009246552 0.2592583 0.08147852
0.04118692 0.2632954 0.08143537
-0.006250069 0.2743977 0.08120209
-0.007259365 0.2784349 0.08082575
0.02705675 0.2875186 0.08121125
0.04118692 0.2885279 0.08114246
-0.1253472 -0.3516394 0.08248782
0.1167155 -0.3271437 0.08248782
-0.1059231 -0.3170507 0.08248782
0.1360653 -0.2877811 0.08248782
0.1142835 -0.2585115 0.08248782
-0.111217 -0.221859 0.08248782
-0.04662198 -0.1252842 0.08160004
-0.04763127 -0.1182191 0.08150343
0.01797308 -0.09298667 0.08187659
0.04727638 -0.08289367 0.08248782
0.02288093 -0.0768379 0.08248782
0.03873966 -0.05615532 0.08118618
-0.04763127 -0.04576772 0.08248782
-0.04056619 -0.0283916 0.08180109
0.06541006 -0.01224285 0.08167997
0.06944726 -0.01022422 0.08150105
0.0849319 0.006933868 0.08248782
-0.07082938 0.01601756 0.08248782
-0.06966142 0.06749171 0.08248782
-0.06071015 0.105845 0.08248782
-0.02441743 0.1381425 0.08148167
-0.01896076 0.1441983 0.08248782
0.07146585 0.1452076 0.08248782
0.04118692 0.1539845 0.08248782
0.04421481 0.1553894 0.08248782
0.01999167 0.2350351 0.08232068
0.007618836 0.2451281 0.08248782
-0.0001942823 0.2481519 0.08248782
-0.003222176 0.265314 0.08157299
-0.004812264 0.2733884 0.08248782
-0.002177471 0.2764163 0.08248782
0.02402886 0.2814628 0.08221692
-0.1515889 -0.2706218 0.08349711
-0.1393054 -0.2564929 0.08349711
-0.07791021 -0.2342883 0.08295936
-0.08800318 -0.2139336 0.08349711
-0.05267776 -0.07288548 0.08349711
0.04922982 -0.06472632 0.08349711
0.03310027 -0.03848457 0.08349711
-0.01836164 -0.03444737 0.08283179
-0.05368746 -0.02334511 0.08349711
0.06137288 -0.01022422 0.0826045
-0.05166847 -0.008205652 0.08324237
-0.06075214 0.006933868 0.083051
-0.06983583 0.008952439 0.08321249
-0.05267776 0.01803607 0.0828552
0.09669829 0.04525888 0.08349711
0.1007355 0.05941731 0.08284269
-0.05570646 0.11291 0.08349711
0.07550304 0.1320867 0.08267756
0.03614043 0.1452076 0.08278254
-0.02572083 0.1492448 0.08349711
-0.02038023 0.1528096 0.08349711
-0.02239883 0.1542469 0.08349711
0.01767493 0.2108119 0.08349711
0.02705675 0.2137268 0.08349711
0.001824313 0.2158584 0.08348823
-0.01028726 0.2168677 0.08249387
-0.01937094 0.2269607 0.08248943
-0.01432445 0.2299886 0.082508
0.02301956 0.2370537 0.08337559
-0.006250069 0.2552211 0.08267514
0.03815907 0.2572396 0.08322138
-0.002212877 0.2612768 0.08282007
0.03513113 0.2743977 0.08295815
0.04118692 0.2774256 0.08294563
0.01393588 0.2885279 0.08262831
0.02100097 0.2895372 0.08318222
0.01999167 0.2935743 0.08271511
0.02705675 0.2935743 0.08248903
0.03916833 0.2976115 0.08249266
0.03008465 0.3056859 0.08251244
0.1290156 -0.3543947 0.08450641
-0.1324123 -0.3527266 0.08450641
-0.1465424 -0.3493765 0.08450641
-0.1192914 -0.3493482 0.08375549
-0.1543944 -0.3463204 0.08450641
-0.1486373 -0.3342088 0.08450641
-0.1081213 -0.3231065 0.08450641
0.08155882 -0.3231065 0.08352618
-0.1031426 -0.313037 0.08450641
0.07449374 -0.3135 0.08450641
-0.1556261 -0.3120043 0.08428679
0.1340694 -0.3039299 0.08450641
0.1355764 -0.2958555 0.08450641
0.1296127 -0.2766788 0.08450641
0.03109395 -0.08289367 0.08371553
0.02201027 -0.08188438 0.08349994
0.02402886 -0.08188438 0.08447412
0.04867417 -0.0728007 0.08450641
0.02606704 -0.0707821 0.08450641
-0.05671496 -0.06876349 0.08433362
0.02938613 -0.06068912 0.08450641
0.04798793 -0.05766124 0.08450641
-0.04763127 -0.02940089 0.08430092
0.05632639 -0.009792209 0.08450641
-0.05166847 -0.006187022 0.08379062
-0.05772425 -0.00214982 0.08382857
-0.06176144 0.009961724 0.08413337
-0.05065916 0.1179565 0.08445958
0.06641936 0.1300681 0.08448461
-0.0221092 0.1411704 0.08450641
-0.02259536 0.1441983 0.08450641
0.04118692 0.1516631 0.08450641
0.003842908 0.2219142 0.0842654
-0.00927796 0.2229235 0.08405344
0.001823506 0.2501746 0.08450641
-0.003222176 0.2542117 0.08376881
-3.566127E-05 0.2612768 0.08450641
-0.001327763 0.2663233 0.08450641
0.03109395 0.2663233 0.08401953
0.01898237 0.2713698 0.08391617
0.006573801 0.2814628 0.08450641
0.03614043 0.2814628 0.08398198
-0.1505796 -0.3492251 0.08551571
-0.02542672 -0.3120196 0.08551571
0.1310584 -0.3099856 0.08551571
0.048252 -0.2383255 0.0849614
-0.131403 -0.2302511 0.08536633
0.04118692 -0.09298667 0.08452216
-0.05267776 -0.06876349 0.08550562
-0.05570566 -0.06674489 0.08543254
-0.05065916 -0.06038231 0.08551571
-0.04864057 -0.04353106 0.08543941
-0.05267776 -0.03949386 0.08550562
-0.02845461 -0.0243544 0.08519435
0.04724271 -0.00948137 0.08551571
-0.04258478 -0.008205652 0.08454476
0.06339147 -0.008742571 0.08551571
-0.04864057 -0.006187022 0.08498401
-0.05651794 -0.0001312494 0.08551571
0.07752164 0.01500821 0.08547655
-0.05065916 0.01803607 0.08491983
-0.04930994 0.02308255 0.08551571
0.06442095 0.1260309 0.08551571
0.07247515 0.1341053 0.08510715
-0.02441743 0.1361239 0.0847979
0.06541006 0.1441983 0.0850704
0.0512799 0.1452076 0.08551531
0.03158983 0.2209049 0.08551571
0.03614043 0.2269607 0.08464368
0.01999167 0.2461374 0.08549351
0.010908 0.248156 0.08539096
0.01494518 0.2542117 0.08455203
0.003842908 0.2582489 0.08485804
0.00283361 0.2598315 0.08551571
0.01696378 0.2834814 0.08540106
0.1209214 -0.3569212 0.08652501
0.09294048 -0.3513668 0.08652501
-0.1031426 -0.3140228 0.08555971
-0.1597041 -0.2837439 0.08652501
0.1187829 -0.2504371 0.08652501
-0.0809381 -0.2344704 0.08652501
0.02802411 -0.06472632 0.08652501
-0.05368706 -0.05362403 0.08637967
0.04724271 -0.05368054 0.08652501
0.02908556 -0.05059618 0.08652501
0.02807578 -0.03949386 0.08652501
0.02705675 -0.02738231 0.08644789
0.03412184 -0.02738231 0.08551692
-0.04964987 -0.02233583 0.0858407
0.04320551 -0.01527071 0.08557667
-0.0335011 -0.01123351 0.08651935
-0.03813539 -0.007196307 0.08652501
-0.04561268 -0.004168451 0.08597514
-0.04056619 -0.004479289 0.08652501
-0.05570566 -0.003159165 0.08560735
-0.06680793 0.01500821 0.08647576
-0.04662198 0.01904535 0.08625533
0.09972255 0.068501 0.08652501
0.09871689 0.08565903 0.08612089
0.06843796 0.1213599 0.08652501
0.005861508 0.1381587 0.08652501
0.048252 0.1401611 0.08617014
0.07146585 0.1411704 0.0855791
0.03815907 0.1441983 0.08607203
-0.01820694 0.1462169 0.08652501
0.010908 0.2148491 0.08564046
0.03714973 0.2421002 0.08588955
0.009898706 0.2501746 0.08564126
0.01393588 0.2582489 0.08646849
-1.48695E-05 0.2632954 0.08652501
0.01999167 0.2663233 0.08557506
0.01494518 0.2844907 0.08563925
0.1267689 -0.355404 0.08753431
0.1142758 -0.3291623 0.08753431
0.0765951 -0.3160414 0.08753431
0.07449374 -0.314077 0.08753431
0.1222929 -0.2706231 0.08753431
0.1130243 -0.2648293 0.08766915
0.1127817 -0.2554836 0.08753431
0.1180348 -0.2403441 0.08753431
-0.06277074 -0.2383897 0.08753431
0.1168842 -0.2383255 0.0869582
-0.07286371 -0.2377659 0.08753431
0.1148656 -0.2376057 0.08753431
-0.1223193 -0.2262374 0.08753431
-0.0809381 -0.226214 0.08744267
-0.1004022 -0.2181396 0.08753431
0.03815907 -0.07986578 0.08748545
0.04421481 -0.07784718 0.08749191
0.02705675 -0.07179141 0.08679671
-0.05065916 -0.05261475 0.08680478
0.03841858 -0.04533571 0.08695214
0.003841778 -0.02637303 0.08753431
0.07449374 -0.004168451 0.08664733
0.06641936 -0.003595173 0.08753431
-0.06478933 0.01198035 0.08660857
-0.05570566 0.01298964 0.08737847
-0.06176144 0.01702678 0.08680034
0.07440089 0.01702678 0.08753431
-0.06176144 0.09575206 0.08672848
0.0920971 0.09877992 0.08753431
0.08155882 0.1107259 0.08753431
0.05918311 0.1270402 0.08753431
-0.0345104 0.1294626 0.08753431
0.0502706 0.133096 0.08746365
-0.01533375 0.1368385 0.08753431
0.03714973 0.1381425 0.08707044
0.03835176 0.1391518 0.08753431
0.04623341 0.1401611 0.08689158
0.06440077 0.1401611 0.08659324
-0.02248289 0.1421797 0.08753431
0.04681472 0.1441983 0.08753431
0.04691654 0.1472262 0.08753431
-0.02441743 0.1502541 0.08679105
-0.01937094 0.1494951 0.08753431
0.02201027 0.2168677 0.08667357
0.01696378 0.2239328 0.08729086
0.02705675 0.2320072 0.08726462
0.02705675 0.2390723 0.08653389
0.03372002 0.2552211 0.08753431
0.02040815 0.2582489 0.08753431
0.005861508 0.27965 0.08753431
0.08740387 -0.348339 0.0885436
-0.109762 -0.3413098 0.08786575
0.08041994 -0.3291623 0.0885436
-0.1041285 -0.3210879 0.0885436
-0.1011241 -0.31806 0.08840998
-0.08562366 -0.2383376 0.09050003
0.048252 -0.05561841 0.0885436
0.02827934 -0.04454035 0.0885436
-0.02744532 -0.01527071 0.08811486
0.06238218 -0.007648528 0.0885436
-0.05166847 -0.003163218 0.0885436
-0.04034172 -0.003615379 0.08856096
0.07385264 -0.003159165 0.0885436
0.07550304 0.002896667 0.087588
-0.05166847 0.01500821 0.08853754
0.07449374 0.01904535 0.08829047
0.04478797 0.1421797 0.0885436
0.04017763 0.1484535 0.0885436
0.01999167 0.2209049 0.08789806
0.03210324 0.2390723 0.08776321
0.02604746 0.2451281 0.08828078
0.03008465 0.2602676 0.08823475
0.01696378 0.2622861 0.08791058
0.09669829 -0.3529547 0.0895529
-0.1525982 -0.3432925 0.08858518
0.08487941 -0.3432925 0.0895529
0.1233248 -0.3402646 0.0895529
-0.1400623 -0.3241158 0.0895529
-0.136529 -0.2544743 0.0895529
-0.0857795 -0.2382835 0.09071158
-0.08576658 -0.2382589 0.09068251
-0.08579443 -0.238254 0.09072409
-0.01533375 -0.2391685 0.0895529
0.02503816 -0.2383308 0.0895529
0.03008465 -0.0707821 0.08861829
0.02828713 -0.05766124 0.0895529
0.04808648 -0.05766124 0.0895529
0.03311254 -0.02571094 0.0895529
0.0349921 -0.02132648 0.0895529
-0.01735234 -0.0195179 0.0895529
-0.02946392 -0.01022422 0.08901434
0.04219622 -0.01022422 0.08940595
0.06036358 -0.00780195 0.0895529
0.06440077 -0.004333973 0.0895529
-0.03803971 -0.002719104 0.09082542
0.07247515 -0.0001312494 0.08952221
-0.05166887 0.03115696 0.0895529
-0.006250069 0.1361239 0.0895529
0.04522415 0.135264 0.0895529
0.04398667 0.1381425 0.0895529
0.04522415 0.1491882 0.0895529
0.03109395 0.2521932 0.08951818
-0.00126115 0.268342 0.0895529
-0.000352419 0.2733884 0.0895529
0.01292659 0.2784349 0.08951373
0.1199129 -0.3200786 0.09056219
-0.1586754 -0.2877811 0.09056219
-0.1566354 -0.2817253 0.09054646
0.1250071 -0.2746602 0.09056219
-0.1384681 -0.2652072 0.09056219
-0.1425053 -0.2484185 0.08999659
-0.1430568 -0.2453906 0.09056219
-0.08608995 -0.2381947 0.09114395
-0.131378 -0.2352977 0.09056219
-0.1051612 -0.2221768 0.09014798
-0.09405897 -0.2181287 0.09056219
0.03432382 -0.03444737 0.09056219
-0.003222176 -0.0243544 0.08967441
0.02705675 -0.0203172 0.09017463
-0.03660207 -0.004503548 0.0908125
-0.03661701 -0.004350126 0.09091423
-0.03964329 -0.003243923 0.09071077
-0.03793354 -0.003409445 0.09067039
-0.03701467 -0.004083693 0.0909199
-0.03851328 -0.003223717 0.09063365
-0.03795534 -0.003215671 0.09068412
-0.03813177 -0.002844274 0.09082663
-0.03735824 -0.003595173 0.09090254
-0.03955689 0.01601756 0.09032118
-0.06075214 0.04831499 0.09054605
0.0492613 0.1315458 0.09056219
-0.02441743 0.1323047 0.09056219
-0.02189378 0.1361239 0.09056219
0.03311254 0.1361239 0.09040313
0.03932065 0.1441983 0.09056219
-0.02239883 0.1462169 0.09052829
0.02402886 0.2532024 0.08974305
0.02705675 0.2582489 0.0896292
0.010908 0.2794442 0.08981572
-0.1435146 -0.3543265 0.09157149
0.1258052 -0.3533854 0.09157149
0.0926611 -0.3515142 0.09157149
-0.1394774 -0.3291623 0.09101154
-0.1475344 -0.3170507 0.09157149
-0.1515889 -0.2746602 0.0914742
-0.1442457 -0.2686045 0.09157149
-0.141496 -0.2403441 0.09062841
-0.08626154 -0.2381459 0.09137932
-0.08661035 -0.2380502 0.0918868
-0.08669836 -0.2380126 0.09199297
-0.1354402 -0.2381237 0.09157149
0.03109395 -0.06270772 0.09120048
0.03714973 -0.06169841 0.09123641
0.02907535 -0.05867052 0.09123924
0.02669167 -0.04655898 0.09157149
0.02907535 -0.02233583 0.09078343
-0.008268664 -0.02056754 0.09157149
0.01393588 -0.01628 0.09136802
-0.02744532 -0.008205652 0.09150852
-0.03230892 -0.007357836 0.0910935
-0.03696501 -0.004224956 0.09119362
-0.03692545 -0.004346132 0.09148994
-0.03616 -0.004556 0.0909861
-0.03823552 -0.003356993 0.09096188
-0.04361467 -0.00275141 0.09151215
-0.03788024 -0.003155112 0.09090617
-0.04662198 0.005924523 0.09072207
0.07247515 0.01097101 0.09089728
0.08660532 0.0369584 0.09157149
0.09568899 0.06244516 0.09058319
0.08256812 0.1068543 0.09115849
-0.01665532 0.1371332 0.09157149
0.0377021 0.1371332 0.09157149
-0.01865414 0.1452076 0.09157149
0.01191731 0.2622861 0.09086619
0.003842908 0.2632954 0.09121017
0.001824313 0.2643048 0.09096026
0.01292659 0.265314 0.09141728
0.005861508 0.2774256 0.09134702
0.12294 -0.3503576 0.09241971
0.0723298 -0.3160414 0.0925808
-0.153637 -0.3079671 0.0925808
0.1269272 -0.2786974 0.0925808
0.109545 -0.2645673 0.0925808
-0.08712913 -0.2379032 0.09264377
-0.08771452 -0.2376537 0.09350571
-0.07791021 -0.23781 0.0925808
-0.08750257 -0.2376388 0.09324168
0.02691125 -0.04958689 0.0925808
0.04219622 -0.04107642 0.0925808
0.02708937 -0.03747529 0.0925808
0.003842908 -0.02019209 0.0925808
0.008889405 -0.01728934 0.09208987
0.02705675 -0.01426142 0.09253154
-0.01533375 -0.01022422 0.09258039
-0.02038023 -0.009214938 0.09226388
0.04120989 -0.009214938 0.0925808
-0.03725004 -0.00409174 0.09159006
-0.03669816 -0.004451036 0.09178708
0.07075208 -0.004168451 0.0925808
-0.04882709 -0.001140535 0.0925808
-0.02218143 0.1351146 0.0925808
-0.02348827 0.1411704 0.0925808
0.001824313 0.2673326 0.09237489
0.1076035 -0.2585115 0.0935901
0.1148656 -0.2403441 0.09345848
0.07954023 -0.2382149 0.0935901
0.1118378 -0.23777 0.0935901
-0.08497529 -0.233279 0.0928743
-0.1274917 -0.2322697 0.0935901
-0.1001148 -0.2235712 0.0935901
-0.08699388 -0.2228037 0.0935901
-0.08901248 -0.2201582 0.09295221
0.02843202 -0.05362403 0.0935901
0.02840114 -0.03041017 0.0935901
0.03408656 -0.02738231 0.0935901
0.03612307 -0.01628 0.0935901
0.03008465 -0.01426142 0.09329941
0.01696378 -0.01338935 0.0935901
-0.02845461 -0.008274317 0.0935901
-0.03416886 -0.007111549 0.09321019
0.06137288 -0.006776452 0.0935901
-0.03676275 -0.004216909 0.09154849
-0.04359408 -0.002444565 0.0935901
-0.04258478 0.004826427 0.0935901
-0.03255842 0.01702678 0.0935901
-0.06176144 0.07455677 0.09271443
-0.01533375 0.1335239 0.0935901
0.04340665 0.1381425 0.0935901
0.03787578 0.1401611 0.0935901
0.004852222 0.2723791 0.09332283
0.008889405 0.2743977 0.09276489
-0.148987 -0.3513668 0.09459939
0.07903841 -0.3443018 0.09459939
0.1219307 -0.3432925 0.09457193
0.1233756 -0.3140228 0.09459939
-0.09405897 -0.3130475 0.09459939
-0.1566354 -0.2938369 0.09448029
-0.08786834 -0.2376416 0.0938194
0.08963321 -0.2383505 0.09459939
0.1098192 -0.2381362 0.09459939
-0.08295669 -0.235665 0.09459939
0.02900167 -0.02738231 0.09459939
-0.00120358 -0.02235597 0.09459939
0.03109395 -0.01628 0.09416378
0.03008465 -0.01325214 0.09443911
-0.01129656 -0.009214938 0.0940798
-0.01937094 -0.008468091 0.09459939
0.06843796 0.007943153 0.09359494
-0.0355197 0.01097101 0.09429175
-0.05368706 0.04024065 0.09388238
-0.05974285 0.05538011 0.09450573
0.08963321 0.09373343 0.0935909
-0.05367495 0.09877992 0.09459939
-0.04963332 0.1068543 0.09459939
0.04724271 0.130815 0.09459939
0.04612125 0.1411704 0.09459939
0.04219622 0.1456396 0.09459939
-0.1462897 -0.338246 0.09560868
-0.1354402 -0.3261344 0.09537211
-0.09506826 -0.3170507 0.09468256
-0.09405897 -0.3140228 0.0955017
0.1299906 -0.2897997 0.09560868
-0.08614688 -0.2351131 0.09620295
-0.1233286 -0.2305305 0.09560868
0.03815907 -0.05362403 0.09522919
0.04320551 -0.05059618 0.09548596
0.04366608 -0.04554969 0.09560868
0.03570632 -0.01930791 0.09560868
-0.008268664 -0.01123351 0.09472252
0.04022381 -0.01022422 0.09560868
-0.01533375 -0.008520544 0.09560868
0.06440077 -0.008205652 0.0946648
0.06407739 -0.007196307 0.09560868
0.06238218 0.01298964 0.09560747
-0.05671496 0.08764935 0.09560868
0.1178935 -0.3565655 0.09661798
-0.1394774 -0.355404 0.09619327
0.09871689 -0.3524161 0.09661798
0.07633551 -0.3422832 0.09661798
-0.1016194 -0.340596 0.09597324
0.1148705 -0.3210879 0.09661798
0.06541006 -0.3137156 0.09661798
0.1173392 -0.2709492 0.09642541
0.1067888 -0.2554836 0.09661798
-0.0902309 -0.2369803 0.09730996
-0.1273658 -0.2368136 0.09661798
-0.08859746 -0.235734 0.09697689
-0.12131 -0.2312604 0.09659901
-0.09405897 -0.2220407 0.09661798
0.03936276 -0.03343809 0.09661798
0.03847264 -0.03041017 0.09661798
0.02764663 -0.02940089 0.09661798
-0.00623731 -0.0203172 0.09661798
0.03809899 -0.01426142 0.09661798
-0.0345104 -0.008419573 0.09661798
-0.03955689 -0.005177736 0.09637697
0.06853162 -0.003159165 0.09661798
0.06785539 -0.0001312494 0.09661798
-0.04587388 0.000878036 0.09661798
0.06541006 0.005924523 0.09561353
-0.02542672 0.01399893 0.09648112
0.08511721 0.09676135 0.09661798
0.07045655 0.1139193 0.09560909
0.06238218 0.119196 0.09661798
-0.01331515 0.1311097 0.09661798
0.04522415 0.1381062 0.09661798
-0.01836164 0.1413804 0.09661798
0.04522415 0.143189 0.0965663
-0.1425053 -0.3550827 0.09762728
-0.149037 -0.3513668 0.09762728
0.07567785 -0.338246 0.09762728
-0.08916306 -0.2351123 0.09757278
-0.1122263 -0.2262055 0.09762728
0.00283361 -0.01930791 0.09710649
0.010908 -0.01426142 0.09702735
-0.03047321 -0.00924325 0.09762728
-0.04158114 -0.004168451 0.09762728
-0.04460338 -0.001633048 0.09762728
-0.02744532 0.01025236 0.09762728
-0.0355197 0.02308255 0.09671326
0.08963442 0.08263117 0.09762728
-0.03854759 0.1169472 0.09762648
-0.02220355 0.1300681 0.09762728
0.1222485 -0.3533854 0.09863658
-0.1465424 -0.3493482 0.09830271
0.1154777 -0.3372367 0.09863658
0.1078006 -0.3271437 0.09785821
-0.09204037 -0.31806 0.09846944
0.1116492 -0.2494278 0.09863658
-0.08396599 -0.2377902 0.09863658
-0.09155753 -0.2365556 0.09909318
-0.0916855 -0.2365407 0.09917635
-0.08959303 -0.2359205 0.09787799
-0.1223193 -0.2352977 0.09799305
-0.09142026 -0.2363631 0.09908713
-0.08888774 -0.2351987 0.09826839
-0.08930598 -0.2282326 0.09863658
0.04118692 -0.04252177 0.09802616
0.02806605 -0.04151249 0.09762889
0.03940805 -0.0243544 0.09863658
0.03012341 -0.02334511 0.09863658
-0.003222176 -0.0203172 0.09798135
0.001824313 -0.01628 0.09863577
0.008889405 -0.01325214 0.09847025
-0.02441743 -0.01022422 0.09769429
-0.02138953 -0.009679198 0.09863658
-0.01028726 -0.00876683 0.09863658
0.0522892 -0.006001353 0.09863658
0.06137288 0.008952439 0.09764181
-0.02239883 0.01702678 0.09858894
-0.02038023 0.1373391 0.09863658
0.03916833 0.1398099 0.09863658
-0.1470822 -0.3533854 0.09964588
0.07233546 -0.3402646 0.09964588
-0.1437245 -0.2716323 0.09964588
0.105782 -0.2651926 0.09964588
-0.09024059 -0.2374636 0.09721105
-0.09318896 -0.2368774 0.1002325
-0.06579863 -0.2381608 0.09964588
-0.0921409 -0.236573 0.09957765
-0.09136656 -0.2361797 0.0992898
-0.0908276 -0.2353751 0.09952921
-0.09017438 -0.2353812 0.099073
-0.09058699 -0.2356044 0.09999308
-0.09002178 -0.226214 0.0986931
0.01999167 -0.01123351 0.09869795
-0.006410587 -0.01022422 0.09964588
0.05632639 -0.007402241 0.09964588
0.05834498 -0.007446647 0.09964588
0.04522415 -0.006691694 0.09964588
-0.02138953 0.01097101 0.09955262
0.06944726 0.02627194 0.09964588
-0.04662198 0.0392313 0.09964507
0.08357177 0.04932433 0.09964588
-0.05772425 0.05336148 0.09897126
-0.04056619 0.1119007 0.09964184
0.009898706 0.1320867 0.09964184
0.03745987 0.1341053 0.09964588
-0.01735234 0.1371332 0.09918927
0.04320551 0.1401894 0.09964588
0.1068014 -0.3301716 0.1006552
-0.1384681 -0.3199636 0.1006552
-0.1516115 -0.3019113 0.1006552
0.1259962 -0.300902 0.1006552
0.007880107 -0.2384406 0.1006552
-0.09369764 -0.2369844 0.1006677
-0.09395804 -0.2370481 0.1008784
-0.09119175 -0.2341599 0.1003726
-0.1132356 -0.2284235 0.1006552
0.03815907 -0.0405032 0.09983321
0.03916833 -0.03545672 0.1000294
0.02907535 -0.03141952 0.09966646
0.03807348 -0.02132648 0.1006552
0.04001824 -0.01628 0.1006552
-0.009513572 -0.008205652 0.1006552
-0.0355197 -0.007196307 0.1001356
-0.03854759 -0.005177736 0.1004497
0.06440077 -0.004168451 0.0997888
-0.04176968 -0.001140535 0.1006552
-0.04056619 0.002896667 0.1002345
-0.0335011 0.006933868 0.1000351
0.05733568 0.01702678 0.09996925
-0.05671496 0.05235219 0.09976497
0.08761462 0.068501 0.09998985
-0.05469636 0.07657534 0.1006358
-0.03148251 0.1209844 0.09995957
0.04724271 0.1252074 0.1006552
0.04353499 0.1310774 0.1006552
0.1128471 -0.3554622 0.1016645
0.09669829 -0.3489393 0.1016645
0.07550304 -0.3431544 0.1016645
0.06757117 -0.3241158 0.1016645
-0.09527335 -0.2373453 0.1019632
-0.09469644 -0.2372153 0.101505
-0.1091984 -0.2288083 0.1016645
-0.005240771 -0.01628 0.1007408
-0.02744532 -0.009214938 0.1013544
0.0532985 0.01097101 0.1010779
0.0522892 0.01298964 0.1011505
0.07651234 0.03519416 0.100702
-0.04258478 0.105845 0.1014444
0.06843796 0.1099993 0.1016645
0.03412184 0.1300681 0.1016612
0.04414283 0.133096 0.1016645
0.1158749 -0.3549159 0.1026738
0.1195213 -0.3533854 0.1026738
0.1189473 -0.3503576 0.1026738
-0.1041519 -0.348339 0.1017569
0.06944726 -0.3311809 0.1017759
-0.090633 -0.3231065 0.1026738
-0.1515889 -0.2857625 0.1021312
0.1228415 -0.2817253 0.1026738
-0.1272786 -0.2544743 0.1026738
-0.1354402 -0.243372 0.101985
0.105782 -0.2383477 0.1026738
-0.09541748 -0.2373929 0.1021122
-0.09617122 -0.2375306 0.102658
-0.09565164 -0.2374329 0.1022814
-0.1172728 -0.2352977 0.1025845
0.03513113 -0.02738231 0.1021497
0.03614043 -0.02132648 0.1018793
0.03210324 -0.01829863 0.1019648
0.003842908 -0.01325214 0.1025276
-0.004231473 -0.01224285 0.1019887
-0.0335011 0.004915237 0.1019406
-0.01230585 0.01198035 0.102392
-0.01129656 0.01399893 0.1023823
0.07348444 0.1038264 0.1023112
-0.02239883 0.124949 0.1026738
-0.00927796 0.1270402 0.1026019
-0.01331515 0.1281464 0.1026738
-0.02038023 0.1341053 0.1022741
0.03916833 0.1373997 0.1026738
-0.1448646 -0.3523762 0.1036831
-0.1430939 -0.3443018 0.1036831
0.1150865 -0.3402646 0.1036831
0.06742866 -0.338246 0.103107
-0.1302621 -0.328153 0.1036831
-0.1303937 -0.3241158 0.1035825
-0.07791021 -0.3120079 0.1036831
0.1209214 -0.3095411 0.1036831
-0.1266347 -0.2615394 0.1036831
-0.0973618 -0.2377886 0.1035559
-0.09629153 -0.2375944 0.102809
-0.09713894 -0.2376852 0.1033193
-0.0933355 -0.2353747 0.1039402
-0.09708686 -0.226214 0.1035797
0.03916833 -0.01703095 0.1036831
-0.00120358 -0.01224285 0.1032337
0.02961896 -0.01123351 0.1036831
-0.004108177 -0.01022422 0.1036831
-0.02239883 -0.009214938 0.1029265
-0.01836164 -0.008492291 0.1036831
-0.008268664 -0.008847535 0.1036831
0.04454353 -0.007196307 0.1036831
0.0512799 -0.006627083 0.1036831
0.05652986 0.003905952 0.1036831
-0.02683534 0.004915237 0.1036831
0.05632639 0.006933868 0.1027396
-0.03854679 0.03519416 0.1036831
-0.0553084 0.05739868 0.1036831
0.04421481 0.1260309 0.103589
-0.09148647 -0.3389904 0.1045067
-0.1398423 -0.3160414 0.1046924
0.06067646 -0.3160414 0.1046924
-0.08295669 -0.3130136 0.1040735
-0.1268934 -0.263558 0.1046924
0.107981 -0.2423627 0.1046924
0.1078006 -0.2403441 0.1041187
-0.098296 -0.2378156 0.103998
-0.1008729 -0.2378204 0.1049758
-0.1005827 -0.2378225 0.1048773
-0.1006549 -0.2378204 0.1048999
-0.09964523 -0.2378184 0.1045256
-0.0980247 -0.2377704 0.1038224
-0.1102077 -0.2312604 0.1040044
-0.1001148 -0.2265252 0.1046924
0.04118692 -0.01438254 0.1046924
0.03142931 -0.01325214 0.1046924
0.02301956 -0.008702219 0.1046924
-0.01836164 -0.004168451 0.1046572
-0.01836164 0.008952439 0.1037037
-0.01028726 0.01702678 0.1043492
0.07550304 0.04177475 0.1046924
-0.05264466 0.06244516 0.1046924
0.08155882 0.08565903 0.1039382
0.07550304 0.09676135 0.1046593
0.04220025 0.1361239 0.1046924
-0.1051612 -0.3503576 0.1048288
-0.09327414 -0.3419973 0.1052329
-0.1408193 -0.3402646 0.1057017
0.1088099 -0.3210879 0.1053419
0.09864462 -0.2585115 0.1057017
-0.1012323 -0.2378181 0.1050937
-0.09922981 -0.2378221 0.1043787
-0.09800048 -0.2378019 0.1038651
-0.12131 -0.2375492 0.1057017
-0.09947325 -0.2378184 0.1044647
-0.08901248 -0.2375496 0.1057017
-0.09809615 -0.2352977 0.1056431
0.01393588 -0.009703457 0.1057017
-0.01836164 -0.007196307 0.1056136
0.04421481 -0.006291986 0.1057017
0.04623341 0.007943153 0.1051324
0.03916833 0.009961724 0.1056968
-0.01735234 0.02106398 0.1048962
0.06339147 0.02711976 0.1046968
0.07618371 0.04932433 0.1057017
0.04323257 0.1260309 0.1057017
-0.01533375 0.130274 0.1057017
0.1108285 -0.3523762 0.106564
0.1148737 -0.345311 0.106711
0.07146585 -0.3412985 0.106711
0.06463896 -0.338246 0.106711
0.06344073 -0.3372367 0.106711
-0.08396599 -0.31806 0.1057493
0.1078006 -0.2686045 0.1064376
-0.1303937 -0.2393348 0.1057247
-0.101078 -0.2378184 0.105044
-0.1011475 -0.2378176 0.1050658
-0.1008366 -0.2378189 0.1049637
-0.1004725 -0.2378204 0.1048385
-0.09809615 -0.2364252 0.106711
-0.1001148 -0.2282326 0.106082
0.03513113 -0.01430178 0.106711
-0.005240771 -0.0104382 0.106711
-0.01129656 -0.009158373 0.106711
0.02907535 -0.008334816 0.106711
-0.01331515 -0.0001312494 0.1057485
0.0502706 0.004915237 0.1059681
-0.006250069 0.007943153 0.106344
0.010908 0.01198035 0.1066359
0.04623341 0.01601756 0.1057251
-0.04662198 0.05235219 0.1057243
0.07832867 0.06446379 0.106711
0.0522892 0.1169472 0.1057243
0.03614043 0.1275853 0.106711
0.04406282 0.1300681 0.106711
-0.1263565 -0.3544061 0.1077203
-0.141496 -0.3534149 0.1077203
-0.08619775 -0.3360788 0.1083
0.1126569 -0.3160414 0.1077203
-0.0799288 -0.314043 0.1077203
0.05632639 -0.3147536 0.1077203
0.02402886 -0.3115146 0.1077203
0.006870805 -0.3109933 0.1077203
-0.1445238 -0.3079671 0.1069936
0.1219307 -0.2974586 0.1077203
0.1037634 -0.2514464 0.1072523
-0.1031426 -0.236774 0.1077203
0.03916833 -0.01325214 0.1069572
0.02806605 -0.007523358 0.1077203
0.0492613 -0.003159165 0.1075499
0.01292659 0.007943153 0.1068684
0.02402886 0.007943153 0.1075612
0.02201027 0.01097101 0.1073638
-0.04460338 0.08666837 0.1069851
-0.03249181 0.1108915 0.1067114
-0.01836164 0.129402 0.1077203
0.1098817 -0.338246 0.1087296
-0.08923291 -0.3320299 0.1099871
-0.1475517 -0.2988834 0.1077207
0.1170259 -0.2786974 0.1087296
0.09871689 -0.265342 0.1087296
0.1045886 -0.2484185 0.1087296
-0.1303937 -0.2463999 0.1082855
-0.1061705 -0.2352977 0.1078192
-0.01432445 -0.007196307 0.1084962
0.03815907 -0.004410684 0.1087296
-0.006250069 -0.0001312494 0.1079936
0.004852222 0.003905952 0.1085499
0.01393588 0.005924523 0.1082919
0.03008465 0.005924523 0.1087296
0.05430779 0.02510524 0.1087296
-0.02845461 0.03317553 0.1087296
0.04724271 0.1169472 0.1079694
-0.00927796 0.1221957 0.1087296
0.003073703 0.1240124 0.1087296
0.03311254 0.123649 0.1087296
-0.1334216 -0.3553059 0.1097389
0.05785325 -0.3352181 0.1097389
-0.08764388 -0.331946 0.1106145
0.06036358 -0.3291623 0.1093747
-0.1314486 -0.3200786 0.1097389
-0.1425053 -0.2776881 0.109426
-0.1061705 -0.2363069 0.1094401
0.03513113 -0.006187022 0.1088531
0.06541006 0.03721273 0.1096997
-0.0345104 0.04109657 0.1097389
-0.04964987 0.05739868 0.108824
-0.04763127 0.06547308 0.1092754
-0.02138953 0.1179565 0.1094058
-0.01230585 0.1235844 0.1097389
0.01494518 0.1238993 0.1097389
0.03815907 0.130928 0.1097389
-0.1051612 -0.3518537 0.1107482
-0.09510905 -0.348339 0.1107482
-0.08532612 -0.3305112 0.1103404
-0.08687115 -0.3306589 0.1112637
0.05531709 -0.3170507 0.1099419
-0.07286371 -0.3126336 0.1107482
-0.1445238 -0.3029206 0.1106836
-0.1374588 -0.2726417 0.1098535
-0.1273775 -0.2484185 0.1107482
-0.1243379 -0.2382654 0.1107482
0.01292659 -0.0100466 0.1107482
0.01595448 -0.009045362 0.1107482
0.04219622 -0.00214982 0.1102597
0.04219622 0.004915237 0.1101147
0.03815907 0.01803607 0.1100792
0.006870805 0.01904535 0.1107469
0.03614043 0.1248279 0.1107482
-0.01836164 0.1260309 0.1104062
-0.01533375 0.1277427 0.1107482
0.04219622 0.1300681 0.1106121
0.09871689 -0.3301716 0.1110364
-0.02441743 -0.3109566 0.1117574
-0.007259365 -0.004168451 0.1112031
-0.04056619 0.05840802 0.111342
-0.04460338 0.0725382 0.1110594
0.04623341 0.11291 0.1107599
0.04200324 0.1179565 0.1117574
-0.09809615 -0.3502131 0.1127667
0.1118378 -0.348339 0.1123279
-0.07551777 -0.3396538 0.1135996
-0.07994818 -0.3365701 0.1128253
-0.0842163 -0.329153 0.1131156
-0.08301402 -0.326287 0.1137114
0.048252 -0.3139599 0.1127667
-0.1295604 -0.2686045 0.1127667
0.1007355 -0.2403441 0.1125148
0.05531709 -0.2382387 0.1127667
-0.00120358 -0.009214938 0.1117708
0.02517118 -0.007196307 0.1127667
0.000818124 -0.003159165 0.1127667
0.007880107 -0.0001312494 0.1127135
0.04118692 0.000878036 0.1118051
0.03614043 0.001887321 0.1127486
0.01292659 0.002896667 0.1117635
0.03311254 0.02308255 0.1119197
-0.04460338 0.06244516 0.1127425
-0.04561268 0.06446379 0.1126028
0.07146585 0.08162189 0.112189
-0.03864368 0.08263117 0.1127667
0.0612667 0.09777063 0.1127667
-0.02996453 0.0997892 0.1127667
-0.02674167 0.1078635 0.1127667
0.0512799 0.1072984 0.1127667
0.04240958 0.1139193 0.1127667
-0.1374588 -0.3523762 0.1135136
0.1109887 -0.3473297 0.113776
-0.07357426 -0.3403268 0.1143199
0.05220926 -0.3331995 0.113776
-0.08146172 -0.3325382 0.1140102
0.05225367 -0.3301716 0.113776
-0.083272 -0.3290222 0.1132343
-0.08279601 -0.3284437 0.1139706
-0.08272254 -0.3278256 0.1139831
-0.08226673 -0.3278655 0.1143077
-0.0827189 -0.3269499 0.1139569
-0.08276735 -0.3269976 0.1139488
-0.0827948 -0.3264727 0.1138867
-0.08324777 -0.3258195 0.1135035
-0.08294176 -0.3261825 0.1137514
-0.07317337 -0.3184884 0.1138447
0.05027504 -0.3170507 0.113776
-0.07185441 -0.3140927 0.113776
0.04320551 -0.313037 0.113776
-0.1429712 -0.2847532 0.113776
0.0926611 -0.2554836 0.1135923
0.01292659 -0.009214938 0.1127692
0.03412184 -0.003159165 0.1137066
0.02705675 0.02207327 0.1136989
0.004677715 0.02409184 0.113776
0.03916833 0.02409184 0.1133957
-0.01331515 0.03014767 0.1131563
0.05430779 0.03316748 0.113776
0.02907535 0.1197733 0.113776
0.04243821 0.1219937 0.113776
0.09972619 -0.3447136 0.1147853
0.105782 -0.3388084 0.1147853
-0.06928313 -0.3372177 0.1159476
-0.08360991 -0.3318927 0.1137639
-0.07939428 -0.3323771 0.1146715
-0.08001358 -0.3311155 0.1145722
-0.07930586 -0.3307974 0.1151475
-0.08308548 -0.3301902 0.1143271
-0.12131 -0.328153 0.1142779
-0.08260829 -0.3288026 0.1142621
-0.08207134 -0.328308 0.1145031
-0.08246133 -0.3265486 0.1141164
-0.08070637 -0.3261158 0.115225
-0.08005032 -0.3261465 0.1155355
-0.07991144 -0.3255615 0.1156178
0.09592234 -0.3241158 0.1147853
-0.07939387 -0.3252026 0.1159097
0.1130065 -0.3089764 0.1147853
0.1079786 -0.2736509 0.1147853
0.09048668 -0.2575022 0.1147853
-0.1172728 -0.2544743 0.1139694
0.0936704 -0.2380151 0.1147853
0.02907535 -0.005177736 0.1140082
0.03109395 -0.001140535 0.1142807
-0.03047321 0.04932433 0.1147397
0.06843796 0.05033362 0.1140667
-0.03854759 0.068501 0.1147849
0.06641936 0.08767766 0.1137861
-0.01836164 0.1135802 0.1147853
-0.0003252085 0.1199751 0.1147853
0.01494518 0.1226599 0.1147853
0.03714973 0.124949 0.1147853
0.109082 -0.3432925 0.1157946
-0.08032646 -0.3422832 0.1157946
-0.1315346 -0.338246 0.1157946
-0.08136322 -0.3319484 0.1156622
-0.08131275 -0.3318402 0.1153824
-0.08078267 -0.3316637 0.1158964
-0.07990296 -0.3308063 0.1149105
-0.07927194 -0.331046 0.1156364
-0.07876528 -0.3313783 0.1152605
-0.07918233 -0.3303815 0.1159101
-0.08164784 -0.3281607 0.1150332
-0.1199059 -0.3241158 0.1157946
-0.07995383 -0.3255635 0.1156267
-0.07971362 -0.3257501 0.1158104
-0.07927881 -0.3254263 0.1160724
-0.07957232 -0.3251505 0.1157914
-0.07910239 -0.3250827 0.1160623
-0.07819442 -0.324962 0.116613
-0.07944635 -0.3249342 0.1158298
-0.0790709 -0.3249935 0.1160946
-0.1425053 -0.2918183 0.1157171
0.1163752 -0.2887904 0.1157946
0.1146218 -0.2837439 0.1157946
-0.1374588 -0.2766788 0.1149965
-0.1152542 -0.2564929 0.1152391
-0.004232967 0.03014767 0.1157946
0.06641936 0.06042659 0.1149545
-0.01634305 0.1219937 0.1154434
0.1037634 -0.3455589 0.1168039
-0.07599375 -0.3402053 0.1166473
0.0522892 -0.3351378 0.1168039
-0.08119002 -0.3316028 0.1157736
-0.08074148 -0.3307792 0.1162565
-0.0763692 -0.3300824 0.1159372
0.04724271 -0.3285139 0.1168039
-0.07889447 -0.325459 0.116424
0.09052058 -0.2645673 0.1168039
-0.1233286 -0.2413534 0.1160433
0.02806605 0.02510113 0.1160349
0.04623341 0.03014767 0.115812
0.06036358 0.04946154 0.1168039
0.06742866 0.05538011 0.1161015
0.06541006 0.0725382 0.1161766
-0.04056619 0.07455677 0.1161334
-0.03854557 0.07859397 0.1168039
0.04701069 0.1068543 0.1168039
0.04219622 0.1098822 0.1166893
0.04005683 0.1119007 0.1168039
0.03109395 0.1189376 0.1168039
0.001824313 0.1208795 0.1168039
-0.01432445 0.123003 0.1162969
-0.1324769 -0.3513668 0.1178132
-0.06320352 -0.3357881 0.1187664
-0.07934906 -0.3309371 0.1172327
-0.07821219 -0.3307812 0.1177882
0.09184276 -0.328153 0.1178132
-0.06579863 -0.3150321 0.1177809
0.04017763 -0.3137673 0.1178132
-0.06176144 -0.3129352 0.1178132
-0.1172728 -0.2645673 0.1169012
0.09509068 -0.2393348 0.1178132
0.03916833 0.02812904 0.1168189
-0.01836164 0.04024065 0.116835
0.06541006 0.05336148 0.1172359
0.06221746 0.07960325 0.1178132
-0.02542672 0.1028171 0.1175912
-0.02239883 0.1088728 0.1172428
-0.01836164 0.1108915 0.1175201
-0.007259365 0.1182069 0.1178132
0.03916833 0.1209844 0.1177878
0.005856889 0.123003 0.1178132
-0.1192914 -0.3549462 0.1188225
-0.131403 -0.3533854 0.118131
-0.09910545 -0.350364 0.1188225
-0.1303937 -0.348339 0.1185484
-0.07699458 -0.3307154 0.1188354
-0.07701718 -0.3304724 0.1187426
0.04421481 -0.3321902 0.1187369
0.03068635 -0.3312326 0.1198682
0.03021816 -0.3312075 0.1200906
0.04724271 -0.3261344 0.1178718
-0.07548466 -0.3247977 0.1184951
0.04020516 -0.3150321 0.1188225
-0.1364495 -0.3069578 0.1181221
-0.1214852 -0.2443813 0.1188225
-0.02441743 -0.2380453 0.1188225
0.002830986 0.03317553 0.1188225
0.0512799 0.04024065 0.1181867
-0.02542672 0.05840802 0.1186719
0.05834498 0.08464974 0.118376
-0.02643602 0.08868694 0.1181879
-0.0146922 0.1139193 0.1188225
-0.01028726 0.1193454 0.1188225
-0.06916847 -0.3375201 0.1197119
-0.0771827 -0.3306742 0.1187135
-0.07659045 -0.3306496 0.1191265
-0.07654685 -0.330585 0.1191294
-0.07727516 -0.3304316 0.1186376
-0.07664293 -0.3305293 0.1190595
-0.07629856 -0.330302 0.1192347
0.02982062 -0.3311829 0.1202743
0.02972477 -0.3311688 0.1203147
0.0300792 -0.3312059 0.1201613
-0.07445557 -0.3287711 0.1200632
0.02882173 -0.3310759 0.120697
-0.07439139 -0.3280751 0.1199739
-0.07382134 -0.3276068 0.1202372
-0.07343458 -0.3262479 0.1201387
-0.07449111 -0.3260012 0.1195327
-0.0742077 -0.3257573 0.1195133
0.09771122 -0.3200786 0.1198318
0.1118293 -0.3019113 0.1198318
-0.1232923 -0.2686045 0.1198318
-0.1182821 -0.2393348 0.1195904
0.0208549 0.03115696 0.1198318
-0.007259365 0.03925556 0.1198318
0.05571838 0.05538011 0.1198318
0.03513113 0.09575206 0.1198185
0.04623341 0.09676135 0.118829
0.04623341 0.1028171 0.1191233
-0.02239883 0.1038264 0.119611
0.04421481 0.105845 0.1188387
0.03513113 0.1068543 0.1197652
-0.002212877 0.119095 0.1198318
0.03412184 0.1195997 0.1198318
0.02201027 0.1234916 0.1198318
0.006870805 0.1248924 0.1198318
0.1027311 -0.338246 0.1208411
0.05531709 -0.3353747 0.1208411
0.09972619 -0.335973 0.1208411
-0.07597437 -0.3302523 0.1194846
-0.07489442 -0.3300033 0.1201483
0.03013729 -0.3312511 0.1201641
0.02740133 -0.3309435 0.121284
0.0268905 -0.3308814 0.1214713
0.02792734 -0.3309863 0.1210599
-0.1162635 -0.3291623 0.1201758
0.02561467 -0.3307287 0.1219348
0.02712393 -0.3309011 0.1213757
-0.07463806 -0.3279499 0.1198976
-0.07407487 -0.3284053 0.1203135
-0.07356094 -0.3280226 0.1205622
-0.07330215 -0.3280267 0.1206938
0.03891709 -0.3271437 0.1208411
-0.06141949 -0.3170507 0.1208411
-0.01331515 0.04528713 0.1202662
0.06238218 0.06042659 0.1202424
0.05531709 0.07152885 0.1199756
0.06238218 0.07455677 0.120202
-0.02744532 0.07657534 0.1199045
0.0522892 0.08565903 0.1205278
0.048252 0.08969623 0.120697
-0.02138953 0.09584081 0.1208411
-0.01129656 0.09676135 0.1199707
-0.005240771 0.09777063 0.1204907
0.04320551 0.09777063 0.1206804
0.03311254 0.1078635 0.1206437
0.03686535 0.1149287 0.1208411
0.03714973 0.1180131 0.1208411
0.03008465 0.1195916 0.1208411
-0.08471691 -0.3443018 0.1218504
0.101937 -0.3412739 0.1218504
0.09568899 -0.3412674 0.1218504
0.08458672 -0.3382435 0.1218504
-0.05546585 -0.3337917 0.1219578
0.02680197 -0.3309056 0.1215416
0.02709034 -0.3309205 0.121414
0.02816093 -0.3310303 0.1209913
0.02736039 -0.330931 0.1212921
0.02692429 -0.3308995 0.121477
0.02789778 -0.3309936 0.1210894
0.02853332 -0.3310586 0.1208322
0.03723799 -0.3301716 0.1218504
-0.06657256 -0.3283613 0.1212186
0.02433452 -0.3305677 0.1223854
0.02497659 -0.3306533 0.1221726
-0.07101429 -0.3276904 0.1221338
-0.07144949 -0.3266572 0.121611
-0.07102114 -0.3267529 0.1219199
0.04017763 -0.3251251 0.121634
-0.0723744 -0.3264098 0.1209659
-0.07159967 -0.3265692 0.1215052
-0.07104739 -0.3265228 0.1218569
-0.07064488 -0.3266532 0.1221472
-0.06333958 -0.3203632 0.1216938
-0.05570566 -0.3135093 0.1218504
0.03008465 -0.3129865 0.1218504
-0.1102077 -0.2625487 0.1214217
-0.06882653 -0.2378229 0.1218504
0.03210324 0.03418481 0.1213264
0.04483763 0.07556605 0.1218504
0.05935428 0.07960325 0.1213748
-0.03148251 0.08162189 0.120932
-0.01634305 0.08263117 0.1217826
0.02604746 0.09676135 0.1217115
-0.01836164 0.09777063 0.1210826
0.04118692 0.09777063 0.1209098
-0.003222176 0.0997892 0.1212501
-0.01129656 0.1088728 0.1208415
-0.00927796 0.117787 0.1218504
0.010908 0.1262327 0.1218504
0.02435599 -0.3306133 0.1224015
0.02697746 -0.3309229 0.1214754
0.09056459 -0.3321902 0.1228597
-0.0714507 -0.3290032 0.1221601
-0.07083543 -0.3290061 0.1225464
0.02167106 -0.3302641 0.1232348
-0.07016687 -0.3285826 0.1228755
-0.07164165 -0.3278971 0.1218016
-0.07071836 -0.3280141 0.1224031
0.02262493 -0.3303198 0.1229804
-0.07124723 -0.327629 0.1219865
-0.07014547 -0.3277295 0.1227027
-0.06992505 -0.327545 0.1228016
-0.0704309 -0.3268659 0.1223333
-0.07040829 -0.3268603 0.1223454
-0.07088025 -0.3266003 0.1219833
-0.07046966 -0.326715 0.1222747
-0.0705383 -0.3266076 0.1222073
-0.05671496 -0.3150321 0.1225896
0.08963321 -0.2390687 0.1228597
0.03714973 0.04041827 0.1228597
0.05834498 0.07556605 0.1218896
-0.02845461 0.08061254 0.1219376
0.04421481 0.08061254 0.1223062
0.03916833 0.08565903 0.1218609
-0.02441743 0.08666837 0.1224463
0.02503816 0.08666837 0.122538
-0.003222176 0.1038264 0.1222917
-0.01129656 0.1159379 0.1220672
-0.1273658 -0.3513668 0.1234209
0.09802613 -0.3362274 0.123869
0.09329776 -0.3331995 0.123869
-0.04586864 -0.3317292 0.1248315
-0.04354523 -0.331627 0.1253587
-0.07030737 -0.3289742 0.1228751
-0.07027911 -0.3289314 0.1228827
-0.0699424 -0.3288833 0.1230854
-0.04510964 -0.3315386 0.1251347
-0.07071674 -0.3287057 0.1225606
-0.07029042 -0.3288652 0.1228621
-0.06997631 -0.3287154 0.1230269
-0.06983583 -0.3287449 0.1231213
-0.06950962 -0.3287985 0.1233381
-0.04592798 -0.3305838 0.1249542
-0.06926578 -0.3284663 0.1234177
-0.07026134 -0.3276124 0.1226062
-0.06987821 -0.3279871 0.1229292
-0.06966747 -0.3278684 0.1230357
-0.06941878 -0.3280295 0.1232267
-0.07002799 -0.3274304 0.1227132
-0.06971309 -0.3276576 0.1229611
-0.06983583 -0.3274097 0.1228299
-0.07030858 -0.3267804 0.122393
0.03109395 -0.3160414 0.1237027
-0.1273658 -0.3130136 0.1229001
0.02503816 -0.3129356 0.123869
-0.1344309 -0.3019113 0.1231133
0.1067828 -0.2817253 0.123869
0.0959829 -0.2706231 0.123869
0.02503816 0.03916276 0.123869
0.04118692 0.04831499 0.1236534
-0.02340813 0.08364046 0.1230353
-0.0001942823 0.09070551 0.1230285
0.02301956 0.09272414 0.1238327
-0.0004401067 0.09676135 0.123869
0.02503816 0.1038264 0.1230244
-0.005240771 0.1174883 0.123869
0.03008465 0.1189659 0.1232077
0.01797308 0.1254334 0.123869
-0.1172728 -0.3539842 0.1248783
-0.07589161 -0.3404826 0.1248783
-0.04378868 -0.3315874 0.125431
-0.04290695 -0.3313214 0.1255876
0.01760626 -0.3299148 0.1244286
0.03614043 -0.3316193 0.1248783
-0.06935701 -0.3287772 0.123429
-0.06923872 -0.3287796 0.1235037
-0.06910227 -0.3287243 0.1235763
0.01904261 -0.3299605 0.1241637
-0.06957098 -0.3284917 0.1232328
-0.06929202 -0.3286908 0.1234508
-0.06913295 -0.328606 0.1235315
-0.06902031 -0.3286245 0.1236054
-0.0693441 -0.3283799 0.1233498
-0.06913578 -0.3285139 0.1235093
-0.06946198 -0.3280274 0.1231992
-0.06919108 -0.3283581 0.1234407
-0.06957098 -0.3277541 0.1230717
0.01587454 -0.3291526 0.124865
0.03210324 -0.3251251 0.1240438
-0.04561268 -0.3129457 0.1248783
0.1088099 -0.2887904 0.1248783
0.007880107 0.04427785 0.1246793
0.04017763 0.05840802 0.1241363
0.02302182 0.0725382 0.1248783
0.003842908 0.08263117 0.1247907
0.01898237 0.08364046 0.1245864
0.04724271 0.08364046 0.1241371
0.048252 0.08565903 0.1239566
0.02003903 0.08767766 0.1248783
0.03109395 0.1149287 0.1241274
0.02552569 0.1219937 0.1248783
0.00283361 0.1241173 0.1248783
-0.1243379 -0.3402646 0.1250806
0.0926611 -0.338246 0.1258682
-0.04241925 -0.3316371 0.1259732
-0.04592798 -0.3320279 0.1256753
-0.04424004 -0.3317118 0.1253987
0.04421481 -0.3329758 0.1258876
-0.03885038 -0.3309067 0.1267536
-0.0388193 -0.3307667 0.1266131
-0.03744423 -0.3306742 0.1267738
-0.03641918 -0.3305624 0.1269215
-0.0364212 -0.3305713 0.1269001
-0.03877328 -0.3304893 0.1269256
-0.03812005 -0.3306779 0.1267726
-0.03732958 -0.3306597 0.1268158
-0.06907562 -0.3286573 0.1235779
-0.04514477 -0.3273052 0.1265025
0.08458672 -0.3241158 0.1258343
0.005861508 -0.3125662 0.1258876
0.1047727 -0.3069578 0.1256296
0.1067913 -0.3007433 0.1258876
0.08963321 -0.2675951 0.1250152
0.08158507 -0.2643153 0.1253474
0.08660532 -0.2514464 0.1252324
0.08963321 -0.2474092 0.1249336
0.08877005 -0.2443813 0.1258876
0.08256812 -0.2380857 0.1258876
0.03210324 0.04528713 0.1250701
0.01797308 0.07758468 0.125255
-0.0001942823 0.1048357 0.1250665
0.008889405 0.1256393 0.1258876
-0.1223193 -0.3523762 0.1262074
-0.1234311 -0.3432925 0.1268969
-0.0495231 -0.3325075 0.1271642
-0.03746886 -0.3306956 0.1268105
-0.03652859 -0.330543 0.126907
-0.03589031 -0.3304268 0.1270443
-0.1102077 -0.3301716 0.126651
-0.03554231 -0.330233 0.1271395
-0.03495611 -0.3296875 0.1273564
-0.03181538 -0.3295354 0.127603
0.01051109 -0.3294514 0.1262841
0.02362962 -0.3291623 0.1268969
0.08357742 -0.3291623 0.126232
-0.03743494 -0.3285503 0.1274222
-0.02614111 -0.3284473 0.127905
-0.05974285 -0.3271437 0.1258945
0.02301956 -0.3261344 0.126536
0.02907535 -0.3231065 0.1262187
-0.04561268 -0.3150321 0.1267766
-0.03854759 -0.312825 0.1268969
-0.02542672 -0.3125767 0.1268969
0.01494518 -0.3128844 0.1268969
-0.1293844 -0.2786974 0.1259139
-0.1031426 -0.2554836 0.1263139
0.01651254 0.07859397 0.1268969
0.007921977 0.08162189 0.1268969
0.006422802 0.08464974 0.1268969
0.02274992 0.09474272 0.1268969
0.02166286 0.1038264 0.1268969
-0.002212877 0.1119007 0.1265796
-0.003183539 0.1169472 0.1268969
-0.1081891 -0.3516394 0.1279062
-0.06478933 -0.3366186 0.1279062
0.0916518 -0.3362274 0.1274532
-0.02321979 -0.3298874 0.1285752
-0.03460164 -0.330189 0.1279385
0.0005766591 -0.3288478 0.1278315
-0.005711023 -0.3277255 0.1283971
-0.002413082 -0.3283314 0.1281347
-0.0001768414 -0.3279423 0.1279155
-0.03548942 -0.3263403 0.1285703
-0.1081891 -0.3231065 0.1277649
0.01925077 -0.3160414 0.1279062
0.077474 -0.263558 0.1279062
-0.1091984 -0.2494278 0.1278618
-0.1108436 -0.2474092 0.1279062
0.007880107 0.06446379 0.1276612
0.01999167 0.06648237 0.1274161
0.006870805 0.06951028 0.1272304
0.0007374203 0.09575206 0.1279062
0.02439047 0.1199751 0.1279062
0.08458672 -0.3362274 0.1281137
0.08963321 -0.3331995 0.1279567
0.08514345 -0.3311809 0.1289155
-0.004533536 -0.3284457 0.1284327
-0.00209907 -0.3286835 0.1283434
-0.004378266 -0.3281348 0.1283709
0.01393588 -0.3281417 0.1289155
-0.01841392 -0.327568 0.1291703
0.01494518 -0.3241158 0.1279595
-0.036529 -0.3142707 0.1289155
-0.02542672 -0.3124112 0.1289155
0.09787634 -0.3120043 0.1289155
0.105782 -0.290809 0.1284783
-0.1293844 -0.2827346 0.1284359
-0.1142449 -0.2686045 0.1289115
-0.1071798 -0.2656323 0.1289155
-0.1011241 -0.2625487 0.1289147
0.07449374 -0.2585115 0.1287831
0.08458672 -0.2403441 0.1288897
-0.1091984 -0.2400175 0.1289155
0.01191731 0.06345451 0.128337
0.02220131 0.09777063 0.1289155
0.003842908 0.1068543 0.12845
0.02503816 0.11291 0.1280007
0.02503816 0.1159379 0.1286587
0.004852222 0.123003 0.1282849
0.01494518 0.1230555 0.1289155
0.08660532 -0.3331995 0.1296753
-0.03938168 -0.3311118 0.1300116
-0.009430891 -0.3287808 0.1288824
-0.04876572 -0.3260137 0.1294335
-0.05065916 -0.3251251 0.1289563
-0.04864057 -0.3260868 0.1299248
-0.04783919 -0.3251251 0.1299248
0.003842908 -0.3239143 0.1299248
0.0906425 -0.31806 0.1295078
0.006870805 -0.3130136 0.1291222
-0.007259365 -0.3123858 0.1299248
-0.1031426 -0.2645673 0.129339
-0.1102077 -0.2423627 0.1289757
-0.1021333 -0.2376469 0.1299248
0.01582295 0.07354748 0.1299248
0.02004193 0.09070551 0.1299248
0.01797308 0.105845 0.129228
0.02100097 0.1189659 0.1296305
0.0008150153 0.1199751 0.1289393
-0.1192914 -0.3503576 0.1301489
-0.02744532 -0.3291881 0.1309341
-0.01892438 -0.3286467 0.1305433
-0.01290025 -0.328216 0.1292974
0.005861508 -0.3271437 0.1299805
-0.04806042 -0.3257037 0.1297492
-0.006250069 -0.3261344 0.1307549
-0.04473823 -0.3251251 0.1309341
-0.006250069 -0.3236988 0.1309341
0.01696378 -0.3231065 0.1302575
-0.04157548 -0.3190693 0.12997
-0.1132356 -0.31806 0.1308812
0.006870805 -0.3160414 0.1308949
-0.01735234 -0.3131387 0.1309341
0.09869872 -0.2797067 0.1309341
0.07348444 -0.2554836 0.130333
0.01292659 0.06749171 0.1308445
0.010908 0.07758468 0.1308081
0.001824313 0.09676135 0.1306539
0.00283361 0.1018078 0.1305401
0.0008150153 0.1169472 0.129945
0.07550304 -0.3331995 0.1319305
-0.01432445 -0.328153 0.1318417
-0.01798348 -0.3274449 0.1314266
-0.004231473 -0.3279653 0.1319434
-0.04179309 -0.3258232 0.1315393
-0.01790314 -0.324178 0.1322922
-0.1257691 -0.3019113 0.1319434
0.1007294 -0.300902 0.1319434
-0.1283751 -0.2877811 0.1312159
0.0936704 -0.2750127 0.1319434
0.07211342 -0.263558 0.1319434
-0.09910545 -0.2524557 0.131874
0.07348444 -0.2384047 0.1319434
0.01494518 0.07152885 0.13144
0.01494518 0.07960325 0.1309624
0.009898706 0.08364046 0.1312708
0.004852222 0.09070551 0.1314759
0.01898237 0.09272414 0.1317722
0.01494518 0.11291 0.1309834
0.005861508 0.1149287 0.1311319
0.007880107 0.1189659 0.1309571
-0.1132356 -0.3503576 0.1324844
-0.1122263 -0.3362274 0.1324985
-0.05469636 -0.3341922 0.1329527
0.07954023 -0.3321902 0.1327848
0.07961209 -0.3311809 0.1329527
0.02301956 -0.330197 0.1329527
-0.1011241 -0.328153 0.1319555
-0.03504694 -0.3241158 0.1329527
0.08256812 -0.3210879 0.1327234
-0.01735234 -0.3170503 0.1329527
-0.12131 -0.307965 0.1329527
0.07895201 -0.2494278 0.1329527
0.07853094 -0.2393348 0.1319507
0.01696378 0.08868694 0.1321218
0.01797308 0.09877992 0.131968
0.004852222 0.1007985 0.132069
-0.1071798 -0.3493482 0.1332074
-0.09940743 -0.3291623 0.133962
-0.01836164 -0.3291958 0.133962
-0.02239883 -0.3236725 0.133962
0.00283361 -0.3231065 0.1330948
-0.1182821 -0.2746602 0.1331554
0.07146585 -0.2651559 0.133962
0.07878044 -0.243372 0.133962
0.01191731 0.08868694 0.1334117
0.005861508 0.09474272 0.1330185
-0.1142324 -0.3422832 0.1349713
0.003842908 -0.3291752 0.1349713
0.07247515 -0.3261344 0.1343387
-0.02946392 -0.3241158 0.134002
0.07348444 -0.3241158 0.1346233
-0.007259365 -0.3231065 0.1342725
-0.008268664 -0.3220972 0.1343766
0.02503816 -0.2375467 0.1349713
-0.1142449 -0.3473297 0.1351594
0.07954023 -0.2689629 0.1359806
0.06440077 -0.2595208 0.1357513
0.06742866 -0.2544743 0.1352289
-0.08800318 -0.341003 0.1369899
-0.111217 -0.3392553 0.1363831
0.06036358 -0.3300836 0.1369899
-0.09422006 -0.3241158 0.1369899
-0.1223193 -0.2928276 0.1369419
-0.1031426 -0.2678878 0.1369899
0.06928698 -0.328153 0.1379992
-0.09030034 -0.2645673 0.1379992
-0.08598459 -0.2554836 0.1379592
0.08458672 -0.3137842 0.1390085
-0.1152542 -0.3069578 0.1389277
0.09161547 -0.3049392 0.1390085
0.09405515 -0.2877811 0.1390085
-0.08699388 -0.253465 0.1386399
0.07091195 -0.2403441 0.1390085
-0.1011241 -0.3443918 0.1400178
-0.1051612 -0.3372367 0.1394833
-0.0335011 -0.3301716 0.139753
-0.08901248 -0.3291623 0.1399415
0.08761462 -0.3093486 0.1400178
-0.1142449 -0.2786974 0.1397808
-0.1060934 -0.2716323 0.1400178
0.07247515 -0.2675951 0.1393456
0.06137288 -0.2645673 0.1397364
0.06742866 -0.2514464 0.1392842
-0.09140371 -0.2383255 0.1400178
0.06651626 -0.3271437 0.1410271
0.06440077 -0.3251251 0.140927
-0.09809615 -0.3191307 0.1410271
0.05632639 -0.2575022 0.1405035
-0.09232055 -0.2393348 0.1410271
-0.1061705 -0.3432925 0.1410666
-0.09708686 -0.3342088 0.1416641
-0.08396599 -0.328153 0.1419371
-0.1142449 -0.3029206 0.1416847
0.0906425 -0.2949798 0.1420364
0.08761462 -0.2817253 0.1419859
-0.0809381 -0.2625487 0.1420012
0.05534171 -0.2625487 0.1420364
0.05733568 -0.2544743 0.1411425
-0.09204037 -0.2453906 0.1420348
-0.09506826 -0.3412282 0.1430457
0.05632639 -0.3261005 0.1430457
0.07449374 -0.3172255 0.1430457
-0.09103107 -0.2665859 0.1427611
0.06238218 -0.2383255 0.1421191
-0.1001148 -0.3412739 0.1433719
0.06137288 -0.323136 0.144055
0.06440077 -0.2403441 0.1432604
-0.09607756 -0.3372367 0.1449464
-0.1041326 -0.3099856 0.1450643
-0.111217 -0.2847532 0.145036
0.04970499 -0.263558 0.1450643
0.0532985 -0.2377203 0.1450643
-0.07791021 -0.328153 0.1454345
-0.08598459 -0.3210879 0.1460401
-0.111217 -0.2948462 0.1458156
-0.07690091 -0.2645673 0.1456109
0.04724271 -0.2544743 0.1460061
-0.08497529 -0.2484185 0.145162
0.05834498 -0.2393348 0.145747
-0.07690091 -0.2375475 0.1460736
-0.08901248 -0.3352181 0.1464619
-0.07791021 -0.3352181 0.1465589
-0.07663889 -0.3241158 0.1470829
-0.09002178 -0.2686045 0.1463533
0.06279194 -0.2687643 0.1466162
0.05834498 -0.2484185 0.1465968
-0.08295669 -0.3321902 0.1471814
-0.06478933 -0.3321829 0.1480922
0.01999167 -0.3251219 0.1480922
0.06339147 -0.3191234 0.1480922
0.07651234 -0.3089207 0.1480922
0.08054952 -0.3023424 0.1480922
0.07449374 -0.2766788 0.1480752
-0.09506826 -0.2716323 0.1473631
-0.08133092 -0.2453906 0.1480922
-0.07791021 -0.2385488 0.1480922
-0.08295669 -0.3342088 0.1481006
-0.008268664 -0.3261344 0.1490276
-0.09204037 -0.3150321 0.1488653
0.06843796 -0.2726417 0.1481745
-0.06983583 -0.2645673 0.148875
0.04037101 -0.263558 0.1491015
0.05430779 -0.2463999 0.1490825
0.05371311 -0.2403441 0.1491015
-0.07791021 -0.3321902 0.1492246
-0.1021333 -0.2797067 0.1491535
-0.06277074 -0.2544743 0.149361
-0.07348544 -0.2494278 0.1501108
-0.1031426 -0.2978741 0.1509004
0.07954023 -0.2887904 0.1501515
-0.05974285 -0.2625487 0.1511112
0.03210324 -0.2564929 0.1509101
-0.0739913 -0.2393348 0.1511201
-0.06478933 -0.3291623 0.1518944
-0.04864057 -0.328153 0.1519049
0.0512799 -0.3213394 0.1521294
0.06440077 -0.3140228 0.1520623
0.03237313 -0.263558 0.1521294
-0.05368706 -0.2554836 0.1518972
-0.09809615 -0.3029206 0.1528254
0.04522415 -0.2494278 0.1521503
-0.05772425 -0.3251251 0.1539901
0.06843796 -0.3069578 0.1540805
-0.0989799 -0.2887904 0.154148
-0.07690091 -0.269225 0.154148
0.02598351 -0.2636585 0.1543542
0.03714973 -0.2383389 0.154148
0.06941819 -0.3019113 0.1551573
0.07146585 -0.2857625 0.1545799
-0.08898059 -0.2766788 0.1551573
0.06238218 -0.2756695 0.1544956
-0.04763127 -0.2625487 0.1547269
0.02100097 -0.2554836 0.154177
-0.06781723 -0.2413534 0.1542965
0.03972679 -0.2403441 0.1551573
-0.05065916 -0.2375653 0.1551573
0.02705675 -0.2377026 0.1551573
0.03833594 -0.3210879 0.1561666
-0.0881243 -0.3079671 0.1561666
-0.08396599 -0.2736509 0.1557261
-0.05166847 -0.2645673 0.1552812
-0.05671496 -0.2504371 0.1555545
0.03210324 -0.2504371 0.1561262
-0.05166847 -0.3241158 0.1562933
-0.07690091 -0.3144407 0.1571758
0.0492613 -0.2706231 0.1561714
-0.06781723 -0.2686045 0.1571395
-0.04359408 -0.2645673 0.1568428
0.006870805 -0.2544743 0.1571746
-0.05570566 -0.2388633 0.1571758
-0.06075214 -0.2675951 0.1576397
-0.03249181 -0.263558 0.1581726
0.009898706 -0.263558 0.1575711
-0.02643602 -0.2564929 0.1572691
-0.006250069 -0.2564929 0.1578529
-0.03047321 -0.2544743 0.1571799
-0.05671496 -0.2474092 0.1574734
0.03311254 -0.2474092 0.1573644
0.02705675 -0.2383255 0.1572392
-0.0345104 -0.237961 0.1581851
0.04219622 -0.31806 0.1591177
-0.06378004 -0.3180265 0.1591944
0.06440884 -0.2948462 0.1591944
-0.09103107 -0.2857625 0.1581932
-0.02239883 -0.263558 0.1590418
-0.006250069 -0.2544743 0.1584056
0.02402886 -0.2504371 0.1583398
0.03109395 -0.2413534 0.1582057
-0.05570566 -0.2403441 0.158217
0.0522892 -0.3108544 0.1602037
-0.07387301 -0.2726417 0.1594597
-0.05065916 -0.2673687 0.1602037
-0.006250069 -0.263558 0.1592021
-0.04561268 -0.239049 0.1602037
-0.02441743 -0.2377769 0.1602037
-0.0375383 -0.2504371 0.1602078
0.007880107 -0.2383695 0.161213
0.02705675 -0.3190366 0.1622223
-0.04359408 -0.2675951 0.1620092
0.003842908 -0.2504371 0.1617314
-0.036529 -0.2393348 0.1620536
0.04320551 -0.3116046 0.1632316
-0.0799288 -0.2998927 0.1632195
-0.08295669 -0.2887904 0.1627823
0.05344303 -0.2837439 0.1632316
0.03815907 -0.2728956 0.1632316
0.02604746 -0.2697102 0.1632316
-0.01634305 -0.2494278 0.1631981
-0.03047321 -0.2474092 0.1631097
-0.02239883 -0.3210976 0.1642409
0.005861508 -0.3198178 0.1642409
-0.05887404 -0.3140228 0.1642409
0.0512799 -0.3049392 0.1634206
-0.07791021 -0.2827346 0.163515
-0.008268664 -0.2474092 0.1642381
0.006870805 -0.2463999 0.1632962
-0.02441743 -0.2403441 0.1639119
0.004852222 -0.2403441 0.1634492
-0.01028726 -0.2393348 0.1640011
0.0532985 -0.2887904 0.1646091
-0.05570566 -0.2716921 0.1652502
-0.005240771 -0.2403441 0.1643265
-0.008268664 -0.3200786 0.1652619
0.02301956 -0.3160414 0.1662438
0.0502706 -0.2938369 0.1659915
0.04522415 -0.282735 0.1662595
-0.06579863 -0.2786974 0.1662591
0.03916833 -0.2766788 0.1655013
0.02907535 -0.2726417 0.1661404
-0.06176144 -0.3089764 0.166589
0.04219622 -0.3059485 0.1665966
-0.02946392 -0.31806 0.1673508
0.010908 -0.3162494 0.1682781
-0.06478933 -0.3049392 0.1675954
-0.06983583 -0.2928292 0.1682781
-0.00927796 -0.3170507 0.1692075
0.02806605 -0.3099856 0.168847
-0.04056619 -0.2716323 0.1683435
-0.06378004 -0.2998927 0.1694416
0.03916833 -0.2938369 0.1700944
0.01393588 -0.2726417 0.1695757
0.0008150153 -0.2716323 0.1702741
-0.01432445 -0.2710429 0.1702967
-0.04460338 -0.3099856 0.1705652
-0.06277074 -0.2867718 0.1703234
0.03714973 -0.2867718 0.1703981
0.02806605 -0.2817435 0.171306
-0.04964987 -0.2786974 0.1708813
0.01696378 -0.3080409 0.1723153
-0.04964987 -0.3039299 0.1723
-0.01937094 -0.2738403 0.1723153
0.02806605 -0.300902 0.1724437
-0.04964987 -0.2837439 0.173128
0.00283361 -0.3079671 0.1742487
-0.05267776 -0.2887904 0.1735652
0.02301956 -0.2870988 0.1743339
0.003842908 -0.2776881 0.1736306
-0.01735234 -0.3079671 0.1748648
-0.02947251 -0.3049392 0.1753432
0.01292659 -0.3019113 0.1752076
0.02301956 -0.2958555 0.1743799
0.01595448 -0.2827346 0.1743488
-0.02665859 -0.2827346 0.1763525
-0.01836164 -0.3007647 0.1773618
-0.0345104 -0.2978741 0.1764797
-0.0355197 -0.2877811 0.1766949
0.00283361 -0.2918183 0.1778136
-0.00120358 -0.2857625 0.1775265
-0.01634305 -0.2897997 0.1785185
3 0 1 2
3 1 0 4
3 6 1 4
3 2 1 5
3 2 5 14
3 0 2 3
3 1 10 11
3 10 1 6
3 1 11 8
3 7 6 4
3 16 7 4
3 1 8 12
3 4 9 13
3 17 13 9
3 4 0 9
3 19 3 2
3 1 12 5
3 16 4 13
3 0 3 9
3 18 2 14
3 15 20 6
3 15 6 7
3 15 7 22
3 21 8 11
3 7 16 22
3 19 2 24
3 57 10 20
3 10 6 20
3 5 12 23
3 5 23 14
3 9 3 19
3 2 18 24
3 10 21 11
3 8 21 12
3 12 40 23
3 9 19 32
3 58 15 67
3 10 59 21
3 21 39 12
3 40 12 39
3 16 13 31
3 13 17 31
3 14 23 41
3 17 9 32
3 29 26 28
3 36 28 26
3 36 27 28
3 29 28 30
3 27 38 28
3 27 37 38
3 29 30 47
3 59 10 57
3 60 21 59
3 78 67 22
3 68 16 48
3 16 31 48
3 42 31 17
3 19 24 49
3 25 35 34
3 33 25 34
3 33 36 25
3 25 29 35
3 25 26 29
3 26 25 36
3 47 45 29
3 44 46 37
3 30 28 38
3 38 37 46
3 38 46 30
3 57 20 58
3 67 15 22
3 21 60 39
3 22 16 68
3 14 41 93
3 42 17 61
3 61 17 32
3 18 14 93
3 63 33 34
3 55 43 33
3 43 50 33
3 36 33 50
3 51 35 29
3 27 36 50
3 50 52 27
3 52 37 27
3 30 65 47
3 60 111 39
3 39 112 40
3 92 31 42
3 41 23 103
3 80 42 61
3 61 32 62
3 32 19 62
3 55 33 63
3 88 43 55
3 54 34 35
3 37 52 75
3 53 29 45
3 37 75 44
3 66 45 47
3 58 20 15
3 76 59 57
3 92 42 79
3 69 24 18
3 85 63 34
3 35 51 54
3 43 73 50
3 52 50 73
3 51 29 53
3 74 51 53
3 45 64 53
3 99 53 64
3 68 78 22
3 91 39 111
3 23 40 112
3 49 24 69
3 62 19 49
3 87 54 51
3 88 73 43
3 52 73 98
3 98 75 52
3 64 45 56
3 30 46 65
3 65 89 47
3 47 89 66
3 45 66 56
3 56 90 64
3 123 122 58
3 101 58 67
3 59 77 60
3 147 48 102
3 102 48 31
3 92 102 31
3 103 23 113
3 93 103 104
3 79 42 150
3 106 93 105
3 18 93 106
3 69 18 106
3 94 70 127
3 71 70 82
3 70 72 81
3 70 71 72
3 71 83 84
3 72 71 84
3 63 131 55
3 85 34 54
3 55 86 88
3 56 66 89
3 122 57 58
3 23 112 113
3 93 41 103
3 61 62 114
3 49 69 126
3 70 94 82
3 116 82 94
3 116 96 82
3 95 81 72
3 71 82 96
3 95 72 117
3 117 72 97
3 96 107 71
3 83 71 107
3 108 97 84
3 72 84 97
3 54 87 85
3 75 169 44
3 99 64 90
3 100 99 90
3 65 46 121
3 122 76 57
3 77 59 76
3 162 67 78
3 110 60 77
3 112 39 91
3 150 42 80
3 62 49 115
3 139 81 95
3 107 119 83
3 108 84 83
3 108 83 119
3 86 55 131
3 109 131 63
3 109 63 85
3 87 51 74
3 73 88 98
3 75 98 133
3 90 56 89
3 46 44 120
3 67 162 101
3 78 68 125
3 68 48 147
3 92 79 148
3 80 61 114
3 106 163 69
3 115 49 126
3 114 62 164
3 127 70 81
3 95 117 140
3 97 118 117
3 88 86 132
3 134 65 121
3 120 44 169
3 134 89 65
3 134 100 90
3 162 78 124
3 124 78 125
3 111 60 110
3 125 68 147
3 113 149 103
3 148 79 150
3 105 93 188
3 126 69 163
3 62 115 164
3 115 126 138
3 166 116 94
3 153 166 94
3 127 81 139
3 139 95 128
3 128 95 140
3 96 116 129
3 96 129 107
3 130 118 97
3 108 130 97
3 86 131 141
3 169 75 133
3 100 159 99
3 89 134 90
3 160 159 100
3 121 46 120
3 121 120 135
3 120 144 135
3 135 122 123
3 145 135 123
3 123 58 101
3 136 101 162
3 76 205 77
3 92 148 137
3 152 153 127
3 154 107 129
3 155 117 118
3 141 132 86
3 132 141 142
3 98 88 132
3 160 100 134
3 144 122 135
3 145 121 135
3 122 144 161
3 161 76 122
3 171 101 136
3 172 136 162
3 219 162 124
3 91 111 112
3 173 112 111
3 102 92 137
3 175 80 114
3 181 164 115
3 153 94 127
3 152 127 165
3 165 127 139
3 166 176 116
3 176 182 116
3 116 183 129
3 140 117 155
3 129 183 154
3 107 154 156
3 119 107 156
3 167 155 118
3 119 157 108
3 108 158 130
3 167 118 130
3 131 109 201
3 132 202 98
3 74 53 99
3 169 133 232
3 120 169 144
3 145 134 121
3 123 101 171
3 206 77 205
3 124 125 146
3 113 112 223
3 104 103 174
3 93 104 188
3 150 80 175
3 181 115 151
3 138 126 163
3 152 115 138
3 138 153 152
3 153 138 163
3 115 152 151
3 165 151 152
3 190 166 153
3 217 140 155
3 158 108 157
3 132 142 178
3 168 159 160
3 143 168 160
3 170 168 143
3 134 179 160
3 134 145 179
3 123 171 145
3 172 171 136
3 206 110 77
3 147 102 187
3 137 148 207
3 106 105 180
3 153 163 190
3 228 182 176
3 116 182 183
3 128 140 177
3 140 217 177
3 191 217 155
3 156 154 192
3 119 156 157
3 202 132 178
3 232 133 194
3 143 160 170
3 171 179 145
3 205 76 161
3 222 162 219
3 111 195 173
3 196 149 113
3 103 149 174
3 104 174 197
3 208 150 175
3 180 105 188
3 114 209 175
3 106 189 163
3 181 151 165
3 210 139 128
3 176 166 228
3 287 85 231
3 74 99 273
3 98 202 218
3 98 218 133
3 144 169 215
3 170 160 179
3 170 179 185
3 179 171 185
3 185 171 172
3 186 172 162
3 219 124 146
3 206 111 110
3 112 173 223
3 187 102 137
3 113 223 196
3 198 209 164
3 209 114 164
3 189 106 180
3 198 164 181
3 211 128 177
3 177 217 216
3 154 183 199
3 199 192 154
3 167 212 155
3 192 200 156
3 157 156 193
3 287 201 109
3 194 133 218
3 204 170 185
3 161 144 215
3 185 186 204
3 186 185 172
3 146 125 147
3 104 197 188
3 198 181 226
3 226 181 165
3 163 189 190
3 190 189 220
3 139 210 165
3 227 228 166
3 210 128 211
3 212 191 155
3 87 253 85
3 141 184 142
3 184 213 142
3 178 213 214
3 178 142 213
3 178 214 202
3 169 232 215
3 203 170 204
3 205 161 215
3 186 162 222
3 205 240 206
3 111 206 195
3 234 173 195
3 224 150 208
3 190 235 166
3 199 183 236
3 167 130 230
3 191 212 221
3 212 167 230
3 141 131 201
3 261 184 201
3 87 74 253
3 170 203 168
3 222 204 186
3 195 206 242
3 146 147 233
3 187 233 147
3 137 207 246
3 277 149 196
3 148 224 248
3 224 148 150
3 249 208 175
3 188 197 225
3 189 180 220
3 265 209 198
3 190 220 235
3 226 165 210
3 235 227 166
3 228 251 182
3 183 182 243
3 191 237 217
3 191 221 237
3 192 199 200
3 156 200 193
3 184 141 201
3 246 187 137
3 248 207 148
3 174 149 255
3 250 175 209
3 249 175 250
3 188 220 180
3 236 183 243
3 236 229 199
3 229 200 199
3 287 109 85
3 231 85 253
3 232 194 218
3 223 173 234
3 245 187 246
3 225 197 256
3 220 188 257
3 211 177 216
3 259 211 216
3 237 221 267
3 213 184 261
3 253 74 273
3 203 244 168
3 222 203 204
3 244 222 219
3 219 146 241
3 196 223 247
3 255 149 277
3 197 174 255
3 265 198 226
3 258 210 211
3 238 200 229
3 130 158 230
3 273 99 159
3 202 239 218
3 205 215 232
3 205 232 240
3 222 244 203
3 241 146 233
3 196 247 277
3 208 249 224
3 225 257 188
3 258 226 210
3 193 200 238
3 212 230 221
3 286 201 287
3 202 274 239
3 275 218 239
3 244 219 269
3 197 255 256
3 220 257 264
3 264 235 220
3 227 235 270
3 258 211 259
3 236 243 280
3 217 237 266
3 260 252 229
3 229 252 238
3 261 201 286
3 254 213 261
3 213 268 214
3 202 214 268
3 274 281 239
3 239 281 275
3 218 275 232
3 263 187 245
3 246 207 248
3 209 265 250
3 228 227 271
3 271 251 228
3 182 251 243
3 216 266 272
3 216 217 266
3 254 344 213
3 274 202 268
3 240 232 276
3 288 219 241
3 233 348 241
3 262 195 242
3 233 187 263
3 234 317 282
3 223 234 282
3 318 245 246
3 248 224 350
3 249 250 309
3 257 225 308
3 235 264 270
3 265 226 279
3 258 279 226
3 236 260 229
3 303 287 231
3 345 159 168
3 307 242 206
3 241 348 288
3 195 317 234
3 223 349 247
3 246 248 319
3 350 224 278
3 289 256 255
3 278 224 249
3 225 256 308
3 258 259 279
3 284 259 216
3 267 299 237
3 344 268 213
3 219 288 269
3 240 307 206
3 347 242 307
3 195 262 317
3 263 245 296
3 319 318 246
3 227 270 271
3 284 216 272
3 290 236 280
3 157 193 158
3 303 231 295
3 231 253 295
3 276 232 275
3 255 332 289
3 309 250 297
3 264 257 308
3 284 310 259
3 243 322 280
3 237 298 266
3 290 260 236
3 253 273 295
3 273 159 345
3 345 168 244
3 275 367 276
3 276 307 240
3 242 347 262
3 348 233 263
3 283 223 282
3 349 223 283
3 277 332 255
3 308 256 289
3 308 320 264
3 250 265 334
3 265 279 334
3 251 271 335
3 321 266 298
3 272 266 321
3 291 285 292
3 285 301 294
3 561 254 261
3 274 330 281
3 244 562 413
3 319 248 350
3 310 279 259
3 322 243 445
3 290 323 260
3 238 252 372
3 285 291 301
3 292 285 293
3 293 285 327
3 293 327 326
3 285 294 302
3 327 285 302
3 304 303 295
3 295 273 316
3 344 391 268
3 268 330 274
3 281 330 305
3 281 305 306
3 281 306 275
3 562 244 269
3 787 269 288
3 368 347 307
3 317 262 393
3 296 245 318
3 247 349 277
3 350 278 333
3 351 278 249
3 297 250 334
3 279 310 334
3 243 251 445
3 298 237 299
3 252 260 323
3 238 372 193
3 291 292 300
3 300 292 313
3 291 312 301
3 300 312 291
3 325 292 293
3 325 293 339
3 294 301 357
3 339 293 326
3 316 273 345
3 366 305 330
3 275 306 367
3 288 348 466
3 333 278 351
3 351 249 309
3 280 336 290
3 158 193 630
3 312 311 324
3 311 312 300
3 313 337 300
3 312 314 301
3 314 312 352
3 313 292 325
3 301 314 338
3 326 327 379
3 261 286 409
3 295 315 304
3 343 315 295
3 316 364 295
3 391 330 268
3 306 305 414
3 276 331 307
3 347 368 625
3 349 495 277
3 418 351 309
3 270 419 271
3 270 568 419
3 270 264 568
3 271 419 335
3 569 310 284
3 321 284 272
3 370 280 322
3 280 370 336
3 298 299 371
3 311 300 337
3 355 354 313
3 325 355 313
3 340 301 338
3 301 340 357
3 342 328 341
3 329 341 328
3 363 303 304
3 343 295 364
3 304 315 365
3 305 366 346
3 305 346 414
3 331 276 367
3 296 318 565
3 349 283 416
3 318 319 417
3 319 350 369
3 394 320 308
3 264 320 568
3 445 251 335
3 422 421 321
3 336 370 395
3 336 323 290
3 267 221 1094
3 311 397 324
3 312 324 352
3 313 353 337
3 314 352 338
3 356 340 338
3 294 401 302
3 341 329 388
3 329 328 361
3 329 361 408
3 363 287 303
3 411 343 364
3 343 390 365
3 315 343 365
3 413 345 244
3 414 367 306
3 393 262 347
3 283 282 416
3 444 308 289
3 422 321 298
3 397 311 374
3 324 424 352
3 374 311 337
3 353 313 354
3 400 353 354
3 339 377 325
3 339 326 378
3 294 357 401
3 327 302 401
3 381 342 341
3 381 382 342
3 404 383 385
3 358 404 385
3 342 382 328
3 358 385 359
3 406 341 388
3 361 328 360
3 388 329 362
3 389 362 329
3 438 362 389
3 439 363 462
3 411 390 343
3 366 441 346
3 307 331 443
3 368 307 443
3 787 288 464
3 319 369 566
3 334 310 569
3 420 284 321
3 336 395 323
3 423 424 324
3 423 324 397
3 375 373 399
3 337 353 475
3 398 376 373
3 399 373 376
3 339 378 377
3 356 478 340
3 428 379 327
3 434 380 358
3 432 381 341
3 433 432 341
3 358 380 404
3 433 341 384
3 358 359 387
3 384 341 406
3 328 382 360
3 359 385 386
3 387 359 386
3 435 388 362
3 389 329 408
3 409 561 261
3 526 409 286
3 286 287 410
3 287 363 410
3 463 411 364
3 412 363 304
3 316 345 364
3 345 527 364
3 304 365 412
3 392 365 390
3 414 346 441
3 368 443 625
3 348 263 296
3 417 319 566
3 332 534 289
3 333 351 418
3 308 444 394
3 418 309 468
3 309 297 468
3 297 334 468
3 421 420 321
3 230 158 571
3 299 267 1094
3 371 299 1094
3 446 375 447
3 396 373 446
3 446 373 375
3 474 352 424
3 398 373 396
3 375 399 425
3 352 474 448
3 338 352 448
3 451 355 325
3 507 340 478
3 340 453 357
3 380 402 429
3 380 429 403
3 430 402 380
3 380 403 404
3 430 380 434
3 514 432 433
3 382 381 405
3 404 456 383
3 485 433 384
3 383 456 459
3 434 358 457
3 358 387 457
3 383 459 385
3 460 386 385
3 386 436 437
3 387 386 437
3 387 437 407
3 361 360 491
3 438 435 362
3 439 410 363
3 561 344 254
3 412 462 363
3 440 390 463
3 364 527 463
3 390 411 463
3 622 345 413
3 392 390 440
3 392 440 442
3 392 465 365
3 348 296 467
3 415 282 317
3 349 627 495
3 289 534 444
3 496 320 394
3 284 420 569
3 370 322 498
3 395 370 498
3 447 470 446
3 473 502 396
3 502 398 396
3 355 505 354
3 399 449 425
3 376 449 399
3 448 450 338
3 400 734 353
3 325 377 451
3 451 377 426
3 340 507 453
3 401 357 453
3 479 326 379
3 427 401 453
3 327 401 454
3 431 403 429
3 551 381 432
3 431 404 403
3 484 404 431
3 520 457 387
3 487 460 385
3 558 407 595
3 408 361 491
3 461 438 389
3 410 526 286
3 440 463 493
3 366 528 441
3 529 414 441
3 530 412 365
3 367 414 529
3 367 529 331
3 530 365 465
3 282 415 416
3 565 318 417
3 350 333 567
3 469 445 335
3 497 422 570
3 422 298 499
3 298 371 499
3 499 371 535
3 158 630 571
3 501 446 470
3 446 472 396
3 396 472 473
3 447 375 425
3 574 425 503
3 504 424 423
3 425 449 503
3 477 376 398
3 505 355 451
3 376 477 449
3 450 356 338
3 450 478 356
3 452 451 426
3 507 579 453
3 479 378 326
3 542 479 379
3 480 327 454
3 428 327 480
3 511 481 402
3 402 481 482
3 429 402 482
3 429 482 483
3 511 402 430
3 429 483 455
3 455 431 429
3 514 551 432
3 552 430 434
3 484 517 456
3 456 517 459
3 485 384 406
3 485 406 486
3 487 385 459
3 406 388 488
3 406 488 486
3 436 386 460
3 488 388 435
3 437 436 594
3 407 558 593
3 491 360 490
3 407 437 595
3 525 438 461
3 492 462 412
3 493 463 527
3 622 527 345
3 391 689 330
3 330 528 366
3 492 412 530
3 493 494 440
3 493 527 494
3 392 442 465
3 467 296 565
3 277 495 332
3 369 350 729
3 394 444 663
3 497 421 422
3 445 498 322
3 570 422 499
3 500 395 498
3 193 372 630
3 221 230 571
3 696 535 371
3 446 501 472
3 475 374 337
3 574 447 425
3 540 448 474
3 398 502 477
3 540 450 448
3 451 476 505
3 451 452 476
3 541 476 452
3 478 602 507
3 377 378 479
3 453 508 427
3 401 427 543
3 543 427 508
3 543 454 401
3 543 480 454
3 428 480 544
3 550 481 512
3 511 512 481
3 550 482 481
3 482 513 483
3 381 586 405
3 484 515 555
3 484 431 515
3 405 553 589
3 456 404 484
3 557 434 457
3 518 485 519
3 518 519 458
3 519 485 486
3 459 517 458
3 487 459 458
3 616 457 520
3 458 519 486
3 522 458 486
3 360 382 521
3 487 458 522
3 486 488 522
3 487 522 460
3 489 436 460
3 360 521 490
3 522 523 460
3 488 435 592
3 594 436 489
3 491 490 524
3 435 438 525
3 491 559 408
3 461 389 408
3 461 408 596
3 596 408 560
3 410 439 597
3 987 344 561
3 391 344 987
3 691 331 529
3 531 442 440
3 465 442 531
3 532 530 465
3 533 465 531
3 348 467 692
3 566 369 927
3 350 567 729
3 663 444 534
3 418 567 333
3 568 320 496
3 628 334 569
3 421 497 420
3 598 470 447
3 397 698 423
3 573 631 472
3 502 473 576
3 575 537 474
3 667 424 504
3 475 353 734
3 477 502 539
3 538 476 541
3 400 354 505
3 506 541 452
3 578 506 452
3 453 579 508
3 379 641 542
3 641 379 428
3 510 546 509
3 546 510 512
3 511 546 512
3 512 510 547
3 482 550 513
3 483 513 612
3 483 585 455
3 586 381 551
3 431 455 515
3 405 586 553
3 552 434 557
3 517 555 516
3 517 484 555
3 554 588 516
3 517 516 458
3 556 433 485
3 588 518 516
3 458 516 518
3 382 405 589
3 520 387 619
3 490 521 524
3 489 460 523
3 522 488 592
3 522 592 591
3 387 407 593
3 594 595 437
3 435 525 592
3 560 408 620
3 526 410 597
3 597 439 621
3 621 462 492
3 330 658 528
3 623 622 413
3 624 494 527
3 626 494 624
3 626 440 494
3 531 440 626
3 464 288 466
3 532 465 533
3 533 531 563
3 990 317 393
3 415 317 990
3 416 415 662
3 793 349 416
3 627 349 793
3 729 927 369
3 567 418 468
3 664 419 568
3 335 419 664
3 469 335 664
3 221 571 1094
3 572 501 470
3 598 447 471
3 470 598 572
3 631 473 472
3 471 447 574
3 374 698 397
3 424 575 474
3 698 374 475
3 577 574 503
3 540 474 600
3 734 400 672
3 702 400 505
3 477 539 703
3 578 541 506
3 452 426 638
3 426 377 638
3 377 479 638
3 602 579 507
3 580 543 508
3 603 604 480
3 480 581 544
3 546 584 545
3 546 545 509
3 509 545 643
3 546 511 853
3 550 512 548
3 609 647 548
3 610 513 550
3 549 511 430
3 679 586 551
3 455 585 515
3 585 587 515
3 515 587 555
3 650 514 556
3 556 514 433
3 554 516 555
3 718 552 557
3 615 556 485
3 615 485 588
3 588 485 518
3 557 457 616
3 382 589 521
3 521 618 524
3 523 522 591
3 619 387 593
3 489 523 594
3 559 491 655
3 621 439 462
3 330 689 658
3 562 623 413
3 622 624 527
3 621 492 660
3 625 443 331
3 625 331 691
3 760 347 625
3 531 626 659
3 348 692 466
3 564 532 533
3 661 564 563
3 792 467 565
3 332 495 534
3 468 334 628
3 499 629 570
3 252 323 1432
3 499 535 629
3 472 501 573
3 632 471 574
3 575 424 731
3 576 473 631
3 577 632 574
3 632 577 575
3 599 536 475
3 537 575 577
3 600 474 577
3 474 537 577
3 672 400 802
3 802 400 701
3 503 449 735
3 450 602 478
3 542 638 479
3 543 603 480
3 641 428 544
3 604 581 480
3 544 581 582
3 583 544 582
3 605 584 582
3 583 582 584
3 546 583 584
3 545 606 607
3 644 608 509
3 608 510 509
3 510 608 547
3 744 679 551
3 612 585 483
3 611 551 650
3 551 514 650
3 586 716 553
3 648 613 587
3 587 613 554
3 613 615 554
3 587 554 555
3 554 615 588
3 589 617 521
3 521 617 652
3 618 521 652
3 524 618 653
3 524 653 590
3 590 491 524
3 655 491 590
3 523 688 594
3 654 558 595
3 654 595 726
3 687 592 525
3 687 525 656
3 408 559 620
3 656 525 461
3 461 596 657
3 561 409 526
3 759 441 528
3 660 492 530
3 925 393 347
3 530 532 660
3 531 659 563
3 660 532 564
3 693 660 564
3 564 533 563
3 692 467 791
3 791 467 792
3 730 729 567
3 570 665 497
3 498 445 695
3 665 570 666
3 666 570 629
3 500 763 395
3 371 1094 696
3 696 629 535
3 632 598 471
3 423 698 504
3 731 668 575
3 698 475 536
3 424 667 731
3 475 734 599
3 538 601 633
3 577 503 600
3 702 505 476
3 633 671 476
3 601 538 635
3 635 538 541
3 735 449 477
3 705 602 540
3 602 450 540
3 541 578 635
3 636 635 578
3 808 452 638
3 639 508 579
3 508 639 580
3 542 641 707
3 640 543 580
3 640 603 543
3 583 641 544
3 581 709 582
3 584 606 545
3 643 545 607
3 643 644 509
3 547 608 609
3 547 609 512
3 548 512 609
3 647 550 548
3 610 550 647
3 549 430 552
3 646 551 611
3 610 612 513
3 586 679 716
3 585 612 648
3 680 649 613
3 648 680 613
3 613 649 651
3 585 648 587
3 651 556 615
3 613 651 615
3 614 552 718
3 553 682 589
3 652 617 683
3 688 523 591
3 654 593 558
3 686 655 724
3 755 559 655
3 786 656 461
3 560 620 596
3 786 461 657
3 657 596 785
3 562 269 787
3 441 759 529
3 662 415 990
3 565 417 694
3 417 566 694
3 468 730 567
3 394 794 496
3 568 1161 664
3 323 395 1432
3 252 1432 372
3 573 765 631
3 576 670 502
3 633 476 538
3 637 636 578
3 808 578 452
3 636 637 674
3 603 640 642
3 603 642 604
3 604 675 581
3 675 709 581
3 709 676 582
3 582 676 605
3 606 584 711
3 643 607 606
3 644 645 608
3 608 645 609
3 511 549 853
3 646 744 551
3 680 612 610
3 649 646 611
3 717 646 649
3 648 612 680
3 611 681 649
3 717 649 680
3 611 650 681
3 556 651 650
3 718 557 616
3 685 619 593
3 684 590 653
3 655 590 724
3 591 592 688
3 688 592 687
3 594 725 595
3 559 727 620
3 758 597 621
3 689 391 987
3 622 623 690
3 622 690 624
3 691 529 759
3 659 661 563
3 796 569 420
3 497 665 796
3 798 500 498
3 875 501 572
3 501 764 573
3 766 572 697
3 572 598 697
3 699 598 632
3 834 697 598
3 699 575 668
3 576 631 765
3 502 670 539
3 633 601 733
3 476 671 702
3 635 733 601
3 672 802 770
3 703 539 670
3 735 477 703
3 705 540 809
3 704 636 706
3 706 636 738
3 674 738 636
3 579 602 774
3 580 639 640
3 640 708 642
3 604 642 675
3 708 675 642
3 676 711 605
3 711 584 605
3 711 643 606
3 741 713 677
3 714 644 643
3 644 714 645
3 645 714 678
3 609 645 678
3 853 549 614
3 647 609 678
3 614 549 552
3 647 717 680
3 680 610 647
3 649 681 651
3 681 650 651
3 589 682 719
3 718 616 949
3 589 719 720
3 589 720 617
3 683 720 746
3 617 720 683
3 520 619 748
3 684 724 590
3 685 593 654
3 654 726 757
3 559 755 756
3 727 559 756
3 620 727 596
3 624 690 829
3 691 760 625
3 989 464 466
3 762 788 660
3 626 789 659
3 420 497 796
3 695 445 469
3 832 665 666
3 498 695 992
3 763 500 798
3 573 764 765
3 801 875 572
3 632 575 699
3 667 504 700
3 765 732 576
3 670 576 732
3 701 400 702
3 634 673 671
3 635 769 733
3 636 769 635
3 636 736 769
3 809 540 600
3 704 736 636
3 637 737 674
3 705 772 602
3 772 774 602
3 639 579 774
3 675 708 709
3 708 676 709
3 739 710 676
3 710 711 676
3 711 710 712
3 711 712 643
3 741 677 740
3 778 740 677
3 714 643 712
3 742 677 713
3 714 743 678
3 646 778 744
3 647 779 715
3 679 745 716
3 647 715 717
3 815 717 715
3 717 815 813
3 813 646 717
3 817 618 721
3 652 721 618
3 618 749 653
3 653 749 684
3 781 722 750
3 723 750 722
3 782 724 684
3 754 655 686
3 655 754 755
3 688 687 860
3 594 688 725
3 955 654 757
3 595 725 726
3 957 786 657
3 597 986 526
3 621 660 788
3 626 624 829
3 626 829 761
3 925 347 760
3 761 789 626
3 1226 466 692
3 790 659 789
3 416 662 793
3 728 534 495
3 1044 927 729
3 794 394 663
3 730 468 795
3 795 468 628
3 568 496 1161
3 796 628 569
3 665 831 796
3 832 831 665
3 666 629 832
3 571 630 797
3 571 797 993
3 696 799 629
3 875 764 501
3 801 572 766
3 767 834 598
3 767 598 699
3 669 668 731
3 536 599 1049
3 1168 702 1437
3 701 702 1168
3 933 633 733
3 634 671 633
3 600 503 735
3 806 736 704
3 735 703 807
3 883 638 542
3 843 883 542
3 773 674 737
3 810 706 738
3 738 674 773
3 639 812 640
3 812 708 640
3 707 641 811
3 708 775 676
3 776 641 583
3 676 775 739
3 712 710 739
3 583 546 940
3 778 848 740
3 677 742 778
3 712 739 714
3 741 852 713
3 892 713 852
3 814 742 713
3 744 778 742
3 679 742 745
3 742 814 745
3 744 742 679
3 743 779 678
3 647 678 779
3 779 815 715
3 682 854 719
3 854 816 719
3 683 895 652
3 616 520 747
3 818 618 817
3 748 619 685
3 749 819 684
3 751 722 781
3 751 781 1012
3 822 750 723
3 722 751 783
3 782 823 724
3 753 722 783
3 752 723 753
3 723 722 753
3 686 724 823
3 823 754 686
3 825 727 756
3 656 786 860
3 785 596 727
3 657 785 861
3 690 623 870
3 870 623 562
3 528 1090 759
3 924 691 759
3 758 621 788
3 787 464 989
3 760 691 924
3 790 661 659
3 990 393 925
3 730 1045 729
3 795 628 796
3 469 664 1364
3 992 1048 498
3 833 697 834
3 698 536 800
3 929 504 698
3 699 668 767
3 835 767 668
3 504 929 700
3 673 702 671
3 768 837 879
3 879 668 669
3 1052 733 769
3 669 768 879
3 1373 633 804
3 769 736 805
3 600 735 841
3 840 806 771
3 806 704 771
3 637 578 808
3 842 771 704
3 808 638 883
3 706 842 704
3 842 706 810
3 705 809 772
3 812 639 774
3 812 775 708
3 811 641 776
3 776 583 940
3 945 741 740
3 945 889 741
3 940 546 853
3 777 714 739
3 852 741 889
3 777 743 714
3 814 713 892
3 777 851 743
3 779 743 851
3 779 851 815
3 716 745 814
3 553 716 947
3 719 816 720
3 720 816 780
3 949 616 1009
3 616 747 1009
3 720 895 746
3 721 652 895
3 747 520 748
3 749 618 818
3 821 820 750
3 750 822 821
3 819 782 684
3 723 752 822
3 898 822 752
3 753 783 857
3 752 753 954
3 754 784 755
3 784 824 755
3 687 656 860
3 824 756 755
3 859 825 756
3 826 727 825
3 785 727 826
3 597 758 986
3 528 658 1090
3 1229 694 566
3 498 1048 798
3 873 832 629
3 395 763 1432
3 764 876 765
3 800 929 698
3 765 877 732
3 767 835 878
3 768 669 930
3 1049 599 1241
3 670 997 803
3 599 734 836
3 933 804 633
3 1373 804 934
3 805 736 806
3 634 633 1373
3 703 670 881
3 807 703 881
3 809 600 841
3 735 807 841
3 882 771 842
3 844 774 772
3 843 542 707
3 844 845 774
3 812 846 775
3 739 775 777
3 777 775 846
3 847 778 942
3 777 849 851
3 646 944 778
3 813 944 646
3 890 813 850
3 850 815 851
3 850 813 815
3 716 814 947
3 553 947 682
3 682 947 854
3 721 895 855
3 721 855 817
3 818 819 749
3 781 750 820
3 751 1256 783
3 898 752 1062
3 955 685 654
3 954 753 857
3 1014 752 954
3 858 754 823
3 784 754 858
3 784 858 824
3 725 688 1015
3 824 859 756
3 757 726 1063
3 827 900 863
3 900 862 863
3 865 827 828
3 870 562 787
3 829 690 870
3 1559 788 762
3 660 926 762
3 693 926 660
3 926 693 564
3 1228 792 565
3 1228 565 694
3 1429 534 728
3 794 663 1092
3 795 796 1093
3 871 830 928
3 832 872 830
3 831 832 830
3 372 874 1431
3 630 372 1431
3 629 799 873
3 833 766 697
3 536 1049 800
3 731 930 669
3 667 1162 731
3 732 877 997
3 1098 702 673
3 835 668 879
3 1052 769 934
3 770 1053 672
3 881 670 803
3 734 672 1103
3 880 1053 770
3 806 840 805
3 637 808 1169
3 809 884 772
3 772 884 844
3 884 845 844
3 1055 810 738
3 738 773 1055
3 845 936 774
3 847 848 778
3 740 848 945
3 777 943 891
3 777 891 849
3 1059 940 853
3 849 890 850
3 849 850 851
3 853 614 1175
3 947 1008 854
3 948 614 718
3 948 718 949
3 854 893 816
3 895 683 746
3 818 817 856
3 819 818 896
3 748 685 897
3 781 820 1011
3 783 952 857
3 860 786 957
3 826 861 785
3 899 962 900
3 900 827 899
3 863 862 902
3 964 863 902
3 965 827 863
3 901 899 865
3 867 901 865
3 865 899 827
3 1022 864 866
3 866 864 905
3 867 865 908
3 909 911 915
3 909 915 914
3 868 971 912
3 913 868 917
3 868 912 869
3 916 913 917
3 912 975 869
3 918 869 975
3 917 868 869
3 922 919 920
3 921 919 923
3 1043 789 761
3 692 791 1715
3 1228 694 1160
3 927 1229 566
3 1429 1363 534
3 534 1363 663
3 1045 730 795
3 794 1302 496
3 991 796 831
3 831 830 871
3 830 872 928
3 798 1095 763
3 872 832 873
3 372 1432 874
3 801 766 1434
3 877 765 876
3 1162 930 731
3 1561 834 767
3 1641 996 878
3 767 878 996
3 931 768 930
3 1241 599 836
3 1438 702 1098
3 802 701 1168
3 997 670 732
3 932 878 835
3 879 932 835
3 1242 770 802
3 770 1242 880
3 933 934 804
3 1052 934 933
3 838 1053 880
3 1103 672 1053
3 807 881 998
3 810 1441 842
3 809 841 999
3 809 999 1000
3 773 737 1054
3 809 1000 884
3 884 936 845
3 812 774 936
3 812 937 887
3 846 812 887
3 885 886 938
3 885 888 886
3 888 885 1005
3 1863 1171 940
3 942 1001 847
3 1006 943 846
3 848 847 945
3 777 846 943
3 943 946 890
3 891 943 890
3 942 778 944
3 849 891 890
3 890 944 813
3 947 814 892
3 816 893 894
3 895 780 950
3 895 720 780
3 817 855 856
3 856 1010 818
3 1011 1012 781
3 898 1013 822
3 782 951 823
3 953 823 951
3 752 1014 1062
3 823 953 858
3 858 956 824
3 955 757 1016
3 824 956 859
3 956 1123 859
3 1015 688 860
3 726 725 1063
3 1185 860 957
3 861 826 1184
3 963 862 900
3 964 902 903
3 863 964 965
3 965 828 827
3 966 1022 866
3 967 902 907
3 864 1024 904
3 966 866 906
3 1025 901 867
3 864 904 905
3 905 904 1027
3 866 968 906
3 1131 908 865
3 969 967 907
3 1025 867 1028
3 907 1029 969
3 910 970 909
3 911 909 1032
3 971 972 912
3 909 914 910
3 910 914 1036
3 913 971 868
3 915 973 974
3 915 911 973
3 974 1077 1080
3 916 1037 913
3 916 917 1079
3 1144 918 975
3 917 869 976
3 976 869 918
3 979 981 919
3 920 981 982
3 981 920 919
3 919 921 980
3 980 983 1084
3 922 920 982
3 983 980 921
3 923 919 922
3 923 922 985
3 1087 921 923
3 987 561 1222
3 561 526 1222
3 870 988 829
3 759 1090 924
3 924 1041 760
3 1041 925 760
3 761 1042 1043
3 662 990 1428
3 1093 1045 795
3 1093 796 991
3 991 831 871
3 1046 871 928
3 695 1047 992
3 994 928 872
3 630 1231 797
3 873 995 872
3 1233 630 1431
3 876 1096 877
3 1639 767 996
3 1239 700 929
3 997 877 1051
3 931 837 768
3 997 1102 803
3 839 1100 634
3 836 734 1103
3 839 634 1373
3 881 803 1102
3 882 842 1441
3 841 807 999
3 999 807 998
3 843 707 811
3 812 936 937
3 937 1002 887
3 938 1003 885
3 887 1002 1004
3 1005 885 1003
3 887 1004 1006
3 846 887 1006
3 811 776 940
3 847 1001 939
3 888 1005 1058
3 943 1006 946
3 939 1057 847
3 1057 945 847
3 946 944 890
3 947 892 1113
3 1175 614 948
3 816 894 780
3 780 1176 950
3 895 950 1060
3 856 855 1061
3 819 896 951
3 782 819 951
3 820 821 1181
3 1182 751 1012
3 822 1181 821
3 897 685 955
3 857 1121 954
3 956 858 953
3 1063 725 1015
3 757 1063 1325
3 957 657 861
3 958 959 1064
3 959 1124 1017
3 960 1064 959
3 959 1017 961
3 1065 959 961
3 959 1065 960
3 1190 962 899
3 963 900 962
3 1020 862 963
3 1025 1019 901
3 1019 899 901
3 862 1020 902
3 903 1023 964
3 965 964 1022
3 907 902 1020
3 1022 966 965
3 907 1020 1021
3 828 965 966
3 1024 864 1022
3 903 902 967
3 1067 903 967
3 1026 828 966
3 865 828 1026
3 907 1021 1068
3 1131 865 1026
3 906 968 1070
3 866 905 968
3 867 908 1030
3 907 1068 1137
3 1028 867 1030
3 1137 1029 907
3 1029 1137 1033
3 1031 971 913
3 1074 1032 909
3 971 1034 972
3 910 1036 1075
3 914 1076 1036
3 1037 916 1078
3 915 974 1080
3 1079 917 1284
3 1082 1038 1083
3 1039 977 978
3 1039 1038 977
3 1083 1038 1039
3 1479 981 979
3 979 919 980
3 922 982 1086
3 985 922 984
3 1087 1149 921
3 1040 923 985
3 923 1221 1087
3 758 1152 986
3 1633 658 689
3 787 989 1359
3 761 829 1042
3 1784 627 793
3 728 495 627
3 729 1045 1044
3 794 1092 1302
3 991 871 1046
3 469 1364 1047
3 1047 695 469
3 1095 798 1048
3 995 994 872
3 933 733 1099
3 1099 733 1052
3 1099 1052 933
3 637 1169 1246
3 808 883 1500
3 1054 737 637
3 936 884 1000
3 1000 937 936
3 886 1056 938
3 886 1108 1056
3 1002 1105 1004
3 1058 1005 1173
3 946 1006 944
3 888 1058 941
3 1007 852 889
3 852 1007 1112
3 892 852 1113
3 1059 853 1175
3 1008 893 854
3 1116 948 949
3 1116 949 1009
3 855 895 1061
3 1009 747 1179
3 1061 1010 856
3 818 1010 896
3 896 1117 951
3 1182 1256 751
3 1013 1255 822
3 1321 1013 898
3 898 1062 1321
3 1120 956 953
3 1016 757 1325
3 860 1185 1015
3 957 861 1187
3 1187 1124 958
3 959 958 1124
3 961 1017 1125
3 1264 1190 899
3 962 1126 1018
3 963 962 1018
3 1018 1020 963
3 1018 1066 1020
3 1020 1066 1021
3 964 1023 1022
3 903 1067 1023
3 1022 1023 1024
3 904 1024 1129
3 1026 966 1069
3 966 906 1069
3 967 969 1132
3 1269 1027 1135
3 1137 1068 1130
3 970 1267 909
3 1267 1074 909
3 970 910 1134
3 1196 1034 971
3 1032 1128 911
3 1128 1133 911
3 910 1075 1134
3 1133 1203 911
3 1271 1031 913
3 1035 1272 913
3 1272 1271 913
3 1035 913 1138
3 1138 913 1037
3 974 973 1209
3 1281 1077 974
3 916 1079 1078
3 1211 917 976
3 1145 976 918
3 1081 978 977
3 1085 1083 1039
3 921 1149 983
3 1221 923 1040
3 986 1222 526
3 1152 758 1299
3 1360 988 870
3 988 1361 829
3 829 1361 1042
3 758 788 1559
3 1226 692 1715
3 791 792 1636
3 793 662 1301
3 1484 694 1229
3 728 627 1091
3 1044 1045 1430
3 663 1363 1092
3 1232 995 873
3 1097 1163 996
3 877 1096 1051
3 930 1050 931
3 931 1643 837
3 1101 1100 839
3 998 881 1308
3 808 1500 1169
3 1054 1503 773
3 1105 999 998
3 773 1104 1055
3 1105 998 1001
3 1000 999 1105
3 1001 998 1107
3 1002 937 1000
3 939 1001 1107
3 1003 938 1106
3 1105 1002 1000
3 1001 942 1105
3 1003 1248 1005
3 1108 886 1249
3 944 1105 942
3 1105 1006 1004
3 1171 811 940
3 1172 1173 1005
3 1006 1105 944
3 941 886 888
3 939 1109 1057
3 886 941 1110
3 889 945 1448
3 941 1058 1174
3 941 1174 1111
3 1007 1452 1112
3 1112 1113 852
3 1008 1253 1114
3 893 1008 1114
3 1176 894 1455
3 1177 1116 1009
3 1176 780 894
3 1061 895 1178
3 1010 1180 896
3 1180 1117 896
3 1255 1181 822
3 953 951 1118
3 783 1256 952
3 1120 953 1118
3 897 955 1322
3 1119 1062 1014
3 955 1260 1322
3 954 1121 1122
3 1123 825 859
3 1326 826 825
3 1261 1124 1187
3 1262 1017 1124
3 1064 960 1188
3 1017 1262 1330
3 1125 1017 1330
3 1189 1126 962
3 1190 1189 962
3 1264 899 1019
3 1394 1066 1018
3 1191 1019 1025
3 1023 1067 1129
3 967 1129 1067
3 1024 1023 1129
3 1069 1131 1026
3 1132 1129 967
3 1269 905 1027
3 1129 1132 904
3 1069 906 1070
3 1127 1194 1072
3 1193 970 1134
3 968 905 1269
3 1194 1028 1199
3 904 1132 1027
3 908 1131 1030
3 1127 1072 1073
3 968 1071 1070
3 969 1200 1132
3 1031 1196 971
3 1074 1195 1032
3 1201 1030 1198
3 1029 1200 969
3 1030 1139 1028
3 1201 1139 1030
3 1202 1138 1037
3 1029 1033 1205
3 1029 1205 1204
3 973 911 1203
3 1142 912 972
3 1412 1347 974
3 1037 1078 1280
3 1412 974 1209
3 912 1142 1144
3 912 1144 975
3 1284 917 1211
3 915 1080 1212
3 1144 1286 918
3 976 1145 1211
3 1215 977 1038
3 977 1214 1081
3 980 1084 1418
3 1085 1219 1083
3 1085 1039 1220
3 1220 1147 1085
3 1085 1147 1148
3 1355 983 1149
3 922 1086 984
3 1294 985 984
3 1294 1295 985
3 1040 985 1295
3 1295 1150 1040
3 986 1152 1224
3 1088 1089 1159
3 989 466 1226
3 1042 1227 1043
3 926 1362 762
3 627 1784 1091
3 664 1161 1364
3 799 696 1094
3 630 1233 1231
3 1434 766 833
3 1561 767 1366
3 1163 1639 996
3 2432 700 1239
3 996 1165 1097
3 1437 702 1438
3 1101 839 1243
3 1053 838 935
3 1244 840 771
3 1497 771 882
3 881 1102 1308
3 1246 1054 637
3 883 843 1501
3 1107 998 1308
3 810 1443 1796
3 1503 1104 773
3 1443 810 1055
3 1106 938 1056
3 1504 1056 1108
3 939 1107 1109
3 1173 1250 1058
3 886 1110 1249
3 1110 941 1111
3 1113 1378 1008
3 1253 1008 1378
3 1314 1175 1115
3 1175 948 1115
3 1116 1454 1115
3 893 1508 894
3 1060 1178 895
3 1179 1177 1009
3 1179 747 1383
3 1010 1061 1318
3 747 748 1383
3 1255 1013 1321
3 951 1117 1118
3 1462 952 1665
3 952 1256 1665
3 1183 952 1462
3 857 952 1183
3 857 1183 1121
3 1119 1014 1387
3 954 1122 1014
3 1324 956 1120
3 955 1588 1260
3 957 1187 1185
3 1329 958 1064
3 1188 1328 1064
3 1187 958 1186
3 1188 960 1391
3 1391 960 1065
3 1263 1065 961
3 961 1125 1263
3 1021 1066 1335
3 1021 1335 1192
3 1068 1021 1192
3 1265 1191 1025
3 1265 1025 1194
3 1396 1267 970
3 1194 1025 1028
3 1195 1128 1032
3 1069 1270 1131
3 1031 1337 1196
3 1194 1199 1072
3 1069 1070 1270
3 1198 1030 1131
3 1397 1031 1271
3 1130 1197 1137
3 1132 1273 1027
3 1137 1197 1136
3 1071 1342 1070
3 1133 1073 1203
3 1139 1201 1476
3 1346 1073 1072
3 1203 1073 1346
3 1072 1199 1346
3 1033 1137 1345
3 1037 1207 1202
3 1137 1206 1345
3 1075 1036 1274
3 1137 1136 1206
3 1143 1141 1140
3 1037 1280 1207
3 1036 1076 1274
3 973 1203 1209
3 1210 1141 1143
3 914 915 1076
3 1213 1210 1143
3 1079 1477 1078
3 1212 1080 1214
3 918 1286 1145
3 1214 977 1212
3 1212 977 1215
3 1416 1038 1082
3 1081 1214 1417
3 1216 1082 1083
3 1218 978 1081
3 1219 1216 1083
3 1289 1479 979
3 1289 980 1217
3 1218 1703 1039
3 978 1218 1039
3 1146 1219 1085
3 1148 1146 1085
3 1150 1297 1040
3 1040 1297 1221
3 1296 1087 1221
3 1151 1155 1154
3 1089 1156 1154
3 1155 1089 1154
3 1089 1088 1156
3 1088 1159 1156
3 1153 1157 1151
3 1158 1155 1157
3 1157 1155 1151
3 1155 1158 1089
3 1089 1158 1159
3 1361 988 1300
3 1227 1042 1361
3 790 789 1043
3 926 564 2272
3 1784 793 1301
3 1717 728 1091
3 1717 1429 728
3 1161 496 1302
3 991 1785 1230
3 991 1046 1785
3 928 994 1486
3 994 1232 1486
3 995 1232 994
3 1432 763 1719
3 1233 1431 2000
3 929 800 1930
3 667 2432 1162
3 1366 767 1639
3 1163 1165 1639
3 1163 1097 1164
3 1164 1097 1167
3 1165 1235 1097
3 1097 1166 1167
3 1097 1235 1166
3 1051 1096 1240
3 1643 931 1050
3 673 634 1931
3 1241 1372 1563
3 836 1103 1372
3 935 1101 1243
3 934 769 805
3 934 805 840
3 1053 935 1245
3 1441 1497 882
3 1500 883 1501
3 1055 1104 1375
3 811 1171 1649
3 1504 1374 1056
3 1109 1107 1170
3 1003 1247 1248
3 1005 1248 1172
3 1058 1250 1251
3 1311 1174 1251
3 1174 1058 1251
3 1110 1111 1313
3 1008 947 1113
3 893 1114 1508
3 1116 1115 948
3 1455 894 1508
3 1176 1316 950
3 1060 950 1316
3 1317 1061 1178
3 1010 1318 1180
3 1012 1011 1580
3 1582 820 1181
3 1117 1180 1118
3 1180 1257 1118
3 1321 1062 1258
3 1258 1062 1119
3 1387 1014 1122
3 1588 955 1016
3 1016 1325 1588
3 825 1123 1326
3 1015 1185 1327
3 1325 1063 1015
3 1184 826 1326
3 1187 861 1184
3 1186 1185 1187
3 1466 1329 1328
3 1329 1186 958
3 1328 1329 1064
3 1390 1124 1261
3 1189 1334 1126
3 1334 1394 1126
3 1126 1394 1018
3 1266 1336 1127
3 1396 970 1470
3 1193 1470 970
3 1130 1068 1471
3 1127 1073 1268
3 1268 1133 1128
3 1074 1267 1474
3 1268 1073 1133
3 1337 1031 1397
3 1138 1398 1035
3 1270 1198 1131
3 1273 1132 1200
3 1136 1197 1207
3 1135 1027 1273
3 1340 1134 1075
3 1028 1139 1199
3 972 1034 1343
3 1136 1207 1206
3 1399 1275 1140
3 1029 1204 1200
3 1399 1140 1141
3 1075 1274 1340
3 1399 1402 1275
3 1345 1206 1280
3 1278 1344 1141
3 1343 1142 972
3 1033 1345 1205
3 1279 1140 1275
3 1142 1343 1283
3 1206 1207 1280
3 1274 1076 1208
3 1282 1143 1140
3 1141 1210 1278
3 1281 974 1347
3 1140 1279 1282
3 1283 1144 1142
3 1410 1208 1076
3 1285 1278 1210
3 1281 1414 1077
3 1348 1076 915
3 1143 1415 1213
3 1210 1213 1285
3 1417 1214 1080
3 1213 1415 1287
3 1211 1145 1349
3 1145 1286 1288
3 1215 1038 1416
3 1417 1350 1081
3 1218 1081 1350
3 1289 979 980
3 981 1616 1290
3 1039 1421 1220
3 1086 982 1290
3 1420 1146 1353
3 1352 1084 1423
3 1423 1084 983
3 1353 1146 1291
3 1291 1146 1148
3 983 1355 1423
3 1422 1294 1086
3 984 1086 1294
3 1355 1149 1296
3 1632 986 1224
3 1225 1224 1152
3 1153 1151 1223
3 1224 1153 1223
3 1225 1153 1224
3 1223 1151 1154
3 1159 1154 1156
3 1152 1298 1225
3 1225 1157 1153
3 1159 1158 1154
3 1158 1157 1154
3 689 987 1222
3 988 1360 1300
3 1090 1041 924
3 1362 1559 762
3 1715 791 1636
3 662 1428 1637
3 662 1637 1927
3 927 1044 1485
3 1095 1048 1788
3 873 799 1094
3 763 1095 1719
3 1368 1096 876
3 876 764 1489
3 764 875 1489
3 1929 801 1434
3 876 1489 1368
3 800 1049 1560
3 1365 1234 1303
3 1303 1234 1240
3 1165 1163 1235
3 1235 1163 1164
3 1235 1164 1166
3 1166 1164 1236
3 1236 1164 1167
3 996 1492 1165
3 1237 1167 1166
3 1236 1237 1166
3 1237 1236 1238
3 1236 1167 1238
3 1234 1306 1240
3 1240 1096 1303
3 1168 1242 802
3 1790 932 879
3 836 1372 1241
3 1242 838 880
3 1245 935 1243
3 839 1373 1243
3 1053 1372 1103
3 1791 840 1244
3 1796 1441 810
3 1503 1054 1246
3 843 811 1649
3 1374 1106 1056
3 1055 1375 1445
3 1003 1106 1374
3 1505 1504 1108
3 1309 1172 1248
3 1172 1309 1250
3 1173 1172 1250
3 1251 1250 1252
3 1250 1309 1252
3 1863 940 1059
3 1251 1252 1311
3 1110 1377 1506
3 1377 1110 1313
3 1007 889 1736
3 1315 1455 1456
3 1060 1316 1379
3 1178 1060 1379
3 1459 1317 1178
3 1061 1317 1318
3 1180 1318 1319
3 1319 1320 1254
3 1180 1319 1254
3 1180 1254 1257
3 1257 1254 1320
3 1011 820 1582
3 1257 1384 1385
3 1118 1257 1323
3 1323 1120 1118
3 1120 1323 1259
3 1119 1465 1258
3 1387 1465 1119
3 1123 956 1324
3 1325 1015 1327
3 1326 1261 1184
3 1327 1185 1186
3 1186 1329 1327
3 1184 1261 1187
3 1262 1124 1390
3 1391 1065 1263
3 1333 1125 1332
3 1393 1190 1264
3 1469 1264 1019
3 1394 1335 1066
3 1601 1395 1019
3 1602 1019 1191
3 1194 1127 1336
3 1336 1265 1194
3 1523 1266 1268
3 1682 1128 1195
3 1266 1127 1268
3 1604 1197 1130
3 1196 1337 1473
3 1193 1134 1338
3 1604 1606 1197
3 1074 1607 1195
3 1074 1474 1607
3 1526 1398 1138
3 1338 1134 1340
3 1196 1530 1343
3 1138 1202 1400
3 1071 968 1269
3 1269 1339 1071
3 1197 1401 1207
3 1343 1034 1196
3 1401 1202 1207
3 1135 1405 1269
3 1273 1406 1135
3 1342 1270 1070
3 1199 1139 1276
3 1399 1141 1344
3 1408 1199 1276
3 1200 1204 1407
3 1344 1278 1343
3 1341 1274 1208
3 1205 1411 1204
3 1277 1341 1208
3 1278 1283 1343
3 1410 1277 1208
3 1411 1205 1345
3 1209 1203 1346
3 1283 1278 1285
3 1410 1076 1348
3 1415 1143 1282
3 1283 1286 1144
3 1285 1286 1283
3 1284 1413 1079
3 915 1212 1348
3 1417 1080 1077
3 1077 1414 1417
3 1285 1213 1286
3 1213 1287 1217
3 1538 1145 1288
3 1349 1145 1538
3 1286 1213 1217
3 1288 1286 1217
3 1288 1217 1418
3 1418 1217 980
3 981 1479 1616
3 1351 1219 1146
3 1538 1418 1084
3 982 981 1290
3 1352 1538 1084
3 1039 1703 1421
3 1292 1147 1220
3 1293 1291 1148
3 1148 1147 1354
3 1148 1354 1293
3 1424 1354 1147
3 1149 1087 1296
3 1356 1297 1295
3 1297 1150 1295
3 1221 1297 1426
3 1222 986 1632
3 1298 1224 1223
3 1225 1298 1157
3 1157 1298 1223
3 1157 1223 1154
3 1152 1299 1298
3 1090 1557 1041
3 1299 758 1559
3 1043 1483 790
3 1160 694 1484
3 1047 1996 992
3 992 1787 1048
3 1487 1095 1788
3 1094 571 2146
3 1365 1490 1234
3 1365 1303 1367
3 667 700 2432
3 1165 1492 1639
3 1238 1369 1237
3 1305 1304 1167
3 1304 1238 1167
3 1304 1369 1238
3 1050 930 1162
3 1167 1237 1305
3 1305 1237 1369
3 1049 1241 1371
3 1440 1307 1496
3 1051 1240 1440
3 878 932 1790
3 997 1051 1645
3 1242 2486 838
3 935 838 2486
3 1102 997 1645
3 1728 934 1498
3 1565 1372 1053
3 1565 1053 1245
3 1308 1102 1646
3 1373 1442 1243
3 1373 934 1499
3 1501 843 1649
3 1170 1107 1308
3 1170 1308 1502
3 1443 1055 1445
3 1374 1247 1003
3 1108 1249 1505
3 1248 1446 1309
3 1248 1376 1446
3 1249 1110 1506
3 1448 1057 1109
3 945 1057 1448
3 1252 1309 1310
3 1448 1569 889
3 1252 1310 1311
3 1311 1312 1174
3 1174 1312 1111
3 1377 1313 1571
3 1378 1113 1112
3 1314 1115 1453
3 1115 1454 1453
3 1508 1114 1657
3 1455 1315 1176
3 1178 1380 1459
3 1319 1382 1320
3 1383 748 1583
3 1257 1320 1384
3 1255 1461 1181
3 1385 1255 1321
3 1321 1463 1385
3 1257 1385 1386
3 1323 1257 1386
3 1121 1183 1464
3 1387 1122 1388
3 1120 1259 1324
3 1326 1123 1324
3 1327 1329 1325
3 1514 1261 1326
3 1188 1515 1328
3 1390 1261 1514
3 1125 1330 1331
3 1391 1263 1392
3 1125 1331 1332
3 1125 1333 1263
3 1189 1393 1333
3 1333 1332 1334
3 1189 1333 1334
3 1190 1393 1189
3 1469 1019 1395
3 1601 1019 1602
3 1471 1068 1192
3 1337 1522 1472
3 1397 1522 1337
3 1473 1337 1472
3 1196 1473 1530
3 1197 1606 1401
3 1526 1138 1400
3 1401 1400 1202
3 1342 1532 1533
3 1135 1406 1405
3 1342 1198 1270
3 1340 1274 1403
3 1343 1530 1344
3 1341 1403 1274
3 1341 1277 1409
3 1406 1273 1200
3 1690 1276 1139
3 1408 1346 1199
3 1409 1277 1410
3 1477 1280 1078
3 1211 1349 1478
3 1217 1287 1289
3 1351 1216 1219
3 1538 1288 1418
3 1420 1419 1146
3 1351 1146 1419
3 1290 1422 1086
3 1352 1423 1625
3 1480 1353 1291
3 1292 1220 1421
3 1292 1424 1147
3 1296 1221 1917
3 1358 1357 1427
3 1358 1550 1357
3 1298 1632 1224
3 2317 689 1222
3 1557 658 1633
3 1090 658 1557
3 787 1853 870
3 1853 1925 870
3 1227 1361 1714
3 1043 1782 1716
3 1635 925 1634
3 1716 1483 1043
3 1428 990 1635
3 1301 662 1927
3 1994 1229 927
3 1430 1485 1044
3 1093 991 1638
3 991 1230 1638
3 1364 2065 1047
3 1048 1787 1788
3 875 801 1929
3 1303 1368 1367
3 1368 1303 1096
3 1306 1234 1491
3 1370 1304 1305
3 1493 1307 1491
3 1306 1491 1307
3 1370 1439 1304
3 1492 996 1641
3 1305 1369 1370
3 1369 1435 1370
3 1168 1437 1494
3 1931 1098 673
3 1371 1241 1564
3 1496 1307 1495
3 1563 1564 1241
3 1168 1494 1242
3 1440 1306 1307
3 1440 1240 1306
3 2070 1101 935
3 1244 771 1497
3 1102 1645 1646
3 1647 934 1728
3 1502 1308 1646
3 1499 934 1647
3 1442 1373 1499
3 1246 1169 1500
3 1800 1104 1503
3 1374 1444 1247
3 1109 1170 1652
3 1376 1248 1247
3 1309 1447 1310
3 1310 1312 1311
3 1310 1450 1312
3 1572 1312 1450
3 1111 1312 1572
3 1507 1314 1453
3 1116 1575 1454
3 1176 1315 1316
3 1116 1177 1509
3 1177 1510 1509
3 1380 1457 1459
3 1457 1458 1459
3 1459 1381 1317
3 1317 1381 1318
3 1381 1319 1318
3 1461 1582 1181
3 1384 1461 1255
3 1385 1384 1255
3 1322 748 897
3 1385 1463 1386
3 1462 1744 1183
3 1745 1321 1258
3 1464 1183 1584
3 1388 1122 1121
3 1260 1586 1322
3 1587 1323 1747
3 1259 1323 1587
3 1326 1324 1512
3 1389 1588 1325
3 1389 1325 1466
3 1325 1329 1466
3 1515 1513 1328
3 1589 1390 1514
3 1467 1262 1590
3 1515 1188 1391
3 1330 1262 1467
3 1468 1392 1263
3 1263 1333 1594
3 1469 1333 1393
3 1469 1393 1264
3 1395 1601 1897
3 1192 1335 1471
3 1602 1191 1265
3 1520 1267 1396
3 1267 1520 1684
3 1607 1682 1195
3 1682 1523 1268
3 1682 1268 1128
3 1471 1681 1130
3 1338 1521 1193
3 1521 1470 1193
3 1398 1525 1764
3 1475 1524 1341
3 1402 1399 1528
3 1398 1764 1035
3 1272 1035 1764
3 1475 1341 1404
3 1529 1344 1530
3 1405 1339 1269
3 1532 1071 1339
3 1342 1071 1532
3 1409 1404 1341
3 1406 1200 1407
3 1690 1408 1276
3 1690 1139 1476
3 1346 1408 1690
3 1409 1410 1614
3 1615 1345 1280
3 1280 1477 1615
3 1414 1281 1691
3 1413 1284 1211
3 1477 1079 1413
3 1413 1211 1478
3 1348 1212 1215
3 1416 1082 1216
3 1351 1695 1216
3 1218 1350 1618
3 1539 1218 1618
3 1703 1218 1539
3 1480 1293 1543
3 1293 1480 1291
3 1481 1543 1293
3 1354 1544 1293
3 1354 1546 1544
3 1292 1626 1424
3 1294 1545 1295
3 1545 1425 1295
3 1295 1425 1547
3 1295 1547 1356
3 1297 1356 1426
3 1221 1426 1917
3 1482 1427 1357
3 1552 1358 1427
3 1993 1633 689
3 870 1925 1360
3 1714 1361 1300
3 1634 925 1041
3 1043 1227 1782
3 990 925 1635
3 1926 926 2272
3 661 790 1483
3 1485 1994 927
3 1363 1429 1718
3 1364 1161 1854
3 1046 928 1786
3 1232 873 1488
3 1365 1367 1433
3 1234 1490 1491
3 1560 1049 1371
3 1436 1435 1369
3 1439 1369 1304
3 1098 1856 1438
3 1370 1435 1439
3 879 1644 1790
3 837 1644 879
3 1645 1051 1440
3 2070 1100 1101
3 1170 1502 1650
3 1568 1504 1505
3 1446 1447 1309
3 1109 1652 1448
3 1310 1449 1450
3 1451 1571 1313
3 1313 1111 1572
3 1313 1572 1573
3 1573 1451 1313
3 1112 1452 1655
3 1378 1112 1655
3 1378 1655 1656
3 2020 1175 1314
3 1253 1378 1574
3 1114 1253 1808
3 1659 1456 1455
3 1576 1575 1116
3 1456 1577 1315
3 1315 1577 1316
3 1662 1380 1379
3 1458 1457 1511
3 1510 1177 1579
3 1177 1179 1579
3 1458 1381 1459
3 1381 1458 1460
3 1382 1460 1813
3 1460 1319 1381
3 1319 1460 1382
3 2096 1580 1011
3 2097 1011 1582
3 1320 1581 1384
3 1012 1580 1182
3 1581 1461 1384
3 1388 1121 1464
3 1323 1585 1747
3 1260 1588 1885
3 1324 1259 1512
3 1666 1328 1513
3 1512 1514 1326
3 1262 1390 1667
3 1517 1330 1467
3 1331 1330 1517
3 1593 1392 1468
3 1594 1468 1263
3 1331 1518 1595
3 1332 1331 1595
3 1594 1333 1469
3 1334 1332 1519
3 1602 1265 1336
3 1676 1336 1523
3 1600 1396 1470
3 1600 1520 1396
3 1521 1338 1527
3 1605 1473 1472
3 1688 1522 1397
3 1267 1684 1474
3 1526 1525 1398
3 1271 1688 1397
3 1524 1531 1341
3 1527 1338 1340
3 1903 1271 1272
3 1687 1399 1344
3 1531 1527 1403
3 1403 1341 1531
3 1527 1340 1403
3 1534 1275 1402
3 1342 1533 1611
3 1201 1198 1611
3 1198 1342 1611
3 1979 1407 2052
3 1407 1204 2052
3 1204 1411 2052
3 1613 1535 1409
3 1536 1345 1615
3 1281 1347 1412
3 1410 1348 1614
3 1693 1215 1416
3 1417 1617 1350
3 1287 1479 1289
3 1618 1350 1617
3 1980 1351 1419
3 1419 1420 1537
3 1619 1537 1420
3 1480 1619 1420
3 1421 1703 1626
3 1420 1353 1480
3 1293 1544 1481
3 1545 1294 1422
3 1354 1424 1546
3 1775 1296 1917
3 1627 1482 1357
3 1549 1552 1427
3 1556 1358 1552
3 1853 787 1359
3 1557 1558 1041
3 1634 1041 1558
3 1559 1852 1299
3 2272 661 2271
3 1092 1363 1718
3 1430 1045 1995
3 1045 1093 1995
3 2065 1364 1854
3 993 797 3497
3 1490 1365 1433
3 800 1560 1930
3 1723 1493 1491
3 1439 1436 1369
3 1307 1493 1495
3 1244 1497 1934
3 1498 934 840
3 1566 1647 1728
3 1246 1500 1567
3 2153 1796 1443
3 1798 1503 1246
3 1375 1104 1800
3 1374 1732 1444
3 1505 1249 1651
3 1249 1506 1651
3 1310 1570 1449
3 2082 1059 1175
3 1452 1007 1736
3 1574 1378 1656
3 1574 1808 1253
3 1507 1453 1454
3 1507 1454 1575
3 1509 1576 1116
3 1316 1812 1379
3 1178 1379 1380
3 1662 1578 1380
3 1511 1457 1380
3 1382 1813 1741
3 1182 1580 1881
3 1664 1582 1461
3 1664 1461 1581
3 748 1322 1583
3 1463 1585 1386
3 1585 1323 1386
3 1744 1584 1183
3 1745 1258 1465
3 1512 1259 1587
3 1588 1389 1466
3 1466 1328 1666
3 1262 1667 1590
3 1516 1467 1590
3 1591 1515 1391
3 1517 1467 1516
3 1518 1331 1517
3 1592 1392 1593
3 1595 1519 1332
3 1394 1334 1519
3 1519 1674 1394
3 1598 1469 1395
3 1335 1394 1674
3 1898 1601 1602
3 1676 1677 1336
3 1521 1600 1470
3 1677 1602 1336
3 1523 1336 1266
3 1472 1603 1605
3 1522 1603 1472
3 1681 1604 1130
3 1763 1526 1400
3 1400 1401 1606
3 1763 1400 1606
3 1686 1528 1399
3 1686 1399 1687
3 1272 1764 1903
3 1529 1687 1344
3 1339 1405 1609
3 1532 1339 1609
3 1405 1406 1610
3 1535 1404 1409
3 1201 1907 1476
3 1979 1406 1407
3 1209 1346 1691
3 1411 1345 1536
3 1209 1691 1412
3 1279 1275 1612
3 1281 1412 1691
3 1836 1282 1279
3 1414 1691 1765
3 1615 1477 1692
3 1415 1282 1768
3 1693 1216 1694
3 1478 1349 1767
3 1415 1768 1287
3 1694 1216 1695
3 1616 1479 1287
3 1540 1697 1541
3 1541 1480 1542
3 1771 1422 1290
3 1620 1352 1625
3 1540 1542 1543
3 1542 1480 1543
3 1481 1624 1543
3 1626 1292 1421
3 1705 1424 1626
3 1425 1545 1776
3 1844 1355 1296
3 1707 1356 1547
3 1985 1426 1356
3 1427 1482 1628
3 1357 1550 1627
3 1427 1628 1549
3 1551 1629 1553
3 1629 1554 1553
3 1358 1555 1550
3 1358 1780 1555
3 1631 1358 1556
3 1780 1358 1631
3 1713 1632 1298
3 1993 689 2317
3 1300 1360 1925
3 989 1226 2268
3 1362 926 1926
3 1301 1927 2367
3 2215 1484 1229
3 1995 1093 2483
3 2483 1093 1638
3 1431 874 1432
3 1486 1232 1720
3 1721 1490 1433
3 1367 1721 1433
3 1561 1366 2003
3 1436 1642 1435
3 1642 1562 1439
3 2149 1438 1856
3 1439 1435 1642
3 1494 1437 2006
3 1931 1856 1098
3 1564 1563 1857
3 1641 878 1790
3 935 2486 2070
3 1645 1440 1496
3 1565 1245 1726
3 1245 1243 1726
3 1726 1243 1442
3 1441 1934 1497
3 1498 840 1566
3 1648 1374 1504
3 1732 1374 1648
3 1375 1800 1801
3 1247 1802 1376
3 1375 1653 1445
3 1569 1448 1652
3 1654 1651 1506
3 1310 1447 1735
3 1569 1654 1864
3 889 1569 1736
3 1570 1865 1449
3 2082 1175 2020
3 1805 1571 1451
3 1867 1572 1450
3 1574 1871 1808
3 1658 1314 1507
3 1508 1659 1455
3 1507 1575 1658
3 1576 1660 1575
3 1509 1660 1576
3 2238 1812 1577
3 1509 1663 1660
3 1663 1509 1510
3 1380 1578 1511
3 1458 1813 1460
3 1458 1511 1813
3 1741 1813 1880
3 1579 1179 1383
3 1382 1741 2093
3 1256 1182 1665
3 1463 1321 1745
3 1882 1745 1465
3 1464 1746 1388
3 1387 1388 2100
3 1512 1587 1669
3 1588 1466 1666
3 1956 1668 1589
3 1589 1668 1390
3 1668 1667 1390
3 1512 1669 1514
3 1669 1589 1514
3 1667 1887 1590
3 1591 1391 1392
3 1670 1591 1392
3 1672 1592 1593
3 1593 1893 1672
3 1598 1594 1469
3 1597 1599 1596
3 1673 1599 1678
3 1599 1600 1678
3 1599 1675 1600
3 1677 1676 1758
3 1678 1600 1521
3 1899 1471 1335
3 1677 1898 1602
3 1603 1679 1605
3 2194 1607 1761
3 1683 1521 1527
3 1833 1605 1831
3 1607 1474 1684
3 1687 1685 1686
3 1608 1832 1475
3 1605 1833 1473
3 1527 1762 1683
3 1832 1524 1475
3 1473 1833 1530
3 1524 1762 1531
3 1762 1527 1531
3 1525 1834 1764
3 1833 1687 1529
3 1833 1529 1530
3 1689 1608 1404
3 1402 1528 1534
3 1608 1475 1404
3 1609 1405 1610
3 1275 1534 1612
3 1690 1476 1907
3 1614 1613 1409
3 1766 1348 1215
3 1417 1414 1765
3 1215 1693 1766
3 1617 1417 1765
3 1413 1478 1767
3 1416 1216 1693
3 1768 1616 1287
3 1980 1419 1537
3 1698 1770 1537
3 1537 1619 1698
3 1541 1697 1480
3 1619 1480 1697
3 1541 1621 1540
3 1541 1622 1621
3 1542 1622 1541
3 1540 1543 1699
3 1542 1540 1623
3 1623 1540 1621
3 1622 1542 1623
3 1699 1543 1624
3 1700 1481 1544
3 1481 1700 1624
3 1625 1423 1982
3 1982 1423 1355
3 1424 1706 1546
3 1706 1424 1705
3 1548 1425 1776
3 1425 1707 1547
3 1847 1628 1482
3 1778 1550 1779
3 1554 1629 1709
3 1630 1709 1629
3 1553 1850 1551
3 1555 1779 1550
3 1709 1710 1554
3 1708 1556 1552
3 1711 1554 1710
3 1553 1554 1711
3 1712 1556 1708
3 1631 1556 1712
3 2317 1222 1851
3 1632 2143 1222
3 1299 1713 1298
3 1714 1300 1925
3 2681 1359 989
3 2064 1634 1558
3 1227 1714 1782
3 2272 564 661
3 661 1483 3098
3 1783 1228 1160
3 1091 1784 1717
3 1161 1302 2217
3 1046 1786 1785
3 2065 1996 1047
3 1786 928 1486
3 2368 797 1231
3 873 1094 1488
3 1488 1720 1232
3 875 1929 1489
3 1723 1491 1789
3 1367 1722 1721
3 1562 1436 1439
3 1640 1642 1436
3 1437 1438 2149
3 1725 1496 1495
3 1645 1496 1725
3 1372 1565 2435
3 1859 1791 1244
3 1935 1728 1498
3 1935 1498 1566
3 2226 1934 1441
3 1502 1730 1650
3 1731 1568 1730
3 1731 1648 1504
3 1731 1504 1568
3 1650 1730 1568
3 1650 1568 1651
3 1170 1650 1652
3 1651 1568 1505
3 1733 1443 1445
3 1652 1650 1651
3 1375 1801 1653
3 1801 1734 1653
3 1802 1446 1376
3 1652 1651 1569
3 1445 1653 1803
3 1653 1734 1803
3 1569 1651 1654
3 1863 1059 2082
3 1735 1570 1310
3 1377 1571 1654
3 1506 1377 1654
3 1569 1864 1804
3 1571 1864 1654
3 1569 1804 1736
3 1450 1449 1867
3 1867 1449 1865
3 1657 1114 1808
3 1508 1657 1659
3 1661 1658 1575
3 1456 1875 1577
3 1661 1575 1660
3 1316 1577 1812
3 1661 1660 1663
3 1737 1662 1812
3 1812 1662 1379
3 1661 1663 1739
3 1662 1738 1578
3 1740 1739 1663
3 1663 1510 1740
3 1813 1511 1578
3 1510 1579 1740
3 1743 1579 1383
3 1583 1322 1815
3 1463 1745 1585
3 1815 1322 1586
3 1387 1882 1465
3 1260 1885 1586
3 1747 1886 1587
3 1669 1587 1886
3 1590 1889 1516
3 1671 1817 1749
3 1751 1517 1516
3 1392 1592 2111
3 1754 1752 1596
3 1518 1755 1595
3 1752 1597 1596
3 1752 1753 1597
3 1595 1755 1756
3 1673 1754 1596
3 1894 1754 1673
3 1596 1599 1673
3 1674 1519 2037
3 1598 1395 2043
3 1678 1827 1673
3 1897 2043 1395
3 1675 1680 1600
3 1680 1520 1600
3 1760 1676 1523
3 1679 1759 1605
3 2293 1523 1682
3 1683 1678 1521
3 2194 1682 1607
3 1829 1522 1688
3 1975 1689 1404
3 1611 1533 1904
3 1610 1406 1978
3 1406 1979 1978
3 1909 1535 1613
3 1691 1346 1690
3 1614 1348 1835
3 1348 1766 1835
3 1282 1836 1768
3 1477 1413 1767
3 1616 1768 1837
3 1349 1839 2128
3 1695 1351 1696
3 1839 1349 1538
3 1769 1537 1770
3 1769 1980 1537
3 1618 1617 1838
3 1290 1616 1837
3 1837 1771 1290
3 1839 1538 1352
3 1839 1352 1620
3 1698 1619 1697
3 1699 1697 1540
3 2055 1703 1539
3 1624 1702 1701
3 1699 1624 1701
3 1700 1699 1701
3 1624 1704 1702
3 1701 1704 1700
3 1704 1624 1700
3 1983 1626 1703
3 1844 1296 1775
3 1776 1545 1845
3 1707 1425 1846
3 1548 1846 1425
3 1848 1629 1551
3 1777 1848 1551
3 1921 1630 2058
3 1630 1629 2058
3 1923 1777 1551
3 1709 1630 1922
3 1708 1552 1849
3 1551 1850 1923
3 1553 1711 1850
3 1991 1780 1631
3 1713 1299 1852
3 2268 1226 1715
3 1784 1301 2321
3 1092 2216 2217
3 1302 1092 2217
3 2322 1786 1486
3 1486 1720 2145
3 1490 1928 1789
3 1491 1490 1789
3 1368 1855 1722
3 1855 1368 1489
3 1722 1367 1368
3 2432 1239 2150
3 1492 1640 1724
3 1640 1562 1724
3 1562 1640 1436
3 1564 2007 1371
3 1242 1494 2006
3 1495 1858 1725
3 1728 1727 1566
3 1729 1499 1647
3 1729 1442 1499
3 1502 1646 1730
3 1798 1246 1567
3 1800 1503 1798
3 1247 1444 1945
3 1945 1802 1247
3 1447 2017 1735
3 1803 1734 1866
3 1571 1805 1864
3 1868 1805 1451
3 1573 1572 1806
3 1451 1573 1806
3 1946 1574 1656
3 1658 2020 1314
3 1456 1659 1873
3 1875 1456 1873
3 1577 1875 2238
3 1662 1737 1877
3 1950 1661 1739
3 1740 1742 1739
3 1740 1579 1742
3 1579 1743 1742
3 1814 1743 1383
3 1182 1881 2172
3 1744 1462 1665
3 1464 1584 1746
3 1746 2028 1388
3 1747 1585 1883
3 1667 1668 1956
3 1589 1669 1956
3 1513 1515 1816
3 1816 1515 2107
3 2180 2107 1515
3 1748 1817 1671
3 1515 1591 2180
3 1671 1750 1748
3 1750 1671 1818
3 1670 1392 2111
3 1749 1891 1752
3 1517 1751 1518
3 1671 1754 1818
3 1518 1819 1755
3 1468 1893 1593
3 1592 1672 1820
3 1818 1754 1894
3 1592 1820 1822
3 1519 1756 2037
3 2037 2038 1674
3 1599 1597 1896
3 1825 1758 1676
3 1603 2190 1757
3 1757 1828 1679
3 1603 1757 1679
3 1601 1898 1897
3 1335 1674 1899
3 1828 1759 1679
3 1967 1604 1681
3 1967 1969 1604
3 2044 1760 1523
3 1678 1683 1970
3 2293 2195 1523
3 1901 1605 1759
3 1604 2119 1606
3 1900 1525 1526
3 1972 1524 1832
3 1526 2121 1900
3 1684 1761 1607
3 1972 1762 1524
3 1686 1685 1830
3 1974 1830 1685
3 1688 1271 1903
3 1686 1902 1528
3 1534 1528 1902
3 2460 1404 1535
3 1610 1978 1905
3 2052 1411 1908
3 1835 1613 1614
3 1909 1613 1835
3 1536 1615 2126
3 1279 1612 1836
3 1692 2126 1615
3 1694 1766 1693
3 1696 1351 1980
3 2055 1539 1618
3 1697 1841 1910
3 1697 1910 1698
3 1621 1622 1840
3 1622 1697 1840
3 1699 1840 1697
3 1697 1622 1841
3 1699 1772 1840
3 1841 1623 1621
3 1840 1841 1621
3 1622 1623 1841
3 1772 1699 1700
3 1772 1700 1773
3 1772 1773 1701
3 1702 1772 1701
3 1774 1702 1704
3 1772 1702 1774
3 1772 1774 1840
3 1774 1841 1840
3 1771 1545 1422
3 1625 2302 1620
3 1773 1700 1544
3 1773 1704 1701
3 1773 1774 1704
3 1545 1771 2207
3 1773 1916 1915
3 1544 1706 2204
3 1845 1545 2207
3 1985 1356 1707
3 1846 1548 1918
3 1987 1548 1776
3 1548 1987 1918
3 1989 1847 1482
3 1482 1627 1989
3 2137 1629 1848
3 1628 1920 1549
3 2059 1550 1778
3 1921 1922 1630
3 2138 1849 1549
3 1549 1849 1552
3 1990 1778 1779
3 1709 1781 1710
3 1851 1222 2143
3 2419 1713 1852
3 792 1228 2319
3 1301 2367 2321
3 2215 1229 1994
3 1717 2273 1429
3 1430 1995 1485
3 1787 992 2425
3 2322 1486 2145
3 1719 1095 1999
3 1928 1721 2484
3 2428 1723 1789
3 2428 1493 1723
3 2617 833 834
3 2275 1930 1560
3 1239 929 2150
3 1641 2372 1492
3 2372 2005 1492
3 1492 2005 1640
3 2005 2068 1640
3 1640 2068 1642
3 1560 1371 2007
3 2225 1242 2006
3 1932 1857 1563
3 2070 1931 1100
3 2435 1565 1726
3 1935 1566 1727
3 1442 1797 1726
3 1935 1727 1860
3 1795 1794 1793
3 1794 1792 1793
3 1646 1645 1933
3 1862 1861 1728
3 1861 1727 1728
3 1861 1792 1727
3 1861 1793 1792
3 1731 1646 1933
3 1730 1646 1731
3 1500 1501 1649
3 1731 1799 1648
3 1944 1732 1648
3 1732 2015 1444
3 2015 1945 1444
3 1863 1649 1171
3 1943 1649 1863
3 2016 1733 1445
3 1734 2018 1866
3 1869 1803 1866
3 1572 2160 1806
3 1869 1866 1809
3 1452 1736 2162
3 1866 1807 1809
3 1870 1656 1655
3 1656 1870 1946
3 1871 1574 1946
3 1809 1807 1872
3 1809 1872 1874
3 1808 1659 1657
3 1809 1874 1810
3 1810 1874 1811
3 1876 1658 1661
3 1877 1878 1662
3 1738 1662 1878
3 1738 1951 1578
3 1578 1951 1813
3 1813 2092 1880
3 1741 1880 2093
3 1954 1739 1742
3 1954 1742 1743
3 2095 1320 2093
3 1320 1382 2093
3 1581 1320 2095
3 1581 2026 1664
3 1814 1383 1583
3 2102 1815 1586
3 1585 1745 1882
3 1885 1588 1666
3 1888 1955 1748
3 1669 1886 1956
3 1667 2029 1887
3 1884 1817 1748
3 1955 1884 1748
3 1590 1887 1957
3 1889 1590 1957
3 1888 1890 2030
3 1749 1817 2031
3 1890 1748 1750
3 1671 1749 1752
3 1518 1751 2185
3 1671 1752 1754
3 1819 1518 2185
3 1672 1893 2035
3 1964 1893 1594
3 1893 1468 1594
3 1964 1594 1965
3 1519 1595 1756
3 1594 1598 1965
3 1822 1820 1895
3 1826 1822 1825
3 1822 1824 1825
3 1597 1753 1896
3 1965 1598 2189
3 1598 2043 2189
3 1758 1825 1824
3 1599 1896 1675
3 1828 1757 1823
3 1677 1758 1898
3 2046 1603 1829
3 1603 1522 1829
3 1968 1681 1899
3 1471 1899 1681
3 1604 1969 2119
3 2293 1682 2194
3 1900 2118 1525
3 1606 2119 1763
3 1972 1683 1762
3 2049 1972 1832
3 1526 1763 2121
3 2124 1829 1688
3 1902 1686 1830
3 1974 1685 1687
3 1833 1974 1687
3 1832 1608 1689
3 2051 1832 1689
3 1976 1532 1609
3 1533 1532 1976
3 1977 1907 1201
3 1411 1536 2126
3 1908 1411 2126
3 1909 1835 1766
3 1909 1766 1694
3 1694 1695 1909
3 1692 1477 1767
3 1617 1765 1838
3 1696 2127 1695
3 1349 2128 1767
3 1910 1770 1698
3 1703 2055 2056
3 1773 1544 1916
3 1544 2204 1916
3 1544 1546 1706
3 1982 1355 1844
3 1986 1426 1985
3 1845 1987 1776
3 1707 1846 2134
3 1919 1847 1989
3 2058 1629 2137
3 1627 1550 2059
3 2140 2060 1777
3 1778 1990 2211
3 2142 1779 1555
3 1555 1780 2142
3 1924 1710 1781
3 1711 1710 1924
3 1924 1781 1992
3 1633 2362 1557
3 1853 1359 2681
3 1557 2064 1558
3 1714 2270 1782
3 2269 1715 1636
3 1362 1926 1559
3 1637 1428 1635
3 2215 1160 1484
3 1092 1718 2216
3 2218 1230 1785
3 992 1996 2425
3 2323 1487 1788
3 2145 1720 1998
3 1488 1998 1720
3 1789 1928 2001
3 2931 1434 833
3 1492 1724 1639
3 1562 1642 1724
3 2149 2006 1437
3 1931 634 1100
3 1495 2223 1858
3 1858 1933 1725
3 1933 1645 1725
3 1792 1860 1727
3 1860 1795 1861
3 1795 1792 1794
3 1861 1795 1793
3 1566 840 1791
3 1728 1935 1862
3 2010 1862 1940
3 1729 1647 1566
3 1943 1500 1649
3 1942 1500 1943
3 1799 1944 1648
3 1447 1446 2230
3 2019 1445 1803
3 2017 1447 2230
3 1868 1864 1805
3 1867 2084 2160
3 1572 1867 2160
3 1807 1866 2083
3 1873 1659 1808
3 1874 1872 2021
3 2022 1875 1873
3 1876 2020 1658
3 1874 2021 1811
3 1809 1810 1947
3 2238 2166 1812
3 1811 1948 1950
3 1876 1661 1948
3 1661 1950 1948
3 1810 1811 1879
3 1878 1949 1738
3 1951 1738 1949
3 1811 1950 1952
3 1879 1811 1952
3 1879 1952 1953
3 1950 1739 1952
3 2169 1580 2096
3 2097 1582 1664
3 2097 1664 2026
3 2170 2172 1881
3 1665 1182 2098
3 1387 2100 1882
3 2100 1585 1882
3 1388 2028 2100
3 1747 1883 1886
3 1586 1885 2102
3 2178 1666 1513
3 2105 2178 1513
3 1888 1748 1890
3 2243 1890 2285
3 1751 1516 1889
3 1753 1752 1891
3 1961 1892 1959
3 1819 2185 2113
3 1755 1819 2115
3 1753 1891 1962
3 1963 2115 1819
3 1672 2035 1820
3 1755 2037 1756
3 1892 1823 1821
3 1895 1820 2116
3 1753 1962 1896
3 1826 1592 1822
3 1895 2187 1822
3 1966 1822 2187
3 1821 1823 1757
3 1824 1822 1966
3 1824 1966 2042
3 1758 1824 2042
3 1675 1896 2192
3 2042 1898 1758
3 2190 1603 2046
3 1675 2197 1680
3 2045 1678 1970
3 1676 1760 2044
3 1828 2047 1759
3 1972 1970 1683
3 2118 1973 1525
3 2048 1520 1680
3 1901 1974 1833
3 1520 2048 1684
3 1830 1974 1971
3 1831 1605 1901
3 1901 1833 1831
3 2119 2121 1763
3 2252 1904 1533
3 1611 1904 1906
3 1906 1977 1611
3 1201 1611 1977
3 2125 1905 1978
3 2203 2526 1535
3 1907 2202 1690
3 2203 1535 1909
3 1767 2128 1692
3 1768 1836 1837
3 2254 1696 1980
3 1839 2053 2128
3 1618 1838 2256
3 1981 1770 1910
3 1837 2255 1771
3 1618 2256 2055
3 1911 1910 1841
3 1981 1911 1842
3 1910 1911 1981
3 1911 1841 1774
3 1911 1912 1842
3 1911 1843 1912
3 1774 1914 1911
3 1843 1911 1913
3 1912 1843 1913
3 1913 1911 1914
3 1703 2056 1983
3 1773 1915 1914
3 1914 1774 1773
3 2303 1625 1982
3 2204 1706 2129
3 1982 1844 2258
3 1626 1983 2305
3 1626 2305 1705
3 1985 1707 2131
3 1986 1917 1426
3 2132 2131 1707
3 1845 2133 1987
3 1988 1918 1989
3 1918 1919 1989
3 1987 1919 1918
3 1987 1847 1919
3 1628 1847 2136
3 1777 2210 2262
3 1549 1920 2138
3 1777 1923 2140
3 2062 1708 2358
3 2062 1712 1708
3 2061 1850 1924
3 1711 1924 1850
3 2419 1851 2143
3 1632 1713 2143
3 2419 1852 2267
3 1925 2318 2482
3 1559 1926 2365
3 1716 1782 2144
3 1636 2319 2769
3 2319 1636 792
3 1854 1161 2217
3 1638 1230 2218
3 1095 1487 2426
3 1998 1488 1997
3 1095 2426 1999
3 2219 1231 1233
3 1928 1490 1721
3 2002 1722 1855
3 2931 833 2617
3 2150 929 1930
3 2004 2005 2372
3 2275 1560 2007
3 2224 2149 1856
3 1931 2224 1856
3 2373 2006 2149
3 1644 837 1643
3 1932 1563 1372
3 1790 1644 2937
3 2225 2486 1242
3 1244 1934 1859
3 1860 1792 1795
3 1935 1860 1861
3 1936 1938 1937
3 1938 1940 1939
3 1937 1938 1939
3 1935 1940 1862
3 1940 1935 1939
3 2013 2073 2076
3 2010 1938 1941
3 2010 1861 1862
3 1797 1442 1729
3 2695 1797 1729
3 1567 1500 1942
3 1798 1567 1942
3 2081 1734 2080
3 1734 1801 2080
3 1445 2019 2016
3 2159 1863 2082
3 2231 1865 1570
3 1864 2162 1804
3 2162 1736 1804
3 1806 1868 1451
3 1655 1452 2162
3 1870 1655 2235
3 1869 1809 1947
3 2088 1872 1807
3 1875 2022 2238
3 1811 2021 1948
3 2021 1876 1948
3 1737 1812 2166
3 1877 1737 2166
3 1951 2092 1813
3 1953 1952 2094
3 1879 1953 2025
3 1952 1954 2171
3 2094 1952 2171
3 2026 1581 2095
3 2096 1011 2097
3 1814 2173 2099
3 2098 1182 2172
3 2173 1814 1583
3 2173 1583 1815
3 1584 1744 2027
3 1886 1883 2103
3 1956 2029 1667
3 1956 2104 2029
3 2030 1955 1888
3 2289 1591 1670
3 1891 1749 2244
3 1751 1889 2183
3 2033 1959 2032
3 1961 1959 2033
3 1963 1819 2113
3 2034 1961 2033
3 2034 1823 1961
3 1892 1961 1823
3 2115 2037 1755
3 2035 1893 1964
3 1820 2035 2116
3 1592 1826 2036
3 1674 2041 1899
3 1826 1825 1676
3 1897 2042 2043
3 2042 1897 1898
3 2039 1969 1967
3 1968 2117 1967
3 1968 1967 1681
3 2047 1901 1759
3 2294 1761 1684
3 2048 2297 1684
3 1830 1971 2123
3 2050 2049 1832
3 2051 2050 1832
3 2124 1688 1903
3 1976 1609 2200
3 1976 2252 1533
3 1975 1404 2460
3 1612 1534 2525
3 2203 1909 2127
3 1770 1980 1769
3 2054 1980 1770
3 2054 1770 1981
3 1981 1842 1912
3 1914 1915 1984
3 1913 1914 1984
3 1706 1705 2129
3 2305 2129 1705
3 2209 1986 1985
3 1917 2208 1775
3 1986 2057 1917
3 2132 1707 2134
3 1918 2134 1846
3 1987 2133 1847
3 1920 1628 2136
3 1777 2262 1848
3 1777 2060 2210
3 1922 1921 2139
3 1709 1922 2264
3 1850 2061 1923
3 2142 1990 1779
3 1709 2264 1781
3 1781 2264 2214
3 1712 2062 2314
3 1780 1991 2142
3 1781 2214 1992
3 2316 1991 1631
3 2063 1924 1992
3 2362 2064 1557
3 1634 2421 1635
3 2271 661 3098
3 2320 1783 1160
3 1784 2321 2927
3 2615 1432 1719
3 2146 571 2770
3 2428 1789 2147
3 2484 1721 2002
3 1721 1722 2002
3 2002 1855 2274
3 2430 1366 1639
3 2005 2004 1724
3 2005 1724 1642
3 2069 1857 1932
3 2621 2007 4130
3 2007 1564 1857
3 2224 1931 2070
3 1858 2223 2434
3 1644 2860 2937
3 2151 1934 2226
3 1935 1861 2010
3 1941 1938 1936
3 2074 2152 2073
3 1937 1939 2010
3 2555 1566 1791
3 2008 2009 2011
3 2012 2008 2011
3 2008 2012 1941
3 2013 1941 2012
3 2010 1940 1938
3 1731 1933 2014
3 2154 1944 1799
3 2015 1732 1944
3 2015 1944 2078
3 2080 1800 1798
3 1945 2015 2079
3 2080 1798 1942
3 2229 2079 2155
3 1943 1863 2157
3 2018 1734 2081
3 1735 2017 2231
3 2019 1803 1869
3 2231 1570 1735
3 2085 1864 1868
3 2085 2162 1864
3 1806 2085 1868
3 1806 2233 2085
3 1870 2087 1946
3 2087 1871 1946
3 2236 1871 2087
3 1871 2236 1808
3 2088 2020 1876
3 2021 1872 2088
3 1873 1808 2089
3 2089 2090 1873
3 2090 2022 1873
3 2238 2440 2166
3 1810 1879 2024
3 2091 1878 1877
3 2023 1878 2091
3 2280 1878 2023
3 1878 2280 1949
3 1951 1949 2280
3 1880 2092 2330
3 2167 2024 1879
3 1952 1739 1954
3 2169 1881 1580
3 1954 1743 2099
3 1743 1814 2099
3 1584 2027 1746
3 2241 1746 2027
3 2028 1746 2241
3 1883 1585 2100
3 2391 1815 2102
3 2100 2103 1883
3 2175 2174 1884
3 1955 2175 1884
3 2104 1886 2103
3 1886 2104 1956
3 2029 2101 2284
3 2029 2284 1887
3 1885 1666 2178
3 1513 1816 2105
3 1889 1957 2508
3 2180 1591 2181
3 2243 2030 1890
3 2285 1890 1960
3 1958 2109 2110
3 2183 1889 2288
3 2289 1670 2111
3 1890 1750 1960
3 1958 2110 2032
3 1960 1750 1818
3 1958 2032 1959
3 2111 1592 2036
3 1960 1818 1894
3 2114 1962 1891
3 2188 2115 1963
3 1896 1962 2292
3 2040 1963 2039
3 2116 2187 1895
3 1963 2040 2188
3 1894 1673 1827
3 2187 2191 1966
3 2189 2043 2191
3 2041 1674 2038
3 1823 2034 1828
3 1966 2191 2042
3 2043 2042 2191
3 2039 1967 2040
3 2117 2040 1967
3 1969 2039 2339
3 1676 2044 1826
3 2197 1675 2192
3 1827 1678 2045
3 2196 2249 1828
3 1828 2249 2047
3 2195 2044 1523
3 2048 1680 2197
3 2398 2118 1900
3 2122 1901 2047
3 2049 2198 1972
3 2123 1971 2120
3 2120 1971 2122
3 2294 2194 1761
3 1972 2198 1970
3 1974 1901 2122
3 2297 2294 1684
3 2122 1971 1974
3 1830 2123 1902
3 1525 1973 1834
3 2123 2402 1902
3 2515 1829 2124
3 2402 2251 1902
3 2199 2051 1689
3 2252 1976 2406
3 1691 1690 1765
3 1909 1695 2127
3 1836 1612 2253
3 1837 1836 2462
3 1839 1620 2053
3 1981 1912 2205
3 1916 2204 2349
3 2130 1916 2349
3 2130 1915 1916
3 2205 1912 1984
3 1912 1913 1984
3 1984 1915 2130
3 2208 1844 1775
3 2131 2352 1985
3 2209 1985 2352
3 1845 2207 2133
3 2057 2208 1917
3 1986 2209 2057
3 1918 1988 2134
3 1847 2133 2136
3 2137 1848 2262
3 2355 1989 1627
3 1849 2138 2263
3 2141 2264 1922
3 2061 2213 1923
3 1712 2314 1631
3 2266 2063 1992
3 2143 1713 2419
3 1714 2482 2363
3 2268 1715 2269
3 1431 1432 2549
3 1231 2219 2368
3 1789 2001 2147
3 2001 1928 2484
3 1489 1929 1855
3 2003 1366 2430
3 2223 1495 1493
3 834 1561 2617
3 2431 2148 2222
3 2148 2005 1642
3 2148 2068 2005
3 2372 1641 2852
3 2067 2069 1932
3 1858 2434 2374
3 1859 1934 2554
3 1939 1935 2010
3 2071 2009 2008
3 2072 2071 2008
3 2008 1941 2072
3 1941 1936 1937
3 2073 2010 2074
3 1941 2013 2010
3 2013 2074 2010
3 2009 2071 2011
3 2011 2071 2012
3 2012 2072 2013
3 2071 2072 2012
3 2072 2073 2013
3 2073 2075 2076
3 2013 2076 2074
3 2488 1566 2555
3 2228 1799 1731
3 1942 1943 2157
3 1801 1800 2080
3 2229 1945 2079
3 1942 2157 2080
3 1945 2229 1802
3 1446 1802 2156
3 2157 1863 2159
3 1867 1865 2084
3 2082 2020 2159
3 1806 2160 2161
3 2083 2086 1807
3 1807 2086 2088
3 2163 2020 2088
3 2086 2163 2088
3 2089 1808 2236
3 1876 2021 2088
3 2239 2091 2166
3 1877 2166 2091
3 2280 2092 1951
3 1879 2025 2167
3 1880 2386 2093
3 2025 1953 2168
3 1953 2094 2168
3 2169 2170 1881
3 2282 2097 2026
3 2171 1954 2099
3 2028 2101 2100
3 2176 2100 2101
3 2103 2100 2176
3 2028 2177 2101
3 1884 2174 2242
3 2176 2101 2029
3 2103 2176 2104
3 2029 2104 2176
3 1885 2333 2102
3 2106 1887 2284
3 1816 2179 2105
3 1816 2107 2179
3 1817 2450 2031
3 1591 2289 2181
3 2289 2286 2181
3 1749 2031 2244
3 2246 2032 2110
3 1958 1959 2184
3 2112 2114 1891
3 2184 1892 1821
3 2292 1962 2114
3 2035 1964 2116
3 2115 2188 2186
3 2186 2037 2115
3 1963 2113 2039
3 2116 1964 1965
3 2038 2037 2186
3 2187 1965 2189
3 2337 1821 1757
3 2247 2038 2186
3 2190 2337 1757
3 2038 2247 2041
3 2117 2041 2247
3 2193 2190 2046
3 2041 1968 1899
3 1968 2041 2117
3 2399 1827 2045
3 2196 2296 2249
3 2455 2193 2046
3 2298 2343 2045
3 2121 2398 1900
3 1970 2198 2298
3 2295 1973 2118
3 2120 2248 2123
3 1973 2403 1834
3 2516 2124 1903
3 2516 1903 1764
3 1834 2516 1764
3 2199 1975 2405
3 2458 1609 2201
3 1609 1610 2201
3 2201 1905 2125
3 2201 1610 1905
3 2460 1535 2588
3 1907 1977 2202
3 1612 2525 2347
3 1978 1979 2052
3 1765 1690 2202
3 2202 2408 1765
3 2462 1836 2253
3 2254 2127 1696
3 2054 1981 2205
3 1625 2348 2302
3 1984 2206 2307
3 2208 2057 2209
3 2261 2134 1988
3 2135 2261 1988
3 1988 1989 2135
3 2059 2355 1627
3 2138 1920 2310
3 2139 2212 1922
3 1923 2213 2140
3 1849 2263 2757
3 2061 2063 2313
3 2214 2266 1992
3 2420 2419 2267
3 2318 1925 1853
3 1714 1925 2482
3 2364 1634 2064
3 1852 1559 2365
3 2270 2144 1782
3 2269 1636 2769
3 2421 1637 1635
3 2422 1994 1485
3 1785 1786 2424
3 1787 2323 1788
3 571 993 3497
3 3189 2146 2770
3 1997 1488 1094
3 2220 2147 2001
3 2931 1929 1434
3 1493 2428 2776
3 2067 2371 2221
3 1639 1724 2004
3 2221 2069 2067
3 2372 2148 2004
3 2222 2148 1642
3 2777 1050 1162
3 2150 1930 2275
3 2373 2070 2486
3 1932 1372 2622
3 1796 2226 1441
3 2072 1941 2073
3 2073 1941 1937
3 2073 1937 2010
3 2073 2077 2075
3 2077 2152 2075
3 2077 2073 2152
3 2075 2152 2076
3 2076 2152 2074
3 1729 1566 2227
3 2227 1566 2488
3 1731 2014 2228
3 2154 1799 2228
3 2153 1443 1733
3 1944 2154 2078
3 1802 2229 2156
3 2080 2157 2158
3 2016 3124 1733
3 2080 2158 2081
3 2158 2018 2081
3 2018 2158 2083
3 2083 1866 2018
3 2232 2159 2163
3 2233 1806 2161
3 2083 2163 2086
3 2083 2232 2163
3 2162 2234 1655
3 2159 2020 2163
3 1870 2235 2087
3 2165 2237 2164
3 2493 1869 1947
3 2022 2090 2238
3 2279 1947 2024
3 1947 1810 2024
3 2278 2091 2239
3 2091 2240 2023
3 2023 2240 2280
3 2280 2281 2092
3 2386 1880 2330
3 2331 2025 2168
3 2094 2171 2168
3 2567 2170 2169
3 2502 2096 2097
3 1665 2332 1744
3 2027 1744 2445
3 2173 2391 2283
3 2175 2389 2174
3 2174 2389 2242
3 2447 2390 2175
3 2177 2028 2241
3 2447 2175 2030
3 2175 1955 2030
3 2101 2177 2284
3 2178 2333 1885
3 2505 2105 2179
3 2335 2030 2243
3 1957 1887 2106
3 2182 2245 2109
3 2108 2109 1958
3 2245 2110 2109
3 2287 1958 2184
3 2185 1751 2183
3 2032 2290 2033
3 2184 1959 1892
3 2034 2033 2290
3 2184 1821 2337
3 2292 2114 2291
3 2116 1965 2187
3 2247 2186 2188
3 2189 2191 2187
3 2247 2188 2040
3 2040 2117 2247
3 1969 2339 2119
3 1826 2044 2195
3 2192 2340 2197
3 2045 1970 2298
3 2249 2296 2047
3 2049 2345 2198
3 2122 2047 2296
3 1829 2515 2046
3 2250 2049 2050
3 2051 2250 2050
3 2403 2516 1834
3 2199 1689 1975
3 2200 1609 2458
3 1534 2300 2525
3 1535 2526 2588
3 2253 1612 2347
3 2301 2126 1692
3 2257 1771 2255
3 2055 2256 2745
3 2348 1625 2303
3 2207 1771 2257
3 2206 1984 2130
3 2259 1984 2307
3 2205 1984 2259
3 2133 2207 2260
3 2465 2132 2134
3 2136 2133 2260
3 2309 2058 2137
3 2135 1989 2355
3 1921 2058 2354
3 2354 2139 1921
3 2357 2355 2059
3 2357 1778 2211
3 2141 1922 2212
3 1924 2063 2061
3 2265 2142 1991
3 2316 1631 2314
3 2315 2266 2214
3 3281 1993 2317
3 3183 989 2268
3 3183 2681 989
3 2270 1714 2363
3 1634 2364 2421
3 3353 1926 2272
3 2319 1228 1783
3 1717 1784 2927
3 2273 1717 2927
3 2422 2215 1994
3 2216 1429 2273
3 1718 1429 2216
3 2423 2218 1785
3 1786 2322 2424
3 2369 2145 1998
3 2549 1432 2615
3 1997 2369 1998
3 2000 1431 2549
3 2219 1233 2000
3 2220 2001 2484
3 2066 1561 2003
3 2431 1639 2004
3 2068 2222 1642
3 2432 2150 2324
3 2275 2007 2324
3 2433 1857 2069
3 2224 2373 2149
3 4130 1857 2433
3 2373 2225 2006
3 2224 2070 2373
3 1796 2487 2226
3 2014 1933 2228
3 2376 2154 2228
3 2325 2626 2078
3 1446 2156 2230
3 2157 2159 2158
3 2158 2159 2232
3 2083 2158 2232
3 1865 2231 2378
3 2378 2084 1865
3 2085 2233 2162
3 2379 2161 2160
3 2084 2276 2160
3 2087 2380 2236
3 2276 2164 2237
3 2382 2276 2237
3 2277 2165 2164
3 2277 2438 2165
3 2564 2383 2165
3 2278 2240 2091
3 2096 2888 2169
3 2026 2501 2282
3 2502 2097 2282
3 2168 2171 2283
3 2387 1665 2098
3 2332 2714 1744
3 1744 2714 2445
3 2242 2389 2446
3 1815 2391 2173
3 2109 2449 2392
3 2452 2243 2285
3 2394 2182 2392
3 2108 2449 2109
3 2109 2392 2182
3 2287 2108 1958
3 2245 2246 2110
3 2285 1960 2574
3 2511 2183 2288
3 2246 2290 2032
3 2113 2185 2039
3 2397 2036 1826
3 2195 2397 1826
3 2196 2342 2296
3 2339 2121 2119
3 2455 2046 2515
3 2198 2345 2344
3 2198 2344 2298
3 2296 2248 2120
3 2049 2401 2345
3 2296 2120 2122
3 2250 2401 2049
3 1973 2295 2403
3 1534 1902 2299
3 2405 1975 2460
3 1976 2200 2346
3 1978 2461 2527
3 1838 1765 2410
3 2128 2301 1692
3 2302 2053 1620
3 2054 2205 2529
3 2591 1983 2056
3 2205 2306 2529
3 2349 2304 2130
3 1844 2208 2258
3 2131 2132 2412
3 2308 2259 2307
3 2465 2134 2261
3 2353 2309 2137
3 2139 2354 2356
3 1920 2136 2310
3 2357 2059 1778
3 2667 2140 2213
3 2311 1990 2312
3 1708 1849 2757
3 2213 2061 2414
3 2314 2062 2359
3 2360 2316 2314
3 2316 2265 1991
3 2320 1160 2215
3 2066 2617 1561
3 2225 2373 2486
3 2067 1932 2371
3 2435 1726 2553
3 2555 1791 1859
3 2695 1729 2227
3 2626 2015 2078
3 2559 2229 2155
3 2378 2231 2377
3 2019 1869 2493
3 2562 2233 2161
3 2084 2326 2276
3 2276 2326 2164
3 2234 2491 2235
3 1655 2234 2235
3 2380 2087 2235
3 2382 2237 2383
3 2237 2165 2383
3 2564 2165 2439
3 2090 2236 2328
3 2089 2236 2090
3 2278 2239 2329
3 2278 2385 2240
3 2385 2280 2240
3 2633 2170 2567
3 2170 2500 2172
3 2172 2568 2098
3 2569 2168 2283
3 2171 2099 2283
3 2387 2332 1665
3 2445 2241 2027
3 2177 2241 2284
3 2102 2333 2391
3 1817 1884 2242
3 2333 2178 2334
3 2105 2505 2178
3 2508 1957 2106
3 2031 2573 2244
3 2244 2964 1891
3 2643 2287 2184
3 2574 1960 2644
3 2111 2036 2336
3 1960 1894 2644
3 2396 2036 2397
3 2039 2453 2339
3 2293 2194 2338
3 2194 2512 2338
3 1828 2454 2196
3 2398 2295 2118
3 2339 2398 2121
3 2343 2399 2045
3 2513 2048 2197
3 2582 2401 2250
3 2123 2248 2341
3 2199 2250 2051
3 1902 2251 2457
3 2299 1902 2518
3 1534 2299 2300
3 2407 2346 2200
3 1976 2346 2406
3 2458 2407 2200
3 1978 2527 2125
3 1978 2052 2461
3 2461 2052 1908
3 1980 2054 2409
3 2351 2350 2129
3 2129 2305 2351
3 2306 2205 2259
3 2307 2206 2532
3 2413 2259 2308
3 2136 2260 2534
3 2308 2309 2353
3 2533 2137 2262
3 2135 2355 2261
3 2058 2309 2354
3 2211 1990 2311
3 1990 2142 2312
3 2414 2061 2758
3 2673 2142 2265
3 2361 2214 2264
3 2214 2361 2315
3 2266 2418 2063
3 2063 2418 2313
3 2477 2266 2315
3 2362 1633 3281
3 2363 2682 2270
3 2144 2366 1716
3 1637 2548 1927
3 2422 1485 1995
3 1996 2065 2614
3 2615 1719 1999
3 2484 2002 3356
3 2689 2274 2370
3 2370 1855 1929
3 2431 2004 2148
3 2150 2275 2324
3 2007 1857 4130
3 1932 2622 2371
3 2374 2436 1858
3 1858 2436 1933
3 1934 2151 2554
3 1859 2554 2625
3 1933 2436 2228
3 2375 2376 2228
3 2626 2079 2015
3 2154 2325 2078
3 2156 2437 2230
3 3028 2016 2019
3 2377 2231 2017
3 2378 2326 2084
3 2161 2379 2490
3 2326 2381 2164
3 2276 2379 2160
3 2379 2276 2382
3 2164 2327 2277
3 2236 2380 2328
3 2438 2277 2563
3 2438 2439 2165
3 2090 2328 2238
3 2493 1947 2441
3 2441 1947 2279
3 2440 2442 2166
3 2442 2239 2166
3 2442 2329 2239
3 2566 2330 2092
3 2710 2888 2096
3 2331 2168 2504
3 2569 2504 2168
3 2099 2173 2283
3 2241 2636 2284
3 2106 2284 2800
3 2179 2107 2448
3 2107 2180 2894
3 2335 2243 2452
3 2451 2449 2108
3 2394 2392 2393
3 2182 2394 2245
3 2507 2245 2394
3 2288 1889 2508
3 2185 2183 2395
3 2039 2185 2453
3 2291 2576 2292
3 1896 2292 2192
3 2397 2195 2293
3 2397 2293 2338
3 2512 2194 2294
3 2297 2729 2294
3 2400 2341 2248
3 2248 2456 2400
3 2344 2345 2401
3 2456 2248 2296
3 2342 2456 2296
3 2123 2341 2402
3 2251 2402 2734
3 2404 2250 2199
3 2404 2199 2405
3 2523 2458 2201
3 2201 2125 2743
3 2202 1977 1906
3 2125 2527 3162
3 2589 2203 2127
3 2410 1765 2408
3 2660 2301 2128
3 1980 2409 2254
3 1837 2462 2255
3 2128 2053 2660
3 2256 1838 2410
3 2409 2054 2529
3 2411 2304 2349
3 2305 1983 2662
3 2131 2463 2352
3 2206 2130 2304
3 2463 2131 2412
3 2209 3169 2595
3 2206 2304 2532
3 2465 2412 2132
3 2306 2259 2413
3 2308 2307 2466
3 2596 2465 2261
3 2353 2413 2308
3 2413 2353 2137
3 2309 2466 2354
3 2354 2599 2356
3 2139 2356 2751
3 2536 2357 2211
3 2311 2536 2211
3 2060 2140 2667
3 2416 2141 2468
3 2471 2312 2142
3 2264 2141 2416
3 2673 2471 2142
3 2758 2061 2313
3 2264 2416 2361
3 2416 2608 2361
3 2477 2418 2266
3 1851 2419 2680
3 2680 2317 1851
3 2270 2682 3009
3 2683 2925 2365
3 1926 2683 2365
3 2683 1926 3353
3 2548 1637 2421
3 2319 1783 2684
3 1927 2548 2847
3 2613 1638 2218
3 1997 1094 2369
3 3190 571 3497
3 2770 571 3190
3 3356 2002 2274
3 3289 3356 2274
3 2427 2147 2220
3 1855 2370 2274
3 2429 2003 2430
3 1493 2776 2223
3 2066 2003 3018
3 2068 2148 2372
3 2069 2221 2550
3 2693 2222 2068
3 2068 2485 2693
3 2933 1641 1790
3 2860 1644 1643
3 2622 1372 2435
3 2228 2436 2375
3 2437 2156 2229
3 2377 2017 2560
3 2562 2162 2233
3 2380 2235 2491
3 2381 2327 2164
3 2278 2443 2385
3 2443 2281 2385
3 2281 2280 2385
3 2092 2281 2566
3 2279 2024 2497
3 2095 2093 2498
3 2026 2095 2498
3 2098 2568 2503
3 2387 2098 2503
3 2175 2388 2389
3 2390 2388 2175
3 2569 2391 2333
3 2334 2569 2333
3 1817 2242 2571
3 2335 2447 2030
3 2450 1817 2571
3 2031 2450 2573
3 2722 2108 2287
3 2246 2245 2507
3 1891 2964 2112
3 2290 2246 2641
3 2336 2036 2396
3 2034 2290 2578
3 1894 1827 3245
3 2647 2193 2455
3 2454 1828 2034
3 2196 2456 2342
3 2579 2403 2295
3 2650 2343 2298
3 2650 2298 2344
3 2582 2514 2401
3 2651 2250 2404
3 1902 2457 2518
3 2201 2459 2523
3 2459 2524 2523
3 2459 2201 2743
3 2461 1908 2126
3 2589 2127 2254
3 2302 2590 2053
3 2348 2746 2302
3 2350 2204 2129
3 1983 2591 2662
3 2662 2351 2305
3 2209 2595 2208
3 2412 2530 2463
3 2306 2413 2464
3 2309 2308 2466
3 2310 2136 2534
3 2413 2137 2533
3 2261 2355 2598
3 2533 2262 2210
3 2210 2060 2600
3 2752 2600 2060
3 2601 2212 2139
3 2141 2212 2468
3 2755 2757 2263
3 2311 2312 2834
3 2469 2470 2415
3 2758 2313 2672
3 2473 2415 2544
3 2474 2673 2265
3 2474 2265 2316
3 2361 2677 2315
3 3567 3183 2268
3 2273 2927 3187
3 2422 1995 3100
3 1785 2424 2423
3 2616 2145 2369
3 2615 1999 2771
3 2427 2220 2484
3 2372 2485 2068
3 1643 1050 2777
3 2433 2069 2550
3 2223 2552 2434
3 2151 2939 2554
3 1726 1797 2624
3 2624 1797 2695
3 2862 2624 2695
3 1796 2153 2556
3 2376 2489 2154
3 2325 2154 2489
3 2325 2489 2557
3 2626 2325 2557
3 2079 2558 2155
3 2017 2230 2560
3 2561 2326 2378
3 2490 2562 2161
3 2561 2381 2326
3 2492 2327 2381
3 2383 2495 2384
3 2496 2442 2440
3 2443 2329 2442
3 2443 2278 2329
3 2566 2281 2443
3 2497 2024 2167
3 2093 2386 2498
3 2025 2331 2499
3 2169 2888 2567
3 2502 2710 2096
3 2387 2503 2444
3 2445 2634 3386
3 2445 2636 2241
3 2178 2505 2334
3 2636 2800 2284
3 2448 2505 2179
3 2506 2393 2392
3 2392 2449 2506
3 2720 2335 2452
3 2451 2108 2722
3 2180 2181 2286
3 2509 2452 2285
3 2246 2507 2641
3 2510 2287 2643
3 2643 2184 2337
3 2806 2396 2397
3 2645 2190 2193
3 2453 2398 2339
3 3245 1827 2730
3 2034 2578 2454
3 2197 2340 2646
3 1827 2399 2730
3 2295 2398 2579
3 2513 2729 2297
3 2454 2456 2196
3 2513 2297 2048
3 2731 2399 2343
3 2400 2732 2341
3 2648 2400 2456
3 2733 2582 2250
3 2251 2734 2457
3 2518 2520 2299
3 2404 2405 2521
3 2522 2299 2520
3 2300 2299 2522
3 2590 2660 2053
3 2528 2409 2529
3 2303 2661 2348
3 2056 2055 2591
3 2350 2592 2204
3 2592 2350 2351
3 2304 2411 2532
3 2207 2257 2594
3 2209 2352 3169
3 2595 2827 2208
3 2529 2306 2464
3 2412 2531 2530
3 2465 2531 2412
3 2597 2307 2532
3 2466 2307 2597
3 2600 2533 2210
3 2665 2598 2355
3 2355 2357 2535
3 2311 2467 2536
3 2468 2212 2601
3 2311 2834 2467
3 2414 2667 2213
3 2757 2358 1708
3 2062 2358 2836
3 2469 2753 2470
3 2472 2602 2417
3 2417 2602 2605
3 2415 2470 2541
3 2835 2541 2470
3 2417 2478 2472
3 2472 2478 2475
3 2316 2360 2761
3 2476 2542 2480
3 2315 2545 2477
3 2417 2543 2481
3 2612 2415 2541
3 2544 2415 2612
3 2479 2476 2480
3 2545 2315 2677
3 2478 2417 2481
3 2610 2480 2542
3 2481 2547 2478
3 3281 1633 1993
3 2846 1853 2681
3 2144 2270 3009
3 1927 2847 2367
3 2684 1783 2320
3 3100 1995 2483
3 3012 2216 2273
3 1787 2425 2685
3 1787 2685 2323
3 2219 2000 2549
3 2370 1929 2931
3 2003 2429 3018
3 2552 2223 2776
3 2372 2852 2618
3 2485 2372 2620
3 2434 3024 2374
3 2371 2622 2778
3 2226 2694 2151
3 2553 1726 2624
3 2695 2227 2488
3 2376 2375 2696
3 2079 2626 2558
3 2558 2870 2155
3 1733 2556 2153
3 2560 2230 2437
3 3124 2016 3028
3 2560 2783 2377
3 2234 2162 2700
3 2628 2490 2379
3 2700 2871 2491
3 2382 2628 2379
3 2328 2380 2707
3 2563 2277 2327
3 2384 2494 2383
3 2494 2384 2495
3 2495 2383 2564
3 2564 2439 2630
3 2238 2328 2707
3 2565 2439 2438
3 2566 2443 2496
3 2442 2496 2443
3 2167 2025 2499
3 2026 2498 2501
3 2633 2500 2170
3 2389 2388 2712
3 2713 2332 2387
3 2389 2889 2446
3 2445 3386 2636
3 2448 2637 2505
3 2716 2506 2449
3 2800 2636 2719
3 2570 2572 2393
3 2509 2639 2452
3 2511 2288 2508
3 2285 2574 2509
3 2395 2183 2511
3 2575 2290 2641
3 2725 2574 2644
3 2336 2396 2806
3 2185 2395 2453
3 2397 2338 2512
3 2398 2453 2577
3 2197 2646 2513
3 2729 2512 2294
3 2400 2648 2580
3 2731 2730 2399
3 2580 2732 2400
3 2650 2344 2581
3 2344 2401 2581
3 2581 2401 2514
3 2343 2650 2731
3 2403 2579 2516
3 2341 2732 2402
3 2651 2733 2250
3 2583 2651 2404
3 2584 2583 2404
3 2584 2404 2517
3 2517 2404 2519
3 2519 2404 2521
3 2587 2521 2405
3 2658 2406 2346
3 2522 2525 2300
3 2407 2739 2346
3 2908 2252 2406
3 2819 2252 2908
3 2587 2405 2460
3 2820 2587 2460
3 2743 2125 2823
3 2202 1906 2909
3 2526 2203 2589
3 2408 2202 2988
3 2303 1982 2661
3 2349 2747 2411
3 2534 2260 2207
3 2413 2533 2464
3 2354 2466 2599
3 2665 2355 2535
3 2356 2599 2751
3 2535 2357 2536
3 2263 2138 2666
3 2752 2060 2667
3 2263 2666 2755
3 2603 2602 2472
3 2833 2414 2758
3 2836 2358 2757
3 2604 2834 2312
3 2604 2312 2471
3 2602 2668 2605
3 2415 2473 2469
3 2359 2062 3710
3 2540 2606 2476
3 2539 2537 2472
3 2476 2606 2538
3 2538 2607 2542
3 2476 2538 2542
3 2313 2418 2672
3 2605 2543 2417
3 2472 2475 2539
3 2540 2476 2479
3 2540 2479 2675
3 2316 3004 2474
3 2609 2475 2478
3 2611 2609 2478
3 2546 2479 2480
3 2679 2544 2612
3 2546 2480 2610
3 2611 2478 2547
3 2844 2546 2610
3 2680 2419 2420
3 2267 1852 2365
3 2269 3567 2268
3 2848 2320 2215
3 2216 3283 2217
3 3188 2218 2423
3 2065 3013 2614
3 2145 2616 3014
3 2369 1094 2686
3 2428 2147 2775
3 2147 2427 2775
3 2551 2431 2619
3 2618 2620 2372
3 2777 1162 2432
3 2621 2324 2007
3 1790 2937 2933
3 2623 2435 2553
3 2939 2151 2694
3 2436 2861 2375
3 2625 2554 2940
3 2782 2226 2487
3 2487 1796 2863
3 2555 1859 2625
3 2696 2489 2376
3 1733 3124 2556
3 2229 2559 2437
3 3209 3028 2019
3 2561 3125 2381
3 2162 2562 2700
3 2234 2700 2491
3 2704 2702 2629
3 2382 2494 2629
3 2382 2383 2494
3 2439 2884 2630
3 2950 2438 2631
3 2565 2438 2950
3 2330 2566 2790
3 2632 2330 2791
3 2386 2330 2632
3 2501 2498 3225
3 3045 2172 2500
3 2502 2711 2710
3 2502 2282 2711
3 2712 2388 2390
3 2387 2444 2713
3 2389 2712 2889
3 2713 2796 2332
3 2796 2714 2332
3 2504 2569 2717
3 2798 2242 2446
3 2283 2391 2569
3 2717 2569 2635
3 2569 2505 2635
3 2637 2635 2505
3 2334 2505 2569
3 2449 2451 2716
3 2506 2570 2393
3 2958 2716 2451
3 2394 2393 2572
3 3233 2451 2722
3 2720 2452 2638
3 2640 2509 2574
3 2510 2643 2642
3 2114 2112 2727
3 2395 3538 2577
3 2453 2395 2577
3 2644 1894 3245
3 2645 2337 2190
3 2806 2397 2728
3 2397 2512 2728
3 2645 2193 2647
3 2292 2576 2192
3 2340 2192 2646
3 2577 2579 2398
3 2456 2454 2649
3 2648 2456 2649
3 2457 2734 2812
3 2652 2584 2517
3 2517 2519 2585
3 2653 2586 2520
3 2520 2518 2653
3 2519 2521 2585
3 2586 2657 2520
3 2521 2656 2585
3 2520 2657 2522
3 2741 2522 2657
3 2738 2346 2739
3 2658 2346 2738
3 2980 2458 2523
3 1904 2252 2819
3 2525 2522 2659
3 2347 2525 2659
3 2988 2202 2909
3 2911 2409 2528
3 2256 2410 2912
3 3334 2590 2746
3 1982 2258 2661
3 2662 2592 2351
3 2662 2913 2592
3 2411 2748 2532
3 3169 2352 2826
3 2663 2463 2530
3 2529 2464 2533
3 2532 2828 2749
3 2664 2531 2465
3 2207 2594 2534
3 2593 2533 3335
3 2596 2261 2598
3 2599 2466 2597
3 2138 2310 2666
3 2754 2753 2469
3 3341 2671 2468
3 2667 2414 2833
3 2830 2470 2753
3 2671 2416 2468
3 2603 2472 2537
3 2538 2606 2756
3 2996 2469 2473
3 2475 2759 2539
3 2607 2760 2542
3 2674 2841 2475
3 2361 2608 2920
3 2361 2920 2677
3 2762 2545 2678
3 2678 2545 2677
3 2676 2481 2543
3 2843 2481 2676
3 2479 2546 2767
3 2420 2267 3182
3 1853 2846 2318
3 2267 2365 2925
3 1483 1716 2366
3 2684 2320 3010
3 2367 3099 2321
3 2216 3012 3283
3 1996 3101 2425
3 2426 1487 2849
3 2322 2145 3014
3 2849 2323 2685
3 1487 2323 2849
3 3357 2274 2689
3 1639 2431 2690
3 2690 2431 2551
3 2066 3018 2617
3 2618 2551 2619
3 2431 2222 2619
3 2324 2851 2432
3 2620 2618 2619
3 3024 2434 3019
3 2436 2374 2861
3 2435 2623 2622
3 2375 2861 2696
3 2863 3027 2487
3 1796 2556 2863
3 2864 2488 2942
3 2627 2437 2559
3 2377 2783 2378
3 3209 2019 2493
3 2562 2490 2784
3 2700 2562 2784
3 2871 2380 2491
3 2381 3125 2492
3 2628 2382 2629
3 2704 2705 2702
3 2494 2704 2629
3 2563 2706 2438
3 2631 2438 2706
3 2440 2708 2496
3 2566 2496 2708
3 2497 2441 2279
3 2497 2167 2794
3 2386 2632 2498
3 2499 2331 3047
3 2888 2709 2567
3 2172 3045 2568
3 2501 2795 2711
3 2501 2711 2282
3 2444 2503 3145
3 2446 2889 3051
3 2634 2445 2714
3 2446 3051 2798
3 2571 2242 2798
3 2799 3148 2335
3 2448 2718 2637
3 2718 2448 2894
3 2571 2893 2450
3 2720 2799 2335
3 2448 2107 2894
3 2721 2394 2572
3 2894 2180 2801
3 2721 2507 2394
3 2508 2106 2800
3 2800 3459 2508
3 2452 2639 2638
3 2722 2287 2510
3 2960 2724 2507
3 2573 2895 2244
3 2639 2509 2723
3 2507 2724 2641
3 2289 2111 3462
3 2897 2510 2642
3 2641 2805 2575
3 2643 2337 2645
3 2646 2904 2513
3 2455 2515 2647
3 2808 2732 2580
3 2809 2581 2514
3 2124 2516 2906
3 2402 2732 2734
3 2735 2583 2584
3 2735 2584 2652
3 2585 2652 2517
3 2586 2654 2737
3 2654 2586 2653
3 2737 2655 2586
3 2657 2586 2655
3 2655 2740 2657
3 2740 2742 2657
3 2817 2521 2587
3 2741 2657 2742
3 2980 2407 2458
3 3070 1904 2819
3 2659 2522 2741
3 2909 1906 1904
3 2588 2820 2460
3 2588 2526 2744
3 3162 2527 2985
3 2253 2347 2825
3 2253 2825 2462
3 2257 2255 2462
3 2462 2990 2594
3 2257 2462 2594
3 2302 2746 2590
3 2591 2055 2745
3 2593 2528 2529
3 2411 2747 2748
3 2593 2529 2533
3 2465 2596 2664
3 2532 2749 2597
3 2750 2914 2596
3 2915 2597 2749
3 2599 2597 2915
3 2139 2751 2601
3 2995 2536 2467
3 2829 2602 2603
3 2996 2754 2469
3 2470 2830 2835
3 2670 2538 2756
3 2606 2669 2756
3 2997 2834 2604
3 2537 2837 2603
3 2538 2670 2607
3 2540 2838 2606
3 3088 2604 2471
3 2608 2416 2671
3 2759 2537 2539
3 3088 2471 2673
3 2841 2759 2475
3 3090 2673 2474
3 3004 2316 2761
3 2474 3004 3091
3 3002 2473 2544
3 2545 2418 2477
3 2545 3001 2418
3 2674 2475 2609
3 2610 2542 2760
3 2541 2842 2764
3 2921 2675 2479
3 2767 2921 2479
3 2612 2541 2764
3 2843 2845 2481
3 2481 2845 2765
3 2765 2611 2547
3 2546 2844 2767
3 2923 2679 2768
3 2547 2481 2765
3 2612 2768 2679
3 2420 3181 2680
3 2420 3182 3181
3 2846 2482 2318
3 2482 3096 2363
3 3352 2267 2925
3 2319 2684 3186
3 2926 2320 2848
3 2215 2422 2848
3 2273 3187 3012
3 2483 1638 2613
3 3013 1854 3791
3 2065 1854 3013
3 3496 2424 2322
3 3101 2685 2425
3 2688 2772 2687
3 2687 2773 2774
3 2688 2687 2774
3 2430 1639 3735
3 2693 2690 2691
3 2690 2551 2691
3 2551 2618 2691
3 3106 2221 2853
3 2691 2692 2620
3 2619 2691 2620
3 2691 2618 2692
3 2619 2693 2691
3 2693 2619 2222
3 2485 2620 2692
3 2692 2693 2485
3 2854 2371 2778
3 2781 2778 2622
3 2622 2623 2781
3 2553 2624 2623
3 2782 2487 3027
3 2488 2697 2698
3 2488 2555 2867
3 2698 2699 2488
3 2155 2870 2559
3 2490 2628 2784
3 2628 2629 2785
3 2628 2785 2786
3 2701 2629 2702
3 2703 2701 2702
3 2701 2785 2629
3 2785 2701 2704
3 2701 2705 2704
3 2705 2701 2703
3 2879 2789 2494
3 2706 2563 2327
3 2884 2565 3132
3 2883 2493 2441
3 2440 2238 2707
3 2497 3040 2441
3 2566 2708 2790
3 2790 2791 2330
3 2794 2167 2499
3 3381 2794 2499
3 2501 3225 2795
3 2710 2711 2888
3 3450 2503 2568
3 3047 2331 2504
3 2955 2712 2390
3 3230 2713 2444
3 2714 2796 2957
3 2715 3049 2447
3 2716 2797 2506
3 2506 2797 2570
3 2890 2570 2797
3 2637 2718 2798
3 2570 2890 2572
3 2571 2798 2718
3 2571 2718 2893
3 2799 2720 2891
3 2573 2450 3235
3 2801 2180 3237
3 2802 2720 2638
3 2723 2638 2639
3 2964 2244 2895
3 2723 2509 2901
3 2509 2640 2804
3 2509 2804 2901
3 2642 2966 2897
3 2574 2804 2640
3 3462 2111 2336
3 2642 2643 2726
3 2644 2807 2725
3 2290 2575 2969
3 2291 2970 2576
3 2728 2512 3243
3 2192 2576 3063
3 2971 2512 2729
3 2729 2513 2904
3 2579 2577 3323
3 2580 2648 2808
3 2974 2732 2808
3 2649 2905 2648
3 2809 2650 2581
3 2579 3323 2516
3 2972 2647 2515
3 2972 2515 2124
3 2651 2583 2735
3 2812 2813 2457
3 2735 2652 2811
3 2457 2813 2518
3 2653 2518 2813
3 2653 2978 2814
3 2654 2814 2737
3 2653 2814 2654
3 2736 2652 2585
3 2979 2585 2656
3 2655 2737 2740
3 2521 2817 2656
3 2658 2908 2406
3 2407 2980 2739
3 2741 2742 2821
3 2659 2741 2821
3 2817 2587 2820
3 2909 1904 3070
3 2743 2823 2822
3 2588 2910 2820
3 2823 2125 3162
3 2588 2744 2910
3 2347 2659 2984
3 2589 2744 2526
3 2984 2825 2347
3 2527 2461 2987
3 2987 2461 2126
3 4587 2528 3335
3 2592 3168 2204
3 2204 3168 2349
3 2258 2208 2827
3 3078 2258 2827
3 2463 2826 2352
3 3077 2663 2530
3 2828 2532 2748
3 2749 2828 2992
3 2596 2598 2750
3 2665 2750 2598
3 2310 2534 2666
3 3082 2995 2467
3 2831 2829 2603
3 2837 2831 2603
3 2756 2669 2832
3 2833 3083 2916
3 2669 2606 2838
3 2837 2537 2759
3 2917 2607 2670
3 2359 3710 3712
3 2672 2418 3413
3 2918 2540 2675
3 3174 2314 2359
3 2835 2842 2541
3 2360 3348 2761
3 3001 2545 2762
3 2611 2674 2609
3 2920 2608 2919
3 3003 2544 2679
3 2677 2763 2678
3 3003 2679 2923
3 2766 2612 2764
3 2768 2612 2766
3 3181 2317 2680
3 3184 2482 2846
3 3184 3096 2482
3 2363 3096 2682
3 2367 2847 3099
3 3010 2320 3011
3 3188 2423 3284
3 3569 2423 2424
3 1996 2614 3727
3 3189 2770 3191
3 1094 2146 3189
3 2368 2219 4611
3 3015 3285 2687
3 2774 2930 2688
3 3355 2775 2427
3 2427 2484 3356
3 2689 2370 2931
3 2776 3195 2552
3 2221 3106 2550
3 2221 2371 2853
3 2692 2618 2852
3 2851 2324 2621
3 2371 2854 2853
3 2434 3108 3019
3 2552 3108 2434
3 2550 3196 2433
3 2778 2855 2854
3 2780 2779 2778
3 2781 2780 2778
3 2861 2374 3024
3 3115 2939 2694
3 2861 3025 2696
3 3116 2694 2226
3 3116 2226 2782
3 2862 2695 3429
3 2488 2867 2697
3 2866 2697 2867
3 2943 2942 2488
3 2698 2697 2868
3 2698 2866 2699
3 2698 2868 2866
3 2869 2557 2489
3 2558 2626 2869
3 2627 2559 2870
3 2628 2873 2784
3 2707 2380 3030
3 2628 2786 3302
3 3209 2493 2883
3 2492 2874 2327
3 2702 2785 2703
3 2785 2702 2786
3 2705 2785 2787
3 2704 2787 2785
3 2705 2703 2785
3 2789 2704 2494
3 2495 2564 2630
3 3038 2949 2630
3 2884 2439 2565
3 2793 2792 2885
3 2793 2885 2886
3 2633 3142 3044
3 2568 3045 2887
3 2709 2888 3382
3 2390 3049 2955
3 3049 2390 2447
3 2715 2447 3148
3 2447 2335 3148
3 2635 2637 3053
3 3231 2958 2451
3 2893 2718 2894
3 3235 2450 2893
3 2892 2720 2802
3 3237 2180 2286
3 2638 2723 2802
3 2508 3459 2962
3 2960 2803 2724
3 2802 2723 2898
3 2898 2723 2901
3 2641 2724 2900
3 3391 2511 3318
3 2112 2964 3390
3 2574 2902 2804
3 2574 2725 2902
3 2805 2641 2900
3 2575 2805 2969
3 3536 2336 2806
3 2114 2727 2970
3 2643 2645 2903
3 2291 2114 2970
3 2290 2969 3062
3 2970 3063 2576
3 2646 2192 3063
3 2645 2647 3467
3 2808 2648 2905
3 2650 2809 3251
3 2972 2124 3246
3 3323 2906 2516
3 2514 2582 2809
3 2733 2651 3254
3 2810 2651 2735
3 2810 2811 2907
3 2811 2810 2735
3 2811 2652 2736
3 2813 2978 2653
3 2815 2736 2816
3 2736 2585 2816
3 2979 3328 2585
3 2980 2523 2981
3 2981 2523 2524
3 2742 2740 2983
3 2524 2459 2981
3 2743 2981 2459
3 2983 2821 2742
3 3163 2659 2821
3 2910 2744 2824
3 2986 2824 2744
3 2985 2527 2987
3 2911 2589 2254
3 2256 2912 2745
3 2911 2528 4587
3 3076 2349 3168
3 2349 3076 2747
3 3267 2662 2591
3 2747 3336 3079
3 2827 2595 3169
3 2533 2600 3707
3 2599 2915 2751
3 2665 2535 2993
3 3771 2665 2993
3 3483 2753 2754
3 2994 2831 2830
3 2467 2834 3082
3 2835 2831 2837
3 2835 2830 2831
3 2670 2756 2917
3 3083 2833 2758
3 3088 2997 2604
3 2540 2918 2838
3 2762 2678 2763
3 2920 3007 2677
3 3007 2763 2677
3 2611 2765 2922
3 2921 2767 3007
3 2844 3008 2767
3 2765 2845 2924
3 3282 2364 2064
3 2421 2364 3282
3 2926 3011 2320
3 3496 2322 3014
3 2219 2549 4057
3 3016 3015 2687
3 2772 3016 2687
3 2687 3285 2928
3 2773 2687 2928
3 2427 3356 3017
3 3193 2428 2775
3 2850 2550 3106
3 4130 2433 3196
3 2856 2779 2857
3 2779 2859 2858
3 2779 2856 2859
3 2855 2778 2779
3 2858 2855 2779
3 2780 2858 2859
3 2780 2857 2779
3 2780 2859 2857
3 2858 2780 2781
3 2858 2781 2855
3 2623 3026 2938
3 2623 2624 3026
3 2554 2939 3115
3 2940 2554 3117
3 2695 2488 3119
3 2864 2697 2865
3 2868 2865 2866
3 2865 2697 2866
3 2868 2864 2942
3 2864 2868 2697
3 2867 2699 2866
3 2943 2488 2699
3 2626 2557 2869
3 3208 2560 2437
3 3029 2378 2783
3 2561 3029 3125
3 2700 2784 2872
3 2873 2944 2784
3 2784 2944 2872
3 2380 2871 3030
3 2628 3302 2873
3 3300 2874 2492
3 3300 2492 3032
3 2787 2786 2702
3 2702 2705 2787
3 3371 2786 2787
3 2787 2704 2789
3 2877 2788 2875
3 2877 2878 2788
3 2877 2875 2879
3 2875 2789 2879
3 2945 2875 2788
3 2875 2945 2789
3 2948 2876 2788
3 2880 2948 2788
3 2878 2880 2788
3 2876 2882 2881
3 2948 2882 2876
3 2879 2494 2495
3 2879 2495 2880
3 2880 2495 2948
3 2706 2327 2874
3 3038 2630 3127
3 2706 2950 2631
3 3133 2950 2706
3 2950 2951 2565
3 2440 2707 2708
3 3040 2497 3442
3 2885 2792 3220
3 2792 3137 3220
3 2953 2793 2886
3 2954 2792 2793
3 2794 3138 2497
3 2498 2632 3042
3 2500 2633 3044
3 3143 2567 2709
3 2567 3143 2633
3 3046 2711 2795
3 3384 2889 3048
3 2889 2712 3048
3 2713 3230 2956
3 2796 2956 2957
3 2716 3050 2797
3 2797 3052 2890
3 2637 2798 3053
3 3233 3231 2451
3 2891 2892 2959
3 2720 2892 2891
3 2507 2721 2960
3 2721 3055 2960
3 3600 2722 2510
3 3237 2286 2896
3 2962 3318 2508
3 2803 2965 2899
3 2803 2899 2724
3 3152 2897 2966
3 2900 2724 2899
3 2395 2511 3391
3 3462 2336 3536
3 2968 2805 2967
3 2643 3060 2726
3 2725 2807 2902
3 3245 2807 2644
3 3538 2395 3465
3 2578 2290 3062
3 2577 3538 3155
3 3244 2646 3063
3 3243 2512 2971
3 2577 3155 3323
3 3245 2730 3156
3 2973 2905 2649
3 3156 2730 3250
3 2730 2731 3250
3 2906 3246 2124
3 2975 2907 2811
3 2975 2811 2976
3 2811 2736 2976
3 2812 3065 2813
3 2978 2977 2814
3 3158 2814 2977
3 3258 2736 2815
3 2814 3158 2737
3 3328 2816 2585
3 2740 2737 2818
3 2980 3068 2739
3 3069 2980 2981
3 2982 2910 2824
3 2824 2986 2982
3 3163 2984 2659
3 3075 2986 2744
3 2744 2589 3075
3 2589 2911 3075
3 2912 2408 2988
3 2254 2409 2911
3 2410 2408 2912
3 3335 2528 2593
3 2913 3168 2592
3 3076 3336 2747
3 2748 2747 3079
3 2748 3079 2828
3 2992 2915 2749
3 3335 2533 3707
3 2535 2536 2993
3 3483 3080 2753
3 2602 2829 3171
3 2994 2829 2831
3 2832 3081 2756
3 2917 2756 2996
3 3084 2835 2837
3 2757 3172 2836
3 2998 2996 2473
3 2917 3000 2607
3 2759 3085 2837
3 2608 2671 2999
3 2605 3416 2543
3 2418 2840 3413
3 3088 2673 3090
3 3348 2360 3089
3 2474 3091 3090
3 2674 2611 3276
3 3002 2544 3003
3 2921 3176 2675
3 2763 3421 2762
3 3005 2676 3178
3 3092 2764 2842
3 2676 3005 2843
3 3092 3006 2764
3 2920 2921 3007
3 2764 3006 2766
3 3093 3003 2923
3 2924 2922 2765
3 2845 2843 3351
3 2923 2768 3095
3 3007 2767 3008
3 3722 2317 3181
3 3182 2267 3352
3 3567 2269 3724
3 2144 3009 3097
3 2548 2421 3185
3 3186 2769 2319
3 2927 2321 3424
3 2613 3100 2483
3 3729 2615 2771
3 3191 2770 3016
3 2369 2686 2616
3 2928 3103 2929
3 2773 2928 2929
3 2774 2773 3105
3 3194 2688 2930
3 3017 3355 2427
3 2930 2774 2932
3 3289 2274 3357
3 2932 2774 3105
3 3193 2776 2428
3 3195 3108 2552
3 3018 2429 3290
3 2617 3018 3646
3 2853 3107 2932
3 2854 3107 2853
3 2856 2857 2934
3 2856 2935 2859
3 2856 2934 2935
3 3113 2854 2855
3 3022 2934 2936
3 2936 2859 2935
3 2859 2934 2857
3 2859 2936 2934
3 3113 2781 2938
3 3648 2861 3024
3 2623 2938 2781
3 2624 2862 3026
3 2554 3115 3117
3 3027 2863 3360
3 3120 2555 3359
3 2555 2625 3359
3 2941 2864 2865
3 2868 2941 2865
3 2942 2941 2868
3 3294 2941 2942
3 2867 2555 2943
3 2489 2696 2869
3 3206 3294 2942
3 2870 2558 3123
3 3123 2558 2869
3 2783 2560 3208
3 2378 3029 2561
3 2492 3125 3301
3 3300 3031 2874
3 2707 3030 3215
3 2876 2945 2788
3 2945 2878 2877
3 2945 2876 2878
3 2879 2945 2877
3 2945 2879 2946
3 2946 2789 2945
3 2878 2876 3034
3 2881 2882 2947
3 2879 2880 2946
3 2946 2880 2878
3 3034 2876 2881
3 3036 3034 2881
3 3038 3036 2881
3 2949 3038 2881
3 2949 2881 2947
3 2947 2948 2949
3 2948 2495 2630
3 3037 3036 3038
3 2949 2948 2630
3 3039 3036 3037
3 2630 3131 3127
3 3132 2565 2951
3 3218 3041 2885
3 3041 3136 2886
3 2886 2885 3041
3 3136 3139 2953
3 2792 2954 2952
3 3225 2498 3042
3 3044 3045 2500
3 2887 3045 3144
3 2711 3046 2888
3 2888 3046 3520
3 3450 2568 3591
3 3226 2712 2955
3 3226 3048 2712
3 2503 3450 3311
3 3145 2503 3311
3 3145 3230 2444
3 3051 2889 3228
3 3312 2714 2957
3 3146 3052 2797
3 3147 2717 2635
3 3051 3053 2798
3 3149 2799 2891
3 2890 3055 2721
3 2891 2959 3149
3 2892 3054 2959
3 2893 2894 3235
3 2800 3531 3459
3 2961 2573 3235
3 2892 2802 2963
3 3236 2801 3237
3 2963 2802 2898
3 3058 2965 2803
3 3318 2511 2508
3 2898 2901 3240
3 2967 2805 2900
3 2804 2902 2901
3 2727 2112 3390
3 2902 3059 2901
3 3061 3059 2902
3 2805 2968 2969
3 2643 2903 3060
3 3060 2903 3395
3 2902 2807 3061
3 2728 3464 2806
3 2646 3244 2904
3 2808 2905 3248
3 2454 2973 2649
3 2732 2974 3064
3 2650 3251 3250
3 3254 3253 2733
3 3066 2978 3065
3 2813 3065 2978
3 3066 2977 2978
3 3068 2738 2739
3 3067 2908 2658
3 2979 2656 2817
3 3070 2819 3161
3 2818 3071 2740
3 2820 3160 2817
3 2740 3071 2983
3 2910 3160 2820
3 2982 3160 2910
3 3163 2821 2983
3 3163 2983 3262
3 2986 3073 2982
3 2984 3074 2825
3 2990 2825 3074
3 2126 2301 2987
3 2301 2660 2987
3 2462 2825 2990
3 3266 2660 2590
3 2348 2991 2746
3 2348 2661 2991
3 2258 3078 2661
3 2662 3267 2913
3 3269 3169 2826
3 3077 2530 2531
3 2992 2828 3079
3 2534 2594 3270
3 3771 2750 2665
3 2601 2751 3271
3 2666 2534 3270
3 2830 2753 3080
3 3341 2468 2601
3 3080 2994 2830
3 2996 2756 3081
3 2833 3412 2667
3 2998 2917 2996
3 3342 2757 2755
3 2997 2839 2834
3 2062 2836 3710
3 2473 3002 2998
3 3908 2759 2841
3 2360 2314 3174
3 3089 2360 3174
3 2760 2607 3274
3 3092 2842 3084
3 2919 2608 3177
3 3001 2762 3175
3 3179 3091 3004
3 3175 2762 3421
3 2919 2921 2920
3 3421 2763 3094
3 2843 3005 3351
3 3094 2763 3007
3 3095 2768 2766
3 3722 3281 2317
3 2362 3281 5036
3 2269 2769 3789
3 3097 2366 2144
3 3642 2925 2683
3 1996 3727 3101
3 3190 3015 2770
3 2426 2849 3499
3 2771 1999 3499
3 2770 3015 3016
3 2219 4057 4611
3 3102 2928 3285
3 3103 2928 3102
3 3645 3286 2772
3 3105 2773 2929
3 2430 3290 2429
3 2932 3194 2930
3 3106 2853 2932
3 3358 3427 2693
3 3196 2550 3428
3 2854 3113 3111
3 3112 3020 3022
3 3020 2934 3022
3 2934 3020 2935
3 3020 3023 2935
3 3020 3021 3023
3 3112 3022 3023
3 3023 2936 2935
3 3199 3023 3021
3 3113 2855 2781
3 3648 3025 2861
3 3359 2625 3121
3 3650 3027 3360
3 2869 2696 3118
3 2943 2555 3120
3 2943 3206 2942
3 2699 2867 2943
3 3510 2863 2556
3 3364 3365 2869
3 3123 3122 2870
3 3207 2627 2870
3 2556 3124 3654
3 2627 3207 2437
3 3208 2437 3207
3 3029 2783 3299
3 2872 3368 2700
3 2944 3367 2872
3 3032 2492 3301
3 2787 2789 3371
3 3371 2789 2946
3 3034 3033 2878
3 3126 2878 3033
3 3126 2946 2878
3 3033 3034 2882
3 3034 2947 2882
3 3033 2882 2948
3 3035 3033 2948
3 3034 3035 2947
3 2948 2947 3035
3 2884 3131 2630
3 2951 2950 3134
3 2791 2790 3443
3 3041 3218 3135
3 3220 3218 2885
3 3445 3220 3137
3 3137 2792 2952
3 3136 2953 2886
3 3042 2632 3587
3 2793 2953 3140
3 2954 2793 3140
3 2954 3140 3141
3 3141 3045 3043
3 3044 3043 3045
3 3043 3044 3142
3 3142 2633 3143
3 3383 3382 2888
3 2889 3384 3228
3 3047 2504 2717
3 3227 3146 2797
3 3227 2797 3050
3 3453 3047 3147
3 2714 3312 2634
3 3147 3047 2717
3 3147 2635 3053
3 2799 3149 3148
3 2572 2890 2721
3 2800 2719 3531
3 3150 2892 2963
3 2895 2573 2961
3 3056 3057 2803
3 2960 3056 2803
3 3058 2803 3057
3 2286 2289 2896
3 2965 3058 2899
3 3152 2510 2897
3 2899 3153 2900
3 2900 3154 2967
3 2727 3390 3463
3 2970 2727 3608
3 3464 2728 3466
3 2578 3062 3540
3 2971 2729 3398
3 3398 2729 2904
3 2454 2578 3247
3 2973 2454 3247
3 3248 2905 2973
3 2731 2650 3250
3 3251 2809 3249
3 3157 3249 2809
3 3252 2809 2582
3 3542 2732 3064
3 3253 2582 2733
3 3543 2812 2734
3 2651 2810 3254
3 2907 3254 2810
3 2975 3255 2907
3 2976 2736 3258
3 2815 2816 3159
3 2816 3328 3474
3 3067 2738 3068
3 2658 2738 3067
3 2819 2908 3067
3 2817 3160 2979
3 3067 3161 2819
3 3330 2981 2743
3 2822 2823 3072
3 2909 3070 3404
3 3263 2988 2909
3 2985 2987 2989
3 3163 3074 2984
3 3167 3164 2986
3 3167 2986 3075
3 3267 2591 3482
3 2991 2661 3078
3 2826 2463 3269
3 3553 2463 2663
3 3078 2827 3169
3 2915 2992 3337
3 3271 2751 2915
3 3170 2601 3271
3 3272 3171 2829
3 2829 2994 3272
3 3341 2601 3170
3 3708 2602 3171
3 3081 2832 3340
3 3486 2668 2602
3 2838 2832 2669
3 2668 3486 2605
3 3085 3084 2837
3 3416 2605 3489
3 2998 3086 2917
3 2842 2835 3084
3 2998 3002 3086
3 3173 3413 2840
3 3908 3417 2759
3 3000 3274 2607
3 2840 2418 3001
3 3092 3084 3346
3 2918 2675 3176
3 2676 2543 3416
3 3178 2676 3347
3 3005 3091 3179
3 3276 2611 3349
3 2919 3277 2921
3 3005 3179 3351
3 2766 3006 3494
3 3095 3093 2923
3 3180 2845 3351
3 2845 3180 2924
3 3180 3495 2924
3 4051 2681 3183
3 4375 2064 2362
3 3641 2925 3642
3 2926 2848 3726
3 2614 3013 3792
3 3498 2685 3101
3 3498 2849 2685
3 2616 3857 3014
3 3645 2772 2688
3 3645 2688 3194
3 3573 3017 3356
3 3195 2776 3193
3 3106 3105 2850
3 3194 2932 3107
3 3736 2617 3646
3 2932 3105 3106
3 3736 2931 2617
3 3290 3426 3018
3 3427 2690 2693
3 3358 2693 2692
3 2550 3104 3428
3 3107 2854 3111
3 3021 3020 3112
3 3110 3109 3021
3 3112 3110 3021
3 3204 3024 3019
3 3023 3199 3112
3 3022 2936 3023
3 3021 3109 3199
3 3201 3199 3109
3 3201 3109 3110
3 3114 3113 2938
3 2938 3026 3114
3 3205 3114 3026
3 2694 3116 3574
3 3027 3116 2782
3 3429 2695 3119
3 3121 2625 2940
3 2488 2864 3119
3 2869 3118 3364
3 3365 3123 2869
3 3123 3298 3122
3 3207 2870 3122
3 2872 3367 3368
3 3368 2871 2700
3 3441 3371 3126
3 3126 3033 3035
3 3372 3036 3212
3 3211 3037 3038
3 3127 3039 3037
3 3130 3127 3037
3 3130 3211 3038
3 3036 3039 3128
3 3129 3128 3039
3 3127 3129 3039
3 3129 3127 3131
3 3038 3127 3130
3 2884 3374 3131
3 3133 2706 2874
3 3374 2884 3132
3 2707 3215 2708
3 3217 2950 3133
3 2951 3134 3377
3 3132 2951 3377
3 3217 3134 2950
3 2441 3040 3442
3 2790 2708 3378
3 3135 3219 3041
3 3041 3219 3136
3 2632 2791 3587
3 2952 2954 3222
3 3223 3140 2953
3 3141 3140 3223
3 3043 3380 3141
3 3224 3045 3141
3 3143 3309 3142
3 3045 3224 3144
3 3143 2709 3448
3 3382 3448 2709
3 2795 3225 3046
3 2888 3520 3383
3 3230 3145 3229
3 3050 2958 3229
3 3231 2956 3230
3 3385 3049 2715
3 2958 3230 3229
3 2713 2956 2796
3 3050 2716 2958
3 3385 2715 3232
3 3051 3147 3053
3 3232 2715 3148
3 3148 3149 3387
3 3313 3149 2959
3 3315 2892 3150
3 3055 3234 3316
3 3055 3316 2960
3 2960 3316 3056
3 3056 3317 3057
3 3235 3388 2961
3 2961 3388 2895
3 3818 2722 3600
3 3057 3239 3058
3 3058 3239 3151
3 2964 2895 3533
3 2896 2289 3319
3 2963 2898 3240
3 2900 3153 3154
3 3465 2395 3391
3 3154 3241 2967
3 2968 2967 3241
3 3536 2806 3464
3 3059 3061 3242
3 2968 3322 2969
3 3321 3063 2970
3 2645 3467 2903
3 3466 2728 3243
3 3397 2807 3245
3 3467 2647 3539
3 2647 2972 3539
3 2578 3540 3247
3 2973 3399 3248
3 2974 2808 3325
3 3325 3064 2974
3 2809 3252 3157
3 2734 2732 3543
3 3543 3256 2812
3 3255 2975 3400
3 2975 3257 3400
3 2812 3256 3065
3 3257 2975 2976
3 2976 3258 3257
3 3401 3065 3472
3 3065 3401 3066
3 3066 3401 2977
3 3326 3158 2977
3 3474 3159 2816
3 3067 3068 3260
3 2980 3259 3068
3 3260 3261 3067
3 3069 3259 2980
3 3161 3067 3261
3 3069 2981 3330
3 3330 2743 3402
3 2743 2822 3402
3 3072 3402 2822
3 3073 3160 2982
3 3073 2986 3164
3 3163 3165 3074
3 2988 3263 3264
3 2988 3264 3406
3 3074 3165 3265
3 3551 2987 3266
3 2590 3334 3266
3 2745 3482 2591
3 2663 3077 3553
3 3337 3338 2915
3 2666 3270 3411
3 2994 3080 3272
3 2600 2752 3841
3 2996 3339 2754
3 3486 2602 3708
3 2752 2667 3412
3 3083 3488 2916
3 3412 2833 3842
3 2916 3488 2833
3 2672 3083 2758
3 3343 2839 2997
3 3415 3084 3085
3 2759 3417 3085
3 3087 2839 3343
3 3343 2997 3088
3 3345 2917 3086
3 3345 3000 2917
3 2359 3712 3174
3 3345 3086 3002
3 3713 3418 2608
3 3173 2840 3001
3 3001 3175 3173
3 3344 2918 3176
3 3089 3174 3348
3 3090 3419 3088
3 2676 3416 3347
3 3908 2841 2674
3 3419 3090 3275
3 3275 3090 3091
3 3275 3091 3005
3 3002 3003 3420
3 3561 2921 3277
3 3004 3278 3179
3 3350 2766 3494
3 3007 3280 3094
3 2766 3279 3095
3 3008 3280 3007
3 3422 3180 3351
3 2846 2681 3566
3 3640 3182 3352
3 2366 3097 4187
3 2683 3353 3642
3 3643 3100 2613
3 2218 3643 2613
3 2218 3188 3856
3 3284 2423 3569
3 4190 797 2368
3 3497 797 4190
3 1999 2426 3499
3 3729 2771 3287
3 3190 3285 3015
3 3016 2772 3286
3 3288 3103 3102
3 3288 3192 3103
3 2929 3103 3192
3 3573 3289 3017
3 2775 3572 3193
3 3104 2850 3105
3 2550 2850 3104
3 2692 2852 4192
3 3107 3198 3504
3 3198 3107 3111
3 4254 1643 2777
3 3112 3199 3110
3 3110 3199 3200
3 3197 3110 3200
3 3197 3198 3203
3 3198 3111 3203
3 3200 3199 3201
3 3202 3201 3110
3 3197 3202 3110
3 3202 3200 3201
3 3197 3203 3202
3 2860 1643 4254
3 2694 3574 3115
3 3205 3026 2862
3 3116 3027 3505
3 3120 3359 3121
3 2864 2941 3294
3 3119 2864 3294
3 2863 3510 3360
3 3206 2943 3297
3 3581 3028 3209
3 3030 2871 3368
3 2873 3367 2944
3 2873 3210 3367
3 3209 2883 3871
3 2786 3371 3302
3 3301 3031 3032
3 3371 2946 3126
3 3303 2874 3031
3 3034 3036 3304
3 3584 3126 3035
3 3211 3372 3037
3 3036 3128 3212
3 3037 3307 3130
3 3372 3307 3037
3 3129 3213 3128
3 3214 3129 3131
3 3213 3129 3214
3 3211 3130 3307
3 3128 3305 3212
3 3131 3305 3128
3 3216 3131 3128
3 3213 3216 3128
3 3214 3131 3216
3 3516 3660 2874
3 3133 3379 3217
3 3134 3217 3135
3 3217 3219 3135
3 3138 3442 2497
3 3221 3137 2952
3 3221 2952 3222
3 3587 3446 3042
3 3308 3222 2954
3 3308 2954 3141
3 3380 3308 3141
3 3380 3043 3142
3 3520 3046 3225
3 3381 2499 3047
3 2568 2887 3591
3 3450 3591 3664
3 3449 3048 3226
3 2955 3811 3226
3 3227 3050 3310
3 3050 3229 3310
3 3454 3049 3385
3 3228 3147 3051
3 3453 3147 3228
3 2958 3231 3230
3 3312 3386 2634
3 3313 3387 3149
3 3314 3313 2959
3 3314 2959 3054
3 2636 3595 3753
3 2636 3753 2719
3 3531 2719 3753
3 3316 3317 3056
3 3459 3460 2962
3 3152 3600 2510
3 3150 2963 3320
3 3390 2964 3603
3 3153 2899 3058
3 2289 3462 3604
3 2963 3240 3320
3 2966 2642 3607
3 2901 3059 3240
3 3608 2727 3463
3 3322 2968 3241
3 3397 3396 3061
3 3061 2807 3397
3 3063 3321 3244
3 3398 3243 2971
3 2906 3323 3246
3 3248 3324 2808
3 2973 3247 3399
3 3324 3325 2808
3 3249 3470 3251
3 3325 3471 3064
3 2732 3542 3543
3 3255 3254 2907
3 3256 3472 3065
3 3326 2977 3401
3 3327 3258 2815
3 3260 3068 3259
3 3328 2979 3160
3 3259 3069 3330
3 3261 3403 3161
3 3545 3070 3161
3 3160 3073 3331
3 3261 3260 3333
3 3071 3262 2983
3 3263 2909 3404
3 3163 3262 3165
3 3075 3547 3167
3 2990 3074 3265
3 3551 3166 2987
3 3266 2987 2660
3 3482 2745 2912
3 2594 2990 3268
3 3552 3076 3168
3 3267 3168 2913
3 2991 3078 3704
3 3336 3076 3552
3 3078 3169 3269
3 3553 3077 3554
3 2664 2596 2914
3 3270 2594 3962
3 4172 2993 3484
3 3483 2754 3339
3 3339 2996 3081
3 3410 3339 3081
3 2605 3486 3489
3 2755 2666 3342
3 3082 2834 3774
3 3774 2834 2839
3 3340 2832 2838
3 3083 3776 3488
3 3414 2757 3342
3 2757 3414 3172
3 2672 3413 3631
3 3417 3273 3085
3 3343 3088 3419
3 3346 3084 3415
3 3420 3345 3002
3 3177 2608 3418
3 3347 3275 3178
3 3561 3176 2921
3 3275 3005 3178
3 3277 2919 3177
3 3092 3346 3563
3 3718 2761 3348
3 3003 3093 3493
3 3351 3179 3278
3 3280 3564 3094
3 2922 2924 3495
3 3095 3279 3638
3 3093 3095 3638
3 3566 3723 2846
3 2846 3723 3184
3 2682 3096 3725
3 3724 2269 3916
3 3916 2269 3789
3 3185 2421 3282
3 5156 3353 2272
3 3424 2321 3099
3 3187 4189 3012
3 2422 3100 3568
3 2217 3283 4608
3 3727 2614 3792
3 3354 3285 3190
3 3500 3102 3285
3 3105 2929 3501
3 3357 2689 4061
3 3426 3290 3502
3 3425 2690 3427
3 3799 3503 2851
3 2432 2851 3503
3 3107 3504 3291
3 3799 2851 2621
3 3197 3200 3292
3 3197 3292 3198
3 3292 3504 3198
3 3504 3111 3291
3 3203 3504 3292
3 3504 3203 3111
3 2933 2937 4315
3 3292 3200 3202
3 3292 3202 3203
3 2696 3025 3575
3 3117 3115 3574
3 2940 3117 3506
3 3574 3116 3505
3 2696 3575 3118
3 3121 2940 3506
3 3206 3293 3294
3 3296 3295 3293
3 3206 3296 3293
3 3296 3206 3297
3 3297 3294 3293
3 3295 3297 3293
3 3294 3297 2943
3 3294 2943 3431
3 3435 3123 3365
3 2556 3654 3510
3 3436 3207 3122
3 2783 3208 3299
3 3029 3655 3125
3 3210 2873 3302
3 3301 3125 3369
3 3032 3031 3300
3 3035 3034 3304
3 3304 3372 3211
3 3307 3304 3211
3 3372 3304 3036
3 3212 3305 3213
3 3306 3213 3214
3 3213 3305 3216
3 3214 3216 3306
3 3306 3216 3305
3 3374 3305 3131
3 3133 2874 3660
3 3133 3376 3379
3 3217 3379 3219
3 3517 3221 3222
3 2953 3139 3223
3 3380 3518 3308
3 3141 3223 3224
3 3590 3309 3143
3 3590 3143 3448
3 2887 3144 3591
3 3384 3048 3522
3 3524 3452 3229
3 3452 3310 3229
3 3145 3311 3229
3 3231 3455 2956
3 2957 2956 3455
3 2957 3455 3312
3 4010 3052 3146
3 3387 3232 3148
3 3458 3313 3314
3 3594 2890 3052
3 3314 3054 3315
3 3054 2892 3315
3 3599 3315 3150
3 3670 2722 3818
3 2894 2801 3236
3 3057 3317 3239
3 2895 3388 3238
3 2962 3460 3318
3 3757 2896 3319
3 3150 3320 3534
3 3239 3393 3151
3 3153 3151 3393
3 3058 3151 3153
3 3604 3319 2289
3 3390 3603 3389
3 3391 3318 3461
3 2642 2726 4018
3 3241 3154 3394
3 3468 3059 3242
3 2903 3467 3395
3 3061 3396 3242
3 3683 3397 3245
3 3246 3539 2972
3 3680 3246 3323
3 3540 3469 3247
3 3399 3324 3248
3 3325 3324 3541
3 3684 3156 3250
3 3252 2582 3253
3 2737 3158 3326
3 2815 3159 3327
3 3329 2818 2737
3 3260 3259 3330
3 3071 2818 3329
3 3332 3475 3072
3 3405 3403 3261
3 3332 3072 3162
3 3072 2823 3162
3 3261 3333 3405
3 2989 3162 2985
3 3405 3333 3478
3 3696 3073 4035
3 3164 3167 3617
3 3408 3479 3166
3 3265 3165 3407
3 3408 3166 3551
3 3703 2746 3704
3 3077 2531 2664
3 4423 3335 3707
3 2915 3338 3271
3 2993 2536 3484
3 3839 3171 3272
3 3484 2536 2995
3 3081 3340 3485
3 3341 3170 3966
3 3776 3083 3487
3 3842 2833 3488
3 2999 3341 3773
3 2999 2671 3341
3 3083 2672 3631
3 3413 3173 3557
3 3176 3561 3344
3 3492 3173 3175
3 3558 3347 3416
3 3348 3174 3783
3 3420 3003 3493
3 2611 2922 3349
3 3493 3093 3638
3 3092 3721 3006
3 3721 3494 3006
3 3422 3351 3278
3 2766 3350 3639
3 3639 3279 2766
3 3853 3008 2844
3 3422 3423 3180
3 3722 3181 3565
3 2064 4375 4543
3 3282 2064 4543
3 3009 2682 3725
3 2847 2548 3185
3 3726 2848 2422
3 4189 3187 2927
3 3791 1854 2217
3 3729 3287 3644
3 3191 3016 3286
3 3918 3191 3286
3 3354 3500 3285
3 3570 3192 3288
3 3355 3571 2775
3 3501 3104 3105
3 3573 3356 3289
3 3104 3501 3733
3 3796 3107 3291
3 3426 3646 3018
3 2777 2432 3503
3 3800 3019 3108
3 3291 3111 3113
3 3648 3024 3204
3 3507 3117 3574
3 3205 2862 3579
3 3580 3027 3650
3 3580 3505 3027
3 3294 3431 3361
3 3296 3362 3295
3 3432 3430 3362
3 3430 3361 3362
3 3295 3361 3431
3 3295 3431 3297
3 3431 3363 3297
3 3363 3296 3297
3 3296 3363 3362
3 3436 3208 3207
3 3436 3511 3208
3 3028 3581 3124
3 3299 3208 3512
3 3299 3366 3029
3 3125 3655 3513
3 3513 3514 3125
3 3302 3437 3210
3 3370 3438 3369
3 3438 3301 3369
3 3370 3369 3371
3 3369 3302 3371
3 3369 3439 3302
3 3302 3439 3437
3 3371 3301 3438
3 3301 3371 3441
3 3126 3584 3441
3 3375 3030 3659
3 3215 3030 3375
3 3584 3035 3304
3 3307 3373 3304
3 3307 3372 3373
3 3212 3213 3306
3 3374 3306 3305
3 3303 3516 2874
3 2708 3215 3378
3 2441 3442 2883
3 3132 3377 3586
3 2790 3378 3443
3 3218 3220 3444
3 3587 2791 3443
3 3137 3221 3662
3 3139 3136 3588
3 3308 3517 3222
3 3743 3308 3518
3 3589 3380 3309
3 3224 3223 3447
3 3309 3380 3142
3 3519 3309 3590
3 3144 3224 3591
3 3521 3048 3449
3 3522 3048 3521
3 2955 3049 3665
3 3450 3523 3311
3 3311 3523 3229
3 3453 3228 3384
3 3525 3146 3227
3 3455 3231 3456
3 3386 3312 3455
3 3387 3457 3232
3 3231 3233 3528
3 3313 3593 3387
3 3386 3595 2636
3 3314 3529 3458
3 3055 2890 3594
3 3315 3529 3314
3 3530 3055 3594
3 3530 3234 3055
3 3670 3233 2722
3 3316 3596 3597
3 3597 3317 3316
3 2894 3236 3601
3 3235 2894 3601
3 3601 3237 3754
3 3600 3152 3532
3 3238 3533 2895
3 3237 2896 3754
3 3318 3460 3461
3 3599 3150 3534
3 3758 3319 3604
3 3154 3153 3393
3 3390 3535 3463
3 4018 2726 3060
3 3240 3059 3537
3 2970 3608 3890
3 3396 3468 3242
3 2969 3540 3062
3 3155 3538 3323
3 3244 3321 3678
3 3678 3679 2904
3 3244 3678 2904
3 3679 3398 2904
3 3245 3156 3611
3 3609 3324 3399
3 3684 3611 3156
3 3470 3250 3251
3 3157 3252 3953
3 3472 3256 3765
3 3612 3327 3159
3 3329 2737 3473
3 3328 3160 3331
3 3260 3330 3544
3 3402 3544 3330
3 3475 3402 3072
3 3403 3545 3161
3 3405 3693 3403
3 3404 3070 3545
3 3071 3476 3262
3 3331 3073 3696
3 3694 3404 3545
3 3260 3477 3333
3 3073 3164 4035
3 3165 3262 3407
3 3478 3333 3477
3 3479 3408 3480
3 3409 3408 3551
3 2746 3703 3334
3 3704 2746 2991
3 3552 3168 3267
3 2992 3079 3336
3 2992 3706 3337
3 3772 3080 3483
3 3630 3410 3081
3 3630 3081 3485
3 3904 3082 3774
3 3774 2839 3906
3 3415 3085 3490
3 3490 3085 3273
3 3713 2608 2999
3 3273 3417 3490
3 3173 3492 3557
3 3276 3908 2674
3 3277 3562 3561
3 3277 3177 3562
3 2610 2760 4296
3 3004 3718 3278
3 3094 3564 3421
3 3640 3565 3181
3 3182 3640 3181
3 3725 3096 3788
3 3352 2925 4186
3 3009 3725 3097
3 1483 2366 3098
3 3789 2769 3186
3 3186 2684 3010
3 4608 3791 2217
3 2424 3496 3569
3 4245 3354 3190
3 3189 3191 3728
3 2549 2615 4057
3 3500 3288 3102
3 3192 3570 3501
3 2929 3192 3501
3 3355 3017 3289
3 3735 3290 2430
3 3796 3194 3107
3 3195 3924 3108
3 2933 4617 1641
3 3019 3800 3204
3 3579 2862 3429
3 3119 3294 3429
3 3652 3120 3121
3 3361 3295 3362
3 3120 3652 2943
3 3430 3433 3363
3 3431 3430 3363
3 3430 3432 3433
3 3362 3434 3432
3 3362 3363 3433
3 3362 3433 3434
3 3210 3437 3367
3 3125 3514 3369
3 3439 3438 3370
3 3371 3439 3370
3 3439 3514 3438
3 3439 3369 3514
3 3437 3439 3582
3 3440 3371 3438
3 3371 3440 3439
3 3515 3031 3301
3 3303 3031 3515
3 3515 3516 3303
3 3373 3372 3212
3 3306 3373 3212
3 3584 3373 3306
3 3374 3585 3306
3 3585 3374 3132
3 3586 3585 3132
3 3135 3218 3377
3 3808 3661 3219
3 3661 3136 3219
3 3445 3137 3662
3 3589 3518 3380
3 3309 3519 3589
3 3042 4076 3225
3 3447 3591 3224
3 3665 3811 2955
3 3452 3451 3310
3 3524 3229 3523
3 3310 3525 3227
3 3667 3454 3385
3 3456 3386 3455
3 3231 3528 3456
3 3668 3595 3386
3 3234 3530 3669
3 3316 3234 3669
3 3598 3315 3599
3 3317 3597 3239
3 3671 3238 3388
3 3671 3533 3238
3 3825 3152 2966
3 3390 3389 3535
3 3463 3392 3608
3 3394 3154 3393
3 3241 3394 3759
3 3760 3322 3241
3 3059 3468 3537
3 3892 3538 3465
3 3322 3540 2969
3 3254 3894 3253
3 3400 3257 3833
3 3326 3401 3686
3 2737 3326 3473
3 3613 3159 3474
3 3329 3473 3614
3 3690 3474 3328
3 3476 3071 3329
3 3260 3544 3691
3 3263 3406 3264
3 2989 2987 3166
3 3480 3481 3479
3 3481 3546 3479
3 3546 3481 3548
3 3550 3408 3409
3 3409 3481 3550
3 3623 3622 3551
3 3265 3407 3769
3 2911 4171 3075
3 3769 3903 3265
3 3903 2990 3265
3 3078 3269 3705
3 4226 2664 2914
3 3707 2600 3841
3 3771 2993 4590
3 3080 3555 3272
3 3555 3080 3772
3 3410 3483 3339
3 3708 3171 3839
3 3841 2752 3412
3 3342 2666 3411
3 3487 3083 3631
3 3556 2918 3344
3 3775 3172 3714
3 3775 2836 3172
3 3712 3491 3174
3 3000 3345 3274
3 3174 3491 3783
3 2760 3274 3907
3 3344 3561 3560
3 3418 3562 3177
3 3718 3004 2761
3 2610 3849 2844
3 2922 3495 3850
3 3279 3639 3638
3 3280 3008 3912
3 3423 3495 3180
3 3640 3352 4185
3 4186 2925 3641
3 2272 2271 4439
3 2422 3790 3726
3 3643 3568 3100
3 3643 2218 3856
3 3856 3188 3284
3 3498 3101 3917
3 4190 2368 4056
3 3857 3496 3014
3 3497 4245 3190
3 3191 3918 3728
3 3570 3288 3500
3 3572 2775 3571
3 3572 4060 3193
3 3734 3502 3290
3 4250 1639 2690
3 3358 3425 3427
3 4251 3736 3646
3 3503 3926 2777
3 3196 3428 4130
3 3860 3291 3113
3 3205 3649 3114
3 3507 3574 3578
3 3578 3574 3505
3 3507 3578 3737
3 3361 3508 3294
3 3430 3508 3361
3 3432 3508 3433
3 3508 3434 3433
3 3508 3431 3509
3 3434 3508 3509
3 3430 3431 3508
3 3432 3434 3509
3 3435 3298 3123
3 3298 3436 3122
3 3654 3124 3994
3 3029 3366 3655
3 3656 3657 3367
3 3437 3740 3367
3 3368 3659 3030
3 3440 3438 3514
3 3440 3582 3439
3 3583 3301 3441
3 3584 3304 3373
3 3376 3133 3660
3 3378 3215 3375
3 3378 3375 3807
3 3134 3135 3377
3 3377 3218 3444
3 3219 3379 3808
3 3136 3661 3588
3 3517 3662 3221
3 3308 3743 3517
3 3042 3446 3663
3 3042 3663 4076
3 3447 4146 3591
3 3448 3745 3590
3 3746 3381 3810
3 3381 3047 3810
3 3451 3747 3666
3 3522 3453 3384
3 3451 3666 3525
3 3525 3310 3451
3 3812 3524 3523
3 3385 3750 3667
3 3457 3385 3232
3 3458 3592 3526
3 3526 3751 3313
3 3526 3313 3458
3 3751 3593 3313
3 3456 3528 3527
3 3456 3527 3386
3 3593 3457 3387
3 3668 3386 3527
3 3233 3670 3528
3 3669 3596 3316
3 3822 3235 3601
3 3235 3822 3388
3 3236 3237 3601
3 3673 2964 3533
3 3393 3239 3602
3 3603 2964 3823
3 3825 2966 3607
3 3389 3392 3535
3 3389 3677 3392
3 3392 3677 3608
3 3889 3464 3466
3 3321 2970 3890
3 3468 4025 3537
3 3679 3243 3398
3 3681 3396 3397
3 3680 3829 3246
3 3611 3683 3245
3 3610 3247 3469
3 3324 3609 3541
3 3610 3609 3399
3 3399 3247 3610
3 3684 3250 3470
3 3249 3763 3470
3 3064 3471 3542
3 3685 3894 3254
3 3832 3472 3765
3 3686 3401 3472
3 3687 3258 3327
3 3689 3327 3612
3 3159 3613 3612
3 3402 3615 3544
3 3402 3475 3615
3 3693 3545 3403
3 3477 3691 3697
3 3692 3475 3332
3 3477 3260 3691
3 3616 3693 3405
3 3406 3263 3959
3 3616 3405 3478
3 3836 3479 3546
3 3478 3477 3699
3 3480 3408 3550
3 3406 2912 2988
3 3481 3622 3548
3 3549 3546 3548
3 3549 3481 3480
3 3549 3480 3546
3 3622 3621 3548
3 3549 3550 3481
3 3622 3481 3551
3 3627 3266 3334
3 2594 3268 3962
3 4589 3271 3338
3 3410 3630 3629
3 3964 3630 3485
3 3708 3709 3486
3 3556 2838 2918
3 3711 3488 3776
3 3342 4293 3414
3 3713 2999 3773
3 3489 3558 3416
3 3414 3714 3172
3 3415 3490 3715
3 3783 3491 3559
3 3781 3274 3345
3 3343 3419 3843
3 3415 3844 3346
3 3492 3175 3634
3 3563 3346 3844
3 3635 3634 3175
3 3635 3175 3421
3 4047 3421 3564
3 3720 3278 3718
3 3563 3721 3092
3 3349 2922 3850
3 3636 3493 3638
3 3424 3099 3855
3 3790 2422 3568
3 4057 2615 3986
3 3918 3286 3645
3 3987 3355 3289
3 4250 2690 3425
3 3924 3800 3108
3 3796 3291 3860
3 3648 3801 3025
3 3575 3025 3801
3 3579 3649 3205
3 3578 3505 3576
3 3505 3577 3576
3 3506 3117 3507
3 3580 3577 3505
3 3508 3429 3294
3 3432 3651 3508
3 3435 3653 3298
3 3436 3298 3653
3 3124 3581 3994
3 3299 3512 3864
3 3299 3864 3366
3 3655 3366 3804
3 3868 3514 3513
3 3368 3367 3657
3 3659 3368 3657
3 3440 3514 3582
3 3437 3582 3584
3 3514 3583 3582
3 3583 3584 3582
3 3583 3441 3584
3 3375 3659 3741
3 3301 3583 3515
3 3516 3515 3583
3 3584 3306 3585
3 3584 3585 3806
3 3442 3138 4002
3 3744 3743 3518
3 3225 4076 3520
3 3745 3448 3876
3 3382 3876 3448
3 3939 3876 3383
3 3939 3383 3520
3 3383 3876 3382
3 3452 3812 3451
3 4010 3525 3748
3 3146 3525 4010
3 3592 3749 3526
3 3750 3385 3457
3 3750 3457 3593
3 3458 3815 3592
3 3815 3458 3529
3 3881 3531 3753
3 3816 3239 3597
3 3671 3388 3822
3 3821 3460 3459
3 3602 3819 3756
3 3533 3671 3755
3 3824 3820 3599
3 3673 3533 3672
3 3824 3599 3534
3 3603 3605 3389
3 3674 3535 3392
3 3606 3535 3674
3 3674 3534 3606
3 3535 3606 3463
3 3676 3606 3534
3 3676 3534 3320
3 3463 3675 3392
3 3606 3675 3463
3 3607 2642 4018
3 3676 3320 3240
3 3322 3760 3761
3 3322 3761 3540
3 3539 3246 3829
3 3681 3397 3683
3 3953 3249 3157
3 3685 3254 3255
3 3685 3255 3400
3 3687 3257 3258
3 3688 3687 3327
3 3689 3688 3327
3 3767 3326 3766
3 3473 3326 3767
3 3544 3615 3691
3 3615 3475 3692
3 3694 3695 3404
3 3404 3695 3263
3 3695 3959 3263
3 3407 3262 3476
3 4034 2989 3166
3 3698 3616 3478
3 3617 3167 3547
3 3618 3546 3480
3 3550 3620 3480
3 3618 3548 3621
3 3618 3619 3548
3 3618 3620 3619
3 3620 3618 3480
3 3901 3699 3477
3 3619 3621 3622
3 3549 3619 3622
3 3548 3619 3549
3 3481 3409 3551
3 3622 3623 3549
3 3623 3624 3549
3 3549 3620 3550
3 3549 3624 3620
3 3698 3478 3699
3 3627 3770 3551
3 3626 3625 3700
3 3551 3266 3627
3 3627 3626 3628
3 3627 3625 3626
3 3627 3334 3702
3 3838 3334 3703
3 3552 3267 4284
3 3554 3077 2664
3 3554 2664 4226
3 3771 2914 2750
3 3483 3629 3772
3 3410 3629 3483
3 3340 2838 3556
3 3488 4040 3842
3 2836 3905 3710
3 2839 3087 3906
3 3844 3415 3715
3 3087 3343 3843
3 3633 3781 3345
3 3420 3633 3345
3 3716 3492 3634
3 3635 3845 3634
3 3716 3632 3492
3 3637 3632 3716
3 4296 3849 2610
3 3637 3716 3719
3 3632 3637 3717
3 3280 3978 3564
3 3422 3278 3720
3 3912 3008 3853
3 3788 3184 3723
3 3788 3096 3184
3 2926 3726 4309
3 2927 3424 4243
3 4245 3500 3354
3 3644 3730 3729
3 3287 3858 3644
3 3570 3795 3501
3 3733 3501 3795
3 4249 3735 1639
3 3104 3733 3798
3 3358 2692 4192
3 3428 3104 3798
3 4254 2777 3926
3 4315 2937 4855
3 3113 3114 3862
3 3862 3114 3649
3 3577 3578 3576
3 3737 3578 4063
3 3928 3580 3650
3 3360 3991 3650
3 3429 3508 3651
3 3652 3121 4258
3 3360 3510 3991
3 3509 3739 3432
3 3993 3653 3435
3 3511 3436 3653
3 3804 3366 3864
3 3867 3868 3513
3 3740 3656 3367
3 3658 3514 3868
3 3583 3514 3658
3 3516 3583 3805
3 3379 3376 3873
3 3742 3808 3379
3 3444 3220 3445
3 3446 3587 3937
3 3223 3139 3588
3 2794 3381 4684
3 3589 3744 3518
3 3519 3590 3809
3 3226 4148 3449
3 3047 3453 3810
3 3943 3521 3449
3 3450 3664 3941
3 3522 3521 3943
3 3523 3941 3812
3 3523 3450 3941
3 3451 3812 3747
3 3522 3943 3453
3 3812 3452 3524
3 3751 3750 3593
3 3528 3670 3527
3 3668 3527 3670
3 3817 3595 3668
3 3752 3596 3669
3 3596 3752 3597
3 3753 3595 3817
3 3239 4014 3819
3 3239 3819 3602
3 3532 3825 4154
3 4016 2896 3757
3 3823 2964 3673
3 3824 3534 3674
3 3392 3605 3674
3 3605 3392 3675
3 3389 3605 3677
3 3393 3827 3394
3 3762 3468 3396
3 3540 3761 3830
3 3762 3396 3681
3 3540 3682 3469
3 3831 3469 3682
3 3610 3469 3831
3 3831 3609 3610
3 3764 3253 3894
3 3893 3765 3543
3 3543 3765 3256
3 3832 3686 3472
3 3326 3686 3895
3 3614 3473 3768
3 3474 3690 3897
3 3690 3328 3331
3 3615 3692 3691
3 3898 3691 3692
3 3545 3693 3694
3 3958 2989 4034
3 3618 3836 3546
3 3899 3616 3698
3 3621 3619 3624
3 3620 3624 3619
3 3698 3902 3899
3 3699 3901 3961
3 3961 3698 3699
3 3551 3770 3623
3 3701 3626 3700
3 3701 3700 3625
3 3626 3701 3628
3 3701 3702 3628
3 3627 3701 3625
3 3701 3627 3702
3 3627 3628 3770
3 3482 2912 4422
3 3838 3702 3334
3 2463 3553 4103
3 3269 2463 4103
3 4103 3705 3269
3 3338 3337 3706
3 4590 2993 4172
3 3839 3272 3555
3 4293 3342 4292
3 3711 4040 3488
3 3557 3967 3413
3 3775 3905 2836
3 3778 3559 3491
3 3417 3715 3490
3 3969 3560 3971
3 3419 3347 3780
3 3419 3275 3347
3 3784 3559 3778
3 4296 2760 3907
3 3848 3559 3784
3 3717 3637 3786
3 3787 3637 3719
3 3638 3851 3636
3 3637 3787 3852
3 3786 3637 3852
3 3977 3350 3494
3 3350 3977 4050
3 3422 4049 3423
3 3640 3854 3565
3 2681 4051 3566
3 3981 3723 3566
3 3914 3981 3566
3 4375 2362 5036
3 5156 3642 3353
3 4376 2847 3185
3 3011 2926 4309
3 4379 3013 3791
3 3857 4122 3496
3 2615 3729 3986
3 2771 3499 5613
3 3729 3730 3731
3 3794 3729 3731
3 4123 3500 4245
3 3644 3732 3730
3 3731 3732 3644
3 3794 3731 3644
3 3858 3794 3644
3 3921 3645 3796
3 3733 3795 3922
3 3645 3194 3796
3 3987 3289 4059
3 3734 3923 3502
3 3290 3735 3734
3 4060 3195 3193
3 3989 3647 3861
3 2860 4855 2937
3 3990 3118 3575
3 4063 3578 3577
3 3577 3580 4063
3 3506 3507 3737
3 3738 3579 3429
3 3364 3118 3990
3 3739 3651 3432
3 3739 3509 3431
3 4258 3121 3863
3 3739 3431 2943
3 3739 2943 3992
3 3365 3993 3435
3 3803 3864 3512
3 3866 3655 3804
3 3581 3871 3999
3 3581 3209 3871
3 3867 3513 3655
3 3740 3869 3656
3 3657 3656 3869
3 3870 3583 3658
3 3805 3583 3870
3 3872 3516 3805
3 3375 3741 4068
3 3871 2883 3999
3 3660 3873 3376
3 3443 3378 3807
3 3742 3379 3873
3 4070 3377 3444
3 3934 3444 3445
3 3935 3445 3662
3 3223 3588 3875
3 3447 3223 4078
3 3744 3589 3809
3 3519 3809 3589
3 3745 3809 3590
3 3381 3746 4986
3 4566 3381 4986
3 3942 3666 3747
3 3453 3943 3810
3 3525 3666 3813
3 4081 3049 3454
3 3749 3592 3814
3 3526 3749 3751
3 3052 4010 4013
3 3052 4013 3594
3 4083 3530 3594
3 3879 3529 3315
3 3752 3669 3878
3 3669 3530 3878
3 3668 3670 3817
3 3818 3817 3670
3 3315 3598 3879
3 4014 3239 3816
3 3882 3599 3820
3 3822 3755 3671
3 3822 3601 3754
3 3883 3820 3824
3 3754 2896 4016
3 3603 3823 3605
3 3605 3823 3674
3 3461 3949 3391
3 3602 3826 3827
3 3604 3462 3536
3 3393 3602 3827
3 3607 4018 4017
3 3465 3391 4158
3 3888 3886 3536
3 3605 3675 3677
3 3889 3888 3464
3 4018 3060 3891
3 3951 3240 3537
3 3321 3890 4093
3 3678 3321 4093
3 4025 3951 3537
3 3760 3241 3759
3 3467 3828 3395
3 3829 3828 3467
3 3323 3538 3680
3 3829 3467 3539
3 3829 3680 3950
3 3762 4025 3468
3 3830 3682 3540
3 3683 3611 3684
3 3541 3609 4217
3 4163 3325 3541
3 3953 3763 3249
3 3252 3253 3764
3 3893 3543 3542
3 4030 3895 3686
3 3612 3834 3689
3 3834 3612 3613
3 3768 3473 3767
3 3897 3613 3474
3 3614 3768 3835
3 3692 3332 3898
3 3691 4033 3697
3 3332 3162 3958
3 3166 3479 3836
3 3693 3616 3899
3 3769 3407 3476
3 3901 3477 3697
3 3836 3621 3837
3 3623 3621 3624
3 3547 3075 4171
3 3623 3770 3837
3 2912 3406 4169
3 3702 3770 3628
3 4422 2912 4169
3 3703 3704 4102
3 3267 3482 4422
3 3705 3704 3078
3 4226 2914 3771
3 3772 3629 4228
3 3839 3555 4366
3 3708 3839 3840
3 3840 3709 3708
3 3082 3904 4490
3 3631 3413 3967
3 3631 3967 3487
3 3778 3491 3712
3 3344 3560 4491
3 3777 3557 3492
3 3087 3843 3906
3 3417 3908 3715
3 3274 3781 4042
3 3347 3558 3780
3 3561 3562 3782
3 3492 3632 3717
3 3559 3848 3783
3 3910 3634 3845
3 3910 3785 3634
3 3911 3633 3420
3 3719 3716 3785
3 3493 3911 3420
3 4048 3636 3851
3 3853 2844 3849
3 3785 3787 3719
3 3564 3978 4235
3 3638 3639 4050
3 4049 3422 3720
3 3978 3280 3912
3 3854 3722 3565
3 3913 3914 3566
3 4051 3913 3566
3 3640 3983 3854
3 4121 3185 3282
3 3984 2847 4376
3 3855 3099 2847
3 4189 2927 4243
3 3283 3012 3985
3 3284 3569 4793
3 3917 3101 3727
3 4056 2368 4611
3 1094 3189 4381
3 3919 3498 3917
3 4247 3728 3918
3 2771 5613 3287
3 3730 3793 3731
3 3729 3794 3920
3 3730 3732 3858
3 3732 3731 3793
3 3732 3793 3858
3 3858 3793 3794
3 3918 3645 4058
3 4058 3645 3921
3 3571 3355 3987
3 4059 3289 3357
3 3922 3798 3733
3 4061 2689 4553
3 4553 2689 2931
3 3924 3195 4060
3 3923 3988 3502
3 3502 3988 3426
3 3646 3426 3988
3 3925 3861 3647
3 3860 3113 3862
3 4254 4855 2860
3 3863 3121 3506
3 3738 3429 3651
3 3364 3990 3365
3 2943 3652 3992
3 4324 3991 3510
3 3993 3365 4325
3 3511 3653 3929
3 3512 3208 3802
3 3208 3511 3802
3 3803 3512 3802
3 3869 3740 3998
3 3869 3659 3657
3 3741 3659 3869
3 2883 3442 3999
3 3806 3585 3586
3 4000 3806 3586
3 3375 4068 3807
3 3443 4199 3587
3 3874 3661 3936
3 3938 3517 3743
3 3663 3446 3937
3 4075 3743 3744
3 3876 3809 3745
3 4566 4684 3381
3 3940 3591 4146
3 3940 3664 3591
3 3941 3664 3940
3 3812 3877 3747
3 3942 4080 3666
3 4080 3813 3666
3 3813 3748 3525
3 4081 3454 3667
3 4081 3667 3944
3 3751 4082 3750
3 3751 4011 4082
3 3751 3749 4011
3 4013 4083 3594
3 3597 3880 3816
3 3597 3752 3880
3 3881 3753 3817
3 3598 3599 4085
3 3882 4085 3599
3 3459 3531 3881
3 3818 3600 4153
3 3822 3754 3947
3 3532 3152 3825
3 3754 4016 3947
3 3884 3673 3672
3 3673 3884 3823
3 3884 3883 3824
3 3319 3758 4208
3 3824 3674 3823
3 3825 3607 4017
3 3756 3826 3602
3 3604 3536 3886
3 3887 3677 3675
3 3608 3677 4019
3 3536 3464 3888
3 3891 3060 3395
3 3827 4094 3394
3 4094 3759 3394
3 3676 3240 3951
3 3889 3466 3243
3 3680 3538 4023
3 3679 4024 3243
3 3681 4162 3762
3 3325 4096 3471
3 3685 3400 3833
3 3832 4030 3686
3 4355 3687 3688
3 3766 3954 3767
3 3767 3955 3956
3 3768 3767 3956
3 3897 4031 3613
3 4281 3614 3835
3 4281 4165 3614
3 4165 3329 3614
3 3331 4166 3690
3 4033 3691 3898
3 3958 3162 2989
3 3694 3959 3695
3 3960 3406 3959
3 3693 3899 3694
3 4035 3164 3617
3 3617 3547 4586
3 3836 3618 3621
3 3837 3621 3623
3 3770 3900 3837
3 3902 3698 3961
3 3770 3702 3838
3 3268 2990 3962
3 4103 3553 4588
3 3270 3962 3963
3 3840 3839 3965
3 3342 3411 4292
3 3489 3486 4174
3 3710 3778 3712
3 3713 4175 3418
3 3847 3777 3492
3 3906 3843 3968
3 4176 3419 3780
3 3971 3560 3974
3 3492 3717 3847
3 3976 3778 4108
3 3563 3844 3846
3 4110 3909 3633
3 3976 3784 3778
3 3785 3716 3634
3 3783 3848 3975
3 3911 4110 3633
3 4046 3349 3850
3 3721 3563 3846
3 3564 4235 4047
3 3847 3717 3786
3 3786 4181 3847
3 3910 3787 3785
3 3493 3636 4048
3 3983 3640 4185
3 5804 3098 2366
3 4376 3185 4440
3 3792 3013 4379
3 3793 3730 3859
3 3920 3794 3793
3 3986 3729 3920
3 3572 3571 4060
3 3922 3795 3797
3 4504 3425 3358
3 3925 3989 3861
3 3798 4125 3428
3 3428 4193 4130
3 4805 2621 4130
3 3579 3738 3649
3 3580 4255 4063
3 4134 3580 3928
3 4135 3738 3651
3 3511 3929 3802
3 3930 3803 3802
3 3865 3803 3930
3 3865 3864 3803
3 3866 3864 3865
3 3866 3804 3864
3 3996 3655 3866
3 3996 3931 3655
3 3437 3584 3740
3 3584 3998 3740
3 4065 3870 3658
3 3741 3869 4066
3 3998 3584 3806
3 3932 3741 4066
3 3805 4197 3872
3 4070 3444 3934
3 4005 3587 4140
3 3808 4003 3661
3 3935 3934 3445
3 3661 4003 3936
3 3517 3935 3662
3 4141 3935 3517
3 3587 4005 3937
3 3874 3588 3661
3 3517 3938 4141
3 3588 3874 3875
3 3223 3875 4078
3 3744 3809 4077
3 3939 3520 4076
3 4009 3809 3876
3 3449 4148 4204
3 3226 3811 4148
3 4079 3810 3943
3 3877 3942 3747
3 4463 3811 3665
3 3944 3667 3750
3 3814 4011 3749
3 3592 4012 3814
3 4014 3816 4572
3 3817 3818 3945
3 3945 3881 3817
3 3821 3459 3881
3 3460 3821 4272
3 3822 3533 3755
3 3884 4156 3883
3 3885 3672 3533
3 3757 3948 4016
3 3824 3823 3884
3 3461 3460 4272
3 3887 3675 3606
3 3890 3608 4019
3 3538 3892 4023
3 3243 4024 3889
3 3679 4214 4024
3 4095 3828 3829
3 4025 4277 3951
3 3831 3682 3952
3 3682 3830 3952
3 3609 3831 4278
3 4278 3831 4026
3 4217 4163 3541
3 3684 3470 4028
3 3470 3763 4028
3 4353 3953 3252
3 3471 4096 3542
3 4353 3252 3764
3 3894 4353 3764
3 4029 3832 3765
3 4219 3685 3833
3 4220 3689 3834
3 3767 3954 3955
3 4031 3896 3613
3 3835 3768 3956
3 4097 3476 3329
3 3332 3958 3898
3 3696 4035 4168
3 4169 3406 3960
3 3901 3697 4036
3 3903 3769 4485
3 3900 3770 3838
3 3271 4589 4038
3 4228 3629 3630
3 3271 4038 4592
3 3411 3963 4039
3 3411 3270 3963
3 4104 3839 4366
3 3170 3271 4592
3 3411 4039 4292
3 4174 3486 4291
3 3710 3905 3778
3 3557 4426 3967
3 4426 3557 3777
3 3558 3489 4174
3 3779 3714 3414
3 4042 3907 3274
3 4041 3562 3418
3 3781 3909 4042
3 3633 3909 3781
3 3974 3560 3561
3 3972 3971 3974
3 4045 4788 3635
3 3848 3784 3976
3 4119 3787 3910
3 4050 3851 3638
3 3786 3852 4181
3 3494 3721 4182
3 3639 3350 4050
3 3983 3980 3854
3 3979 3915 3914
3 3914 3982 3979
3 4183 3723 3981
3 4184 3567 3724
3 4121 3282 4543
3 3916 3789 4188
3 3185 4121 4440
3 3789 3186 4307
3 3855 2847 3984
3 3424 3855 4308
3 4243 3424 4308
3 4247 4380 3728
3 2686 1094 4381
3 2849 3498 3919
3 3859 3730 3858
3 4248 3921 3796
3 4127 3797 3795
3 2852 1641 4617
3 4805 3503 3799
3 3428 4386 4193
3 3799 2621 4805
3 3204 3800 3648
3 3862 3649 4451
3 3863 3506 4133
3 3651 3739 4135
3 4555 4324 3510
3 3995 3930 3802
3 3655 3931 3867
3 3997 3869 3998
3 3872 3660 3516
3 3741 3932 4068
3 4000 3586 3377
3 3999 3442 4002
3 4068 3443 3807
3 3742 3873 4069
3 4000 3377 4070
3 3933 4071 3742
3 4140 3587 4199
3 4139 4006 3936
3 3936 4073 3874
3 3138 2794 4331
3 4075 3938 3743
3 2794 4684 4331
3 4008 3744 4077
3 3447 4078 4146
3 3939 4009 3876
3 4204 3943 3449
3 4147 3877 3941
3 3877 3812 3941
3 3049 4081 3665
3 3814 4150 4011
3 3815 4012 3592
3 4083 3878 3530
3 4401 3529 3879
3 3752 4084 3880
3 3945 3818 4153
3 4206 3820 3946
3 3946 3820 3883
3 3600 3532 4153
3 4153 3532 4154
3 4015 3946 3883
3 3822 3947 3533
3 3947 3885 3533
3 4271 4154 3825
3 3884 3672 3885
3 3949 3461 4272
3 3757 3319 4208
3 3756 4347 3826
3 4345 3604 3886
3 4088 3827 3826
3 3465 4023 3892
3 4159 3890 4019
3 3891 3395 4472
3 3950 3680 4023
3 3950 4095 3829
3 3760 4276 3761
3 3830 3761 3952
3 4027 4217 3609
3 3683 3684 4028
3 3953 4028 3763
3 4096 3893 3542
3 3893 4029 3765
3 4219 3894 3685
3 3326 3895 4279
3 3688 4220 4581
3 3688 3689 4220
3 3326 4279 4527
3 3766 3326 4527
3 4280 3954 3766
3 3955 3954 4221
3 3956 4032 3835
3 4164 4281 3835
3 4529 3897 4223
3 3690 4223 3897
3 4223 3690 4166
3 4166 3331 3696
3 4167 4033 3898
3 3958 3957 3898
3 3697 4033 4224
3 4099 3959 3694
3 3769 3476 4097
3 4586 3547 4171
3 4100 4484 3769
3 4171 2911 4587
3 4101 3838 3703
3 4102 3704 3705
3 2990 3903 3962
3 3336 3552 4037
3 4588 3553 3554
3 4360 3335 4423
3 4589 3338 3706
3 3707 3841 4488
3 4228 3630 3964
3 3965 3839 4104
3 2995 3082 4490
3 3841 3412 3842
3 3344 4491 3556
3 3905 4106 3778
3 3969 4491 3560
3 4041 3418 4175
3 3782 3562 4041
3 3971 3970 3969
3 3972 3970 3973
3 3972 3969 3970
3 3973 3971 3972
3 3974 3561 3782
3 3348 3783 4109
3 3718 3348 4721
3 3975 4177 3783
3 3635 3421 4045
3 3975 3848 4117
3 4117 3848 4120
3 3851 4050 4723
3 3423 4049 5452
3 4542 3281 3722
3 3722 3854 3980
3 4054 3979 3981
3 3979 3982 3981
3 3915 4054 3914
3 3914 4054 3981
3 4183 3788 3723
3 3983 4185 4671
3 4183 4241 3788
3 4055 4184 3724
3 4185 3352 4186
3 4242 3097 3725
3 4242 4187 3097
3 4438 3641 3642
3 3790 4310 3726
3 3985 3012 4189
3 4608 3283 3985
3 3856 3284 4727
3 3569 3496 4122
3 3917 3727 4544
3 3189 3728 4381
3 3857 2616 5094
3 3797 3798 3922
3 3923 3734 4124
3 4124 3734 3735
3 2931 4126 4553
3 3797 4125 3798
3 4249 1639 4250
3 4126 2931 3736
3 4129 3797 4127
3 4251 3646 3988
3 4125 4129 4128
3 4125 3797 4129
3 3428 4125 4386
3 4131 4063 4255
3 4133 3506 3737
3 3737 4063 4317
3 4134 4255 3580
3 3928 3650 3991
3 4256 3652 4258
3 3993 4454 3653
3 3929 3995 3802
3 4064 3865 3930
3 3866 3865 4064
3 4064 3996 3866
3 4065 3658 3868
3 4065 3868 3867
3 3869 3997 4066
3 4065 3805 3870
3 4197 4260 3872
3 3872 4067 3660
3 3932 4066 4068
3 4199 3443 4068
3 3742 4069 3933
3 4069 4001 3933
3 3933 4001 4138
3 4138 4071 3933
3 4138 4072 4071
3 3808 3742 4071
3 4139 3936 4003
3 4006 4072 4004
3 4006 4073 3936
3 4143 3874 4073
3 3937 4203 4076
3 4075 3744 4008
3 4077 3809 4009
3 4079 3746 3810
3 3940 4147 3941
3 4265 4079 3943
3 4147 3942 3877
3 4082 3944 3750
3 4150 3814 4012
3 3882 3820 4206
3 4339 3945 4153
3 4152 3946 4086
3 4015 4086 3946
3 4015 3883 4087
3 4268 3756 3819
3 3947 4016 4087
3 3391 3949 4158
3 4577 3886 3888
3 4019 3677 3887
3 4019 3887 3606
3 4211 4023 3465
3 4088 4352 3827
3 4090 4019 4089
3 3889 4024 3888
3 4159 4019 4020
3 4021 4022 4020
3 4019 4021 4020
3 4021 4019 4090
3 4093 3890 4159
3 4215 3606 3676
3 4094 3827 4352
3 4472 3395 3828
3 3679 3678 4214
3 4216 3760 3759
3 4276 3760 4216
3 3681 3683 4162
3 4162 3683 4028
3 3325 4163 4096
3 4280 3766 4527
3 4220 3834 4222
3 4481 3896 4031
3 4032 4164 3835
3 4166 3696 4098
3 3959 4099 3960
3 4035 4358 4168
3 3837 4034 3836
3 3617 4586 4530
3 3694 3899 4170
3 4036 3697 4224
3 3769 4484 4485
3 3901 4036 3961
3 3900 3838 4101
3 3703 4102 4101
3 4366 3555 3772
3 4105 3709 3840
3 3964 3485 3556
3 3485 3340 3556
3 3966 3170 4706
3 4291 3486 3709
3 4291 3709 4173
3 3484 2995 4490
3 4660 3773 3341
3 3487 3967 4231
3 4106 3905 3775
3 4108 3778 4106
3 3779 3414 4293
3 3972 4043 3969
3 4107 4043 3971
3 3971 4043 3970
3 4044 4043 3972
3 3970 4044 3973
3 4044 3970 4043
3 4044 3971 3973
3 4044 4107 3971
3 3908 3276 3349
3 3974 4044 3972
3 3845 3635 4788
3 3910 3845 4665
3 4109 3783 4177
3 4045 3421 4047
3 4177 3975 4115
3 3718 4667 3720
3 4117 4112 3975
3 3975 4112 4116
3 4116 4115 3975
3 4298 3847 4181
3 3848 3976 4120
3 3911 3493 4048
3 3977 3494 4182
3 3977 4433 4050
3 3722 3980 4305
3 5036 3281 4542
3 3979 4052 3915
3 4052 3979 4053
3 3979 4054 4053
3 4053 3982 3914
3 4054 3915 4052
3 3981 3982 4053
3 4183 3981 4053
3 4607 3186 3010
3 3011 4377 3010
3 4378 3011 4309
3 3790 3568 4244
3 4244 3568 3643
3 4245 4246 4123
3 5094 2616 2686
3 3859 3858 3287
3 4059 3357 4552
3 4124 3735 4249
3 4314 3925 3647
3 4314 3647 4062
3 4617 4192 2852
3 3647 3989 4062
3 4062 3989 4252
3 3926 3503 4805
3 4451 3649 3738
3 4317 4063 4131
3 3927 3737 4317
3 3365 3990 4856
3 3928 3991 4392
3 3365 4856 4325
3 3994 3581 4623
3 4196 3931 3996
3 3867 3931 4136
3 4065 3867 4136
3 4455 3805 4065
3 4260 4067 3872
3 3806 4000 3998
3 3998 4000 3997
3 3873 3660 4261
3 3873 4261 4069
3 4070 4137 4000
3 4138 4001 4198
3 4071 4072 4263
3 4263 4139 4071
3 3934 4200 4070
3 4137 4070 4200
3 4139 3808 4071
3 4003 3808 4139
3 4200 3934 3935
3 4006 4004 4007
3 3937 4140 4142
3 3937 4005 4140
3 4007 4073 4006
3 4007 4004 4074
3 4141 4202 4200
3 4202 4141 3938
3 4142 4203 3937
3 4073 4007 4143
3 4007 4074 4143
3 3938 4075 4202
3 4143 4144 3874
3 3875 3874 4144
3 3663 3937 4076
3 4008 4077 4075
3 4076 4145 4009
3 3939 4076 4009
3 4264 4147 3940
3 4204 4265 3943
3 4148 3811 4632
3 4749 3813 4080
3 4010 3748 3813
3 4011 4149 4082
3 4011 4150 4149
3 4400 4012 3815
3 3815 3529 4337
3 4519 3878 4083
3 3752 3878 4084
3 4084 4151 3880
3 4205 4401 3879
3 3598 4205 3879
3 4151 3816 3880
3 3816 4151 4572
3 4266 3598 4085
3 3946 4152 4206
3 3881 3945 4207
3 4086 4015 4155
3 4087 4155 4015
3 4087 3883 4269
3 4016 4155 4087
3 4087 4269 3947
3 3885 3947 4269
3 3757 4208 3948
3 4271 3825 4157
3 3758 3604 4345
3 4346 4157 4017
3 4157 3825 4017
3 4024 4212 3888
3 4089 4019 4161
3 4019 3606 4161
3 4022 4090 4020
3 4091 4161 4090
3 4022 4091 4090
3 4091 4022 4092
3 4092 4021 4090
3 4161 4092 4090
3 4092 4022 4021
3 4215 3676 3951
3 4094 4216 3759
3 4162 4025 3762
3 4026 3831 3952
3 4026 3952 4278
3 3609 4278 4027
3 3953 4477 4028
3 4029 4030 3832
3 4355 3257 3687
3 4280 4221 3954
3 4222 3834 3613
3 4222 3613 3896
3 4165 4097 3329
3 4167 3898 3957
3 3696 4168 4098
3 4097 4282 4100
3 3769 4097 4100
3 4034 3166 3836
3 4169 3960 4099
3 4530 4035 3617
3 3902 4170 3899
3 4587 3335 4360
3 3962 3903 4485
3 3552 5348 4037
3 3554 4226 4425
3 3965 4105 3840
3 4173 3709 4105
3 3774 3906 4232
3 4175 3713 3773
3 3777 4233 4426
3 4106 3775 4294
3 4041 4663 3782
3 4107 3969 4043
3 3779 4234 3714
3 3419 4176 3843
3 4295 3908 4046
3 4110 4042 3909
3 4111 3976 4108
3 3348 4109 4721
3 3349 4046 3908
3 4493 3720 4667
3 3777 3847 4298
3 4112 4113 4115
3 4112 4115 4114
3 4113 4112 4117
3 4114 4116 4112
3 4114 4179 4116
3 4117 4114 4113
3 4114 4117 4179
3 4300 4120 3976
3 4118 4179 4117
3 4181 3852 4239
3 3495 3423 5452
3 4053 4240 4052
3 3913 4053 3914
3 4183 4053 4054
3 4183 4054 4052
3 3725 3788 4241
3 4055 3724 3916
3 4438 4186 3641
3 4379 3791 4608
3 4900 3569 4122
3 4381 3728 4380
3 2686 4381 5515
3 3920 3793 3859
3 3986 3920 4313
3 4247 3918 4058
3 4736 4613 3571
3 3923 4446 3988
3 3923 4124 4191
3 4504 3358 4388
3 4125 4128 4386
3 3925 4314 3989
3 4252 3989 4314
3 4450 3801 3648
3 3575 3801 4450
3 4255 4389 4131
3 4255 4132 4389
3 3927 4133 3737
3 4132 4255 4134
3 4318 3738 4135
3 4392 4134 3928
3 4258 3863 4391
3 4394 4135 3739
3 3992 3652 4259
3 4680 3510 3654
3 4453 4680 3654
3 3653 4454 3929
3 3654 3994 4453
3 4326 3930 3995
3 4196 4136 3931
3 4136 4196 4328
3 4261 3660 4067
3 3997 4262 4066
3 3997 4000 4262
3 4069 4198 4001
3 4200 3935 4141
3 4074 4144 4143
3 4075 4077 4202
3 3875 4144 4078
3 4076 4203 4145
3 4009 4145 4077
3 4463 4632 3811
3 3529 4401 4337
3 3598 4266 4205
3 4085 3882 4206
3 3819 4014 4465
3 4152 4267 4206
3 3945 4339 4207
3 4207 3821 3881
3 4269 3883 4156
3 3821 4341 4270
3 4272 3821 4270
3 4269 4156 3884
3 4404 4154 4271
3 3885 4269 3884
3 3756 4268 4209
3 3756 4209 4347
3 4158 4211 3465
3 4350 3888 4212
3 4160 4020 4090
3 4089 4160 4090
3 4089 4161 4160
3 4160 4159 4020
3 4161 4091 4160
3 4092 4161 3606
3 4410 4018 3891
3 4160 4091 4274
3 4091 4092 4275
3 4092 3606 4275
3 4410 3891 4472
3 3950 4023 4412
3 4093 4214 3678
3 4526 4095 3950
3 4029 3893 4218
3 4478 3894 4219
3 4218 4760 4029
3 4030 4029 4760
3 3257 4219 3833
3 4355 3688 4581
3 4221 4417 3955
3 4417 3956 3955
3 4034 4357 3958
3 4282 4097 4482
3 4823 4098 4168
3 4170 4099 3694
3 4224 4420 4036
3 3902 4283 4170
3 4284 3267 4422
3 4423 3707 4488
3 4229 4104 4366
3 4229 3965 4104
3 4368 4105 3965
3 4292 4039 4290
3 4535 3841 3842
3 4660 3341 3966
3 4230 3774 4232
3 3967 4426 4231
3 3776 3487 4231
3 4370 3776 4231
3 3711 3776 4370
3 4294 3775 3714
3 4106 4371 4108
3 3907 4897 4296
3 3845 4788 4665
3 3849 4296 4297
3 4237 4177 4115
3 4113 4237 4115
3 4115 4116 4236
3 4115 4178 4114
3 4178 4113 4114
3 4113 4178 4118
3 4178 4115 4179
3 4115 4236 4179
3 4116 4179 4236
3 5033 4110 3911
3 4300 3976 4111
3 4178 4180 4118
3 4180 4179 4118
3 4300 4304 4120
3 4120 4118 4117
3 3787 4495 3852
3 3912 4494 3978
3 4183 4052 4240
3 4306 3983 4671
3 4434 4306 4671
3 4793 3569 4672
3 4732 3857 5094
3 3857 4673 4122
3 4313 3920 3859
3 3571 3987 4736
3 4551 3921 4248
3 4613 4060 3571
3 4385 3923 4191
3 3988 4387 4251
3 3358 4192 4388
3 4194 4386 4128
3 4314 4062 4448
3 4386 4194 4193
3 4252 4448 4062
3 4128 4253 4194
3 4253 4128 4129
3 3575 4450 3990
3 4131 4389 4317
3 4133 3927 4316
3 4316 3927 4317
3 4391 3863 4133
3 3991 4324 4392
3 4319 4259 4256
3 4259 3652 4256
3 4555 3510 4680
3 4326 3929 4454
3 3995 3929 4326
3 4328 4065 4136
3 4260 4456 4067
3 4261 4067 4510
3 4068 4066 4262
3 4262 4000 4137
3 4139 4263 4006
3 4263 4072 4006
3 4201 4200 4202
3 4203 4142 4201
3 4203 4201 4202
3 4203 4202 4145
3 4145 4202 4077
3 4078 4144 4334
3 4146 4078 4685
3 4463 3665 4081
3 3944 4082 4399
3 4082 4149 4399
3 4336 4150 4012
3 4083 4013 4989
3 4084 3878 4519
3 4085 4206 4266
3 3819 4465 4268
3 4154 4404 4153
3 4207 4341 3821
3 4338 4086 4155
3 4343 4155 4016
3 4343 4016 3948
3 4208 4343 3948
3 3758 4345 4208
3 4158 3949 4210
3 3949 4272 4210
3 4210 4211 4158
3 4346 4017 4018
3 4346 4018 4468
3 4211 4411 4023
3 4160 4213 4159
3 4351 4352 4088
3 4213 4160 4274
3 4212 4024 4214
3 4159 4273 4093
3 4213 4274 4159
3 4275 3606 4215
3 4274 4091 4275
3 4352 4216 4094
3 4276 3952 3761
3 4415 4278 3952
3 4028 4477 4416
3 4353 3894 4478
3 3895 4030 4354
3 4279 3895 4527
3 4032 4356 4164
3 3958 4167 3957
3 4099 4419 4169
3 4531 3900 4101
3 4036 4420 4421
3 4036 4421 3961
3 4487 3902 3961
3 3961 4225 4487
3 5348 3552 4284
3 4227 4226 3771
3 4365 4039 3963
3 4775 4590 4172
3 4289 3772 4228
3 4289 4228 4652
3 4290 4039 4365
3 3965 4229 4367
3 4367 4368 3965
3 3170 4592 4706
3 4489 3966 4706
3 4655 3964 3556
3 4106 4294 4371
3 4598 3558 4174
3 4176 3780 4598
3 3968 3843 4664
3 4598 3780 3558
3 3715 3908 3844
3 3974 3782 4663
3 4234 4294 3714
3 4538 4177 4299
3 4238 4178 4179
3 4118 4237 4113
3 4238 4180 4178
3 4180 4238 4179
3 4048 4496 3911
3 4119 4495 3787
3 4240 3913 4051
3 4240 4053 3913
3 3983 4306 3980
3 4435 4241 4183
3 4437 3725 4241
3 3916 4188 4606
3 4242 3725 4437
3 4438 3642 5156
3 4439 2271 3098
3 4307 3186 4607
3 4377 3011 4378
3 3985 4848 4608
3 4727 3284 4793
3 3986 4611 4057
3 3921 4551 4058
3 3923 4385 4446
3 4615 4385 4191
3 3736 5163 4126
3 3796 3860 4195
3 3924 4679 3800
3 3926 4805 4801
3 3860 3862 4195
3 4906 4617 2933
3 3648 3800 4449
3 4450 3648 4449
3 4134 4390 4132
3 4391 4133 4316
3 4393 4257 4258
3 4256 4258 4257
3 4394 3739 3992
3 3992 4259 4622
3 4064 3930 4326
3 4064 4326 4396
3 4196 3996 4327
3 4457 4198 4069
3 4459 4198 4458
3 4198 4329 4138
3 4068 4262 4199
3 4330 4262 4137
3 4199 4262 4330
3 4330 4137 4200
3 4330 4201 4199
3 4004 4072 4397
3 4199 4201 4142
3 4140 4199 4142
3 4201 4330 4200
3 4144 4074 4332
3 4398 4078 4334
3 4398 4685 4078
3 4147 4567 4568
3 4147 4264 4567
3 4335 4079 4265
3 3942 4568 4080
3 4147 4568 3942
3 4399 4149 4150
3 4012 4400 4336
3 4571 3815 4337
3 4402 4266 4206
3 4086 4338 4152
3 4340 4207 4339
3 4341 4207 4340
3 4466 4153 4404
3 4339 4153 4466
3 4209 4268 4342
3 4209 4342 4344
3 4210 4469 4211
3 3826 4578 4088
3 4410 4468 4018
3 4351 4088 4578
3 4023 4411 4412
3 4214 4093 4273
3 4273 4159 4274
3 4412 4526 3950
3 4473 4274 4275
3 4579 3828 4095
3 4096 4218 3893
3 4527 3895 4354
3 4355 4581 4479
3 4032 3956 4356
3 4165 4482 4097
3 3837 3900 4531
3 4099 4170 4359
3 4484 4100 4418
3 4170 4486 4359
3 4225 3961 4421
3 4486 4170 4283
3 4283 3902 4487
3 4283 4487 4774
3 3705 4103 4881
3 2992 3336 4037
3 4364 4285 4424
3 4285 4226 4286
3 4287 4285 4286
3 4226 4227 4286
3 4285 4287 4227
3 4227 4288 4286
3 4288 4227 4287
3 4366 3772 4289
3 4593 3556 4491
3 3904 3774 4596
3 4370 4231 4369
3 3711 4661 4040
3 4716 4663 4041
3 3777 4298 4233
3 4107 4044 3974
3 4107 3974 5143
3 4428 4042 4110
3 4600 4109 4177
3 4111 4108 4372
3 4299 4177 4237
3 4111 4372 4300
3 4300 4372 4539
3 4237 4302 4301
3 4299 4237 4301
3 4181 4540 4298
3 4303 4302 4237
3 4303 4237 4118
3 3911 4496 5033
3 3852 4495 4239
3 3977 4724 4433
3 3722 4668 4542
3 3722 4305 4668
3 4305 3980 4306
3 4435 4183 4436
3 4497 4186 4438
3 5804 2366 4187
3 4188 3789 4307
3 4607 3010 4377
3 3985 4189 5231
3 5231 4848 3985
3 3727 3792 4498
3 3919 3917 4544
3 3570 3500 4123
3 4127 3795 4743
3 4124 4249 4616
3 3924 4060 4738
3 4504 4250 3425
3 3800 4679 4449
3 4390 4389 4132
3 4451 3738 4318
3 4319 4320 4393
3 4322 4321 4320
3 4256 4322 4320
3 4322 4256 4257
3 4321 4257 4320
3 4257 4321 4323
3 4323 4393 4258
3 4323 4258 4744
3 4744 4258 4391
3 4323 4322 4257
3 4623 3581 3999
3 3996 4064 4327
3 4197 3805 4455
3 4069 4261 4457
3 4459 4329 4198
3 4072 4138 4397
3 4397 4138 4329
3 4331 4002 3138
3 4334 4332 4333
3 4332 4462 4333
3 4462 4517 4333
3 4146 4518 3940
3 4148 4632 4204
3 4570 3944 4399
3 5246 4336 4400
3 4084 4519 4862
3 4151 4084 4688
3 4402 4206 4267
3 4465 4403 4268
3 4403 4342 4268
3 4344 4342 4573
3 4576 4270 4341
3 4406 4271 4408
3 4349 4344 4406
3 4407 4210 4272
3 4349 4406 4408
3 4347 4209 4348
3 4209 4344 4348
3 4469 4210 4409
3 4348 4344 4349
3 4578 4347 4348
3 3888 4350 4577
3 4525 4411 4211
3 3826 4347 4578
3 4471 4214 4273
3 4215 4413 4275
3 4352 4476 4216
3 4215 3951 4413
3 4413 3951 4580
3 4276 4216 4476
3 3952 4276 4414
3 3952 4414 4415
3 4280 4528 4480
3 4221 4280 4480
3 4417 4221 4480
3 4167 4483 4033
3 4224 4033 4483
3 4763 4034 3837
3 4763 3837 4531
3 4359 4419 4099
3 4485 4484 4533
3 4225 4421 4773
3 3962 4485 4361
3 3962 4361 3963
3 4425 4226 4364
3 4286 4362 4287
3 4286 4363 4362
3 4364 4363 4288
3 4288 4363 4286
3 4288 4287 4364
3 4364 4287 4362
3 4227 3771 4884
3 4365 3963 4361
3 4038 4589 4936
3 4775 3484 4490
3 4654 4291 4173
3 4593 4491 4595
3 4717 4293 4292
3 4714 4426 4233
3 4661 3711 4370
3 4716 4041 4175
3 3968 4232 3906
3 5082 4042 4428
3 4664 3843 4176
3 4371 4372 4108
3 4373 4374 4299
3 4374 4429 4430
3 4373 4301 4430
3 4429 4373 4430
3 4373 4299 4301
3 4302 4430 4301
3 4304 4300 4539
3 4374 4373 4303
3 4373 4302 4303
3 4431 4373 4429
3 4373 4431 4302
3 4540 4181 4239
3 4118 4120 4432
3 4182 3721 5682
3 4304 5090 4120
3 4048 3851 4723
3 4724 3977 4182
3 5302 3183 3567
3 4436 4183 4240
3 4184 4055 4959
3 4055 3916 4606
3 4308 3855 4899
3 4792 4309 3726
3 4310 3790 4244
3 3727 4498 4544
3 4900 4122 4673
3 4382 4444 4311
3 4444 4383 4312
3 4444 4312 4311
3 3857 4732 4673
3 4311 4312 4384
3 4311 4384 4382
3 4312 4383 4384
3 4313 4850 4611
3 4611 3986 4313
3 4246 4550 4123
3 4550 3570 4123
3 4191 4124 4615
3 4615 4124 4447
3 4447 4124 4616
3 4973 3862 4451
3 4554 4317 4389
3 4506 4316 4317
3 4507 4134 4392
3 4321 4319 4393
3 4393 4320 4257
3 4322 4395 4321
3 4064 4396 4327
3 4196 4327 4624
3 4196 4624 4328
3 4455 4065 4328
3 4260 4557 4456
3 4626 4510 4067
3 4457 4261 4510
3 4198 4457 4458
3 4397 4329 4460
3 4074 4004 4461
3 4144 4332 4334
3 4631 4517 4462
3 3940 4518 4687
3 4570 4569 3944
3 4633 4634 3813
3 4569 4463 4081
3 3813 4634 4010
3 3815 4571 4400
3 4688 4084 4862
3 4520 4266 4402
3 4464 4402 4267
3 4637 4014 4572
3 4689 4267 4751
3 4751 4267 4152
3 4403 4573 4342
3 4339 4466 4340
3 4575 4340 4466
3 4466 4404 4522
3 4338 4155 4343
3 4406 4344 4523
3 4271 4406 4404
3 4270 4467 4272
3 4407 4272 4467
3 4271 4157 4346
3 4346 4408 4271
3 4470 4349 4408
3 3886 4577 4345
3 4468 4408 4346
3 4525 4211 4469
3 4348 4349 4470
3 4643 4351 4578
3 4273 4473 4471
3 4473 4273 4274
3 4352 4351 4475
3 4579 4472 3828
3 4474 4579 4095
3 4474 4095 4526
3 4277 4757 3951
3 3951 4757 4580
3 4414 4276 4476
3 4416 4162 4028
3 4353 4759 3953
3 4760 4354 4030
3 3257 4644 4219
3 3257 4355 4644
3 4583 4222 4584
3 4584 4222 3896
3 4165 4281 4698
3 5203 3958 4357
3 4224 4483 4420
3 4419 4532 4169
3 4771 4586 4171
3 4422 4169 4770
3 4534 4283 4774
3 3706 2992 4037
3 4364 4226 4285
3 4363 4424 4362
3 4363 4364 4424
3 4364 4362 4425
3 4425 4362 4424
3 4172 3484 4775
3 4488 3841 4535
3 4655 3556 4593
3 4659 3842 4597
3 4292 4787 4717
3 3773 4660 4175
3 4231 4426 4536
3 4948 3842 4040
3 4175 4427 4716
3 4719 3779 4293
3 3907 4950 4897
3 4537 4176 4598
3 4234 3779 4719
3 4667 3718 4721
3 4296 4897 4297
3 4233 4298 4601
3 4600 4177 4538
3 4294 4234 4492
3 4371 4294 4492
3 4371 4492 4372
3 3846 5504 3721
3 3853 3849 4297
3 4374 4430 4299
3 4602 4047 4235
3 4538 4299 4430
3 4303 4429 4374
3 4429 4303 4431
3 4604 4118 4432
3 3978 4494 4235
3 3850 3495 4541
3 4306 4434 4305
3 5093 4671 4497
3 4308 4791 4243
3 4791 4189 4243
3 4849 4672 3569
3 4849 3569 4900
3 5095 2849 3919
3 4548 4380 4247
3 4443 4442 4441
3 4444 4382 4441
3 4442 4444 4441
3 4444 4442 4445
3 4443 4441 4445
3 4384 4444 4445
3 4384 4441 4382
3 4384 4445 4441
3 4444 4384 4383
3 4313 3859 4549
3 3795 3570 4743
3 4742 4387 3988
3 4802 3736 4251
3 4679 3924 4618
3 3926 4801 4254
3 4805 4130 4971
3 4973 4195 3862
3 4507 4390 4134
3 4318 4135 4394
3 4319 4256 4320
3 4319 4321 4395
3 4393 4323 4321
3 4392 4324 4508
3 4976 4394 3992
3 4454 3993 4325
3 5049 4326 4454
3 4909 3994 4623
3 4624 4625 4328
3 4625 4455 4328
3 4260 4556 4681
3 4557 4260 4681
3 4513 4458 4511
3 4458 4513 4459
3 4329 4459 4460
3 4004 4397 4461
3 4397 4561 4461
3 4332 4074 4461
3 4332 4461 4462
3 4334 4565 4398
3 4398 4565 4685
3 3940 4687 4264
3 4081 3944 4569
3 4013 4010 4634
3 4570 4399 4150
3 4635 4401 4520
3 4520 4401 4205
3 4205 4266 4520
3 4402 4464 4520
3 4573 4523 4344
3 4404 4406 4522
3 4523 4522 4406
3 4576 4405 4270
3 4467 4270 4405
3 5195 4343 4208
3 5195 4208 4345
3 4409 4210 4640
3 4410 4524 4468
3 4214 4641 4212
3 4025 4162 4277
3 4277 4162 4416
3 4217 4027 4994
3 4477 3953 4759
3 4478 4219 4644
3 4646 4222 4583
3 4481 4584 3896
3 4529 4223 4166
3 4482 4165 4698
3 5002 4167 3958
3 4483 4167 5002
3 4699 4358 4035
3 4100 4282 4418
3 4421 4650 4773
3 4283 4534 4486
3 5062 3705 4881
3 4360 4423 4651
3 4424 4285 4227
3 4366 4289 4591
3 3964 4653 4228
3 4654 4173 4105
3 4292 4290 4787
3 4535 3842 4659
3 4231 4536 4369
3 4597 3842 4948
3 4599 4370 4369
3 4599 4661 4370
3 4666 4234 4719
3 4295 4046 4843
3 4601 4298 4540
3 4539 4372 4492
3 4603 4302 4431
3 4603 4430 4302
3 4604 4431 4303
3 4604 4303 4118
3 5507 4049 3720
3 4432 4120 5090
3 4051 3183 5302
3 4435 4436 4670
3 3567 4184 5455
3 4605 4241 4435
3 4725 4959 4055
3 4185 4186 4497
3 4437 4241 4605
3 4792 3726 4310
3 3497 4190 4729
3 4499 4500 4442
3 4499 4442 4443
3 4500 4445 4442
3 4190 4056 4611
3 4443 4445 4501
3 4443 4501 4499
3 4445 4500 4501
3 4548 4247 5233
3 5233 4247 4058
3 4552 3357 4061
3 4616 4503 4447
3 5463 4553 4126
3 5164 4249 4250
3 3924 4739 4618
3 4619 4194 4253
3 4743 4129 4127
3 2933 4315 4906
3 4389 4390 4505
3 4554 4389 4505
3 4620 4451 4318
3 4621 4390 4507
3 4506 4391 4316
3 4317 4554 4506
3 4259 4319 4622
3 4555 4508 4324
3 4981 4455 4625
3 4456 4626 4067
3 4458 4457 4509
3 4509 4457 4510
3 4509 4682 4458
3 4512 4513 4511
3 3999 4002 5052
3 4459 4513 4559
3 4460 4459 4559
3 4397 4460 4561
3 4461 4561 4462
3 4462 4515 4516
3 4334 4333 4517
3 4516 4631 4462
3 4913 4265 4204
3 4013 4634 4989
3 4336 4570 4150
3 4810 4400 4571
3 4571 4337 4635
3 4337 4401 4635
3 4689 4464 4267
3 4465 4750 4403
3 4573 4574 4523
3 4523 4521 4522
3 4692 4466 4522
3 4210 4407 4640
3 4408 4468 4524
3 4472 4524 4410
3 4412 4411 4755
3 4755 4411 4525
3 4471 4641 4214
3 4816 4579 4474
3 4027 4278 4994
3 4760 4218 4917
3 4760 4997 4354
3 4644 4355 4479
3 4280 4645 4528
3 3956 4417 4582
3 3956 4582 4585
3 4356 3956 4585
3 4697 3897 4529
3 4356 4648 4698
3 4164 4356 4698
3 4166 4649 4529
3 4281 4164 4698
3 4649 4166 4098
3 5002 3958 5203
3 4764 4168 4358
3 4420 4483 5544
3 4699 4765 4358
3 4770 4169 4532
3 5012 4284 4422
3 5063 4284 5012
3 4103 4588 5207
3 5065 4425 4424
3 4365 4361 4702
3 4703 4591 4289
3 4937 4703 4289
3 4367 4229 4366
3 4705 3964 4655
3 4174 4291 4654
3 4369 4536 4715
3 4536 4426 4714
3 4232 3968 4664
3 4661 4948 4040
3 4714 4233 4662
3 3969 4107 5142
3 4119 3910 5031
3 4492 4234 4666
3 3846 3844 5504
3 4604 4603 4431
3 5507 3720 4493
3 3912 3853 4722
3 4494 3912 4722
3 5507 5452 4049
3 4723 4050 4433
3 4668 4305 4434
3 4671 4669 4434
3 4121 4543 5037
3 4242 4437 4960
3 4245 3497 4729
3 5096 4245 4729
3 4546 4545 4500
3 4546 4500 4499
3 4545 4547 4500
3 4499 4501 4547
3 4499 4547 4546
3 4501 4500 4547
3 4313 4677 4850
3 4799 4611 4850
3 4961 4313 4549
3 5233 4058 4551
3 4613 4738 4060
3 4736 3987 4059
3 4737 4446 4385
3 3988 4446 4737
3 4447 4503 4615
3 3988 4737 4742
3 4741 4193 4194
3 4192 4617 5105
3 4388 4192 5105
3 4314 4905 4803
3 4803 4252 4314
3 4130 4193 4741
3 4315 4972 4906
3 4855 4254 4854
3 4621 4505 4390
3 4391 4506 5401
3 4622 4319 4452
3 4319 4395 4452
3 4322 4323 4744
3 4395 4322 4744
3 4857 4507 4392
3 5049 4396 4326
3 4260 4197 4556
3 4910 4456 4557
3 4509 4510 4626
3 4458 4682 4511
3 4627 4511 4682
3 4627 4512 4511
3 4513 4512 4558
3 4628 4558 4512
3 4559 4513 4558
3 4563 4562 4560
3 4983 4002 4331
3 4630 4562 4563
3 4462 4561 4564
3 4561 4630 4564
3 4746 4514 4564
3 4462 4564 4514
3 4746 4515 4514
3 4515 4462 4514
3 4515 4858 4516
3 4146 4685 4686
3 5332 4146 4686
3 4518 4146 4809
3 4747 4079 4335
3 4632 4748 4204
3 3813 4749 4633
3 4519 4083 4989
3 4811 4151 4688
3 4465 4014 4637
3 4403 4750 4573
3 4574 4521 4523
3 4521 4574 4638
3 4522 4521 4692
3 4575 4466 4692
3 4341 4575 4693
3 4340 4575 4341
3 4405 4753 4467
3 4753 4639 4467
3 4467 4639 4407
3 4640 4407 4639
3 4641 4350 4212
3 4642 4470 4408
3 4348 4470 4578
3 4408 4524 4642
3 4579 4524 4472
3 4471 4473 4695
3 4351 4643 4870
3 4475 4351 4870
3 4916 4473 4275
3 4916 4275 4413
3 4476 4352 4475
3 4475 4871 4476
3 4163 4758 4096
3 4528 4761 4480
3 4584 4696 4583
3 4585 4582 4647
3 4031 3897 4697
3 4823 4649 4098
3 4698 4874 4482
3 5487 5203 4357
3 4530 4699 4035
3 4533 4484 4880
3 4935 4359 4486
3 5062 4101 4102
3 4589 3706 5555
3 4424 4227 4884
3 4423 4488 4831
3 4787 4290 4704
3 4781 4775 4490
3 4594 4593 4595
3 4490 3904 4596
3 4175 4660 4427
3 4717 4719 4293
3 5143 3974 4663
3 4844 4662 4233
3 4109 4600 4721
3 4540 4845 4601
3 4046 3850 4541
3 4494 4602 4235
3 5089 4495 4119
3 4496 4048 4723
3 4959 5455 4184
3 4669 4668 4434
3 5154 4725 4055
3 4671 4185 4497
3 5305 4308 4899
3 4310 4244 4726
3 4728 4379 4608
3 4728 3792 4379
3 4728 4498 3792
3 5514 4544 4498
3 4610 4609 4545
3 4610 4545 4546
3 4609 4547 4545
3 4546 4547 4612
3 4546 4612 4610
3 4547 4609 4612
3 3859 3287 4549
3 3570 4550 4963
3 4248 5043 4551
3 3924 4738 4739
3 5164 4250 4504
3 5106 3796 4195
3 4800 4504 4388
3 4741 4194 4619
3 4804 4314 4448
3 4448 4252 4803
3 4129 4743 4253
3 4856 4450 5400
3 3990 4450 4856
3 4975 4554 4505
3 4452 4395 4744
3 4327 4396 4624
3 4681 4807 4557
3 4627 4628 4512
3 4629 4558 4628
3 4559 4558 4629
3 4460 4559 4561
3 4561 4559 4629
3 4629 4560 4562
3 4561 4629 4562
3 4561 4562 4630
3 4630 4563 4683
3 4683 4564 4630
3 4334 4517 4565
3 3746 4079 4986
3 4987 4264 4687
3 4463 4569 5053
3 4635 4520 4636
3 4863 4572 4151
3 4636 4520 4464
3 4465 4637 4750
3 4750 4690 4573
3 4691 4692 4521
3 4638 4691 4521
3 4915 4338 4343
3 4576 4753 4405
3 4640 4754 4409
3 4754 4469 4409
3 4755 4525 4469
3 4815 4578 4470
3 4579 4642 4524
3 4471 4695 4641
3 4695 4473 4817
3 4580 4756 4413
3 4414 4476 4871
3 4096 4758 4917
3 4354 4997 4527
3 4761 4528 4645
3 4220 4222 4819
3 4417 4480 4761
3 4222 4646 4819
3 5487 4357 4034
3 4764 4823 4168
3 4359 4878 4419
3 4587 4771 4171
3 4772 4485 4533
3 4487 4225 4773
3 4102 3705 5062
3 5349 4037 5348
3 4361 4485 4701
3 4103 5207 4881
3 4588 3554 4425
3 5065 4588 4425
3 3706 4037 4882
3 3771 4590 4884
3 4423 4831 4830
3 4365 4702 4704
3 4937 4289 4652
3 4704 4290 4365
3 4706 4592 4833
3 4653 3964 4705
3 4704 5074 4787
3 4838 4837 4655
3 4657 4593 4658
3 4711 4657 4658
3 4593 4657 4656
3 4593 4656 4655
3 4594 4658 4593
3 4594 4783 4657
3 4594 4657 4711
3 4596 3774 4230
3 4596 4230 5212
3 4369 4715 4599
3 5607 3908 4295
3 5083 4665 4788
3 4233 4601 4844
3 5607 4295 4843
3 5082 4428 4110
3 4047 5028 4045
3 4492 4666 4846
3 4790 4538 4430
3 5033 5082 4110
3 4539 4957 4304
3 4790 4430 4603
3 4790 4603 4604
3 4239 4495 4958
3 4436 4240 5035
3 4055 4606 5154
3 5155 4497 4438
3 5038 4188 4307
3 4791 5306 4189
3 5232 3643 3856
3 3919 4544 4901
3 3499 2849 5095
3 4674 4609 4610
3 4674 4675 4609
3 4550 4246 4245
3 3287 5613 4903
3 4610 4612 4676
3 4610 4676 4674
3 4612 4609 4675
3 4612 4675 4676
3 4313 4961 4677
3 4677 4678 4850
3 3287 4903 4549
3 4902 4678 4677
3 4737 4385 4615
3 5520 4737 4615
3 4503 4616 4967
3 4742 4251 4387
3 4905 4969 4803
3 4905 4314 4804
3 4801 4854 4254
3 4806 4391 5401
3 4507 4979 4621
3 4453 3994 4909
3 4981 4197 4455
3 4509 4626 4682
3 4627 4745 4628
3 4683 4746 4564
3 6369 4566 4986
3 4748 4913 4204
3 4569 4570 5334
3 4464 5248 4636
3 4689 5248 4464
3 4751 4152 4338
3 4751 4338 4915
3 4693 4575 4692
3 4576 4752 4753
3 4470 4642 4868
3 4817 4473 4916
3 4870 4871 4475
3 4756 4916 4413
3 4415 5339 4278
3 4993 4416 5200
3 4644 4479 4581
3 4280 4527 4918
3 4280 4918 4645
3 5433 4220 4819
3 4761 4645 4919
3 4696 4646 4583
3 4822 4584 4481
3 4923 4481 4031
3 4356 4585 4648
3 4282 4482 4874
3 4765 4764 4358
3 4763 4531 4924
3 4418 4282 5005
3 5006 4530 4934
3 4101 4768 4531
3 4531 4768 4700
3 4531 4700 4766
3 5009 4484 4418
3 4700 4768 4769
3 4878 4359 4935
3 5061 4533 4880
3 5061 4772 4533
3 4768 4101 5062
3 4651 4423 4830
3 4038 4936 4592
3 4832 4368 4367
3 4831 4488 4535
3 4654 4105 4368
3 4706 4777 4489
3 4707 4655 4708
3 4709 4707 4708
3 4838 4655 4707
3 4710 4708 4656
3 4656 4708 4655
3 4783 4838 4707
3 4783 4656 4657
3 4710 4707 4709
3 4707 4710 4656
3 4658 4712 4711
3 4713 4712 4594
3 4594 4712 4658
3 4783 4707 4656
3 4594 4786 4783
3 4713 4594 4711
3 4715 4536 4714
3 4720 4894 4718
3 4716 4896 4663
3 4844 4714 4662
3 4842 4720 4718
3 4537 5148 4176
3 4842 4789 4720
3 4665 5085 3910
3 4602 5028 4047
3 4845 4844 4601
3 4955 4600 4538
3 4957 4539 4492
3 4958 4540 4239
3 4604 4432 5034
3 4051 5035 4240
3 5302 3567 5455
3 4960 4187 4242
3 3855 3984 4899
3 5511 4309 4792
3 3856 4727 5232
3 4380 5157 4381
3 2686 5515 5094
3 4730 4674 4676
3 4674 4730 4731
3 4674 4731 4675
3 4730 4676 4733
3 4733 4676 4731
3 4731 4676 4675
3 4797 4798 4549
3 4734 4678 4902
3 4850 4678 4735
3 4735 4678 4734
3 4735 4734 4852
3 4551 5160 5233
3 4853 4738 4613
3 4614 4503 4502
3 4614 5102 4503
3 5106 4248 3796
3 4971 4130 4741
3 4803 4804 4448
3 4451 4620 4973
3 4318 4394 4620
3 4975 4505 4621
3 4976 3992 4622
3 4624 4396 5050
3 4625 4624 5050
3 4681 4556 5051
3 5114 4197 4981
3 4807 5186 4557
3 5188 4626 4456
3 4745 4627 4911
3 5052 4002 4983
3 4563 4808 4683
3 5242 4331 4684
3 4516 4858 4912
3 4518 4985 4687
3 4264 4987 4567
3 4747 4986 4079
3 4861 4080 4568
3 5053 4632 4463
3 4989 4634 4988
3 4862 4519 4989
3 4811 4863 4151
3 4638 4574 4812
3 4573 4812 4574
3 4573 4690 4812
3 4691 4813 4692
3 4341 4693 4576
3 4576 4693 4752
3 4693 4864 4752
3 4639 4753 4814
3 4639 4866 4640
3 4866 4867 4640
3 4350 4694 4577
3 5196 4350 4641
3 4755 4469 4754
3 4815 4470 4868
3 4815 4643 4578
3 4474 4526 4816
3 4868 4642 4990
3 4642 4579 4990
3 4916 4756 4818
3 4415 4414 5339
3 4217 5199 4163
3 4477 4759 4995
3 4759 4353 4478
3 4759 4478 4644
3 4644 4581 4996
3 4918 4527 4997
3 4872 4762 4820
3 4649 4697 4529
3 5004 5005 4282
3 4531 4766 4825
3 4766 4700 4767
3 4826 4766 4767
3 4767 4700 4769
3 4419 4879 4532
3 4934 4586 4771
3 4828 4766 4768
3 4769 4768 4766
3 4769 4766 4826
3 4934 4530 4586
3 5011 4486 4534
3 4534 4774 5013
3 4487 4773 5064
3 5348 4284 5063
3 4939 4228 4653
3 4367 4591 4703
3 4776 4706 4833
3 4778 4776 4777
3 4780 4778 4777
3 4706 4778 4779
3 4778 4706 4776
3 4780 4706 4779
3 4780 4777 4706
3 4655 4837 5137
3 4890 4489 4777
3 4708 4838 4709
3 4782 4838 4710
3 4710 4838 4708
3 5138 4490 4596
3 4783 4710 4709
3 4838 4783 4709
3 4783 4782 4710
3 4712 4784 4711
3 4785 4784 4713
3 4713 4784 4712
3 4784 4786 4711
3 4713 4711 4785
3 4785 4711 4786
3 4594 4595 4786
3 5286 4786 4491
3 4598 4174 4654
3 4895 4717 4787
3 4491 3969 5142
3 4599 4948 4661
3 4720 4949 4894
3 4715 4841 4599
3 4599 4841 4840
3 5148 4664 4176
3 5027 5025 4600
3 4956 4846 4719
3 5027 4600 4955
3 5090 4304 4957
3 5089 4958 4495
3 4182 5682 5453
3 4433 4724 5382
3 4847 4051 5302
3 5092 4669 4671
3 4898 4671 5093
3 4960 4437 4605
3 5231 4189 5306
3 4795 4794 4730
3 4794 4733 4731
3 4794 4731 4730
3 4245 5040 4550
3 4795 4730 4733
3 4796 4795 4733
3 4797 4796 4733
3 4795 4796 4794
3 4798 4797 4733
3 4799 4850 4851
3 4797 4549 4796
3 4851 4850 4735
3 5396 3570 4963
3 4614 4502 4965
3 6081 4059 4552
3 4967 4502 4503
3 4615 4503 5102
3 4251 4742 4802
3 5170 4618 4739
3 5047 4253 4743
3 4679 4618 5170
3 4449 5400 4450
3 4974 4973 4620
3 5323 4622 4452
3 4907 5323 4452
3 4392 4508 5113
3 4454 4325 5112
3 4681 5051 4980
3 5114 4556 4197
3 4910 4557 5186
3 4982 4626 5188
3 4627 4682 4911
3 4629 4628 4745
3 4560 4629 5115
3 4563 4560 5115
3 4808 4984 4746
3 4858 4515 4746
3 4516 4912 4631
3 4859 4565 4517
3 4517 4631 4860
3 4809 4146 5332
3 4518 4809 4985
3 4335 4265 5480
3 4080 4861 5770
3 5480 4265 4913
3 4634 5245 4988
3 5246 4400 4810
3 5335 4571 4635
3 4812 4914 4638
3 4914 4691 4638
3 4865 4752 4864
3 4753 4752 4865
3 4814 4753 5057
3 4866 4639 4814
3 4867 4754 4640
3 5428 4350 5196
3 4579 4816 4869
3 5252 4870 4643
3 4992 4756 4580
3 4416 4477 5200
3 5200 4477 4995
3 4218 4096 4917
3 4581 4220 5433
3 4417 4761 4582
3 4920 4646 4696
3 4647 4582 4820
3 4872 4820 4999
3 4762 4647 4820
3 4872 4821 4762
3 4647 4762 5000
3 4923 4822 4481
3 4647 5126 4585
3 4648 4585 5126
3 4648 5001 4698
3 4927 4531 4876
3 4420 5544 6049
3 4827 4826 4767
3 4766 4828 4825
3 4769 4829 4767
3 4826 4828 4768
3 4768 4829 4826
3 4829 4769 4826
3 4879 4419 4878
3 4770 4532 4879
3 4587 5060 4771
3 5010 4485 4772
3 5206 4587 4360
3 4534 5013 5011
3 4701 4485 5010
3 4702 4361 4701
3 4704 4702 4938
3 4884 4590 4885
3 4886 4885 4590
3 4937 5015 4703
3 4939 5016 4652
3 4652 4228 4939
3 4367 4366 4591
3 4592 5017 4833
3 4705 4655 5211
3 5211 4655 5137
3 4940 4890 4776
3 4776 4890 4777
3 4835 4834 4778
3 4835 4778 4780
3 4834 4836 4779
3 4834 4779 4778
3 4780 4836 4835
3 4780 4779 4836
3 4838 4782 4837
3 4785 4783 4784
3 4783 4786 4784
3 4785 4786 5286
3 4786 4595 4491
3 4716 4427 4660
3 4948 5023 4597
3 4230 4232 4664
3 4598 4654 5677
3 4718 4894 4947
3 4947 4839 4718
3 5141 4896 4716
3 4717 4895 4719
3 5086 4842 4718
3 3844 3908 5504
3 5083 5085 4665
3 5084 4788 4045
3 4841 4715 4714
3 4721 4600 5220
3 4600 5025 5220
3 3910 5085 5031
3 4845 5029 4844
3 4846 4666 4719
3 4843 4046 4541
3 5089 4119 5031
3 4846 4956 4957
3 3853 5380 4722
3 4958 4845 4540
3 5380 3853 4297
3 5028 4602 4494
3 5034 4790 4604
3 5298 5033 4496
3 4722 5226 4494
3 5090 5034 4432
3 5383 4542 4668
3 5304 4606 5038
3 5038 4307 4607
3 4899 3984 4376
3 4791 4308 5305
3 4244 3643 5232
3 4901 4544 5158
3 4549 4798 4961
3 4902 4677 4961
3 4734 4902 4964
3 4852 4734 4964
3 4735 5041 4851
3 4904 4735 5099
3 5099 4735 4852
3 4743 3570 5396
3 4853 4966 4738
3 4736 4059 6081
3 5044 4502 4967
3 4615 5102 5520
3 4616 4249 5164
3 4967 4616 5164
3 4504 5045 5164
3 4800 5045 4504
3 4970 5105 5045
3 4388 5105 4970
3 5105 4617 4969
3 4388 4970 4800
3 4804 4803 4969
3 4854 4801 4805
3 5171 5047 4743
3 4452 4744 4907
3 4907 4744 4978
3 4508 4555 4908
3 5184 4857 4392
3 4680 4908 4555
3 4908 4680 5469
3 5050 4396 5049
3 4623 3999 5052
3 4910 5188 4456
3 4683 4808 4746
3 4685 5116 4686
3 4565 4859 4685
3 5189 4685 4859
3 4860 4631 4912
3 4568 4567 4987
3 4861 4568 4987
3 4570 5246 5334
3 5246 4570 4336
3 4688 4862 4811
3 4637 4572 5249
3 4637 5249 4750
3 5194 4751 4915
3 5057 4753 4865
3 4915 4343 5195
3 4694 5337 4577
3 4694 4350 5428
3 5120 5252 4643
3 4991 4818 4756
3 4756 4992 4991
3 4757 4993 4580
3 4277 4993 4757
3 4919 5125 4761
3 4819 4646 4920
3 4820 4582 4998
3 4872 4873 4821
3 4696 4584 4921
3 4584 4822 4921
3 4762 4821 5000
3 4647 5000 5126
3 4031 4697 4923
3 4697 4649 4823
3 5487 4034 4763
3 5205 4823 4764
3 4874 5004 4282
3 4924 4531 4875
3 4927 4875 4531
3 4876 4931 4927
3 5008 5007 4931
3 5005 5009 4418
3 4876 4531 4825
3 4933 4876 4825
3 4827 4877 4826
3 4825 4828 4877
3 4825 4877 4933
3 4828 4826 4877
3 4829 4827 4767
3 5009 4880 4484
3 5060 4587 5206
3 5346 4772 5061
3 5785 4421 4420
3 5491 4360 4651
3 5207 4588 5130
3 5555 3706 4882
3 4883 4702 4701
3 5065 4424 4884
3 4652 5016 4937
3 4886 4590 4775
3 5209 4367 4703
3 5074 4704 4938
3 4939 4653 4705
3 4887 5019 4775
3 4831 4535 4888
3 4892 4891 4834
3 4892 4834 4835
3 4891 4893 4836
3 4891 4836 4834
3 4890 4889 4946
3 4489 4890 4946
3 4890 4945 4889
3 4835 4836 4893
3 4835 4893 4892
3 4887 4775 4781
3 4535 4659 4888
3 4782 4783 4785
3 4837 4782 4785
3 4660 3966 4946
3 5141 4660 5075
3 5023 4659 4597
3 4948 4599 4951
3 4720 4954 4949
3 5086 4718 4839
3 4895 4952 4719
3 3908 5607 5504
3 4951 4840 5218
3 5084 4045 5028
3 4841 4714 4844
3 4954 4720 4789
3 4842 4954 4789
3 4667 4721 5378
3 4297 4897 5147
3 4952 4956 4719
3 4955 4538 4790
3 4492 4846 4957
3 5873 3721 5504
3 4494 5226 5028
3 4541 3495 5452
3 5035 4051 4847
3 4898 5092 4671
3 5155 5611 4497
3 8216 2272 4439
3 4606 4188 5038
3 4380 4548 5157
3 5095 3919 4901
3 5613 3499 5095
3 4796 4549 4903
3 4799 4851 4962
3 4962 4851 5159
3 4851 5041 5159
3 5041 4735 4904
3 5099 4852 5097
3 5044 4965 4502
3 5463 4126 5163
3 5166 4248 5106
3 5167 5045 5105
3 4906 4969 4617
3 4972 4315 4855
3 5106 4195 4973
3 4554 5172 4506
3 5314 4976 4622
3 4978 4744 4391
3 5184 4507 4857
3 5184 4979 4507
3 4392 5113 5184
3 5113 4508 4908
3 4680 4453 5469
3 5473 4909 4623
3 4807 4681 4980
3 4629 4745 5115
3 4686 5116 5332
3 4860 4859 4517
3 4571 5335 5247
3 5054 4635 4636
3 5054 4636 5248
3 4572 4863 5249
3 5426 5248 4689
3 4690 5055 4812
3 5056 4914 4812
3 4691 5483 4813
3 4814 5057 5058
3 5337 4345 4577
3 4695 4817 5196
3 4816 4526 4412
3 4990 4579 4869
3 5120 4643 4815
3 4991 4916 4818
3 4993 4992 4580
3 5339 4414 5121
3 4277 4416 4993
3 5198 4993 5200
3 4994 5199 4217
3 5124 4645 4918
3 5255 4645 5124
3 4999 4820 4998
3 4821 4873 4922
3 5059 4921 4822
3 5000 4821 4922
3 4698 5001 4874
3 5205 5127 4823
3 5258 4764 4765
3 5003 4765 4699
3 4875 4926 4925
3 4924 4875 4925
3 4824 4925 4926
3 4927 4926 4875
3 4925 4928 4927
3 4927 4928 4926
3 4824 4926 4928
3 4876 4932 4929
3 4931 4876 4929
3 5006 4699 4530
3 4930 4931 4929
3 4876 4933 4932
3 4930 4932 4933
3 4930 4933 4877
3 4931 4930 4877
3 4878 5721 4879
3 4935 5345 4878
3 5129 5062 5347
3 5062 4881 5347
3 4487 5064 4774
3 5013 4774 5551
3 5066 5065 4884
3 4702 5014 4938
3 4830 4831 5266
3 5016 5067 4937
3 4885 4886 5018
3 5017 4592 4936
3 4886 5019 5018
3 4886 4775 5019
3 4887 5070 5019
3 4887 4781 5070
3 4940 4941 4890
3 4945 4943 4942
3 4891 4892 4942
3 4943 4891 4942
3 4893 4891 4943
3 4889 4941 4946
3 4944 4945 4941
3 4889 4944 4941
3 4945 4890 4941
3 4893 4942 4892
3 4945 5022 4889
3 5022 4944 4889
3 5022 4945 4942
3 4490 5138 4781
3 5137 4837 4785
3 4895 4787 5074
3 5138 4596 5498
3 5137 4785 5286
3 5023 4888 4659
3 4596 5212 5498
3 4716 4660 5141
3 5076 4894 4949
3 4895 5024 4953
3 4953 5024 4949
3 4895 4953 4952
3 4954 4953 4949
3 4537 4598 5677
3 5084 5081 4788
3 4788 5081 5083
3 4107 5143 5142
3 4839 5217 5086
3 4952 4953 5030
3 4842 5026 4954
3 4952 5030 4956
3 4841 4844 5029
3 4958 5029 4845
3 4723 4433 5609
3 5035 4847 5091
3 5035 4670 4436
3 4670 5035 5454
3 5036 4542 5736
3 5736 4542 5383
3 4669 5092 4668
3 4375 5036 5736
3 4899 4376 5737
3 4244 5232 4726
3 4728 4608 5387
3 4544 5514 5039
3 4544 5039 5158
3 4852 4964 5309
3 5160 4551 5043
3 5097 4852 5309
3 5042 4613 4736
3 5100 4614 4965
3 5162 4743 5396
3 4739 4738 4966
3 5166 5043 4248
3 5045 5167 5164
3 5163 3736 4802
3 4968 5045 4800
3 4800 4970 4968
3 4969 5169 4804
3 5521 4325 4856
3 4974 4620 4394
3 5401 4506 5172
3 5172 4554 4975
3 5179 4975 4621
3 5179 4621 4979
3 4978 4391 4806
3 4453 4909 5470
3 5050 4981 4625
3 5116 4685 5189
3 5243 4859 4860
3 4987 4687 4985
3 4748 4632 5118
3 4913 4748 5118
3 4749 4080 5770
3 4634 4633 5245
3 4810 4571 5247
3 5424 5054 5248
3 5426 4689 4751
3 4812 5193 5056
3 5119 4692 4813
3 4693 4692 5119
3 5058 4866 4814
3 5195 4345 5337
3 4412 4755 5717
3 5121 4414 4871
3 5254 4760 4917
3 4997 4760 5254
3 4997 5124 4918
3 5255 4919 4645
3 4582 4761 4998
3 4761 5125 4998
3 4872 4999 4873
3 5126 5001 4648
3 5204 4697 4823
3 4765 5003 5258
3 4925 4824 4928
3 5006 5003 4699
3 4927 4931 5007
3 4932 5007 4929
3 4929 5008 4930
3 5007 5008 4929
3 5009 5005 5259
3 4932 4930 5008
3 4931 4877 5008
3 5489 4829 4768
3 4877 4932 5008
3 4827 4829 4932
3 4877 4827 4932
3 5060 5128 4771
3 5128 4934 4771
3 4768 5062 5129
3 4774 5064 5551
3 4651 4830 5351
3 5134 5066 4885
3 4885 5066 4884
3 4938 5014 5132
3 5136 4938 5132
3 5132 5134 4885
3 5136 5132 4885
3 5136 4885 5018
3 5016 4939 5068
3 4832 4367 5209
3 5071 4941 4940
3 5071 5020 4941
3 4943 4945 5071
3 5072 5021 5071
3 4943 5021 4893
3 5021 4943 5071
3 4946 4941 5020
3 5020 5071 4945
3 4944 5020 4945
3 5021 5022 4942
3 5021 4942 4893
3 3966 4489 4946
3 5024 4895 5074
3 5139 5076 5024
3 5212 4230 4664
3 5079 5023 4948
3 5024 5076 4949
3 5293 4896 5141
3 5079 4948 4951
3 4599 4840 4951
3 4537 5677 5148
3 4721 5220 5378
3 5030 4953 4954
3 5029 4840 4841
3 5223 5026 4842
3 5223 4842 5086
3 5032 4955 4790
3 3721 5873 5682
3 5031 5088 5089
3 5150 5090 4957
3 4724 4182 5453
3 4724 5453 5382
3 4435 4670 5454
3 5092 5383 4668
3 4898 5385 5092
3 6679 4375 5736
3 5611 5093 4497
3 5946 3098 5804
3 5612 4377 4378
3 5570 4378 4309
3 4792 4310 5386
3 5386 4310 4726
3 4727 4793 5512
3 4794 4796 4903
3 4798 4733 5308
3 4611 4799 4962
3 5040 4245 5096
3 5040 4963 4550
3 5099 5310 4904
3 5099 5097 5098
3 5044 5098 4965
3 5101 5161 4737
3 5044 5099 5098
3 5102 4614 5100
3 4742 4737 5161
3 5163 4802 6084
3 5105 4969 4905
3 5045 5046 4970
3 5046 5045 4968
3 5169 4905 4804
3 5169 4969 4906
3 4619 4253 5047
3 4449 4679 5399
3 5400 4449 5399
3 4977 5107 5109
3 5109 5108 4977
3 4806 5523 4978
3 4978 5108 5111
3 5109 4907 5111
3 5466 5048 5468
3 4907 4978 5111
3 5112 4325 5521
3 5185 4980 5051
3 5114 5051 4556
3 4682 5187 4911
3 5115 4745 5416
3 4983 4331 5421
3 4984 4858 4746
3 4912 4858 5117
3 5332 5116 5422
3 5189 4859 5243
3 5480 4747 4335
3 4633 4749 5190
3 5245 4633 5190
3 5249 5191 4750
3 5193 5055 5192
3 4812 5055 5193
3 5650 4751 5194
3 4867 4866 5058
3 5846 4755 4754
3 5196 4641 4695
3 4816 4412 5251
3 4992 4993 5122
3 5341 4278 5339
3 4995 4759 5201
3 4581 5433 4996
3 5433 4819 4920
3 5343 4920 5594
3 5434 4999 4998
3 5848 5594 5850
3 5000 4922 5202
3 5204 4923 4697
3 4924 4925 4927
3 5488 4927 5007
3 5435 4880 5009
3 4486 5011 4935
3 4772 5261 5010
3 5347 4881 5437
3 4588 5065 5130
3 4702 4883 5014
3 5133 5067 5131
3 4830 5266 5351
3 5067 5135 5131
3 5135 5067 5016
3 5015 4937 5067
3 5016 5068 5135
3 4831 5069 5266
3 4831 4888 5069
3 5441 5353 5283
3 4940 5072 5071
3 5072 5073 5021
3 4781 5273 5070
3 4944 5022 5020
3 5022 5021 5073
3 5075 4660 4946
3 5024 5074 5139
3 4947 4894 5076
3 5077 5140 5078
3 5501 4839 4947
3 5077 5078 5214
3 5501 5080 4839
3 5078 5140 5146
3 5078 5146 5144
3 5140 5295 5146
3 5216 5078 5144
3 4950 5678 4897
3 5080 5217 4839
3 5147 4897 5678
3 5564 5084 5028
3 4840 5029 5218
3 4954 5026 5030
3 5087 5027 4955
3 5032 5087 4955
3 5088 5031 5149
3 5450 5082 5033
3 4956 5150 4957
3 4722 5380 5681
3 4790 5034 5032
3 5609 4433 5382
3 5153 5152 5299
3 5152 5035 5091
3 5153 5035 5152
3 4959 4725 5944
3 4960 4605 5303
3 5385 4898 5093
3 5156 2272 7621
3 4376 4440 5510
3 5612 4378 5570
3 4672 4849 5513
3 5157 5515 4381
3 4190 4611 7626
3 5461 4900 4673
3 4733 4903 5308
3 4733 4794 4903
3 4798 5308 4961
3 5308 5391 4961
3 5157 4548 5233
3 5041 4904 5310
3 5042 5393 4613
3 5462 5097 5309
3 5097 4965 5098
3 5101 5311 5161
3 5312 5099 5044
3 5101 4737 5520
3 4967 5312 5044
3 5161 5311 4742
3 5579 5103 4740
3 5169 5167 5105
3 5103 5165 4740
3 5169 5105 4905
3 5168 5104 5046
3 4968 5103 5168
3 5046 4968 5168
3 4970 5046 5104
3 5104 4968 4970
3 5104 5103 4968
3 4971 4741 5313
3 5171 4743 5162
3 4394 4976 4974
3 4975 5173 5172
3 5523 4806 5401
3 5173 4975 5179
3 5314 4622 5048
3 5174 4977 5108
3 4978 5174 5108
3 4978 5178 5174
3 5178 4978 5523
3 4907 5109 5183
3 5108 5109 5110
3 5110 5111 5108
3 5322 5179 4979
3 5525 4907 5183
3 5181 5183 5109
3 5048 4622 5323
3 5404 4979 5184
3 5897 5404 5184
3 5469 4453 5324
3 5470 4909 5473
3 5407 5051 5325
3 5188 4910 5239
3 4563 5115 5240
3 5240 4808 4563
3 5240 4984 4808
3 5421 4331 5242
3 4984 5241 4858
3 4860 4912 5244
3 5535 5770 4861
3 5480 4913 5118
3 5118 4632 5333
3 5773 5249 4863
3 4690 4750 5055
3 4864 4693 5119
3 5057 4865 5427
3 5058 5057 5427
3 4754 4867 5250
3 5196 4817 5429
3 4869 4816 5197
3 5251 5197 4816
3 5252 4871 4870
3 5120 4815 4868
3 5252 5432 4871
3 5432 5121 4871
3 4992 5122 5340
3 4993 5123 5122
3 5123 4993 5198
3 4994 4278 5341
3 4758 4163 5199
3 5201 5200 4995
3 5201 4644 4996
3 4920 5343 5433
3 4873 4999 5256
3 5850 4696 4921
3 5486 4873 5256
3 4922 4873 5486
3 4822 5543 5059
3 5257 5002 5203
3 5002 5257 4483
3 5204 4823 5127
3 4764 5258 5205
3 5488 4763 4924
3 5489 5488 4932
3 4932 4829 5489
3 5260 4934 5128
3 5346 5261 4772
3 4935 5011 5857
3 5261 5547 5010
3 5547 5262 5010
3 5207 5437 4881
3 5135 5208 5131
3 4589 5555 4936
3 5015 5067 5267
3 4832 5209 5210
3 5357 5019 5070
3 4940 4776 4833
3 4654 4368 5372
3 5069 4888 5283
3 5074 5358 5139
3 5284 5365 5282
3 5283 4888 5023
3 5290 5214 5078
3 5295 5140 5213
3 5216 5290 5078
3 4896 5293 4663
3 5083 5081 5294
3 5083 5145 5085
3 5085 5145 5149
3 5027 5219 5025
3 5087 5219 5027
3 5380 4297 5147
3 5031 5085 5149
3 5218 5029 5297
3 5026 5222 5030
3 5223 5222 5026
3 5030 5222 5150
3 5225 5088 5149
3 4956 5030 5150
3 5150 5151 5090
3 5034 5224 5032
3 5681 5226 4722
3 5454 5035 5153
3 5303 4605 4435
3 4725 5154 5944
3 5154 4606 5610
3 5610 4606 5304
3 5511 5570 4309
3 5572 4726 5232
3 5805 5513 4900
3 5461 4673 4732
3 4963 5040 5307
3 5159 5041 5619
3 5041 5310 5392
3 5393 4853 4613
3 5042 4736 6081
3 4965 5097 5462
3 5100 4965 5462
3 4966 4853 5395
3 6081 4552 4061
3 5463 5163 5622
3 5312 4967 5164
3 5168 5103 5579
3 6084 4802 5581
3 4742 5741 4802
3 5169 4906 4972
3 4679 5170 5813
3 5521 4856 5814
3 5403 4977 5174
3 5107 5236 5180
3 5175 5234 5174
3 5109 5182 5110
3 5176 5110 5182
3 5110 5177 5111
3 5110 5176 5177
3 5177 5176 5175
3 5174 5177 5175
3 5177 5178 5234
3 5177 5174 5178
3 5181 5109 5180
3 5182 5111 5177
3 5182 5109 5111
3 5182 5177 5234
3 5113 4908 5469
3 5049 4454 5112
3 5050 5405 5406
3 5409 5050 5406
3 5114 5325 5051
3 5185 5326 4980
3 4981 5050 5328
3 4981 5328 5114
3 4980 5415 4807
3 5329 5415 4980
3 4623 5052 5901
3 5239 4910 5186
3 4682 4626 4982
3 4911 5758 4745
3 5052 4983 5759
3 5116 5189 5331
3 5117 5244 4912
3 4860 5244 5243
3 5333 4632 5053
3 4569 5334 5053
3 5246 4810 5247
3 5247 5335 5536
3 5119 4813 5483
3 4694 5428 5337
3 4817 4916 5430
3 4868 4990 5539
3 5539 4990 4869
3 4992 5340 4991
3 5123 5253 5122
3 5341 5199 4994
3 5201 4759 4644
3 5254 4917 4758
3 5254 5124 4997
3 5125 4919 5485
3 5719 4921 5059
3 5486 5202 4922
3 5543 4822 4923
3 5000 5658 5126
3 4924 4927 5488
3 5488 5007 4932
3 5006 4934 5260
3 5259 5435 5009
3 4879 6112 4770
3 5345 5721 4878
3 5063 5012 6318
3 5550 5491 4651
3 4701 5010 4883
3 5551 5064 5492
3 4882 5349 5729
3 5014 4883 5264
3 5066 5350 5263
3 5066 5263 5065
3 5014 5264 5132
3 5494 5133 5131
3 5208 5494 5131
3 5134 5350 5066
3 5438 5440 5133
3 5133 5440 5067
3 5208 5135 5265
3 5554 5351 5266
3 6190 5135 5068
3 5069 5353 5266
3 4939 4705 5672
3 5018 5019 5136
3 4938 5136 5358
3 5074 4938 5358
3 5273 5357 5070
3 5072 4940 5073
3 5211 5274 5359
3 5211 5137 5280
3 5280 5279 5277
3 4946 5020 5073
3 5073 5020 5022
3 5282 5280 5137
3 5284 5282 5137
3 5287 5140 5288
3 5213 5140 5287
3 5077 5288 5140
3 5139 5501 5076
3 5501 4947 5076
3 5283 5023 5373
3 5501 5502 5080
3 5215 5290 5216
3 5079 5373 5023
3 5292 5215 5145
3 5295 5213 5374
3 5294 5292 5083
3 5292 5145 5083
3 5143 4663 5293
3 5375 5217 5080
3 5084 5447 5081
3 5145 5215 5221
3 5215 5216 5221
3 5218 5079 4951
3 5219 5378 5220
3 5144 5146 5379
3 5149 5145 5221
3 5221 5216 5144
3 5087 5224 5296
3 5225 5149 5221
3 5150 5222 5223
3 5150 5223 5151
3 5032 5224 5087
3 5225 5089 5088
3 5227 5090 5151
3 5224 5034 5227
3 5034 5090 5227
3 5091 5229 5152
3 5229 5228 5153
3 5299 5229 5153
3 5228 5229 5091
3 5228 5091 5230
3 4440 4121 5037
3 4960 5804 4187
3 5386 4726 6003
3 5572 6003 4726
3 4608 4848 5387
3 5513 4849 4900
3 5157 5573 5515
3 5619 5041 5392
3 5160 5043 5394
3 5309 4964 5618
3 5312 5310 5099
3 5954 4553 5463
3 5104 5398 5103
3 5234 5403 5174
3 5179 5321 5173
3 5180 5109 5107
3 5182 5315 5176
3 5176 5234 5175
3 5234 5176 5235
3 5183 5236 5525
3 5180 5236 5319
3 5180 5237 5181
3 5180 5319 5237
3 5237 5182 5238
3 5237 5319 5315
3 5182 5234 5235
3 5182 5235 5238
3 5183 5319 5236
3 5181 5237 5238
3 5050 5049 5405
3 5051 5407 5185
3 5408 5185 5407
3 5325 5114 5413
3 5050 5409 5328
3 4980 5326 5329
3 5326 5637 5329
3 5415 5186 4807
3 5476 5239 5186
3 5188 5239 4982
3 5421 5759 4983
3 5115 5417 5419
3 5240 5115 5419
3 5479 4858 5241
3 5331 5189 5423
3 5479 5244 5117
3 4809 6034 4985
3 6167 4986 5769
3 4747 5769 4986
3 4987 5535 4861
3 5481 5480 5118
3 4988 5245 5910
3 5335 4635 5054
3 5191 5249 5774
3 5426 4751 5650
3 5119 5483 5537
3 5716 4864 5119
3 5716 5119 5537
3 4865 4864 5427
3 5427 4864 5716
3 5538 5195 5337
3 5846 4754 5250
3 5428 5196 5429
3 4916 4991 5430
3 5431 5197 5251
3 4869 5197 5539
3 5120 5338 5252
3 5201 5342 5200
3 4996 5342 5201
3 4996 5433 5342
3 5542 5255 5124
3 4919 5255 5485
3 5485 4998 5125
3 4999 5434 5344
3 5004 4874 5001
3 5128 5060 5490
3 5061 4880 5435
3 5261 5346 5436
3 5206 4360 5491
3 5492 5064 4773
3 5010 5262 4883
3 4882 4037 5349
3 5130 5065 5263
3 5264 5662 5132
3 5132 5662 5134
3 5439 5208 5265
3 5067 5440 5267
3 5352 5266 5353
3 4833 5017 5557
3 5271 5269 5210
3 5268 5210 5269
3 4832 5210 5268
3 5272 5270 5271
3 5268 5271 5270
3 5356 5271 5268
3 5210 5272 5271
3 5671 4368 4832
3 5372 4368 5671
3 5274 5211 5275
3 5276 5274 5275
3 5359 5274 5277
3 5361 5359 5277
3 5277 5276 5278
3 5277 5274 5276
3 5275 5211 5277
3 5360 5278 5361
3 5211 5280 5277
3 5277 5281 5282
3 5281 5277 5279
3 5280 5282 5281
3 5367 5363 5282
3 5361 5277 5282
3 5285 5284 5137
3 4946 5073 5866
3 5273 5138 5674
3 5285 5137 5286
3 5868 5498 5212
3 5214 5290 5605
3 5215 5289 5290
3 6000 4491 5142
3 5079 5291 5373
3 5872 5212 4664
3 5675 5294 5447
3 5374 5448 5295
3 4042 5082 5999
3 5081 5447 5294
3 5447 5084 5564
3 5296 5217 5375
3 5025 5219 5220
3 5606 5082 5680
3 5607 4843 5566
3 5296 5377 5087
3 5377 5219 5087
3 5217 5296 5086
3 5379 5221 5144
3 5296 5223 5086
3 5221 5379 5225
3 5296 5224 5381
3 5029 4958 5297
3 5381 5223 5296
3 5227 5151 5381
3 5450 5033 5298
3 5225 5297 5089
3 5297 4958 5089
3 5227 5381 5224
3 5874 4541 5452
3 5299 5152 5300
3 5300 5152 5229
3 5300 5229 5301
3 5228 5301 5153
3 5230 5300 5301
3 5228 5230 5301
3 5300 5230 5091
3 5300 5091 4847
3 5301 5454 5153
3 4959 5456 5455
3 5384 5383 5092
3 5944 5456 4959
3 5092 5385 5384
3 4543 4375 6679
3 5155 4438 5156
3 4440 5037 5510
3 5232 4727 5512
3 4498 4728 5879
3 4729 4190 7626
3 5096 4729 5953
3 5389 5391 5308
3 5519 5160 5394
3 5393 5395 4853
3 5395 5580 4966
3 5165 5884 4740
3 4739 4966 5580
3 5167 5169 5464
3 5104 5168 5398
3 5582 5166 5106
3 5626 5047 5171
3 5813 5399 4679
3 5106 4973 5582
3 6013 4973 4974
3 5401 5172 5815
3 5314 5048 5466
3 5107 4977 5467
3 5172 5173 5321
3 5315 5235 5176
3 5235 5315 5316
3 5317 5235 5316
3 5317 5178 5318
3 5317 5234 5178
3 5317 5403 5234
3 5318 5178 5523
3 5182 5237 5315
3 5315 5319 5238
3 5320 5316 5315
3 5238 5320 5315
3 5320 5235 5317
3 5320 5238 5235
3 5320 5317 5318
3 5319 5183 5181
3 5319 5181 5238
3 5112 5521 5818
3 5697 4907 5525
3 5632 5184 5113
3 5474 5406 5472
3 5408 5326 5185
3 5474 5409 5406
3 5325 5413 5410
3 5410 5413 5409
3 5411 5409 5413
3 5409 5411 5327
3 5328 5409 5327
3 5412 5328 5327
3 5586 4911 5187
3 5419 5417 5418
3 5117 4858 5479
3 5477 5422 5116
3 5423 5478 5331
3 5243 5423 5189
3 4809 5332 5645
3 4684 4566 6369
3 5649 5714 5247
3 5191 5336 4750
3 5055 4750 5336
3 5336 5482 5055
3 5483 4691 4914
3 5250 4867 5913
3 5251 4412 5717
3 5252 5338 5432
3 5432 5339 5121
3 5340 5122 5253
3 5484 5254 5199
3 4758 5199 5254
3 5485 5255 5542
3 4999 5344 5256
3 4483 5257 5544
3 5004 5001 5980
3 6112 5922 4770
3 5490 5260 5128
3 5489 4768 5545
3 4422 4770 6252
3 5206 5490 5060
3 5547 5548 5262
3 5550 4651 5351
3 5493 5437 5207
3 5207 5599 5493
3 5130 5599 5207
3 5552 5130 5263
3 5550 5351 5554
3 5662 5665 5350
3 5134 5662 5350
3 5495 5555 5730
3 5556 5266 5352
3 5269 5354 5268
3 5355 5354 5271
3 5271 5354 5269
3 4832 5268 5270
3 5356 5354 5270
3 5272 5356 5270
3 5356 5268 5354
3 5356 5355 5271
3 5272 5355 5356
3 5210 5209 5272
3 5353 5069 5283
3 5136 5019 5560
3 5275 5359 5276
3 5359 5275 5360
3 5360 5275 5278
3 5275 5277 5278
3 5361 5278 5276
3 5359 5361 5276
3 5362 5361 5280
3 5280 5361 5279
3 5361 5363 5281
3 5279 5361 5281
3 5363 5361 5282
3 5281 5363 5280
3 5363 5362 5280
3 5282 5365 5364
3 5367 5282 5364
3 5367 5284 5368
3 5370 5367 5368
3 5367 5365 5284
3 5366 5367 5364
3 5367 5366 5365
3 5284 5285 5368
3 5367 5370 5285
3 5370 5369 5285
3 5285 5369 5368
3 5273 4781 5138
3 5445 5285 5286
3 5496 5283 5373
3 5371 5496 5373
3 5499 5286 4491
3 5213 5287 5371
3 5677 4654 5372
3 5371 5373 5291
3 5213 5371 5374
3 5292 5289 5215
3 5374 5371 5291
3 4950 3907 5999
3 5676 5142 5143
3 5375 5376 5377
3 5291 5079 5449
3 5296 5375 5377
3 5503 5148 5677
3 5079 5218 5449
3 5377 5376 5219
3 5295 5565 5146
3 5379 5146 5565
3 5566 4843 4541
3 5297 5449 5218
3 5379 5451 5225
3 5151 5223 5381
3 5299 5454 5301
3 5299 5301 5229
3 5300 5569 5299
3 5303 4435 5454
3 4607 4377 5612
3 5306 4791 5571
3 6010 4901 5158
3 5095 4901 6010
3 5389 5308 5388
3 5308 5390 5388
3 4962 5159 5688
3 5312 5578 5310
3 5394 5043 5166
3 5162 5396 5171
3 5164 5167 5578
3 5169 5397 5464
3 5581 4802 5741
3 5579 5690 5168
3 5398 5465 5165
3 5103 5398 5165
3 5168 5690 5398
3 5313 4741 4619
3 4854 4805 4971
3 4974 4976 5742
3 5815 5172 5629
3 5402 5467 4977
3 4977 5403 5402
3 5694 5466 5468
3 5316 5403 5317
3 5403 5318 5402
3 5629 5172 5321
3 5403 5316 5320
3 5403 5320 5318
3 5322 5321 5179
3 5404 5322 4979
3 4907 5697 5323
3 4453 5470 5324
3 5527 5470 5473
3 5407 5526 5408
3 5472 5325 5410
3 5410 5474 5472
3 5412 5411 5410
3 5409 5412 5410
3 5411 5413 5414
3 5327 5411 5412
3 5328 5414 5413
3 5414 5328 5412
3 5413 5114 5328
3 5476 5186 5415
3 5187 4682 5528
3 4982 5239 5476
3 4682 4982 5823
3 5240 5419 5590
3 4984 5240 5241
3 5478 5533 5331
3 5711 5645 5332
3 6034 4809 5645
3 4985 6034 6166
3 4987 4985 6166
3 6369 4986 6167
3 5769 4747 5480
3 5118 5333 5481
3 5333 5646 5481
3 5053 5647 5333
3 5647 5053 5648
3 5245 5190 5910
3 5334 5648 5053
3 5714 5246 5247
3 5247 5536 5649
3 6099 4811 4862
3 5335 5054 5424
3 5482 5192 5055
3 5192 5482 5425
3 6102 5194 4915
3 5538 4915 5195
3 5845 5058 5427
3 4867 5058 5913
3 4755 5846 5717
3 5430 4991 5777
3 5338 5120 5592
3 5123 5652 5253
3 5652 5123 5198
3 5200 5342 5198
3 5541 5484 5199
3 5484 5593 5254
3 5124 5254 5593
3 5124 5593 5542
3 4998 5485 5434
3 4920 4696 5594
3 5594 4696 5850
3 5658 5000 5202
3 5001 5126 5658
3 5854 5258 5003
3 5005 5004 5921
3 5259 5005 5856
3 6252 4770 5922
3 5435 5546 5061
3 4650 4421 5785
3 5857 5011 5859
3 5549 4773 4650
3 5595 5545 5347
3 5011 5661 5859
3 5661 5011 5013
3 5013 5551 5661
3 5264 4883 5262
3 5665 5263 5350
3 5494 5208 5439
3 5133 5494 5601
3 5438 5133 5601
3 4936 5555 5495
3 5352 5353 5670
3 5209 4703 5731
3 5017 4936 5495
3 5671 4832 5270
3 5671 5270 5354
3 4940 4833 5557
3 5992 4705 5211
3 5136 5560 5358
3 5283 5496 5441
3 5560 5019 5357
3 5992 5211 5359
3 5360 5361 5362
3 5366 5443 5442
3 5363 5442 5362
3 5365 5442 5364
3 5366 5442 5365
3 5442 5363 5367
3 5442 5444 5364
3 5444 5442 5367
3 5444 5443 5366
3 5364 5444 5366
3 5368 5444 5370
3 5444 5368 5443
3 5446 5443 5369
3 5369 5443 5368
3 5445 5367 5285
3 5444 5445 5370
3 5445 5444 5367
3 5445 5446 5370
3 5446 5369 5370
3 5446 5445 5286
3 5287 5288 5561
3 5371 5287 5497
3 5604 5501 5139
3 5500 5289 5292
3 5290 5289 5605
3 5872 4664 5148
3 5294 5675 5292
3 3907 4042 5999
3 5562 5376 5375
3 5505 5374 5291
3 5505 5448 5374
3 5449 5505 5291
3 5448 5565 5295
3 5082 5450 5680
3 5147 5563 5380
3 5564 5028 5608
3 5506 5449 5297
3 5451 5297 5225
3 5297 5451 5506
3 5609 5298 4496
3 5736 5383 5876
3 6135 5456 5944
3 5685 5093 5611
3 5305 5571 4791
3 4848 5231 6759
3 6591 4728 5387
3 4793 4672 5513
3 4732 5094 5461
3 5516 5458 5457
3 5388 5460 5459
3 5457 5388 5459
3 5389 5388 5457
3 5458 5389 5457
3 5389 5459 5460
3 5389 5458 5459
3 5308 4903 5390
3 5388 5390 5460
3 5460 5391 5389
3 5952 4961 5391
3 5952 4902 4961
3 5573 5157 5233
3 5809 5159 5619
3 4963 6009 5396
3 5620 5519 5394
3 5620 5394 6214
3 5393 5811 5395
3 4740 5884 5579
3 5578 5312 5164
3 5311 5741 4742
3 4739 5580 5170
3 5692 5397 5169
3 5885 5398 5690
3 4855 4854 5625
3 4976 5314 5583
3 5695 5107 5467
3 5696 5321 5322
3 5048 5323 5468
3 5632 5897 5184
3 5049 5112 5698
3 5469 5324 5633
3 5407 5472 5526
3 5405 5471 5406
3 5406 5471 5472
3 5325 5472 5407
3 5475 5410 5411
3 5474 5410 5475
3 5475 5412 5409
3 5475 5409 5474
3 5475 5411 5414
3 5475 5414 5412
3 4682 5823 5528
3 5187 5639 5586
3 5530 5330 5529
3 5330 5530 5532
3 5589 5330 5532
3 5418 5420 5419
3 5590 5419 5420
3 5641 5479 5241
3 5478 5642 5533
3 5477 5707 5422
3 5533 5477 5116
3 5533 5116 5331
3 5422 5711 5332
3 5534 5423 5479
3 5423 5244 5479
3 5243 5244 5423
3 5424 5772 5335
3 5425 5193 5192
3 4914 5977 5483
3 5776 5429 4817
3 4991 5340 5777
3 5539 5197 5651
3 5592 5120 4868
3 5339 5540 5341
3 5341 5540 5541
3 5541 5199 5341
3 5652 5198 5342
3 5342 5433 5654
3 5434 5485 5653
3 5433 5343 5654
3 5204 5543 4923
3 5487 4763 5488
3 5544 5257 6047
3 5004 5980 5921
3 5854 5003 5006
3 5435 5259 5659
3 5546 5346 5061
3 4768 5129 5545
3 4650 5785 5549
3 5545 5129 5347
3 5492 4773 5549
3 5596 5347 5437
3 5264 5262 5724
3 5551 5492 5598
3 5263 5665 5552
3 5555 4882 5729
3 5266 5556 5554
3 5668 5556 5352
3 4703 5015 6116
3 5017 5495 5557
3 5602 5670 5353
3 5441 5602 5353
3 5068 4939 5672
3 5559 5496 5371
3 5372 5671 6260
3 5559 5371 5497
3 5560 5357 5603
3 5362 5442 5443
3 5357 5273 5674
3 5733 5139 5358
3 5446 5286 5499
3 5075 4946 5866
3 5141 5075 5933
3 5561 5288 5734
3 5288 5077 5734
3 5077 5214 5605
3 5499 4491 6000
3 5676 5143 5293
3 5998 5375 5502
3 5375 5998 5562
3 5999 5082 5606
3 5562 5219 5376
3 5378 5219 5562
3 5147 5678 5563
3 5506 5505 5449
3 5565 5567 5379
3 5379 5567 5451
3 5942 4493 4667
3 5568 5450 5298
3 4496 4723 5609
3 5453 5683 5382
3 5569 5454 5299
3 5509 5383 5384
3 5385 5509 5384
3 4960 5803 5804
3 9202 5156 7621
3 4728 6591 5879
3 6205 5158 5039
3 5517 5516 5457
3 5516 5518 5458
3 5457 5459 5517
3 5459 5458 5518
3 5459 5518 5517
3 7626 4611 6141
3 5952 5460 5390
3 5040 5096 5953
3 5233 5160 5519
3 5392 5310 5578
3 5520 5102 5621
3 5171 5396 5624
3 5813 5170 5691
3 4976 5583 5628
3 5742 4976 5628
3 5743 5815 5629
3 5522 5583 5314
3 5523 5886 5318
3 5402 5318 5886
3 5886 5467 5402
3 5236 5107 5525
3 5322 5404 5696
3 5751 5323 5697
3 5324 5470 5633
3 5700 5585 5526
3 5636 5526 5634
3 5635 5526 5472
3 5472 5471 5635
3 5636 5326 5408
3 5638 5187 5528
3 4982 5476 5823
3 5187 5638 5639
3 5416 5417 5115
3 5587 5529 5330
3 5417 5588 5418
3 5531 5418 5588
3 5531 5420 5418
3 5420 5531 5330
3 5330 5589 5420
3 5641 5240 5590
3 5241 5240 5641
3 5422 5905 5711
3 5840 5645 5712
3 4987 6166 5535
3 5648 5334 5246
3 5714 5648 5246
3 6099 4862 4989
3 5772 5424 5975
3 4863 4811 5773
3 5482 5336 5715
3 5191 5774 5336
3 6375 4914 5056
3 5483 5977 5537
3 6102 4915 5538
3 5197 5431 5651
3 5592 4868 5539
3 5338 5591 5432
3 5591 5338 5592
3 5339 5432 5540
3 5540 5432 5591
3 5540 5593 5541
3 5593 5540 5485
3 5484 5541 5593
3 5593 5485 5542
3 5652 5342 5654
3 5655 5344 5434
3 5256 5344 5656
3 5486 5256 5657
3 5850 4921 5719
3 5543 5719 5059
3 5852 5203 5487
3 5203 5852 5257
3 5257 5852 5782
3 5658 5980 5001
3 5783 5127 5205
3 5856 5005 5921
3 5720 5488 5489
3 5659 5546 5435
3 5857 5345 4935
3 5206 5722 5490
3 5436 5346 5786
3 5546 5786 5346
3 5436 5547 5261
3 6318 5012 6252
3 5595 5347 5596
3 5789 5063 6318
3 5723 5491 5550
3 5348 5063 5789
3 5549 5597 5492
3 5262 5548 5724
3 5437 5493 5663
3 5551 5598 5600
3 5553 5601 5494
3 5439 5666 5494
3 5267 5862 5015
3 5355 5272 5209
3 5602 5441 5558
3 5441 5496 5558
3 5558 5496 5559
3 5073 4940 5865
3 5603 5357 5674
3 5733 5358 5560
3 5497 5287 5561
3 5674 5138 5498
3 5933 5075 5866
3 5733 5604 5139
3 5734 5077 5605
3 5500 5292 5675
3 5375 5080 5502
3 5565 5448 5505
3 5506 5565 5505
3 5567 5565 5506
3 5506 5451 5567
3 5681 5380 5941
3 5568 5298 5609
3 5609 5382 5735
3 5300 4847 5569
3 5684 5455 5456
3 5876 5383 5509
3 5508 5802 5385
3 5509 5385 5802
3 5508 5385 5685
3 5510 5037 5945
3 5685 5385 5093
3 7621 2272 8216
3 4376 5510 5737
3 5511 4792 5386
3 5387 4848 6759
3 6272 5232 5512
3 4793 5513 5512
3 5514 4498 5879
3 5575 5574 5516
3 5575 5516 5517
3 5574 5576 5518
3 5574 5518 5516
3 5307 5040 6346
3 5517 5577 5575
3 5517 5518 5576
3 5517 5576 5577
3 4611 4962 6141
3 5461 5805 4900
3 5952 5391 5460
3 5462 5309 6417
3 5621 5102 5100
3 5101 5689 5311
3 5520 5689 5101
3 5395 6083 5580
3 5884 5165 5465
3 5464 5578 5167
3 5885 5465 5398
3 5692 5169 4972
3 5625 4971 5313
3 5623 5692 6689
3 5624 5626 5171
3 5582 4973 6013
3 5524 5584 5522
3 5630 5524 5522
3 5314 5630 5522
3 5816 5314 5466
3 5401 5815 5523
3 5525 5107 5695
3 5113 5469 5699
3 5632 5113 5699
3 5405 5049 5698
3 5408 5526 5636
3 5637 5755 5329
3 5416 4745 5967
3 5587 5330 5531
3 5588 5587 5531
3 5530 5827 5532
3 5423 5641 5708
3 5478 5764 5642
3 5423 5708 5478
3 5423 5534 5641
3 5641 5534 5479
3 5841 5480 5481
3 5333 5647 5646
3 4988 5910 6447
3 5843 5536 5335
3 4811 6099 5773
3 5056 5193 5844
3 5776 4817 5430
3 5592 5539 5779
3 5778 5253 5652
3 5540 5591 5592
3 5592 5779 5540
3 6246 5343 5594
3 5657 5256 5656
3 5780 5486 5918
3 5851 5204 5127
3 5205 5258 5783
3 5487 5488 5781
3 5854 5783 5258
3 5854 5006 5260
3 5721 6112 4879
3 4420 6049 5785
3 5660 5722 5206
3 5660 5206 5491
3 5436 5786 5547
3 5264 5724 5662
3 5437 5663 5596
3 5928 5729 5349
3 5664 5598 5492
3 5663 5493 5599
3 5727 5551 5600
3 5552 5665 5791
3 5130 5552 5599
3 5665 5662 5726
3 5600 5598 5553
3 5553 5666 5600
3 5598 5601 5553
3 5598 5664 5601
3 5553 5494 5666
3 5550 5554 5790
3 5790 5554 5728
3 5556 5728 5554
3 5729 5667 5555
3 5669 5668 5352
3 5557 5495 5793
3 5670 5669 5352
3 5731 4703 6116
3 5671 5209 5731
3 5558 5673 6192
3 5559 5673 5558
3 5992 5359 5360
3 5992 5360 5443
3 5559 5497 5732
3 5732 5497 5561
3 5869 5289 5500
3 5605 5289 5869
3 5293 5141 5795
3 5870 5142 5676
3 4950 5999 5678
3 5679 5378 5562
3 5504 5607 5796
3 5872 5148 6130
3 6001 5607 5566
3 5566 4541 5874
3 5608 5028 5226
3 4667 5799 5942
3 5608 5226 5681
3 4493 5942 5507
3 5508 5685 6074
3 4899 6138 5305
3 5039 5514 6205
3 5616 5615 5614
3 5574 5575 5614
3 5615 5574 5614
3 5574 5615 5617
3 5616 5614 5617
3 5577 5574 5617
3 5577 5614 5575
3 5577 5617 5614
3 5574 5577 5576
3 5158 6205 6010
3 5952 4903 5951
3 6141 4962 5688
3 5390 4903 5952
3 5618 4902 5952
3 5688 5159 5809
3 4963 5307 6009
3 5100 5462 6417
3 6597 5042 6081
3 5520 5621 5689
3 5463 5622 5954
3 5884 5690 5579
3 5692 5464 5397
3 5580 5691 5170
3 5464 5692 5623
3 6013 4974 5742
3 5583 5522 5584
3 5584 5524 5630
3 5696 5629 5321
3 5693 5629 5696
3 5698 5112 5818
3 5699 5469 5633
3 5753 5405 5698
3 5585 5700 5898
3 5471 5405 5753
3 5634 5526 5585
3 5526 5635 5700
3 5635 5471 5754
3 5821 5326 5636
3 5415 5329 5755
3 5476 5415 5822
3 5638 5702 5639
3 5586 5640 5638
3 5586 5639 5640
3 5758 4911 5586
3 4745 5758 5967
3 5416 5967 5902
3 5417 5416 5588
3 5532 5827 5589
3 5706 5420 5760
3 5590 5420 5706
3 5590 5706 5641
3 5764 5478 5708
3 5828 5707 5477
3 5762 5905 5422
3 5642 5710 5533
3 5645 5711 5712
3 5771 5841 5481
3 5771 5481 5646
3 5647 5842 5646
3 6234 4988 6447
3 4989 4988 6234
3 5424 5248 5975
3 5482 5715 5912
3 5912 5425 5482
3 5976 5248 5426
3 5425 5844 5193
3 5845 5427 5716
3 6895 5538 6377
3 5775 5717 5846
3 5915 5651 5431
3 5718 5539 5651
3 5779 5539 5718
3 5540 5779 5653
3 5485 5540 5653
3 5434 5653 5655
3 5344 5655 5656
3 5486 5780 5202
3 5658 5202 5780
3 5783 5919 5127
3 6049 5544 6047
3 5259 5856 5659
3 5923 5260 5490
3 5923 5490 5722
3 5545 5595 5784
3 5547 5786 5788
3 5012 4422 6252
3 5925 5348 5789
3 5349 5348 5925
3 5723 5550 5790
3 5661 5551 5725
3 5492 5597 5664
3 5725 5551 5727
3 5729 5861 5667
3 5730 5555 5667
3 5265 5135 6190
3 5865 4940 5557
3 5932 5372 6260
3 5672 4705 5992
3 5360 5362 5443
3 5073 5865 5866
3 5443 5446 6068
3 6068 5446 5499
3 5498 5868 5674
3 5561 5734 5732
3 5935 5212 5872
3 5676 5293 5795
3 5937 5998 5502
3 5148 5503 6130
3 5503 5939 6130
3 5677 5939 5503
3 5564 5798 5447
3 5608 5798 5564
3 4667 5378 5799
3 5380 5563 5940
3 6337 5450 5568
3 5609 5735 5943
3 7077 8216 4439
3 6137 5304 5038
3 6205 5514 5879
3 5094 5515 7345
3 5686 5615 5616
3 5687 5617 5615
3 5953 4729 6765
3 5616 5617 5686
3 4964 4902 5618
3 5396 6009 6143
3 6083 5395 5811
3 6011 5580 6083
3 5885 5884 5465
3 5741 5311 5689
3 5394 5166 6082
3 6082 5166 5582
3 5623 5578 5464
3 5625 5313 6146
3 5625 4854 4971
3 5624 5627 5626
3 5886 5523 5815
3 5630 5314 5816
3 5584 5630 5888
3 5694 5816 5466
3 5468 5323 5751
3 5819 5897 5632
3 6028 5699 5965
3 5634 5585 6027
3 5701 5470 5527
3 6527 6434 5527
3 5415 5755 5822
3 5704 5702 5703
3 5704 5639 5702
3 5638 5528 6096
3 5703 5702 5705
3 5705 5702 5638
3 5640 5705 5638
3 5704 5705 5640
3 5640 5639 5704
3 6096 5758 5586
3 5826 5827 5530
3 5829 5420 5589
3 5760 5420 5829
3 5829 5589 5828
3 5763 5706 5829
3 5641 5706 5708
3 5833 5706 5763
3 5764 5708 5706
3 5477 5533 5709
3 5533 5710 5709
3 5764 5765 5642
3 5643 5710 5766
3 5710 5643 5644
3 5767 5710 5644
3 5768 5643 5766
3 5712 5711 5838
3 5911 5536 5843
3 5911 5649 5536
3 5843 5335 5772
3 5774 5249 5773
3 5425 5912 6038
3 5058 5845 5913
3 5538 5337 6377
3 5847 5776 5430
3 5847 5430 5777
3 5914 5431 5251
3 5915 5431 5914
3 5777 5340 6041
3 6040 5777 6041
3 6041 5340 5778
3 6246 5654 5343
3 5917 5848 5850
3 5486 5657 5918
3 5543 5204 5851
3 6046 5488 5920
3 5784 5489 5545
3 5784 5595 6051
3 5723 5660 5491
3 5726 5662 5724
3 5549 5984 5597
3 5665 5726 5791
3 5666 5727 5600
3 5667 5792 5730
3 5267 5440 6571
3 5495 5730 5793
3 5015 5862 6116
3 5557 5793 5794
3 5671 5355 5209
3 5671 5354 5355
3 6192 5602 5558
3 5863 5559 5864
3 5864 5559 5732
3 5603 5867 5560
3 5674 5868 5867
3 5996 5677 5372
3 5500 5936 5869
3 5500 5675 5936
3 5937 5502 5501
3 5142 5870 6000
3 5796 5607 5871
3 5798 5675 5447
3 6129 5679 5562
3 5797 5504 5796
3 5799 5378 5679
3 5504 5797 5873
3 5566 5874 6001
3 5874 5452 6339
3 5507 6338 5452
3 5382 5683 5735
3 5569 4847 6270
3 5302 5455 6202
3 5454 6133 5303
3 5455 5684 5875
3 5877 5509 5802
3 6002 5802 5508
3 4899 5737 6075
3 6761 5515 5573
3 4903 5613 6763
3 5739 5738 5687
3 5739 5687 5686
3 5738 5740 5687
3 6276 6009 6346
3 5686 5740 5739
3 5951 4903 6763
3 6212 5519 5620
3 5392 5810 5619
3 6214 6144 5620
3 5954 4061 4553
3 5885 5690 5884
3 6011 5691 5580
3 4972 4855 6147
3 6691 5582 6013
3 4856 5400 6282
3 5743 5629 5887
3 6015 5629 5693
3 5584 5888 5583
3 5630 5816 5745
3 5745 5744 5630
3 5744 5631 5746
3 5747 5744 5746
3 5744 5745 5631
3 5745 5750 5631
3 5746 5745 5747
3 5745 5746 5750
3 5746 5748 5749
3 5748 5746 5631
3 5746 5749 5750
3 5693 5696 5895
3 5752 5632 6028
3 5819 5632 5752
3 6028 5632 5699
3 5585 5898 6027
3 5471 5753 5754
3 5700 5635 5754
3 5820 5700 5754
3 5965 5470 5701
3 5470 5965 5633
3 6096 5528 5900
3 5703 5825 5704
3 5703 5705 5757
3 5703 5757 5756
3 5825 5705 5704
3 5757 5705 5825
3 5586 5638 6096
3 5416 5902 5588
3 5828 5589 5761
3 5706 5760 5829
3 5761 5830 5707
3 5828 5761 5707
3 5829 5709 5763
3 5707 5830 5762
3 5828 5709 5829
3 5706 5833 5831
3 5706 5831 5764
3 5707 5762 5422
3 5477 5709 5828
3 5836 5833 5763
3 5764 5835 5834
3 5763 5709 5836
3 5765 5764 5834
3 5765 5766 5642
3 5709 5710 5767
3 5642 5766 5710
3 5711 5906 5838
3 5644 5837 5767
3 5768 5839 5643
3 5713 5837 5644
3 5713 5644 5643
3 5643 5839 5713
3 5908 5840 5712
3 6230 5770 5535
3 4749 5770 5190
3 5647 5972 5842
3 5972 5647 5648
3 5913 5845 6103
3 6377 5337 5428
3 5250 5913 5846
3 5914 5251 5717
3 5340 5253 5778
3 5654 5778 5652
3 5653 5779 5916
3 5655 5849 5656
3 5917 5850 6107
3 5657 5656 6108
3 5853 5851 5127
3 5919 5853 5127
3 5920 5488 5720
3 5720 5489 5855
3 6182 5856 5921
3 5489 6183 5855
3 5854 5260 5923
3 5786 5546 6388
3 5924 5722 5660
3 5546 6111 6388
3 5660 5723 5924
3 6051 5595 5858
3 5549 5785 5787
3 5858 5595 5596
3 5548 5547 5788
3 6054 5724 5788
3 5724 5791 5726
3 5860 5599 5552
3 5861 5792 5667
3 5556 5989 6058
3 5556 5668 5991
3 5267 6571 5862
3 6190 5068 6119
3 5930 5669 5670
3 5668 5669 5930
3 6118 5670 5602
3 5863 5673 5559
3 6064 5443 6068
3 5674 5867 5603
3 5996 5372 5932
3 5934 5867 5868
3 5141 5933 5795
3 5869 5734 5605
3 5868 5212 5935
3 5501 5604 5937
3 5939 5677 5996
3 5607 6001 5871
3 5681 6132 5608
3 5941 5380 5940
3 5453 5682 5683
3 6270 4847 5302
3 5303 6133 5801
3 6135 5684 5456
3 5877 5876 5509
3 6136 5154 5610
3 4960 5303 5878
3 5945 5037 4543
3 4960 6917 5803
3 6204 5570 5511
3 5231 5306 6590
3 7078 5512 5513
3 5807 5806 5738
3 5807 5738 5739
3 5806 5808 5740
3 5806 5740 5738
3 5739 5740 5808
3 5739 5808 5807
3 6346 5040 5953
3 6206 5573 5233
3 5393 5042 6080
3 5396 6143 6213
3 6145 5811 5393
3 5392 5578 5623
3 5621 6215 5689
3 5400 5399 6012
3 5814 4856 6282
3 5887 5629 6015
3 5888 5628 5583
3 5467 5886 5695
3 5888 5630 5744
3 5817 5749 5745
3 5748 5747 5749
3 5748 5744 5747
3 5749 5747 5745
3 5750 5893 5631
3 5889 5748 5894
3 5748 5631 5894
3 5894 5631 5893
3 5525 5695 6024
3 6025 5698 5818
3 5697 5964 5751
3 5964 6092 5751
3 5753 5698 5896
3 5898 5700 5820
3 5753 5820 5754
3 5699 5633 5965
3 6094 5637 5821
3 5823 5900 5528
3 5825 5756 5824
3 5756 5825 5703
3 5823 5476 6359
3 5757 5824 5756
3 5899 5824 5757
3 5899 5757 5825
3 6365 5587 5588
3 5968 5761 5589
3 5831 5832 5764
3 5833 5834 5831
3 5834 5835 5831
3 5835 5764 5832
3 5905 5762 6295
3 5904 5765 5834
3 5767 5836 5709
3 5767 6163 5836
3 6163 5767 5907
3 5767 5837 5907
3 5242 4684 6296
3 5907 5837 5906
3 5838 5906 5837
3 6033 5839 5768
3 5838 5908 5712
3 6443 5713 5839
3 6296 4684 6369
3 5841 6035 5480
3 5771 5909 5841
3 5771 5646 5909
3 5909 5646 5842
3 5909 5842 5972
3 5648 5714 5972
3 5714 5973 5972
3 5911 5973 5714
3 5911 5714 5649
3 4989 6234 6099
3 5772 5975 5974
3 5844 5425 6038
3 5975 5248 5976
3 5426 5650 5976
3 6104 5847 5777
3 5915 5978 5651
3 5718 5651 5978
3 5779 5718 5978
3 5916 5779 6042
3 5655 5653 5916
3 6106 5655 5916
3 5594 5848 6105
3 5656 5849 6108
3 5918 5657 6108
3 6109 5487 5781
3 6109 5852 5487
3 6046 5781 5488
3 5855 5920 5720
3 5489 6050 6183
3 6111 5659 5856
3 5546 5659 6111
3 6050 5489 5784
3 6251 5345 5857
3 5924 5923 5722
3 5548 5788 5724
3 5596 5663 5858
3 5663 5982 5858
3 5663 5927 5982
3 5791 5724 5926
3 5552 5791 5860
3 5599 5927 5663
3 6571 5440 5438
3 5439 5265 6258
3 5989 5556 5991
3 5865 5557 5794
3 5794 5931 5865
3 5673 6063 6192
3 5864 6061 5863
3 6120 5864 5732
3 5992 5443 6064
3 5560 5867 6124
3 6124 5733 5560
3 5604 5733 5937
3 5936 5675 5997
3 5939 5996 6263
3 5675 5798 5997
3 5676 5938 5870
3 6198 5563 5678
3 5679 6129 5799
3 6132 5798 5608
3 6403 5450 6337
3 5943 5568 5609
3 5569 6133 5454
3 6135 5875 5684
3 5878 5303 5801
3 5877 5802 6002
3 6074 6002 5508
3 6341 5154 6136
3 6917 4960 5878
3 5611 5155 5156
3 5737 5510 6507
3 5387 6342 6591
3 7078 6272 5512
3 5094 7345 6209
3 5461 5094 6209
3 5881 5880 5806
3 5881 5806 5807
3 5880 5882 5808
3 5880 5808 5806
3 5307 6346 6009
3 5807 5808 5883
3 5807 5883 5881
3 5808 5882 5883
3 6211 5952 6008
3 5624 5396 6213
3 6420 5392 5623
3 6082 6214 5394
3 5313 4619 6146
3 5624 6279 5627
3 6012 5399 5813
3 6282 5400 6281
3 5886 5815 6087
3 5743 5887 6014
3 5814 5818 5521
3 5750 5749 5817
3 5750 5817 5893
3 5817 5745 5816
3 5694 6089 5816
3 5748 5956 5744
3 5889 5890 5748
3 5890 5956 5748
3 5889 5892 5891
3 5890 5889 5891
3 5956 5892 5889
3 5889 5894 5956
3 6089 5694 5468
3 6089 5468 6153
3 5697 5525 6026
3 5896 5820 5753
3 6028 6290 5752
3 6290 5819 5752
3 6093 5634 6027
3 6434 5965 5701
3 5634 5821 5636
3 5326 5821 5637
3 5755 6095 5822
3 6029 5476 5822
3 5966 5824 5900
3 5824 5966 5825
3 6030 5900 5824
3 6030 5824 5899
3 5901 5052 5759
3 5902 5967 6436
3 5530 6161 5826
3 5530 5529 6160
3 6160 6161 5530
3 5826 6032 5827
3 5830 5968 5969
3 5761 5968 5830
3 5835 5903 5831
3 5903 5832 5831
3 5833 5904 5834
3 5835 5904 5833
3 5832 5904 5835
3 5765 5904 5970
3 5906 5711 6164
3 5768 5766 5765
3 5837 5713 5838
3 6097 5838 5713
3 5535 6166 6230
3 6035 5769 5480
3 5972 5973 5909
3 5974 5843 5772
3 5336 5774 6297
3 5977 5716 5537
3 5845 5716 6300
3 6377 5428 5429
3 6105 6246 5594
3 5848 6043 5979
3 5917 6043 5848
3 6107 6179 5917
3 5543 5851 5719
3 5852 6310 5782
3 6180 5658 5780
3 5782 6047 5257
3 6110 5853 5919
3 6048 5854 5923
3 6387 6252 5922
3 5784 6051 6050
3 5859 6317 5857
3 5981 5924 5723
3 5983 5549 5787
3 6054 5926 5724
3 5981 5723 5790
3 5928 5349 5925
3 6055 5860 5926
3 5860 5791 5926
3 5599 5860 5927
3 6653 5664 5597
3 6481 5727 5666
3 5928 5987 5729
3 5929 5986 5985
3 5729 5987 5861
3 5988 5861 5987
3 5792 5861 5988
3 5792 5988 5929
3 5730 5792 5990
3 5990 5792 5929
3 6116 5862 6321
3 6117 5793 5730
3 5668 5930 5991
3 6060 5930 5670
3 6119 5068 5672
3 5670 6118 6060
3 5671 5731 6325
3 5865 5931 5993
3 5995 6120 5732
3 5732 5734 5995
3 6067 5934 5868
3 5869 5994 5995
3 6067 5867 5934
3 5995 5734 5869
3 5795 5933 6065
3 6066 5869 5936
3 5937 5733 6124
3 6065 5676 5795
3 6068 5499 6000
3 5938 5676 6065
3 5796 5871 6196
3 6194 5796 6196
3 5999 5606 6128
3 6129 5562 5998
3 5796 6126 5797
3 6128 5606 5680
3 5872 6130 6265
3 6404 6196 6001
3 5563 6198 5940
3 6409 5874 6339
3 5452 6338 6339
3 5569 5800 6133
3 5877 6002 5876
3 6341 5944 5154
3 5038 4607 6508
3 6508 4607 5612
3 6138 4899 6075
3 5306 5571 6412
3 5513 5805 6415
3 6761 5573 6206
3 5948 5949 5947
3 5880 5881 5947
3 5949 5880 5947
3 5948 5947 5950
3 5883 5880 5949
3 5950 5883 5949
3 5883 5947 5881
3 5883 5950 5947
3 5880 5883 5882
3 6211 5618 5952
3 5309 5618 6515
3 6515 6417 5309
3 5393 6080 6145
3 6601 5811 6145
3 6083 5811 6601
3 5692 4972 6689
3 6281 5400 6012
3 6013 5742 6148
3 6087 5815 6014
3 5815 5743 6014
3 5742 5628 5888
3 5955 5886 6087
3 5886 6024 5695
3 5955 6024 5886
3 5893 5817 5816
3 5956 5890 5957
3 5890 5891 5957
3 5958 5891 5892
3 5958 5959 5891
3 5958 5893 5959
3 5894 5962 5960
3 5956 5957 5892
3 5957 5963 5892
3 5962 5957 5960
3 5957 5962 5963
3 5963 6019 5892
3 6019 6016 5892
3 6016 5958 5892
3 5893 5958 6016
3 5961 5893 6016
3 5894 5893 5961
3 6021 6022 5963
3 6153 5468 5751
3 6156 5895 5696
3 5696 5404 6156
3 5698 6155 5896
3 5404 5897 6156
3 6355 5897 5819
3 6434 5701 5527
3 5634 6159 5821
3 6223 5755 6094
3 6029 5822 6095
3 5825 5966 5899
3 6160 5529 5587
3 5589 5827 6294
3 5589 6294 5968
3 5830 6295 5762
3 5835 5833 5903
3 5970 5832 5903
3 5832 5970 5904
3 5711 5905 6164
3 5768 5765 5970
3 5909 6035 5841
3 6634 5190 5770
3 5910 5190 6634
3 5971 5909 5973
3 5973 6036 5971
3 5911 6036 5973
3 5843 6037 5911
3 6037 5843 5974
3 6297 5774 5773
3 5715 5336 6297
3 6101 5975 5976
3 6375 5056 6547
3 6451 5976 5650
3 5650 5194 6102
3 5977 6300 5716
3 6039 6102 5538
3 6042 5779 5978
3 6174 5654 6246
3 6042 6106 5916
3 6044 6043 5917
3 5849 5655 6106
3 6044 5917 6179
3 6108 5849 6045
3 6248 6381 5850
3 5850 5719 6307
3 5918 6108 5780
3 6046 6109 5781
3 5854 5919 5783
3 5721 6250 6112
3 6048 5923 5924
3 6113 5858 5982
3 5786 6052 5788
3 5788 6052 6054
3 6055 5982 5927
3 5925 5789 6567
3 5859 5661 6187
3 5984 5549 5983
3 5927 5860 6055
3 5925 6056 5928
3 5986 6053 5985
3 5790 6188 5981
3 5727 6481 5725
3 5790 5728 6188
3 5601 5664 6482
3 5929 5985 6057
3 6189 5929 6057
3 5929 6189 5990
3 6059 5989 5991
3 5730 5990 6117
3 5931 5794 6259
3 6119 5672 6328
3 6062 5863 6061
3 5673 5863 6063
3 6191 6061 5864
3 6062 6063 5863
3 5865 5993 5866
3 5993 6121 5866
3 5933 5866 6122
3 6121 6122 5866
3 6067 6124 5867
3 5994 5869 6066
3 5868 5935 6067
3 6066 5936 6123
3 5998 5937 6069
3 6126 5796 6194
3 5997 5798 6070
3 6071 5870 5938
3 6196 5871 6001
3 6070 5798 6072
3 5680 5450 6403
3 6198 6333 5940
3 6072 5798 6132
3 6073 5941 5940
3 5682 5873 6266
3 5941 6132 5681
3 5943 6337 5568
3 5682 6201 5683
3 5507 5942 6338
3 5943 5735 6268
3 5875 6202 5455
3 5736 5876 6411
3 5511 5386 6204
3 6204 5386 6509
3 6758 6759 5231
3 5515 6761 7345
3 6005 5949 5948
3 6006 5950 6007
3 6008 6006 6007
3 6006 5948 5950
3 6006 6005 5948
3 5950 5949 6005
3 5950 6005 6007
3 5461 6348 5805
3 6078 6006 5951
3 5951 6008 5952
3 6006 6008 5951
3 6206 5519 6595
3 6349 6515 5618
3 5619 5810 6514
3 5621 5100 6215
3 6081 4061 5954
3 6279 6086 5627
3 6148 5742 5888
3 6149 6014 5887
3 6090 5818 5814
3 5955 6087 6088
3 6150 6015 5693
3 6019 5957 5891
3 6019 5891 6016
3 6016 5891 5959
3 6016 5959 5961
3 5893 5816 5959
3 5956 5894 5960
3 6017 5960 5963
3 6018 5963 5960
3 6018 5960 5957
3 6021 6018 5957
3 6019 6021 5957
3 6017 5962 6020
3 6017 5963 5962
3 5963 6018 6021
3 6022 6019 5963
3 5961 6019 6022
3 6023 5961 6022
3 5894 5961 6023
3 5962 5894 6020
3 6154 6024 5955
3 5818 6090 6025
3 6155 5698 6025
3 5525 6024 6026
3 5697 6026 5964
3 5964 6026 6158
3 6284 5898 5820
3 5819 6290 6355
3 5634 6288 6159
3 5473 4623 6358
3 5755 5637 6094
3 5755 6223 6095
3 5899 5966 6030
3 6535 5900 5823
3 5900 6030 6096
3 6225 6032 5826
3 6164 5907 5906
3 5970 6229 5768
3 6229 6033 5768
3 6165 5838 6097
3 5971 6035 5909
3 5911 6037 6098
3 5912 5715 6168
3 5715 6297 6168
3 6376 4914 6375
3 5977 4914 6376
3 6040 6104 5777
3 6175 5978 5915
3 5778 5654 6174
3 6245 6174 6246
3 5848 6177 6105
3 6308 5719 5851
3 5920 5855 6468
3 6251 6250 5721
3 6251 5721 5345
3 6388 6184 5786
3 6184 6052 5786
3 5858 6113 6474
3 6253 5924 5981
3 6114 6054 6052
3 5985 6053 6186
3 6056 5987 5928
3 6256 6053 5986
3 5438 5601 6482
3 5728 5556 6058
3 6115 6058 5989
3 5265 6190 6258
3 6059 6115 5989
3 5862 6571 6321
3 5731 6116 6325
3 6259 5793 6117
3 5794 5793 6259
3 5864 6120 6191
3 5672 5992 6328
3 5993 5931 6120
3 5994 5993 6120
3 6399 5932 6260
3 6121 5993 6193
3 6193 5993 5994
3 5994 6120 5995
3 6065 5933 6122
3 6067 5935 6197
3 6069 5937 6124
3 6125 5938 6065
3 5997 6123 5936
3 6123 5997 6070
3 5999 6198 5678
3 6129 5998 6069
3 5939 6263 6130
3 6127 5797 6126
3 5870 6335 6000
3 6265 6130 6407
3 6403 6128 5680
3 6127 6336 5797
3 6333 6200 5940
3 6073 5940 6200
3 6073 6132 5941
3 6267 6337 5943
3 5800 5569 6270
3 6270 5302 7344
3 6271 6202 5875
3 5945 4543 6679
3 5611 6680 5685
3 6590 5306 6412
3 5613 5095 6763
3 6077 6076 6005
3 5095 6010 6004
3 6078 6077 6005
3 6006 6078 6005
3 6078 6079 6077
3 6007 6078 6008
3 6078 6007 6079
3 6007 6005 6076
3 6007 6076 6079
3 4729 7626 6765
3 6008 6078 6211
3 5809 6347 5688
3 6206 5233 5519
3 5618 6211 6349
3 6212 5620 6144
3 5810 5392 6420
3 5741 5689 6928
3 6928 5581 5741
3 5624 6213 6216
3 6220 5812 6219
3 6520 5047 5626
3 6012 5813 6606
3 6149 5887 6015
3 5961 5959 5816
3 5960 5744 5956
3 6017 6020 6152
3 6091 6021 6019
3 5961 6091 6019
3 6221 5955 6088
3 6023 6152 6020
3 6021 6091 6022
3 6023 6022 6091
3 6020 5894 6023
3 5898 6157 6027
3 6284 6157 5898
3 5820 5896 6284
3 6094 5821 6222
3 6358 5527 5473
3 6358 4623 5901
3 5966 5900 6535
3 6030 5758 6096
3 6624 6436 5967
3 6292 6160 6031
3 6160 5587 6365
3 6161 6225 5826
3 5827 6032 6162
3 5827 6162 6294
3 6227 6366 5759
3 6227 5759 5421
3 6295 5969 6442
3 6228 5970 5903
3 5421 5242 6296
3 5838 6165 6541
3 6541 5908 5838
3 6166 6370 6230
3 6371 6099 6234
3 6037 5974 6100
3 6235 5912 6168
3 5912 6235 6038
3 6037 6100 6169
3 6297 5773 6099
3 5974 5975 6100
3 6100 5975 6237
3 6101 6237 5975
3 6547 5056 5844
3 5650 6102 6732
3 6103 5845 6300
3 6039 5538 6895
3 6302 5776 6104
3 6104 5776 5847
3 5717 5775 5914
3 6173 6040 6041
3 6175 5915 5914
3 6041 5778 6174
3 6179 6107 6306
3 6045 5849 6383
3 6248 5850 6307
3 6310 5852 6109
3 6386 6046 5920
3 5919 5854 6048
3 5980 5658 6181
3 6181 5658 6180
3 5855 6183 6468
3 5921 5980 6182
3 5980 6181 6182
3 6111 5856 6182
3 6249 6048 5924
3 6049 6314 5785
3 6251 5857 6317
3 6051 5858 6474
3 5787 5785 6314
3 6114 6052 6184
3 6568 5983 5787
3 6113 5982 6055
3 5789 6318 6567
3 6256 6185 6053
3 6390 6255 5925
3 5925 6255 6056
3 6114 5926 6054
3 6055 5926 6114
3 6056 6391 5987
3 6391 6479 5988
3 6479 5986 5929
3 6391 5988 5987
3 5988 6479 5929
3 6058 6188 5728
3 6571 5438 6482
3 6483 6258 6190
3 6260 5671 6325
3 6259 6191 5931
3 5931 6191 6120
3 5992 6064 6576
3 5996 5932 6399
3 6193 5994 6066
3 6123 6193 6066
3 6125 6065 6122
3 6194 6195 6126
3 6262 6123 6070
3 5935 5872 6197
3 6069 6332 6129
3 6071 6264 6131
3 6071 6200 6335
3 6404 6001 5874
3 6200 6071 6131
3 6072 6132 6199
3 6200 6131 6073
3 6132 6073 6131
3 5873 5797 6336
3 5943 6268 6267
3 5682 6266 6201
3 6201 6410 6269
3 5683 6201 6269
3 5735 5683 6269
3 5510 5945 6203
3 6507 5510 6203
3 5305 6412 5571
3 5879 6681 6205
3 6139 6076 6077
3 6139 6140 6076
3 6077 6079 6142
3 6077 6142 6139
3 6079 6076 6140
3 6079 6140 6142
3 6211 6078 5951
3 6143 6009 6276
3 6080 6278 6145
3 6215 5100 6417
3 6080 5042 6597
3 6684 5810 6420
3 6420 5623 6689
3 6217 5812 6218
3 5691 6606 5813
3 6014 6283 6087
3 6283 6014 6149
3 6151 6087 6283
3 6087 6151 6088
3 6221 6088 6151
3 5960 5888 5744
3 6152 5960 6017
3 5816 6023 6091
3 6091 5961 5816
3 5693 5895 6150
3 6154 5955 6221
3 6431 6154 6221
3 6284 5896 6155
3 6285 6026 6024
3 6156 5897 6612
3 6286 6092 5964
3 6026 6354 6287
3 6287 6158 6026
3 5634 6093 6288
3 6222 5821 6159
3 5823 6359 6535
3 6366 5901 5759
3 6226 6162 6032
3 6295 5830 5969
3 5970 6228 6229
3 6443 6097 5713
3 5840 6629 5645
3 6629 6034 5645
3 6231 6035 5971
3 6232 6231 5971
3 6036 6233 5971
3 5911 6233 6036
3 6169 6236 6037
3 6236 6098 6037
3 6169 6100 6237
3 6548 5650 6732
3 5846 5913 6970
3 6238 6239 6170
3 6170 6239 6242
3 6171 6170 6242
3 6171 6242 6241
3 6172 6104 6040
3 6243 6040 6173
3 6174 6173 6041
3 6175 6176 5978
3 6042 5978 6176
3 6042 6176 6106
3 6304 6043 6044
3 6044 6247 6304
3 6044 6178 6247
3 6178 6044 6179
3 5849 6106 6383
3 6306 6107 6462
3 6307 5719 6308
3 5853 6110 5851
3 6108 6466 5780
3 6180 5780 6466
3 5919 6311 6110
3 5782 6467 6047
3 6311 5919 6249
3 6049 6047 6564
3 6112 6387 5922
3 6050 6313 6183
3 6253 6249 5924
3 6051 6313 6050
3 6113 6254 6474
3 6114 6184 6254
3 6053 6316 6566
3 6317 5859 6187
3 6114 6254 6113
3 6113 6055 6114
3 6253 5981 6188
3 5661 5725 6187
3 6653 5597 5984
3 6479 6256 5986
3 6257 6188 6058
3 6058 6115 6320
3 6320 6115 6322
3 6322 6059 5991
3 6573 5930 6060
3 6118 6324 6060
3 6326 6118 6192
3 6118 5602 6192
3 6062 6061 6327
3 6062 6329 6063
3 6063 6329 6192
3 6064 6400 6576
3 6261 5996 6399
3 6262 6121 6193
3 6121 6262 6122
3 6193 6123 6262
3 6264 6122 6262
3 6402 6124 6067
3 6491 6068 6000
3 6125 6122 6264
3 6199 6262 6070
3 6069 6124 6332
3 6199 6264 6262
3 6264 5938 6125
3 6197 5872 6265
3 6071 5938 6264
3 6199 6131 6264
3 6070 6072 6199
3 6127 6334 6336
3 6132 6131 6199
3 6333 6405 6200
3 6404 5874 6409
3 6336 6266 5873
3 6268 5735 6269
3 5302 6202 7344
3 5801 6133 7167
3 5736 6411 6505
3 5878 5801 6134
3 6137 5038 6508
3 5612 5570 6204
3 5572 5232 6272
3 6208 6207 6139
3 6207 6140 6139
3 6139 6142 6210
3 6139 6210 6208
3 6142 6140 6207
3 6142 6207 6210
3 6838 6010 6205
3 6768 6144 6769
3 6144 6214 6769
3 6081 5954 6419
3 6419 5954 6685
3 6928 5689 6215
3 5581 6687 6084
3 6217 6219 5812
3 6082 5582 6849
3 6691 6849 5582
3 6147 4855 5625
3 6520 5626 6852
3 6279 5624 6216
3 6606 5691 6855
3 5626 5627 6086
3 6150 6424 6015
3 6425 6151 6283
3 5960 6610 5888
3 6152 6023 5816
3 6089 6351 5816
3 6153 6351 6089
3 6150 5895 6524
3 6153 5751 6092
3 6024 6154 6285
3 6354 6026 6285
3 6286 5964 6158
3 6355 6612 5897
3 6287 6356 6158
3 6286 6158 6433
3 6289 6159 6288
3 5965 6434 6613
3 6094 6222 6700
3 6095 6533 6029
3 6534 6030 5966
3 6359 5476 6029
3 6030 6534 5758
3 6360 5901 6366
3 6224 6292 6031
3 5902 6436 6361
3 6031 6362 6224
3 5588 5902 6361
3 6365 5588 6361
3 6801 6160 6365
3 6225 6226 6032
3 6294 6162 6293
3 6162 6226 6293
3 6441 6294 6293
3 5903 5833 6721
3 6367 6164 5905
3 6542 6443 5839
3 6634 5770 6633
3 6233 6232 5971
3 6098 6233 5911
3 6099 6371 6448
3 6236 6298 6098
3 6729 5844 6038
3 6101 5976 6451
3 6378 6170 6240
3 6238 6552 6239
3 6377 5429 6379
3 6455 6379 5429
3 5775 5846 7246
3 6455 5429 5776
3 6171 6240 6170
3 6455 5776 6302
3 6242 6239 6736
3 6172 6380 6104
3 6171 6241 6303
3 6172 6040 6242
3 6241 6242 6243
3 6242 6040 6243
3 6457 6241 6243
3 6243 6173 6244
3 6244 6173 6174
3 6245 6244 6174
3 6246 6105 6177
3 5979 6177 5848
3 6556 5979 6043
3 6304 6556 6043
3 6106 6645 6305
3 6107 5850 6381
3 6110 6308 5851
3 5782 6310 7394
3 6181 6180 6560
3 5919 6048 6249
3 6564 6047 6467
3 6181 6471 6182
3 6471 6111 6182
3 6253 6312 6249
3 6250 6387 6112
3 6476 6251 6317
3 6316 6185 6315
3 6053 6566 6186
3 6053 6185 6316
3 6185 6477 6315
3 6389 6253 6188
3 6256 6477 6185
3 6389 6188 6319
3 6056 6255 6391
3 6057 5985 6569
3 5985 6186 6569
3 6482 5664 6653
3 6320 6392 6058
3 6115 6059 6322
3 6117 5990 6393
3 6393 6484 6117
3 6573 5991 5930
3 6394 6323 6116
3 6323 6325 6116
3 6190 6119 6486
3 6191 6259 6061
3 6061 6259 6327
3 6062 6327 6329
3 6328 5992 6576
3 6399 6260 6398
3 6064 6068 6491
3 6261 6263 5996
3 6195 6194 6579
3 6489 6126 6195
3 6067 6197 6495
3 6330 6128 6490
3 6330 6198 5999
3 6124 6402 6332
3 6330 5999 6128
3 6331 6196 6404
3 6493 6130 6263
3 6335 5870 6071
3 6406 6129 6332
3 6200 6405 6335
3 6338 5799 6129
3 5942 5799 6338
3 6498 6267 6268
3 6500 6268 6269
3 6134 5801 7167
3 5875 6589 6271
3 6506 5876 6002
3 6506 6411 5876
3 6506 6002 6074
3 7076 4439 8031
3 5231 6590 6758
3 6759 6342 5387
3 6207 6208 6273
3 6274 6207 6273
3 6207 6274 6275
3 5095 6004 6840
3 6762 5095 6840
3 6274 6273 6277
3 6210 6207 6275
3 6277 6210 6275
3 6210 6273 6208
3 6210 6277 6273
3 6348 5461 6209
3 5951 6763 6211
3 6141 5688 6347
3 6514 6347 5809
3 5809 5619 6514
3 6596 6212 6144
3 6418 6145 6278
3 6597 6278 6080
3 6516 6081 6419
3 5812 6220 6218
3 6852 5626 6086
3 6421 6422 6085
3 6522 6691 6013
3 6422 6280 6085
3 6350 6085 6280
3 6608 6281 6012
3 6148 6423 6522
3 5888 6423 6148
3 6283 6149 6425
3 6149 6015 6424
3 6152 6609 5960
3 6025 6090 6428
3 6027 6157 6352
3 6353 6027 6352
3 6027 6353 6698
3 6093 6027 6698
3 6526 6287 6354
3 6357 6433 6158
3 6356 6357 6158
3 6095 6790 6533
3 6435 6292 6224
3 6224 6362 6363
3 6161 6160 6292
3 6160 6362 6031
3 5968 6720 5969
3 5903 6721 7038
3 6367 5905 6295
3 6227 5421 6296
3 6227 6296 6540
3 5907 6164 6163
3 6163 6164 6367
3 7238 5840 5908
3 6628 6296 6369
3 6543 6166 6034
3 6445 6370 6166
3 6231 5769 6035
3 6370 6633 6230
3 6230 6633 5770
3 6297 6099 6448
3 6168 6297 6546
3 6235 6729 6038
3 6169 6237 6236
3 6299 6298 6236
3 6298 6299 6374
3 6236 6237 6373
3 6101 6373 6237
3 6452 6301 6238
3 6170 6452 6238
3 6238 6301 6552
3 6171 6303 6240
3 5775 6737 5914
3 6242 6736 6380
3 6242 6380 6172
3 6241 6457 6303
3 6459 6245 6246
3 6246 6177 6460
3 6383 6106 6305
3 6461 6178 6179
3 6461 6179 6306
3 6463 6107 6381
3 6557 6307 6308
3 6108 6045 6385
3 6384 6557 6308
3 6108 6385 6466
3 6110 6311 6384
3 6249 6312 6311
3 6469 6471 6181
3 6389 6312 6253
3 6049 7065 6314
3 6746 6250 6251
3 6184 6473 6254
3 6569 6186 6748
3 6319 6188 6257
3 6479 6477 6256
3 6480 6319 6257
3 6187 5725 6481
3 5666 5439 6258
3 5990 6189 6393
3 6656 6483 6190
3 6322 5991 6573
3 6324 6573 6060
3 6574 6190 6486
3 6324 6118 6395
3 6326 6395 6118
3 6328 6486 6119
3 6260 6325 6396
3 6326 6192 6329
3 6576 6487 6328
3 6488 6401 6261
3 6400 6064 6491
3 6261 6401 6263
3 6582 6196 6331
3 6198 6330 6671
3 6126 6334 6127
3 6402 6067 6495
3 6129 6406 6408
3 6497 6404 6409
3 6266 6410 6201
3 5875 6135 6589
3 6913 6135 5944
3 6074 5685 7075
3 5304 6137 5610
3 8031 3098 5946
3 5611 5156 9202
3 6344 6343 6274
3 6343 6345 6275
3 6343 6275 6274
3 6274 6277 6344
3 6277 6275 6345
3 6277 6345 6344
3 6348 6415 5805
3 6921 6211 6839
3 6595 5519 6212
3 6144 6768 6596
3 6216 6213 6924
3 6685 5954 6926
3 6931 6084 6687
3 6219 6217 6519
3 7021 5625 6146
3 6147 5625 7021
3 6146 4619 6520
3 4619 5047 6520
3 6855 5691 6011
3 6852 6086 6776
3 6425 6149 6523
3 6149 6424 6523
3 6695 6424 6150
3 6151 6425 6426
3 6524 5895 6156
3 6025 6428 6155
3 6352 6157 6284
3 6430 6352 6284
3 6431 6285 6154
3 6092 6286 6153
3 6093 6698 6288
3 6355 6290 6863
3 6941 5965 6613
3 6287 6526 6356
3 6159 6782 6222
3 6527 5527 6358
3 6532 6358 5901
3 6619 6790 6095
3 6532 5901 6360
3 5966 6535 6534
3 6535 6710 6534
3 6715 6360 6366
3 6435 6539 6292
3 6362 6440 6363
3 6160 6364 6362
3 6291 6365 6361
3 6441 6293 6627
3 6226 6627 6293
3 5968 6294 6720
3 5969 6720 6442
3 6367 6295 6442
3 5903 7038 7127
3 7127 6228 5903
3 6163 6367 5836
3 6368 6033 6229
3 6629 5840 7128
3 6543 6034 6629
3 6446 6370 6445
3 5769 6231 6167
3 6168 6545 6235
3 6546 6297 6372
3 6448 6372 6297
3 6299 6236 6373
3 6449 6298 6374
3 6299 6373 6450
3 6101 6451 6373
3 5650 6548 6451
3 6102 6039 6732
3 5977 6814 6300
3 6301 6452 6550
3 6550 6551 6301
3 6377 6379 6454
3 5846 6970 7246
3 6641 6455 6302
3 5775 7246 6735
3 6104 6380 6302
3 6456 6303 6457
3 6458 6457 6243
3 6243 6244 6553
3 6244 6245 6553
3 6460 6459 6246
3 6177 5979 6555
3 6304 6247 6899
3 6820 6247 6178
3 6462 6461 6306
3 6462 6107 6463
3 6248 6382 6381
3 6382 6248 6307
3 6385 6045 6383
3 6384 6308 6110
3 6384 6311 6465
3 6109 6309 6824
3 6310 6109 6824
3 6109 6046 6386
3 6309 6109 6386
3 6309 6386 6559
3 6180 6466 6560
3 6386 5920 6981
3 6981 5920 6468
3 6468 6183 6470
3 6313 6470 6183
3 6562 6312 6389
3 6473 6388 6471
3 6388 6111 6471
3 6565 6313 6051
3 6387 6472 6252
3 6473 6184 6388
3 6565 6051 6474
3 6315 6475 6316
3 5787 6314 6568
3 6477 6652 6315
3 5925 6567 6390
3 6255 6390 6478
3 6391 6255 6478
3 6257 6058 6570
3 6058 6392 6570
3 6320 6572 6392
3 6394 6485 6323
3 6484 6259 6117
3 6323 6485 6396
3 6325 6323 6396
3 6327 6259 6661
3 6329 6327 6395
3 6329 6395 6326
3 6400 6580 6576
3 6399 6488 6261
3 6579 6577 6195
3 6579 6194 6196
3 6401 6493 6263
3 6335 6491 6000
3 6492 6198 6671
3 6332 6402 6495
3 6490 6128 6403
3 6198 6492 6333
3 6332 6495 6406
3 6495 6197 6674
3 6674 6197 6265
3 6407 6130 6493
3 6677 6265 6407
3 6499 6266 6336
3 6129 6408 6338
3 6266 6499 6410
3 6585 6497 6409
3 6586 6339 6338
3 6498 6268 6500
3 6270 6504 5800
3 6504 6133 5800
3 7344 6202 7074
3 6589 6202 6271
3 6589 6135 6913
3 6837 5945 6679
3 5685 6680 7075
3 6919 5610 6137
3 7169 6137 6508
3 6414 6413 6343
3 6414 6343 6344
3 6413 6345 6343
3 6344 6416 6414
3 6344 6345 6413
3 6344 6413 6416
3 6838 6513 6010
3 6349 6211 6921
3 6683 6418 6278
3 6418 6770 6145
3 6770 6601 6145
3 5954 5622 6926
3 7695 5622 6084
3 5622 5163 6084
3 6602 6083 6601
3 6518 6773 6517
3 6687 5581 6688
3 6011 6083 6602
3 6279 6216 6604
3 6280 6422 6086
3 6086 6279 6777
3 6608 6012 6606
3 6150 6524 6695
3 6779 6426 6425
3 6610 6859 6423
3 6610 6423 5888
3 6610 5960 6609
3 6152 5816 6351
3 6221 6151 6426
3 6427 6221 6426
3 6609 6152 6351
3 6427 6860 6221
3 6284 6428 6429
3 6284 6155 6428
3 6430 6284 6429
3 6153 6286 6432
3 6286 6433 6432
3 6288 6699 6289
3 6028 6786 6290
3 6357 6528 6433
3 6530 6356 6526
3 6356 6531 6357
3 6616 6358 6532
3 6095 6223 6619
3 6704 6535 6359
3 6435 6224 6363
3 6436 6874 6361
3 6536 6292 6539
3 6439 6438 6437
3 6440 6362 6437
3 6438 6440 6437
3 6363 6440 6364
3 6717 6365 6291
3 6364 6437 6362
3 6364 6801 6363
3 6160 6801 6364
3 6161 6292 6719
3 7441 6225 6161
3 6225 6626 6226
3 6226 6626 6627
3 5833 5836 6721
3 6723 6165 6097
3 5839 6033 6542
3 6541 7238 5908
3 6167 6231 6369
3 6445 6166 6543
3 6631 6544 6444
3 6232 6632 6231
3 5910 6634 6885
3 6447 6371 6234
3 6098 6889 6233
3 6450 6373 6451
3 6374 6299 6549
3 6549 6299 6450
3 6549 6450 6550
3 6453 6549 6452
3 6452 6549 6550
3 6103 6300 6814
3 6452 6170 6453
3 6453 6170 6378
3 6301 6638 6552
3 6378 6240 6642
3 6239 6552 6736
3 6897 6240 6456
3 6303 6456 6240
3 6243 6553 6458
3 6553 6245 6554
3 6554 6245 6459
3 6645 6106 6176
3 6177 6555 6460
3 5979 6556 6555
3 6178 6461 6820
3 6382 6307 6557
3 6557 6384 6558
3 6464 6558 6384
3 6465 6464 6384
3 6560 6466 6647
3 6467 5782 7394
3 6465 6311 6312
3 6181 6560 6469
3 6471 6469 6563
3 6650 6470 6313
3 6565 6650 6313
3 7065 6049 6564
3 6254 6473 6474
3 6472 6567 6252
3 6475 6315 6652
3 6252 6567 6318
3 6477 6479 6652
3 6748 6186 6566
3 6391 6478 6479
3 6653 5984 5983
3 6187 6481 6828
3 6394 6116 6750
3 6116 6321 6750
3 6574 6656 6190
3 6657 6484 6393
3 6658 6322 6573
3 6575 6396 6485
3 6395 6327 6833
3 6396 6397 6260
3 6397 6396 6575
3 6486 6328 6487
3 6397 6667 6260
3 6489 6195 6577
3 6491 6580 6400
3 6582 6579 6196
3 6330 6670 6671
3 6330 6490 6670
3 6582 6331 6494
3 6334 6126 6489
3 6583 6491 6335
3 6334 6489 6496
3 6404 6494 6331
3 6335 6405 6583
3 6336 6334 6496
3 6496 6499 6336
3 6408 6584 6338
3 6337 6267 6498
3 6586 6338 6584
3 6339 6587 6409
3 6586 6587 6339
3 6500 6269 6410
3 6502 6501 6340
3 6503 6502 6340
3 6504 6678 6133
3 6133 6678 7167
3 6913 5944 7969
3 7969 5944 6341
3 5804 5803 6757
3 7077 4439 7076
3 6412 5305 6138
3 7014 6003 5572
3 7856 6838 6205
3 6763 5095 6762
3 6510 6413 6414
3 6510 6511 6413
3 6414 6416 6512
3 6414 6512 6510
3 6416 6413 6511
3 6416 6511 6512
3 7172 6415 6348
3 6766 6206 6595
3 6514 5810 6922
3 7082 6843 6143
3 5810 6684 6922
3 7264 6769 6214
3 6214 6082 7018
3 6604 6216 6924
3 6685 6686 6419
3 6218 6930 6217
3 5581 6928 6688
3 6218 6775 6930
3 6217 6603 6519
3 6689 4972 6147
3 6692 6690 6521
3 6776 6086 6422
3 6279 6604 6777
3 6280 6086 6607
3 6280 6607 6350
3 6013 6148 6522
3 6090 5814 6282
3 6428 6090 6778
3 6939 6524 6156
3 6352 6430 6697
3 6153 6611 6351
3 6611 6153 6432
3 6288 6698 6699
3 6285 6783 6354
3 6159 6289 7191
3 6783 6526 6354
3 7191 6782 6159
3 6784 6613 6434
3 6787 6530 6526
3 6531 6528 6357
3 6530 6529 6356
3 6356 6529 6531
3 6535 6621 6710
3 6534 6710 6711
3 6715 6532 6360
3 6796 6716 6435
3 6291 6796 6435
3 6536 6537 6292
3 6536 6539 6538
3 6292 6625 6719
3 6439 6536 6438
3 6439 6537 6536
3 6538 6440 6438
3 6536 6538 6438
3 6538 6439 6440
3 6439 6437 6364
3 6439 6364 6440
3 6229 6228 7127
3 6542 6033 6805
3 6884 6097 6443
3 7042 6369 6231
3 6630 6444 6724
3 6631 6444 6630
3 6807 6231 6632
3 6446 6444 6544
3 6887 6232 6233
3 5910 6885 6447
3 6235 6545 6888
3 6811 6298 6449
3 6811 6449 6635
3 6730 6450 6451
3 6730 6451 6548
3 6731 6548 6732
3 6549 6453 6636
3 6550 6733 6551
3 6638 6301 6551
3 6970 6103 6814
3 6970 5913 6103
3 6640 6378 6642
3 6302 6380 6641
3 6642 6240 6897
3 6817 6456 6457
3 6553 6643 6458
3 6643 6553 6554
3 6645 6176 6818
3 6304 6740 6556
3 6304 6899 6740
3 6461 6462 7053
3 6381 6382 6463
3 6558 6464 6465
3 6466 6385 6647
3 6822 6309 6559
3 6465 6312 6648
3 6981 6559 6386
3 6470 6649 6468
3 6648 6312 6562
3 6561 6470 6650
3 6651 6471 6563
3 6471 6651 6473
3 6251 6476 6746
3 6475 6747 6316
3 6316 6747 6566
3 6478 6652 6479
3 6390 6567 6994
3 6189 6057 6569
3 6653 6749 6482
3 6570 6654 6257
3 6481 5666 6258
3 6572 6570 6392
3 6655 6393 6189
3 6657 6393 6655
3 6909 6320 6322
3 6322 6658 6909
3 6324 6659 6573
3 6660 6659 6324
3 6485 6394 6752
3 6660 6324 6395
3 6259 6484 6661
3 6833 6327 6661
3 6664 6485 6663
3 6665 6485 6664
3 6575 6667 6397
3 6260 6667 6398
3 6488 6398 6667
3 6667 6575 6577
3 6398 6488 6399
3 6580 6578 6576
3 6668 6489 6577
3 6669 6577 6579
3 6670 6578 6580
3 6401 6488 6581
3 6582 6669 6579
3 6669 6582 6581
3 6581 6493 6401
3 6582 6494 6581
3 6333 6492 6673
3 6333 6673 6405
3 6493 6755 6407
3 6404 6675 6494
3 6490 6403 6337
3 6495 6674 6406
3 6404 6497 6675
3 6674 6584 6406
3 6408 6406 6584
3 6676 6674 6265
3 6756 6407 6755
3 6675 6497 6585
3 6499 7006 6410
3 6500 6410 7007
3 6585 6409 6587
3 6588 6501 6502
3 6503 6340 6501
3 6588 6503 6504
3 6503 6588 6502
3 7074 6202 7493
3 7167 6678 7008
3 6589 6836 6202
3 6074 6914 6506
3 7011 6074 7075
3 6203 5945 7012
3 8031 4439 3098
3 7013 5612 6204
3 5386 7170 6509
3 7170 5386 6003
3 5513 7405 7078
3 6839 6211 6763
3 6592 6593 6510
3 6593 6511 6510
3 6346 6764 6276
3 6510 6512 6594
3 6510 6594 6592
3 6512 6511 6593
3 6512 6593 6594
3 6213 6143 6843
3 6767 6417 6515
3 6683 6278 6597
3 6683 6770 6418
3 6770 6929 6601
3 6516 6419 6598
3 6771 6518 6517
3 6599 6598 6419
3 6419 6686 6599
3 6598 6599 6518
3 6600 6599 6686
3 6599 6600 6518
3 6600 6850 6518
3 6773 6518 6850
3 6851 6517 6773
3 6218 6850 6775
3 6602 6855 6011
3 6605 6521 6852
3 6605 6692 6521
3 6422 6421 6776
3 6605 6421 6085
3 6350 6605 6085
3 6695 6523 6424
3 6425 6523 6695
3 6090 6282 6778
3 6525 6610 6609
3 6353 6352 6697
3 6156 7026 6861
3 6783 6431 6788
3 6285 6431 6783
3 6863 6612 6355
3 6526 6783 6787
3 6028 5965 6941
3 6784 6434 6614
3 6614 6434 6527
3 6433 6528 6615
3 6527 6358 6616
3 6617 6529 6530
3 6618 6531 6529
3 6618 6702 6531
3 6529 6617 6618
3 6223 7193 6619
3 6703 6620 6618
3 6710 6621 6709
3 6359 6029 7101
3 6535 6622 6621
3 6622 6535 6623
3 6435 6718 6291
3 6802 6715 6366
3 6537 6625 6292
3 6539 6537 6538
3 6801 6435 6363
3 6435 6801 6718
3 6538 6537 6439
3 7441 6161 6719
3 7441 6626 6225
3 6802 6366 6882
3 6366 6227 6882
3 6229 7127 6368
3 6540 6296 6628
3 6723 6097 6884
3 6884 6443 6542
3 7128 5840 7238
3 6724 6444 6725
3 6543 6725 6445
3 6444 6445 6725
3 6446 6445 6444
3 6726 6633 6370
3 6887 6632 6232
3 6886 6371 6447
3 6545 6168 6546
3 6372 6963 6546
3 6729 6235 6888
3 6098 6298 6811
3 6449 6374 6635
3 6374 6636 6635
3 6550 6450 6730
3 6966 6548 6731
3 6730 6548 6966
3 6375 6812 6376
3 6549 6636 6374
3 6637 6636 6453
3 6814 5977 6376
3 6552 6638 6639
3 6455 6454 6379
3 7140 6454 6455
3 6816 6552 6639
3 6455 6641 6734
3 6455 6734 7050
3 6816 6736 6552
3 6641 6380 6736
3 6737 5775 6735
3 5914 6737 6898
3 6974 6456 6817
3 6175 5914 6738
3 6457 6458 6739
3 6817 6457 6739
3 6458 6643 6739
3 6176 6175 6818
3 6554 6644 6643
3 6554 6459 6644
3 6644 6459 6460
3 6556 6740 6460
3 6555 6556 6460
3 6646 6463 6382
3 6382 6557 6646
3 6557 6558 6646
3 6646 6558 6741
3 6385 6821 6647
3 6824 6309 6823
3 6560 6647 6742
3 6743 6560 6742
3 6981 6468 6649
3 6470 6561 6649
3 6560 6743 6469
3 6743 6563 6469
3 6563 6744 6650
3 6563 6650 6565
3 6826 6825 6250
3 6825 6387 6250
3 6473 6651 6474
3 6651 6563 6565
3 6651 6565 6474
3 6996 6562 6389
3 6567 6472 6990
3 6996 6389 6319
3 6992 6568 6314
3 6904 6748 6566
3 6390 6994 6478
3 6996 6319 6480
3 6317 7551 7339
3 6317 6187 7551
3 6827 6480 6654
3 6654 6480 6257
3 6189 6569 6906
3 6655 6189 7002
3 6570 6572 7001
3 6321 6571 6908
3 6656 6830 6483
3 6751 6484 6657
3 6658 6573 6659
3 6752 6394 6750
3 6660 6395 6833
3 6663 6485 6752
3 6832 6574 6662
3 6486 6662 6574
3 6663 6752 6662
3 6486 6666 6662
3 6575 6485 6665
3 6666 6663 6662
3 6487 6666 6486
3 6576 6666 6487
3 6668 6575 6665
3 6576 6578 6666
3 6577 6575 6668
3 6667 6577 6669
3 6667 6669 6488
3 6488 6669 6581
3 6753 6834 6670
3 6671 6670 6672
3 6670 6580 6672
3 6753 6670 6490
3 6672 6580 6491
3 6671 6672 6673
3 6672 6491 6673
3 6492 6671 6673
3 6583 6673 6491
3 6493 6581 6754
3 6405 6673 6583
3 6493 6754 6755
3 6494 6675 6581
3 6754 6581 6675
3 6835 6490 6337
3 6676 6584 6674
3 6835 6337 6498
3 6676 6265 6677
3 6756 6677 6407
3 7007 6410 7006
3 6584 6676 6586
3 6676 6677 6586
3 6587 6756 6585
3 6500 6912 6498
3 6587 6586 6677
3 6587 6677 6756
3 6503 6501 6678
3 6678 6504 6503
3 6588 6504 6270
3 7493 6202 6836
3 6411 6506 7010
3 7619 6136 5610
3 7259 5572 6272
3 6592 6682 6593
3 6682 6592 6594
3 6682 6594 6593
3 6004 6010 6513
3 7082 6143 6276
3 6213 6843 6844
3 6924 6213 6844
3 6767 6215 6417
3 6683 6597 6923
3 6215 6767 6928
3 7264 6214 7018
3 6685 6772 6598
3 6686 6685 6598
3 6518 6771 6772
3 6686 6772 6600
3 6518 6686 6598
3 6686 6518 6772
3 6927 6517 6851
3 6601 7353 6602
3 6933 6603 6217
3 6850 6218 6220
3 6934 6146 6520
3 6690 6520 6852
3 6520 6690 6854
3 6852 6521 6690
3 6692 6854 6690
3 6605 6852 6776
3 6691 6522 6935
3 6776 6421 6605
3 6522 6693 6935
3 6607 6086 6777
3 6694 6350 6607
3 6608 6606 7183
3 6522 6423 6693
3 6779 6425 6695
3 6860 6427 6426
3 6610 6525 6696
3 6696 6525 6609
3 6431 6221 6860
3 7091 6428 7190
3 6351 6611 7025
3 6431 7093 6780
3 6788 6431 6780
3 6788 6780 6781
3 6289 6699 7191
3 6611 6432 6785
3 6786 6028 6941
3 6614 6527 6788
3 6432 6433 6615
3 6701 6528 6531
3 6530 6864 6617
3 6701 6615 6528
3 6701 6531 6702
3 6223 6094 7193
3 6617 6703 6618
3 6618 6620 6702
3 7101 6533 6790
3 6706 6704 7099
3 6706 6705 6704
3 6708 6707 6705
3 6708 6705 6706
3 6709 6621 6707
3 6708 6709 6707
3 6705 6712 6714
3 6704 6705 6714
3 6707 6713 6712
3 6707 6712 6705
3 6713 6707 6621
3 6622 6713 6621
3 6622 6710 6709
3 6710 6622 6623
3 6711 6623 6535
3 6711 6710 6623
3 6704 6714 6535
3 6534 6945 5758
3 6792 6794 6620
3 6794 6793 6620
3 6800 6796 6291
3 6718 6797 6291
3 6291 6797 6717
3 6874 6436 6624
3 6717 6799 6718
3 6365 6717 6801
3 6801 6717 6718
3 6294 6441 6720
3 6882 6227 6540
3 6958 6540 6959
3 6165 6723 6541
3 6033 6368 6805
3 7040 6628 6369
3 7042 6231 6807
3 6808 6631 6630
3 6370 6446 7045
3 6446 6544 7045
3 6726 6370 7045
3 6961 6632 6887
3 7045 6544 6727
3 6544 6631 6727
3 6633 6809 6634
3 6809 6885 6634
3 6887 6233 6889
3 6371 6886 6448
3 6372 6448 6963
3 5844 6729 7320
3 6890 6812 7243
3 6376 6812 6892
3 6891 6731 6732
3 6550 6730 6733
3 6636 6637 6813
3 6376 6892 6814
3 6551 6733 6893
3 6893 6638 6551
3 6637 6453 6378
3 6894 6378 6640
3 6639 6971 6816
3 6734 6641 6736
3 6897 6456 6974
3 6738 5914 6898
3 6643 6644 6739
3 6975 6739 6644
3 6645 6818 6976
3 6305 6645 6976
3 6247 6820 6819
3 6900 6305 6976
3 6305 6900 6383
3 6463 7053 6462
3 6383 6900 6385
3 6309 6822 6823
3 6647 6821 6742
3 6744 6742 6903
3 6744 6743 6742
3 6562 6984 6648
3 6744 6563 6743
3 6650 6744 6561
3 6387 6825 6472
3 6826 6250 6746
3 6745 6562 6996
3 6472 6987 6990
3 6652 6747 6475
3 6478 6995 6652
3 6994 6567 6993
3 6997 6998 6569
3 6481 6258 6830
3 6749 6571 6482
3 7001 6572 6829
3 6830 6258 6483
3 7004 6572 6320
3 6832 6656 6574
3 6751 6657 6831
3 6833 6659 6660
3 6484 6751 6661
3 6833 6661 6751
3 6834 6663 6666
3 6670 6666 6578
3 6834 6666 6670
3 6489 6668 6496
3 6754 6756 6755
3 6585 6754 6675
3 6756 6754 6585
3 6505 6411 7010
3 6915 5878 6134
3 7012 5945 6837
3 6917 6918 5803
3 6757 5803 6918
3 7170 6003 7014
3 7078 6760 6272
3 6681 7856 6205
3 6762 7015 6763
3 6766 6761 6206
3 6840 6004 7079
3 7499 6766 6595
3 6595 6212 7017
3 7017 6212 7262
3 7262 6212 6596
3 7262 6596 7415
3 6926 5622 7695
3 6771 6516 6598
3 6771 6598 6772
3 6685 6846 6772
3 7564 7695 6084
3 6846 6600 6772
3 7018 6082 6849
3 6847 6774 6687
3 6687 6688 6847
3 7019 6603 6933
3 6600 6775 6850
3 6603 6848 6519
3 6848 6603 7019
3 6848 6774 6519
3 7182 6219 6519
3 6604 6932 6853
3 6604 6853 6777
3 6605 6856 6692
3 6858 6694 6607
3 7184 6282 6281
3 6423 6859 6693
3 6937 6779 6695
3 6937 6695 6524
3 6860 6426 6779
3 6610 6696 6859
3 7090 6609 6351
3 6351 7025 7090
3 7091 6429 6428
3 6353 6697 6698
3 6612 7026 6156
3 6781 6780 6862
3 6781 6784 6614
3 6781 6614 6788
3 6863 6290 6786
3 6782 6700 6222
3 6864 6943 6617
3 6615 6701 6942
3 6701 6702 6789
3 6702 6865 6789
3 7098 6790 6619
3 6706 6791 6712
3 6706 6712 6708
3 7101 6029 6533
3 6791 6714 6712
3 6712 6713 6708
3 6708 6713 6622
3 6708 6622 6709
3 6792 6620 6703
3 6865 6702 6620
3 6867 6794 6792
3 6794 6867 6869
3 6793 6794 6868
3 6868 6794 6795
3 6715 6802 7103
3 6625 6537 6539
3 6717 6797 6798
3 6798 6799 6717
3 6361 6874 6291
3 6800 6291 6874
3 6799 6797 6718
3 6803 6794 6804
3 6804 6794 6869
3 6951 6795 6949
3 6949 6795 6803
3 6803 6795 6794
3 6876 6949 6803
3 6881 6880 6804
3 6880 6803 6804
3 6626 7441 7207
3 6441 6957 6720
3 6957 7125 6720
3 6720 7037 6442
3 6722 6367 7126
3 5836 6367 6722
3 7528 6805 6368
3 6724 6960 6630
3 6808 6630 6806
3 7044 6808 6806
3 6633 6726 6809
3 6727 6631 6808
3 6810 6727 6728
3 6885 6886 6447
3 6545 6810 6728
3 6888 6545 6728
3 6546 6963 6810
3 6098 6811 6889
3 6547 5844 7320
3 6812 6375 6547
3 6636 6813 6964
3 6892 6812 6890
3 6733 6730 6968
3 7535 6732 6039
3 6637 6378 6894
3 6894 6640 6896
3 6815 6639 6638
3 7050 7140 6455
3 6736 6816 6734
3 6818 6175 6738
3 6975 6644 6740
3 6740 6644 6460
3 6461 6977 6820
3 7148 7053 6463
3 6978 6741 6558
3 6901 6978 6558
3 6901 6558 6465
3 6901 6465 6648
3 6310 6824 7394
3 6903 7061 6744
3 7061 6561 6744
3 6467 7394 7154
3 6467 7154 6564
3 6984 6562 6745
3 6564 7064 7065
3 7065 7336 6992
3 6992 6314 7065
3 6566 6747 6989
3 6566 6989 6904
3 6652 6905 6747
3 6994 6995 6478
3 6569 6748 6997
3 7162 6827 6654
3 6189 6906 7002
3 7001 6654 6570
3 6749 7068 7070
3 7002 6907 6655
3 6657 6655 6831
3 6655 6907 6831
3 7004 6320 6909
3 6321 7070 6750
3 6321 6908 7070
3 6656 6832 7071
3 6911 6658 6659
3 7072 6752 6750
3 6911 6833 6751
3 6833 6911 6659
3 6752 7072 6662
3 6753 6490 6835
3 7007 6835 6912
3 6498 6912 6835
3 6678 6501 6588
3 6589 7009 6836
3 7009 6589 6913
3 6679 5736 6505
3 6914 7010 6506
3 6074 7011 6914
3 6341 6136 6916
3 5610 6919 7619
3 7077 7076 7494
3 5946 5804 6757
3 6680 5611 9202
3 6412 6138 7496
3 6590 6412 7770
3 5572 7259 7014
3 6591 6681 5879
3 7405 5513 6415
3 7015 6839 6763
3 7501 6513 6838
3 6920 6842 6841
3 7082 6276 6764
3 6514 6922 7503
3 6515 7263 6767
3 6845 6596 6768
3 6768 6769 6845
3 6683 6923 6925
3 6683 6925 6770
3 6932 6604 6924
3 6846 6685 6926
3 6927 6771 6517
3 6931 7019 6084
3 6846 6930 6600
3 6848 6931 6687
3 6848 6687 6774
3 6933 6217 6930
3 6850 6851 6773
3 7182 6519 6774
3 6935 6849 6691
3 7353 6855 6602
3 6935 6777 6853
3 6777 6935 6857
3 6350 6856 6605
3 6935 6693 6857
3 6607 6777 6857
3 7184 6281 7571
3 7090 6696 6609
3 6861 6939 6156
3 7093 6431 6860
3 6863 7026 6612
3 6783 6788 7028
3 6432 6615 6785
3 6787 6864 6530
3 6942 6701 6789
3 7100 6616 6532
3 6617 6943 6703
3 6792 6703 6944
3 7029 7101 6790
3 6704 6359 7099
3 7099 6791 6706
3 6534 6711 7358
3 7438 6714 6791
3 6535 6714 6711
3 6620 6793 6865
3 5967 5758 6945
3 7031 6867 6792
3 6946 6865 6793
3 6793 6868 6946
3 6795 6866 6868
3 6539 6435 6716
3 6870 6796 6871
3 6871 6796 6800
3 6625 6539 6716
3 6797 6872 6798
3 6798 6871 6873
3 6799 6798 6873
3 6875 6798 6872
3 6798 6875 6871
3 6800 6873 6871
3 6872 6797 6799
3 6799 6875 6872
3 6875 6799 6873
3 6800 6875 6873
3 6869 6953 6804
3 6876 6952 6878
3 6877 6876 6878
3 6880 6879 6952
3 6876 6880 6952
3 6803 6880 6876
3 6878 6954 6879
3 6880 6878 6879
3 6878 6880 6881
3 6626 7448 6627
3 7583 6882 6958
3 6882 6540 6958
3 7237 6883 7037
3 6442 7037 6883
3 6883 7126 6442
3 7126 6367 6442
3 6959 6540 7039
3 7040 6369 7042
3 6960 6724 7041
3 6725 7041 6724
3 6960 6806 6630
3 6807 6632 7043
3 6809 6726 6962
3 6727 6808 7044
3 6727 7044 6728
3 6962 6886 6885
3 7045 6727 6810
3 7046 7045 6810
3 6886 6963 6448
3 6545 6546 6810
3 6811 7133 6889
3 6547 7320 6812
3 6635 6964 6811
3 6635 6636 6964
3 6892 6890 6965
3 6964 6813 6894
3 6966 6967 6730
3 6731 6891 6966
3 6813 6637 6894
3 6638 6893 7048
3 6969 6814 6892
3 6896 6640 6642
3 6896 6642 7248
3 6734 6816 6972
3 7249 7248 6897
3 6973 6897 6974
3 6739 7326 6817
3 6247 6819 7390
3 7148 6463 6646
3 7148 6646 6741
3 7054 6741 6978
3 7057 6821 6385
3 7057 6742 6821
3 6824 6823 6979
3 7061 7060 6649
3 7062 6649 7060
3 7062 6981 6649
3 6901 6648 6982
3 6561 7061 6649
3 6745 6996 6988
3 6990 6987 7157
3 6989 6747 7158
3 7158 6747 6905
3 6748 6904 6991
3 6567 6990 6993
3 6996 6480 6827
3 6568 7553 5983
3 6569 6998 6906
3 7492 6481 7000
3 6749 6653 6999
3 6571 6749 7070
3 6829 7003 7001
3 6830 6656 7069
3 7071 7069 6656
3 6909 6658 6910
3 6658 6911 6910
3 6831 6910 6751
3 6751 6910 6911
3 7072 6832 6662
3 6665 6664 7005
3 7073 6663 6834
3 6499 6496 7006
3 6496 7165 7006
3 6912 6500 7007
3 6588 7008 6678
3 7969 6341 7766
3 6916 7766 6341
3 6916 6136 7619
3 8096 7077 7494
3 5737 6507 7404
3 6075 5737 7404
3 7495 7169 6508
3 7013 6204 7855
3 7855 6204 6509
3 6761 6766 7499
3 6840 6920 6762
3 6514 7628 6347
3 6840 7173 6920
3 6920 7173 6842
3 7016 6841 6842
3 6349 6921 7175
3 6845 7415 6596
3 6844 6843 7560
3 6928 6767 7176
3 6923 6597 7084
3 6597 7083 7084
3 6926 7177 6846
3 6684 6420 7567
3 7019 7564 6084
3 6930 6775 6600
3 7019 6931 7020
3 6928 7566 6688
3 6688 7566 6847
3 6689 7567 6420
3 7019 7020 6848
3 7086 6853 6932
3 6929 7353 6601
3 6855 7509 6606
3 6778 6282 7184
3 6859 6936 6693
3 6779 6937 7088
3 7088 7267 6779
3 6860 6779 7267
3 6939 6937 6524
3 6696 7024 6859
3 7024 6696 7090
3 6430 6429 7091
3 6430 7092 6697
3 6940 7025 6611
3 6784 6781 7027
3 7514 6863 6786
3 7192 6613 6784
3 6613 7192 6941
3 7028 6787 6783
3 6785 6615 6942
3 7028 6788 7096
3 7193 6094 6700
3 6788 6527 6616
3 7193 7098 6619
3 6942 6789 7094
3 7098 7029 6790
3 6703 6943 6944
3 6532 6715 7100
3 7358 6711 6714
3 6534 7358 6945
3 6791 7099 7438
3 6946 6789 6865
3 6944 7031 6792
3 7103 7195 6715
3 6868 6866 6951
3 6795 6951 6866
3 6875 6800 6870
3 6947 6950 6948
3 6948 6950 6949
3 6949 7032 6948
3 6948 7032 6947
3 6950 6951 6949
3 6877 6949 6876
3 6877 6879 6949
3 6877 6952 6879
3 6952 6954 6878
3 6881 6877 6878
3 6954 6952 6877
3 6881 6954 6877
3 6804 6953 7034
3 7207 6955 6626
3 6804 6956 6881
3 7448 6441 6627
3 6881 6956 7117
3 6441 7372 6957
3 7035 7117 6956
3 7125 7037 6720
3 5836 6722 7459
3 6540 6628 7039
3 6884 6542 7529
3 6961 7043 6632
3 7045 6962 6726
3 6885 6809 6962
3 6962 7131 6886
3 6810 6963 7046
3 7047 6888 6728
3 7132 6961 6887
3 7133 6811 7242
3 6968 6730 6967
3 6967 6966 6891
3 6732 6967 6891
3 7321 6733 6968
3 7321 6893 6733
3 7134 6896 7464
3 7535 6039 6895
3 6969 6970 6814
3 6638 7049 6815
3 7660 6377 6454
3 6971 6972 6816
3 6973 7388 6897
3 7143 6738 6898
3 7144 6818 6738
3 7326 6974 6817
3 7145 6818 7144
3 7147 6975 6740
3 6740 6899 7147
3 6900 7052 7057
3 7057 6385 6900
3 7056 6902 7055
3 7062 6559 6981
3 6902 7056 6980
3 7056 7153 6980
3 6903 6742 7058
3 7059 7060 7061
3 6983 6902 6980
3 6984 6982 6648
3 7154 7064 6564
3 6985 7063 6986
3 6985 6986 6989
3 6825 7157 6472
3 6985 6989 7334
3 6472 7157 6987
3 6986 7066 6989
3 6989 7066 6904
3 7337 6746 6476
3 6652 6995 6905
3 6991 6997 6748
3 6653 5983 7553
3 7492 6828 6481
3 7067 7162 6654
3 6999 7068 6749
3 7000 6481 6830
3 7001 7067 6654
3 7069 7000 6830
3 6907 7003 6910
3 7003 6829 7004
3 6829 6572 7004
3 6831 6907 6910
3 7004 6909 6910
3 6750 7070 7072
3 7071 6832 7072
3 7005 6664 7073
3 7073 6664 6663
3 7164 7073 6834
3 7166 6753 6835
3 6588 6270 7344
3 8095 6679 6505
3 7764 6505 7010
3 6075 7496 6138
3 6342 6759 8099
3 6346 7410 6764
3 6761 7499 7345
3 5953 6765 7629
3 6762 7016 7015
3 6920 6841 7016
3 6762 6920 7016
3 7080 6840 7079
3 7173 6840 7080
3 7175 6921 7015
3 7692 6081 6516
3 7349 6925 6923
3 7416 6932 6924
3 6770 6925 6929
3 6932 7416 7086
3 7085 7020 6931
3 7087 6931 6848
3 7178 7566 6928
3 7087 6848 7020
3 7086 7018 6849
3 6847 7182 6774
3 6935 7086 6849
3 6853 7086 6935
3 7635 6220 6219
3 6854 6692 7508
3 6856 6350 6694
3 7354 6694 6858
3 6607 6857 7023
3 7354 6858 7022
3 6858 6607 7023
3 7022 6858 7023
3 6857 6693 7266
3 6936 7266 6693
3 6860 7267 7089
3 6936 6859 7187
3 7189 6860 7089
3 6863 7268 7026
3 6781 6862 7027
3 6784 7027 7192
3 6940 6611 6785
3 6787 7028 6864
3 6864 7028 7096
3 6788 6616 7096
3 6864 7096 6943
3 6616 7100 7096
3 7094 6789 6946
3 6359 7269 7099
3 6359 7101 7269
3 7358 6714 7438
3 7097 7030 6944
3 7031 6944 7030
3 7031 7102 6867
3 6946 6868 7273
3 6867 7102 6869
3 7273 6868 6951
3 6716 6796 6870
3 6875 6870 6871
3 7280 6625 6716
3 6869 7104 6953
3 6625 7280 6719
3 6950 6947 7032
3 6950 7032 6951
3 7032 7033 6951
3 7103 6802 6882
3 7366 6951 7033
3 7032 6949 7033
3 7211 7034 6953
3 6956 6804 7034
3 7448 7372 6441
3 7372 7304 6957
3 6956 7036 7035
3 7035 7036 7122
3 7035 7122 7121
3 7126 7311 6722
3 7039 6958 6959
3 7459 6722 7311
3 7528 6368 7713
3 6542 6805 7529
3 7039 6628 7040
3 6960 7041 7380
3 6629 7129 6543
3 6543 7129 6725
3 7312 7314 6960
3 7314 6806 6960
3 7043 7042 6807
3 7314 7044 6806
3 6962 7045 7131
3 7131 7045 7046
3 6728 7044 7047
3 7132 7240 6961
3 6963 6886 7131
3 6963 7131 7046
3 7132 6889 7133
3 7242 6811 6964
3 6812 7531 7243
3 7244 6965 6890
3 7134 6964 6894
3 6968 6967 7136
3 7137 6967 6732
3 7136 6967 7137
3 6969 6892 7245
3 6970 6969 7139
3 6895 6377 7593
3 7593 6377 7660
3 6639 6815 6971
3 7464 6896 7248
3 7140 7050 7051
3 6734 7051 7050
3 6734 6972 7051
3 7467 7464 7248
3 6642 6897 7248
3 7143 7144 6738
3 7388 6973 6974
3 7326 6739 7146
3 6975 7146 6739
3 7390 6899 6247
3 6900 6976 7052
3 7053 7482 6461
3 6977 6461 7482
3 7057 7052 7150
3 7058 7057 7150
3 7058 7150 7152
3 7330 6822 6559
3 7062 7330 6559
3 7057 7058 6742
3 7061 6903 7058
3 6983 7063 6985
3 6983 6980 7063
3 7155 6980 7153
3 7155 7063 6980
3 7154 7156 7064
3 7157 6825 7252
3 7335 6825 6826
3 7066 7338 6904
3 7158 6905 7159
3 7338 7398 6904
3 7159 6905 7160
3 6995 7160 6905
3 7160 6994 6993
3 7160 6995 6994
3 6997 6991 7255
3 7162 6996 6827
3 7257 6998 7161
3 6906 6998 7257
3 7257 7001 7003
3 7258 7000 7069
3 6571 7070 6908
3 7004 6910 7003
3 7163 7072 7070
3 6668 6665 7005
3 7165 6668 7005
3 7007 7166 6835
3 7007 7006 7166
3 7168 6134 7167
3 5878 6915 6917
3 6075 7404 7496
3 7495 5612 7013
3 6591 6342 8099
3 6921 6839 7015
3 7080 7174 7173
3 7016 7175 7015
3 7261 6842 7173
3 7082 6764 7560
3 6515 6349 7263
3 6844 7560 7561
3 7083 6597 6081
3 7084 7349 6923
3 7265 7086 7416
3 7180 7085 6931
3 7179 7085 7180
3 7087 7180 6931
3 7020 7085 7087
3 6933 6930 7634
3 7567 6689 7507
3 8226 6927 6851
3 6689 6147 7507
3 7021 6146 6934
3 6219 7182 7635
3 7508 6692 6856
3 6281 6608 7571
3 7023 6857 7266
3 6938 7089 7422
3 7422 7089 7267
3 7089 6938 7188
3 6938 7422 7188
3 6859 7024 7187
3 7093 6860 7189
3 7425 7092 6430
3 6698 6697 7191
3 7639 6782 7513
3 6786 6941 7432
3 6785 6942 7094
3 7097 7096 7095
3 7096 7100 7095
3 7096 7097 6943
3 7100 7097 7095
3 6943 7097 6944
3 7029 7436 7101
3 6715 7271 7100
3 6624 5967 6945
3 6946 7273 7194
3 7031 7272 7102
3 7273 6951 7274
3 6869 7102 7279
3 7104 6869 7279
3 7366 7274 6951
3 7033 6879 6954
3 7211 7104 7200
3 7103 6882 7220
3 7370 7103 7220
3 6955 7448 6626
3 7106 7105 7221
3 7106 7224 7105
3 7106 7221 7107
3 7224 7106 7108
3 7106 7107 7108
3 7109 7107 7110
3 7111 7108 7109
3 7108 7107 7109
3 7034 7036 6956
3 7109 7110 7112
3 7113 7111 7112
3 7111 7109 7112
3 7113 7112 7114
3 7308 7036 7034
3 7113 7114 7115
3 7115 7114 7116
3 7230 7229 7115
3 7229 7113 7115
3 7115 7116 7118
3 7118 7116 7119
3 7231 7230 7118
3 7230 7115 7118
3 7117 7035 7231
3 7231 7035 7119
3 7035 7118 7119
3 7035 7120 7118
3 7231 7118 7120
3 7035 7233 7120
3 7121 7233 7035
3 7233 7122 7036
3 7121 7122 7123
3 7124 7122 7235
3 7123 7122 7124
3 6958 7039 7525
3 6368 7127 7713
3 7039 7040 7586
3 7529 6805 7528
3 7312 6960 7380
3 7460 7129 6629
3 7042 7130 7313
3 7130 7042 7043
3 7043 7239 7130
3 7043 6961 7239
3 7240 7239 6961
3 7132 6887 6889
3 6890 7243 7382
3 7244 6890 7382
3 7244 7135 6965
3 7245 6892 6965
3 7136 7321 6968
3 7134 6894 6896
3 7323 7138 6969
3 7139 6969 7138
3 7246 6970 7139
3 7660 6454 7140
3 7247 6972 6971
3 7141 7051 6972
3 7141 6972 7247
3 7142 6898 6737
3 7249 6897 7388
3 6976 6818 7145
3 6976 7145 7052
3 7149 7148 6741
3 7054 7149 6741
3 7329 7056 7327
3 7055 7327 7056
3 7329 7153 7056
3 7061 7058 7152
3 7152 7150 7328
3 7330 6823 6822
3 7330 6979 6823
3 7151 7055 7250
3 6902 7250 7055
3 7152 7059 7061
3 7485 6901 6982
3 7063 7155 6986
3 7490 7485 6745
3 7332 6985 7334
3 7549 7065 7064
3 7158 7334 6989
3 6986 7333 7066
3 7333 7338 7066
3 7398 6991 6904
3 6476 6317 7339
3 7617 7553 6568
3 6996 7162 7399
3 6998 6997 7255
3 6998 7255 7161
3 7256 7257 7161
3 6999 7400 7068
3 7002 6906 7257
3 7003 6907 7257
3 6907 7002 7257
3 7341 7070 7068
3 7342 7258 7069
3 7071 7163 7069
3 7163 7071 7072
3 7005 7073 7164
3 7165 7005 7164
3 6496 6668 7165
3 7166 6834 6753
3 7166 7164 6834
3 7006 7165 7166
3 7343 7008 6588
3 7009 7762 6836
3 7168 7403 6134
3 8095 6505 7764
3 7687 6837 6679
3 6919 6137 8036
3 6508 5612 7495
3 7170 7014 7918
3 8099 7973 6591
3 6415 7172 7405
3 7626 8040 6765
3 6348 6209 7411
3 7503 7628 6514
3 6842 7413 7016
3 7173 7174 7081
3 7173 7081 7261
3 7504 6595 7017
3 6767 7263 7414
3 7176 6767 7414
3 7781 6845 6769
3 7083 6081 7692
3 7416 6924 7631
3 7692 6516 6771
3 7018 7350 7264
3 6933 8044 7019
3 7352 7179 7180
3 7018 7086 7265
3 7087 7085 7179
3 7087 7181 7180
3 7087 7179 7181
3 7420 6147 7021
3 6934 6520 6854
3 7421 6851 6850
3 7508 6856 6694
3 7571 6608 7183
3 7185 7510 7022
3 7022 7023 7185
3 7023 7266 7185
3 6936 7187 7266
3 7355 7088 6937
3 6428 6778 7186
3 7188 7189 7089
3 7190 6428 7186
3 7025 7426 7090
3 7093 7428 6780
3 6698 7191 6699
3 7430 7026 7268
3 7027 7512 7192
3 6782 7639 6700
3 6941 7192 7431
3 7432 7514 6786
3 7433 6940 6785
3 6785 7094 7433
3 7194 7094 6946
3 7100 7030 7097
3 6715 7195 7271
3 7030 7100 7271
3 7030 7271 7031
3 7031 7271 7272
3 7196 7102 7272
3 6870 6800 6874
3 7280 6716 7365
3 7104 7279 7197
3 7104 7197 7200
3 7033 6949 6879
3 7198 7197 7201
3 7200 7197 7199
3 7197 7198 7199
3 7441 7579 7207
3 7198 7201 7203
3 7203 7202 7198
3 7198 7202 7199
3 7366 7033 6954
3 7203 7204 7202
3 6953 7104 7211
3 7205 7203 7206
3 7203 7205 7204
3 7205 7206 7208
3 7208 7206 7209
3 7208 7210 7205
3 7208 7209 7212
3 7212 7213 7208
3 7208 7213 7210
3 7215 7212 7214
3 7212 7215 7213
3 7215 7214 7216
3 7216 7214 7287
3 7216 7217 7215
3 7451 7034 7521
3 7216 7287 7219
3 7219 7287 7218
3 7216 7219 7217
3 7224 7221 7105
3 7219 7218 7222
3 7222 7218 7225
3 7222 7223 7219
3 7107 7221 7224
3 7225 7226 7222
3 7222 7226 7223
3 7107 7224 7110
3 7111 7110 7108
3 7108 7110 7224
3 7225 7289 7227
3 7225 7227 7226
3 7112 7110 7228
3 7113 7228 7111
3 7111 7228 7110
3 7112 7228 7114
3 7114 7228 7229
3 7113 7229 7228
3 7114 7229 7116
3 7116 7229 7230
3 7308 7034 7309
3 7116 7230 7119
3 7119 7230 7231
3 7232 7036 7308
3 7117 7231 7120
3 6882 7583 7377
3 6957 7304 7125
3 7233 7036 7235
3 7233 7121 7234
3 7234 7122 7233
3 7234 7121 7123
3 7234 7235 7122
3 7123 7235 7234
3 7036 7124 7235
3 7235 7123 7236
3 7124 7379 7123
3 7379 7310 7123
3 7236 7123 7310
3 7125 7378 7037
3 7037 7378 7237
3 7524 6883 7237
3 7458 7126 6883
3 7126 7458 7311
3 7038 7527 7127
3 6541 6723 7238
3 7239 7315 7130
3 7240 7132 7317
3 7132 7133 7319
3 6812 7320 7531
3 7533 6964 7134
3 6965 7135 7245
3 7323 6969 7245
3 7535 6895 7322
3 6638 7048 7465
3 7049 6638 7465
3 7138 7323 7324
3 7139 7138 7383
3 7468 7246 7139
3 7051 7141 7325
3 6737 6735 7142
3 7142 7143 6898
3 7144 7472 7145
3 7390 7147 6899
3 6819 6820 7390
3 7607 7479 7055
3 7479 7327 7055
3 7609 7607 7391
3 7151 7391 7055
3 7546 7152 7328
3 7059 7152 7546
3 7059 7546 7392
3 7060 7059 7392
3 6978 6901 7679
3 6979 7394 6824
3 7395 7250 6902
3 7394 7251 7154
3 7332 6983 6985
3 7156 7154 7251
3 6825 7396 7252
3 7485 6984 6745
3 7335 7396 6825
3 7064 7156 7253
3 7155 7333 6986
3 7490 6745 6988
3 6990 7157 7254
3 6826 6746 7337
3 6993 6990 7254
3 7397 6988 6996
3 7158 7160 7254
3 7159 7160 7158
3 7254 7160 6993
3 7339 7760 6476
3 6991 7398 7255
3 7067 7340 7162
3 7001 7257 7256
3 7256 7340 7001
3 7001 7340 7067
3 6999 6653 7400
3 7492 7000 7258
3 7401 7068 7400
3 7401 7341 7068
3 7341 7342 7069
3 7341 7069 7163
3 7163 7070 7341
3 7165 7164 7166
3 7343 6588 7344
3 8913 7076 8031
3 6137 7169 8036
3 6759 6758 8038
3 6209 7171 7411
3 7172 6348 7411
3 6141 6347 7771
3 7016 7413 7558
3 7175 7016 7558
3 7080 7261 7174
3 7412 7413 6842
3 7081 7174 7261
3 7412 6842 7261
3 7082 7560 6843
3 7414 7263 6349
3 7562 6922 6684
3 6924 6844 7631
3 6844 7561 7631
3 7692 6771 7418
3 7351 6771 6927
3 7565 6846 7695
3 7018 7265 7505
3 7179 7352 7181
3 7180 7181 7352
3 7569 6147 7420
3 7790 7182 6847
3 6929 7697 7353
3 7570 6851 7421
3 7183 6606 7509
3 7354 7022 7510
3 6778 7184 7186
3 7422 7189 7188
3 7024 7356 7187
3 6430 7091 7425
3 7428 7093 7424
3 7191 6697 7427
3 6862 6780 7428
3 6861 7026 7429
3 7027 6862 7512
3 7512 6862 7428
3 7026 7430 7429
3 7191 7513 6782
3 7357 7025 6940
3 6941 7431 7432
3 7193 6700 7639
3 7098 7193 7434
3 7270 7094 7194
3 7272 7271 7195
3 7359 7272 7195
3 7366 7270 7273
3 7272 7360 7196
3 7359 7195 7361
3 7362 7102 7196
3 7368 7102 7362
3 7275 7277 7276
3 7368 7279 7102
3 7276 7277 7278
3 7369 7278 7277
3 6716 6870 7365
3 7369 7279 7278
3 7370 7195 7103
3 7369 7197 7279
3 7282 7197 7281
3 7197 7282 7201
3 7199 7282 7200
3 7282 7281 7200
3 7211 7200 7281
3 7202 7201 7199
3 7199 7201 7282
3 7442 7370 7220
3 7203 7201 7283
3 7204 7283 7202
3 7202 7283 7201
3 7203 7283 7206
3 7206 7283 7284
3 7205 7284 7204
3 7204 7284 7283
3 7206 7284 7209
3 7210 7209 7205
3 7205 7209 7284
3 7212 7209 7285
3 7213 7285 7210
3 7210 7285 7209
3 7207 7448 6955
3 7212 7285 7214
3 7214 7285 7286
3 7215 7286 7213
3 7213 7286 7285
3 6954 7117 7453
3 7117 6954 6881
3 7214 7286 7287
3 7217 7287 7215
3 7215 7287 7286
3 7218 7287 7288
3 7219 7288 7217
3 7217 7288 7287
3 7034 7211 7521
3 7218 7288 7225
3 7223 7225 7219
3 7219 7225 7288
3 7225 7223 7289
3 7223 7226 7289
3 7292 7291 7290
3 7220 6882 7454
3 7293 7290 7291
3 7227 7289 7226
3 7293 7294 7290
3 7295 7296 7293
3 7293 7296 7294
3 7297 7295 7298
3 7297 7375 7295
3 7295 7375 7296
3 6882 7377 7454
3 7297 7298 7299
3 7299 7298 7300
3 7299 7301 7297
3 7297 7301 7375
3 7299 7300 7302
3 7301 7299 7303
3 7299 7302 7305
3 7305 7302 7306
3 7307 7303 7305
3 7303 7299 7305
3 7117 7120 7233
3 7305 7306 7232
3 7308 7307 7305
3 7232 7308 7305
3 7034 7455 7309
3 7456 7125 7304
3 7453 7117 7233
3 7233 7235 7236
3 7455 7457 7309
3 7036 7232 7309
3 6721 7459 7712
3 6721 5836 7459
3 7313 7040 7042
3 7313 7130 7315
3 7240 7315 7239
3 7317 7241 7315
3 7317 7315 7240
3 7316 7315 7241
3 7316 7241 7318
3 7317 7318 7241
3 7318 7317 7381
3 7317 7132 7381
3 7132 7319 7381
3 7463 7134 7464
3 6732 7535 7137
3 7323 7245 7652
3 7138 7324 7383
3 7384 7383 7324
3 7468 7139 7383
3 6735 7246 7600
3 7470 7140 7051
3 7386 7051 7325
3 7600 7142 6735
3 7143 7603 7144
3 7388 6974 7326
3 7145 7472 7476
3 7147 7146 6975
3 7145 7476 7542
3 7052 7145 7542
3 7052 7542 7150
3 7328 7150 7542
3 7851 7148 7608
3 7391 7607 7055
3 7391 7151 7483
3 7675 7054 7679
3 7612 7330 7062
3 7330 7614 6979
3 7250 7393 7151
3 7155 7153 7548
3 7395 6902 6983
3 6982 6984 7485
3 7331 7252 7396
3 7157 7252 7488
3 7157 7488 7158
3 7064 7253 7549
3 7488 7334 7158
3 7254 7157 7158
3 6568 6992 7617
3 7340 7399 7162
3 7550 7552 7256
3 7161 7550 7256
3 7256 7552 7340
3 7342 7341 7401
3 7402 7342 7401
3 7258 7342 7402
3 6836 7762 7493
3 6915 6134 7403
3 7765 6914 7011
3 6918 6917 8464
3 7494 7076 7768
3 6507 6203 7404
3 7855 6509 7170
3 7405 7172 7773
3 7347 7346 7260
3 7346 7348 7260
3 7260 7348 7347
3 6346 5953 7410
3 6004 6513 7501
3 7080 7079 7627
3 7080 7627 7261
3 7261 7627 7412
3 7414 7175 7920
3 6769 7264 7781
3 7417 7177 6926
3 7351 7418 6771
3 7177 7695 6846
3 6930 6846 7565
3 7018 7505 7350
3 7019 8044 7564
3 6925 7349 7419
3 7178 7861 7566
3 7506 6933 7634
3 7568 7420 7021
3 7507 6147 7569
3 7788 6934 6854
3 7982 7788 7508
3 7182 7790 7635
3 7985 6220 7635
3 6855 7353 7509
3 7572 7185 7266
3 7187 7356 7266
3 7267 7088 7355
3 6937 6939 7355
3 7355 6939 7573
3 7090 7574 7024
3 6861 7573 6939
3 7192 7512 7431
3 6863 7514 7637
3 6863 7637 7268
3 6940 7433 7357
3 7639 7434 7193
3 7270 7433 7094
3 7434 7515 7098
3 7515 7516 7098
3 7516 7029 7098
3 7436 7029 7516
3 7706 7269 7435
3 7706 7099 7269
3 7273 7270 7194
3 7517 7272 7359
3 7517 7359 7360
3 7360 7359 7196
3 7359 7361 7196
3 7361 7363 7362
3 7196 7361 7362
3 7361 7195 7370
3 7274 7366 7273
3 7275 7276 7364
3 7364 7277 7275
3 7364 7276 7278
3 7364 7278 7367
3 7367 7369 7277
3 7367 7277 7364
3 7279 7368 7367
3 7367 7278 7279
3 7367 7368 7369
3 7441 6719 7280
3 7197 7369 7281
3 7366 6954 7453
3 7443 7521 7211
3 7211 7281 7443
3 7442 7220 7454
3 7371 7291 7292
3 7371 7292 7290
3 7034 7451 7452
3 7291 7371 7293
3 7293 7371 7373
3 7294 7373 7290
3 7290 7373 7371
3 7293 7373 7295
3 7295 7373 7374
3 7296 7374 7294
3 7294 7374 7373
3 7295 7374 7298
3 7298 7374 7375
3 7296 7375 7374
3 7298 7375 7300
3 7301 7300 7375
3 7303 7302 7301
3 7301 7302 7300
3 7034 7452 7455
3 7306 7302 7307
3 7303 7307 7302
3 7306 7307 7232
3 7376 7232 7307
3 7307 7308 7376
3 7376 7308 7309
3 7453 7233 7236
3 7524 7237 7582
3 7237 7378 7582
3 7038 6721 7526
3 7527 7038 7526
3 7527 7807 7127
3 7238 6723 6884
3 7528 7587 7529
3 7381 7316 7318
3 7381 7319 7461
3 7462 7319 7133
3 7133 7242 7462
3 7382 7243 7531
3 7321 7136 7534
3 7321 7651 6893
3 7722 7322 6895
3 7324 7466 7384
3 7384 7469 7383
3 7384 7385 7469
3 7600 7246 7598
3 7467 7248 7537
3 7141 7247 7471
3 7471 7325 7141
3 7470 7051 7386
3 7325 7471 7387
3 7386 7325 7538
3 7539 7249 7388
3 7472 7144 7603
3 7475 7389 7474
3 7541 7389 7477
3 7959 7390 6820
3 6820 6977 7751
3 7479 7480 7327
3 7482 7053 7851
3 7851 7053 7148
3 7329 7327 7481
3 7148 7149 7608
3 7391 7483 7611
3 7329 7547 7153
3 7483 7151 7393
3 7153 7547 7548
3 7392 7062 7060
3 7393 7250 7395
3 7484 7483 7393
3 7679 6901 7485
3 7484 7393 7395
3 7484 7395 7487
3 7395 6983 7332
3 7331 7484 7487
3 7487 7395 7332
3 7331 7487 7488
3 7252 7331 7488
3 7487 7332 7488
3 7396 7486 7331
3 7156 7251 7489
3 7488 7332 7334
3 7253 7156 7489
3 7685 7253 7489
3 7490 6988 7397
3 7397 6996 7399
3 7337 6476 7760
3 7255 7398 7550
3 7550 7161 7255
3 7340 7552 7399
3 6187 8029 7551
3 8029 6187 6828
3 6653 7553 7916
3 7493 8460 7074
3 7618 7762 7009
3 6913 7763 7009
3 6914 7764 7010
3 6917 6915 7403
3 7494 7768 7620
3 7770 6412 7496
3 8099 6759 8098
3 6681 6591 7973
3 7078 7405 8218
3 7347 7406 7346
3 7346 7406 7407
3 7408 7346 7407
3 7406 7347 7348
3 7409 7407 7406
3 7348 7409 7406
3 7409 7348 7346
3 7409 7346 7408
3 7411 7773 7172
3 6838 7856 7501
3 7412 7627 7413
3 7559 7504 7017
3 7017 7262 7559
3 7414 6349 7175
3 6928 7176 7178
3 7416 7632 7265
3 7694 7177 7563
3 8043 7419 7349
3 7634 6930 7565
3 8044 6933 7506
3 7351 6927 8226
3 6929 6925 7696
3 6694 7354 7927
3 7572 7510 7185
3 7356 7572 7266
3 7422 7702 7189
3 7356 7024 7423
3 7794 7091 7190
3 7024 7574 7423
3 7090 7426 7574
3 7573 6861 7511
3 7427 6697 7092
3 7025 7357 7426
3 7429 7703 6861
3 7577 7706 7435
3 7641 7099 7706
3 7438 7099 7641
3 7358 7438 7641
3 7518 7272 7517
3 7517 7360 7642
3 7518 7360 7272
3 7360 7518 7439
3 7360 7439 7642
3 7439 7362 7363
3 7642 7439 7363
3 7362 7519 7440
3 7519 7362 7439
3 7440 7519 7642
3 7363 7440 7642
3 7370 7440 7361
3 7361 7440 7363
3 7362 7440 7368
3 7368 7440 7281
3 7369 7368 7281
3 7370 7442 7440
3 7453 7580 7366
3 7581 7445 7443
3 7445 7444 7443
3 7447 7446 7444
3 7447 7444 7445
3 7446 7449 7450
3 7523 7449 7446
3 7523 7446 7447
3 7452 7451 7450
3 7449 7452 7450
3 7876 7372 7448
3 7232 7376 7309
3 7644 7457 7455
3 7453 7236 7310
3 7379 7124 7036
3 7379 7036 7309
3 7125 7456 7378
3 7379 7309 7584
3 7525 7583 6958
3 7524 7939 6883
3 7527 7526 7806
3 7711 7459 7311
3 7586 7040 7313
3 7380 7041 7810
3 7041 7129 7809
3 7041 6725 7129
3 7316 7313 7315
3 7313 7316 7715
3 7047 7044 7648
3 7530 7381 7588
3 7588 7381 7461
3 7462 7461 7319
3 7531 7532 7382
3 7244 7382 7532
3 7242 6964 7533
3 7134 7463 7533
3 7886 6893 7651
3 7465 7048 6893
3 7597 7385 7384
3 7595 6815 7596
3 7469 7385 7536
3 6971 6815 7664
3 7246 7468 7598
3 7247 6971 7664
3 7536 7385 7597
3 7601 7537 7248
3 7249 7539 7248
3 7143 7142 7603
3 7474 7604 7475
3 7474 7389 7473
3 7473 7389 7541
3 7475 7540 7389
3 7389 7540 7606
3 7477 7389 7606
3 7478 7541 7544
3 7478 7544 7479
3 7544 7480 7479
3 7480 7481 7327
3 7054 7753 7149
3 7391 7611 7673
3 7675 7753 7054
3 7328 7545 7546
3 7054 6978 7679
3 7674 7612 7392
3 7062 7392 7612
3 7251 7394 7682
3 7155 7548 7333
3 7333 7616 7338
3 7490 7397 7491
3 7399 7491 7397
3 7491 7399 7552
3 7402 7492 7258
3 7343 7344 7554
3 7968 7167 7008
3 7011 7075 8215
3 8032 6757 6918
3 7495 7013 8037
3 7918 7014 7259
3 7497 7408 7407
3 7497 7498 7408
3 7407 7409 7500
3 7407 7500 7497
3 7409 7408 7498
3 7409 7498 7500
3 7410 8100 6764
3 6764 8100 7857
3 7171 6209 7345
3 7171 7345 8039
3 6141 7771 7777
3 7499 6595 7504
3 7560 6764 7857
3 7559 7262 7919
3 7415 6845 7630
3 7562 6684 7567
3 7780 7083 7692
3 7781 7264 7350
3 7084 7083 7780
3 6926 7695 7417
3 7695 7177 7694
3 7695 7564 7633
3 7695 7633 7565
3 7178 8170 7861
3 7863 6925 7419
3 7863 7696 6925
3 7790 6847 7566
3 7021 6934 7788
3 7788 6854 7508
3 6850 6220 7985
3 7353 7983 7509
3 7508 6694 7927
3 7510 7636 7354
3 7699 7510 7572
3 7702 7424 7189
3 7701 7355 7573
3 7190 7186 8053
3 7424 7093 7189
3 7703 7511 6861
3 7796 7430 7268
3 7638 7431 7512
3 7432 7575 7514
3 7705 7357 7640
3 7576 7434 7639
3 7578 7433 7270
3 7101 7436 7707
3 7358 7641 7437
3 7643 6624 6945
3 7518 7519 7439
3 7270 7366 7580
3 6874 6624 7643
3 6870 6874 8068
3 8067 8068 6874
3 7281 7440 7443
3 7581 7443 7440
3 7440 7442 7581
3 7207 7579 7448
3 7444 7521 7443
3 7581 7520 7445
3 7520 7444 7446
3 7520 7446 7522
3 7522 7447 7445
3 7522 7445 7520
3 7522 7446 7450
3 7522 7450 7523
3 7523 7447 7522
3 7521 7449 7451
3 7523 7450 7451
3 7449 7523 7451
3 7452 7449 7644
3 7452 7644 7455
3 7304 7372 7876
3 7802 7939 7524
3 7310 7379 7645
3 7584 7645 7379
3 7311 7458 7585
3 7711 7311 7585
3 7647 7711 7585
3 7526 6721 7712
3 7946 7238 6884
3 7714 7314 7312
3 7715 7316 7530
3 7716 7715 7530
3 7530 7316 7381
3 7461 7462 7589
3 7462 7242 7533
3 7322 7653 7535
3 7653 7322 7722
3 7590 7464 7467
3 7323 8307 7466
3 6895 7591 7722
3 7466 7324 7323
3 6895 7593 7591
3 7466 7597 7384
3 6815 7049 7596
3 7664 6815 7595
3 7468 7383 7469
3 7467 7537 7594
3 7536 7731 7469
3 7666 7594 7537
3 7470 7386 7599
3 7599 7386 7538
3 7387 7471 7602
3 7325 7387 7669
3 7538 7325 7736
3 7387 7602 7669
3 7601 7539 7738
3 7539 7741 7896
3 7473 7670 7474
3 7741 7388 7326
3 7741 7326 7900
3 7671 7476 7742
3 7847 7740 7473
3 7900 7326 7146
3 7847 7473 7541
3 7475 7605 7540
3 8021 7147 7390
3 7847 7541 7543
3 7672 7544 7541
3 7478 7543 7541
3 7610 7478 7479
3 7610 7479 7607
3 7481 7850 7329
3 7752 7329 7850
3 7749 7545 7328
3 7752 7547 7329
3 7391 7673 7609
3 7330 7613 7614
3 7758 6979 7614
3 7483 7484 7678
3 7331 7486 7680
3 7678 7484 7680
3 7484 7331 7680
3 7489 7251 7682
3 7490 7615 7485
3 7616 7490 7491
3 7616 7550 7398
3 7550 7491 7552
3 6653 7916 7400
3 7400 7686 7401
3 7761 7402 7686
3 8692 8460 7493
3 8094 7008 7343
3 7968 7008 8094
3 7168 7167 7968
3 7618 7009 7763
3 7494 7917 8096
3 7012 8337 6203
3 8038 6758 6590
3 7259 6272 6760
3 8633 6760 7078
3 7556 7555 7497
3 7555 7557 7498
3 7555 7498 7497
3 7499 8039 7345
3 7497 7500 7557
3 7497 7557 7556
3 7500 7498 7557
3 7626 6141 7777
3 8166 7628 7503
3 7176 7414 7691
3 8102 7562 7567
3 7177 7417 7563
3 7417 7694 7782
3 7505 7265 7632
3 7351 8226 8223
3 8225 7567 7507
3 7021 8047 7568
3 7789 7569 7420
3 8226 6851 7570
3 7510 7699 7636
3 7700 7422 7267
3 7355 7700 7267
3 7702 7422 7700
3 7991 7424 7870
3 7191 7427 7795
3 7989 7426 7357
3 7429 7430 7704
3 7637 7796 7268
3 7431 7575 7432
3 7514 7575 7797
3 7576 7932 7434
3 7435 7101 7707
3 7269 7101 7435
3 7709 7437 7641
3 7709 7358 7437
3 6945 7358 8242
3 7642 7518 7517
3 7642 7519 7518
3 7365 6870 8068
3 7520 7521 7444
3 7520 7644 7521
3 7644 7449 7521
3 7442 7454 7800
3 7876 7801 7304
3 7304 7801 7456
3 7456 7582 7378
3 7309 7457 7584
3 7645 7878 7310
3 7458 6883 7939
3 7712 7646 7526
3 7807 7527 7806
3 7808 7039 7586
3 7586 7944 7808
3 7587 7528 8076
3 6629 7128 8123
3 7460 6629 8123
3 7530 7588 7811
3 7531 7320 7649
3 7461 7589 7588
3 7244 7532 7717
3 7884 7244 7717
3 7136 7814 7534
3 7463 7464 7718
3 7652 8307 7323
3 7593 7592 7591
3 7663 7664 7595
3 7468 7469 7665
3 7598 7468 7665
3 7731 7665 7469
3 7247 7664 7828
3 7471 7247 7828
3 7736 7325 7669
3 7142 7834 7603
3 7603 7836 7472
3 7476 7472 7742
3 7147 7900 7146
3 7477 7606 7748
3 8021 7390 7959
3 7477 7748 7541
3 7672 7541 7748
3 7959 6820 7751
3 7749 7542 7905
3 7751 6977 7482
3 7328 7542 7749
3 7481 7480 7850
3 7545 7749 7750
3 7673 7610 7607
3 7546 7545 7852
3 7609 7673 7607
3 7608 7149 7753
3 7676 7547 7752
3 7392 7546 7755
3 7674 7392 7755
3 7613 7330 7612
3 7611 7483 7678
3 6979 7758 7394
3 7915 7394 7758
3 7679 7485 7615
3 7396 7681 7486
3 7684 7615 7490
3 7333 7548 7616
3 7616 7684 7490
3 6826 8028 7335
3 7967 7336 7065
3 7550 7616 7491
3 7616 7398 7338
3 7551 7760 7339
3 7402 7401 7686
3 7402 7761 7492
3 7765 7764 6914
3 6917 7403 8464
3 7012 6837 8395
3 7767 7494 7620
3 7075 6680 8215
3 8036 7619 6919
3 7404 6203 7971
3 7170 7918 8850
3 7556 7622 7555
3 7555 7622 7623
3 7624 7555 7623
3 7555 7625 7557
3 7555 7624 7625
3 7622 7556 7557
3 7625 7623 7622
3 7557 7625 7622
3 7629 6765 9635
3 7171 7772 7411
3 7413 7627 7502
3 7558 7502 7974
3 7413 7502 7558
3 7920 7175 7558
3 7561 8042 7631
3 7631 7779 7416
3 7630 6845 7781
3 7416 7779 7632
3 7349 7084 7780
3 7782 7563 7417
3 7417 7695 7694
3 8170 7178 7176
3 7633 8044 7565
3 8044 7634 7565
3 8047 7021 7788
3 7353 7697 7983
3 7421 7698 7570
3 7866 7354 7636
3 7356 7699 7572
3 7356 7423 7792
3 7355 7701 7700
3 7793 7701 7573
3 7574 7867 7423
3 7190 7868 7794
3 7989 7574 7426
3 7573 7511 7703
3 8109 7425 7091
3 8109 7091 7794
3 7427 7092 7795
3 7428 7424 7991
3 7704 7703 7429
3 7871 7512 7428
3 7637 7514 7797
3 7431 7638 7575
3 7576 7639 7992
3 7357 7433 7640
3 7576 7992 8060
3 7434 7932 7515
3 7640 7433 7578
3 7708 7358 7709
3 7280 7798 7441
3 7453 7936 7580
3 7581 7442 7800
3 7644 7581 7800
3 7454 7377 7938
3 7878 7453 7310
3 7582 7877 7524
3 7583 7803 7377
3 7457 7644 7937
3 8180 7710 7585
3 7585 7458 8180
3 7806 7526 7646
3 7525 7039 7808
3 6884 7529 8122
3 7128 8436 8123
3 8006 7312 7380
3 7460 8364 7129
3 7809 7129 8364
3 7041 7809 7810
3 7882 7314 7714
3 7044 7314 7648
3 7530 8008 7716
3 7649 7320 6729
3 8008 7530 7811
3 7531 7717 7532
3 7589 7885 7588
3 7589 7462 7650
3 7885 7589 7650
3 7462 7533 7650
3 7650 7533 7718
3 7718 7533 7463
3 8126 7245 7135
3 8010 7321 7534
3 7718 7464 7590
3 7465 6893 8127
3 7594 7720 7590
3 7653 7656 7654
3 7656 7657 7654
3 7722 7656 7653
3 7049 7465 7721
3 7594 7590 7467
3 7722 7723 7656
3 7723 7722 7591
3 7656 7723 7592
3 7592 7723 7658
3 7659 7592 7658
3 7659 7591 7592
3 7659 7723 7591
3 7049 7888 7725
3 7656 7592 7724
3 7593 7659 7658
3 7724 7593 7658
3 7593 7724 7592
3 7049 7725 7596
3 7826 7596 7725
3 7660 7659 7593
3 7729 7662 7661
3 7661 7662 7596
3 7662 7595 7596
3 7662 7730 7595
3 7596 7663 7661
3 7826 7663 7596
3 7663 7595 7730
3 7664 7663 7826
3 7720 7594 7666
3 8193 8128 7666
3 7598 7665 7732
3 7537 7667 7666
3 7733 7833 7602
3 7599 7538 7832
3 7668 7667 7734
3 7538 7736 7832
3 7142 7830 7834
3 7669 7602 7833
3 7669 7833 7737
3 7248 7539 7601
3 7736 7669 7739
3 7670 7736 7739
3 7740 7670 7473
3 7474 7670 7604
3 7540 7605 7606
3 7476 7671 7542
3 7901 7542 7671
3 7847 7543 7907
3 7480 7544 8026
3 7545 7750 7852
3 7478 7610 7754
3 7966 7478 7754
3 7754 7610 7677
3 7755 7546 7852
3 7677 7610 7678
3 7610 7673 7678
3 7611 7678 7673
3 7676 7756 7547
3 7680 7677 7678
3 7681 7853 7680
3 7548 7547 7756
3 7681 7680 7486
3 7757 7615 7759
3 7682 7394 7915
3 7682 7915 8093
3 7759 7615 7684
3 7548 7683 7616
3 7616 7683 7759
3 7616 7759 7684
3 8028 7337 7760
3 7916 7553 7617
3 7400 7916 7686
3 7343 7554 8094
3 7403 7168 7968
3 8337 7012 8395
3 9202 7621 8523
3 8523 7621 8216
3 7688 7624 7623
3 7624 7689 7625
3 7623 7625 7690
3 7623 7690 7688
3 7625 7689 7690
3 7626 7776 7778
3 7079 6004 7627
3 7503 6922 7921
3 7562 7921 6922
3 7350 7977 7781
3 7632 7350 7505
3 7632 8221 7350
3 7787 7785 7693
3 7785 7563 7693
3 7694 7563 7785
3 7633 7564 8044
3 7979 7863 7419
3 7506 7634 8044
3 8046 7566 7861
3 7924 7569 7789
3 7697 6929 7696
3 7698 7421 7984
3 7984 7421 6850
3 7866 7927 7354
3 7356 7792 7699
3 7867 7792 7423
3 7573 7703 7793
3 7702 7870 7424
3 8057 7092 7425
3 7991 7871 7428
3 7989 7357 7705
3 7191 7795 7513
3 7796 7704 7430
3 7638 7512 7871
3 7873 7639 7513
3 7707 7436 7516
3 7641 7706 7934
3 7578 7270 7580
3 7579 7441 7798
3 7799 7876 7448
3 7644 7520 7581
3 7454 7938 7800
3 7582 7456 7801
3 7801 7877 7582
3 7936 7453 7878
3 7377 7803 7938
3 7878 7645 7804
3 7879 7645 7584
3 7880 7458 7939
3 7710 7647 7585
3 7942 7646 7712
3 7881 7806 7646
3 7127 7807 7943
3 6884 8122 7946
3 7586 7313 7948
3 7380 7810 8006
3 8006 7714 7312
3 7314 7882 7648
3 6888 7047 8078
3 6729 6888 8078
3 7588 7885 7811
3 7812 7885 7650
3 7812 7650 7718
3 7813 7812 7718
3 8010 7534 8189
3 7651 7321 8010
3 7818 7535 7653
3 7816 7718 7590
3 7817 7815 7720
3 7719 7653 7654
3 7815 7590 7720
3 7815 7816 7590
3 7817 7720 7819
3 7719 7654 7887
3 7655 7721 7465
3 7654 7821 7887
3 7821 7654 7657
3 7658 7723 7724
3 7659 7724 7723
3 7657 7889 7821
3 7657 7950 7889
3 7824 7656 7660
3 7659 7660 7724
3 7656 7724 7660
3 7729 7727 7728
3 7727 7726 7728
3 7728 7662 7729
3 7728 7825 7662
3 7730 7729 7661
3 7730 7662 7825
3 7730 7661 7663
3 7827 7536 7597
3 7731 7536 7827
3 7470 7599 7891
3 7598 7732 7600
3 7666 7667 7829
3 7732 7830 7600
3 7601 7734 7537
3 7734 7667 7537
3 7142 7600 7830
3 7735 7734 7601
3 7601 7738 7735
3 7739 7669 7737
3 7837 7832 7736
3 7835 7739 7737
3 7838 7670 7739
3 7837 7736 7839
3 7839 7736 7670
3 7472 7836 7955
3 7841 7670 7740
3 7670 7840 7604
3 7841 7839 7670
3 7539 7388 7741
3 7846 7740 7847
3 7475 8019 7605
3 7744 7743 7842
3 7744 7745 7743
3 7845 7743 7745
3 7745 7744 7746
3 7744 7747 7746
3 7848 7747 7744
3 7747 7848 7849
3 7542 7901 7905
3 7543 7478 7907
3 7478 7966 7907
3 7750 7964 7852
3 7677 7913 7754
3 7676 7753 7675
3 7676 7675 7757
3 7677 7680 7853
3 7679 7757 7675
3 7615 7757 7679
3 7683 7756 7759
3 7548 7756 7683
3 8210 7489 7682
3 8459 7253 7685
3 7253 8211 7549
3 7065 7549 7967
3 6992 7336 8334
3 7551 8029 8213
3 6828 7492 7761
3 7344 8392 7554
3 7618 8030 7762
3 7011 8394 7765
3 7767 7917 7494
3 8215 6680 9202
3 8216 7077 8096
3 7972 7769 7854
3 7013 7855 8578
3 6760 8633 7259
3 7624 7688 7689
3 7775 7774 7688
3 7775 7690 7776
3 7775 7688 7690
3 7689 7688 7774
3 7776 7689 7774
3 7689 7776 7690
3 7776 7777 7775
3 7626 7777 7776
3 7411 8165 7773
3 6004 7501 9151
3 7502 8341 7974
3 8166 7503 8698
3 7975 7919 7262
3 8168 7262 7415
3 7975 7262 8168
3 8168 7415 7630
3 8042 8169 7631
3 7779 7631 8169
3 7562 8102 7921
3 7176 7691 8170
3 7693 7563 7782
3 7784 7693 7782
3 7783 7693 7784
3 7782 7785 7784
3 7694 7785 7782
3 7693 7786 7787
3 7785 7787 7784
3 7979 7980 7863
3 8047 7862 7568
3 8225 7507 7981
3 8104 7569 7924
3 7789 7568 7862
3 7420 7568 7789
3 7982 8047 7788
3 7789 7864 7924
3 7982 7508 7926
3 7985 7635 7790
3 6850 7985 7984
3 7926 7508 7791
3 8051 7509 7865
3 7866 7636 7987
3 7186 7184 7571
3 7190 8053 7868
3 7793 7702 7700
3 7793 7700 7701
3 7702 7793 7869
3 7869 7793 7703
3 7869 7870 7702
3 8057 7425 8109
3 8175 7513 7795
3 7989 7705 7931
3 7796 7929 7704
3 7871 7872 7638
3 7637 7797 7796
3 7575 7638 7797
3 7639 7873 7992
3 7933 7516 7515
3 7996 7640 7874
3 7934 7709 7641
3 7640 7578 7874
3 7578 7580 7875
3 7643 8067 6874
3 7280 7365 8116
3 8116 7365 8068
3 7579 7798 7799
3 7448 7579 7799
3 7457 7805 7584
3 7879 7805 8184
3 7645 7940 7804
3 7805 7879 7584
3 7880 8180 7458
3 7881 7807 7806
3 7942 7711 7647
3 7942 7712 7711
3 7459 7711 7712
3 7713 8076 7528
3 7945 7238 7946
3 7649 6729 8078
3 7883 7531 7649
3 7717 7531 7883
3 7816 7813 7718
3 8080 7534 7814
3 7818 7653 7719
3 7655 7465 8127
3 8617 7887 7821
3 7824 7657 7656
3 7826 7822 7820
3 7826 7725 7822
3 7824 7950 7657
3 7725 7888 7726
3 7725 7726 7727
3 7823 7725 7727
3 7726 7825 7728
3 7888 7825 7726
3 7825 7727 7729
3 7825 7823 7727
3 7825 7729 7730
3 7890 7828 7826
3 7826 7828 7664
3 8192 7824 7660
3 7140 7470 7891
3 7731 7732 7665
3 7731 7892 7732
3 7602 7471 7733
3 7668 7829 7667
3 7734 7829 7668
3 7829 7734 7831
3 7894 7734 7735
3 7738 7894 7735
3 7895 7894 7738
3 7603 7834 7836
3 7739 7835 7838
3 7738 7539 7896
3 7670 7838 7840
3 7742 7472 7955
3 7955 7897 7742
3 7896 7741 7899
3 7741 7900 7899
3 7742 7897 7671
3 7903 7841 7740
3 7842 7898 7744
3 7843 7743 7844
3 7743 7845 7844
3 7903 7740 7846
3 7745 7904 7843
3 7745 7843 7845
3 7904 7745 7746
3 7606 8090 7748
3 7849 7848 7906
3 7846 7847 7907
3 7672 7748 8276
3 7482 8154 7751
3 7753 7912 7608
3 7753 7676 7912
3 7676 7752 7912
3 7966 7754 7913
3 7914 7853 7681
3 7759 7756 7676
3 7757 7759 7676
3 7489 8210 7685
3 7396 7335 8028
3 8028 6826 7337
3 7336 7967 8212
3 6828 8335 8029
3 7344 7074 8460
3 8392 8094 7554
3 7763 6913 7969
3 8395 6837 8162
3 8034 7767 7620
3 7970 7769 7972
3 7972 7854 8035
3 8035 7854 7769
3 8036 7169 7495
3 7496 7404 8465
3 7770 7496 8164
3 6590 7770 8400
3 8525 7405 7773
3 7774 7778 7776
3 7171 8039 7772
3 8165 7411 7772
3 7777 7774 7775
3 9635 6765 8040
3 8039 7499 7504
3 7919 8286 7559
3 7414 7920 8343
3 8343 7691 7414
3 8168 7630 7781
3 7692 7976 7780
3 7780 7976 8103
3 7349 7780 8043
3 7350 8221 7977
3 7693 7783 7859
3 7783 7858 7859
3 7860 7783 7784
3 7858 7783 7860
3 7859 7786 7693
3 7786 7860 7787
3 7786 7859 7860
3 7784 7787 7860
3 7692 7418 7351
3 7790 7566 8173
3 7864 7789 8106
3 8049 7985 7790
3 7925 7570 7698
3 7791 7508 7927
3 7791 7927 8050
3 8233 7698 8052
3 8051 7183 7509
3 7571 7986 7186
3 7987 7636 7928
3 7699 7928 7636
3 7928 7699 7792
3 8054 7867 7989
3 7867 7574 7989
3 7929 7869 7703
3 7929 7703 7704
3 7872 7871 7991
3 7638 7930 7797
3 8114 7932 7576
3 7705 7993 8062
3 7705 7640 7993
3 7933 7515 7932
3 7706 8176 7994
3 7435 7707 7577
3 7994 8240 7706
3 7706 8240 7934
3 7934 7708 7709
3 7708 7997 7358
3 7999 7874 8002
3 8242 8295 6945
3 8002 7874 7578
3 7578 7875 8002
3 8116 7798 7280
3 7580 7936 8003
3 7877 7801 8070
3 7937 7644 7800
3 7802 7524 7877
3 7804 7940 7878
3 8120 7881 7646
3 7803 7583 8075
3 8075 7583 7525
3 8075 7525 7808
3 7713 7127 7943
3 7948 7944 7586
3 7128 7238 8436
3 7238 7945 8436
3 7587 8076 7947
3 7529 7587 7947
3 8077 7948 7715
3 7948 7313 7715
3 7715 7716 8124
3 7717 7883 7884
3 7885 7949 7811
3 7885 7812 7813
3 7815 7885 7813
3 8009 7949 7815
3 7949 7885 7815
3 8080 8189 7534
3 7815 7813 7816
3 7136 7137 7535
3 8833 7719 7887
3 7655 7890 7721
3 7721 7890 7820
3 7049 7721 8081
3 7049 8081 7888
3 7822 8081 7820
3 7890 7826 7820
3 7597 7466 8500
3 7822 7725 7823
3 7888 7823 7825
3 8128 7720 7666
3 8083 7731 7827
3 7951 7732 7892
3 7830 7732 7951
3 8084 7599 7832
3 7829 7831 7893
3 7893 7831 7952
3 7831 7734 7953
3 7953 7952 7831
3 7832 7837 8087
3 7894 7953 7734
3 7894 7954 7953
3 7894 7895 7954
3 7895 7738 7896
3 7838 7835 8376
3 7895 7896 8016
3 7838 8088 7840
3 7836 8263 7955
3 7840 8134 7604
3 7475 7604 8134
3 7743 7956 7842
3 7897 7901 7671
3 7843 7956 7743
3 7844 7902 7843
3 7902 7844 7845
3 7956 7843 7904
3 7843 7902 7845
3 7848 7744 7898
3 7900 7147 8021
3 7898 8137 7848
3 8022 7904 7746
3 7605 8144 7606
3 7747 8022 7746
3 8144 8090 7606
3 7957 7905 7901
3 7848 8137 8024
3 7958 7747 7849
3 7961 7846 7907
3 7961 7903 7846
3 8513 7959 7751
3 7908 7909 7906
3 7749 7960 7750
3 7910 7908 8025
3 7910 7909 7908
3 7909 7910 7963
3 7965 7480 8026
3 7480 7965 7850
3 7852 7964 7911
3 7752 7850 7912
3 7912 8157 7608
3 7853 8091 7913
3 7674 8160 7612
3 7913 7677 7853
3 7613 7612 8092
3 7614 7613 8092
3 8458 7681 7396
3 8211 7967 7549
3 7617 6992 8574
3 8283 6916 7619
3 7768 8033 7620
3 7768 7076 8913
3 7767 7970 7917
3 8163 7620 8033
3 8034 7620 8163
3 7971 6203 8337
3 8038 6590 8400
3 8218 7405 8525
3 7501 7856 8527
3 7777 7771 8040
3 8341 7502 7627
3 8403 7560 7857
3 8287 7919 7975
3 7561 7560 8042
3 8042 7560 8167
3 8042 8219 8169
3 7976 7692 8222
3 7978 7922 7858
3 7978 7858 7923
3 7923 7858 7860
3 7859 7858 7922
3 7859 7922 7923
3 7860 7859 7923
3 7861 8170 8288
3 7979 8045 7980
3 7569 7981 7507
3 7981 7569 8104
3 8348 7862 8047
3 7864 8174 8048
3 7865 7509 7983
3 7925 7698 8233
3 8051 7571 7183
3 7792 7867 7928
3 7794 8292 8109
3 7869 7929 7991
3 7872 7991 7930
3 7991 7929 7930
3 7796 7930 7929
3 7872 7930 7638
3 7930 7796 7797
3 7705 8061 7931
3 7705 8062 8061
3 7993 7640 7996
3 7707 7516 7933
3 7706 7577 8176
3 7934 7997 7708
3 7358 7997 8242
3 7996 7874 7999
3 7935 7999 8000
3 8002 7875 8003
3 7875 7580 8003
3 8003 7936 8004
3 7877 8301 7802
3 7800 8121 7937
3 8120 7646 8071
3 7940 7645 7879
3 8181 7710 7941
3 7805 7457 7937
3 7942 7647 7710
3 7947 8076 7713
3 8251 7529 7947
3 7716 8008 8007
3 7814 7136 7535
3 8080 7814 7535
3 7245 8190 7652
3 8500 7466 8368
3 8081 7721 7820
3 8081 7822 7823
3 7888 8081 7823
3 8011 7821 7889
3 8191 7950 7824
3 7597 8500 7827
3 8192 7140 7891
3 7731 8083 7892
3 7891 8130 8310
3 8193 7666 7829
3 8130 7599 8084
3 8130 7891 7599
3 7834 8086 7836
3 7954 7895 8015
3 7895 8016 8015
3 7839 7841 8017
3 8089 8017 7841
3 7842 7956 8267
3 7841 7903 8023
3 8018 7957 7901
3 7897 8018 7901
3 7904 8020 7956
3 8022 8020 7904
3 8024 8137 8203
3 7849 7906 8146
3 7848 8024 7906
3 7906 8024 7908
3 7544 8276 8026
3 7910 8025 8145
3 7962 7903 7961
3 7960 8274 7750
3 7750 8274 7964
3 8145 8027 7910
3 7963 7910 8027
3 7961 7907 7966
3 8026 8151 7965
3 7913 7962 7961
3 7962 7913 8091
3 7913 7961 7966
3 7851 7608 8157
3 8159 7755 8209
3 8091 7853 8158
3 8159 8160 7674
3 7614 8092 7758
3 7336 8212 8334
3 7403 7968 8462
3 7766 6916 8283
3 7687 8162 6837
3 8394 7011 8215
3 8034 7970 7767
3 7769 7970 8035
3 8035 7970 8034
3 7855 7170 8850
3 8633 7078 8524
3 9151 7501 8402
3 7559 8286 7504
3 7632 7779 8220
3 8220 8221 7632
3 8043 7780 8103
3 7922 7978 7923
3 7979 7419 8043
3 8583 8102 7567
3 8173 7566 8046
3 8106 7789 8172
3 8105 7982 7926
3 8290 7697 7696
3 7926 7791 8050
3 8052 7698 7984
3 7986 7571 8051
3 8352 7186 7986
3 7928 8054 7988
3 7867 8054 7928
3 7795 7092 8057
3 7870 7869 7991
3 7990 7989 7931
3 8353 7513 8175
3 8293 7994 8176
3 8176 7577 8421
3 7995 7993 7996
3 7998 7995 7996
3 7999 7998 7996
3 7935 7998 7999
3 7999 8002 8000
3 7935 8000 8064
3 8064 8000 8065
3 8000 8002 8001
3 8066 8001 8002
3 7799 8300 7876
3 8004 7936 7878
3 8070 8301 7877
3 7938 8121 7800
3 8073 8119 7878
3 7940 8074 7878
3 7878 8074 8073
3 7805 7937 8005
3 7710 8180 7941
3 8181 7942 7710
3 7945 8435 8436
3 7529 8251 8122
3 7944 7948 8077
3 8006 7810 8437
3 7714 8006 8187
3 8188 7648 7882
3 8078 7047 8188
3 8079 7811 7949
3 8079 7949 8009
3 7817 8009 7815
3 8255 8009 7817
3 7245 8126 8190
3 8010 7886 7651
3 6893 7886 8127
3 7466 8307 8368
3 8082 8011 7889
3 8082 7889 8012
3 8191 7824 8192
3 7660 7140 8192
3 8193 7829 8194
3 8013 7951 7892
3 8014 7951 8013
3 7951 8014 7830
3 8194 7829 7893
3 8014 8086 7830
3 7834 7830 8086
3 7837 7839 8017
3 8132 8017 8089
3 8138 7896 7899
3 7475 8134 8019
3 7842 8267 7898
3 8199 8018 7897
3 7841 8023 8089
3 8201 7957 8018
3 8141 7956 8020
3 7605 8019 8202
3 7957 8205 7905
3 7959 8329 8021
3 7958 8022 7747
3 8022 7958 8146
3 8326 8025 8024
3 7749 7905 8205
3 8023 7903 7962
3 8090 8276 7748
3 7958 7849 8146
3 7908 8024 8025
3 7964 8274 8147
3 7544 7672 8276
3 7906 7909 8150
3 7965 8156 7850
3 8154 7482 7851
3 7912 7850 8208
3 7852 7911 8209
3 8092 7612 8160
3 7853 7914 8519
3 7915 7758 8092
3 8093 8161 7682
3 7682 8161 8210
3 8459 8211 7253
3 7967 8211 8212
3 8213 7760 7551
3 8574 8282 7617
3 6828 7761 8335
3 8394 7764 7765
3 8464 7403 8462
3 8283 7619 8463
3 5946 6757 8032
3 8097 7917 7970
3 8097 7970 7972
3 8037 7013 8578
3 7078 8218 8524
3 7778 7774 8040
3 7774 7777 8040
3 7772 8039 8401
3 7626 7778 8040
3 7558 7974 7920
3 8403 8167 7560
3 8224 7980 8045
3 8226 7570 7925
3 8172 7789 7862
3 8049 7790 8173
3 7984 7985 8232
3 8230 8052 7984
3 8051 7865 8229
3 7866 7987 8236
3 8053 7186 8352
3 7928 7988 8237
3 7988 8108 8237
3 7988 8055 8108
3 7988 8054 8055
3 7794 7868 8291
3 8054 7989 8055
3 8056 8055 7989
3 7794 8291 8292
3 8056 7989 7990
3 8058 8056 7990
3 7990 8110 8058
3 7990 7931 8110
3 7931 8111 8110
3 7513 8353 7873
3 8353 8418 7873
3 8059 8111 7931
3 8059 7931 8061
3 8112 8111 8059
3 8062 7993 8239
3 8114 8177 7932
3 8115 7995 8238
3 7932 8177 7933
3 7707 8421 7577
3 8177 7707 7933
3 8241 7934 8240
3 7934 8241 7997
3 7998 8063 7995
3 8063 7998 7935
3 8063 7935 8064
3 8065 8000 8001
3 8065 8001 8066
3 8065 8066 8117
3 8356 8067 7643
3 8066 8002 8069
3 8066 8069 8117
3 8002 8003 8069
3 8357 8116 8068
3 8118 8117 8003
3 8117 8069 8003
3 8004 8118 8003
3 8300 8246 7876
3 8246 7801 7876
3 7878 8119 8004
3 8121 7938 7803
3 8182 8121 7803
3 8005 7937 8121
3 7807 7881 8072
3 8183 7646 7942
3 8363 7945 7946
3 7047 7648 8188
3 8303 7883 7649
3 7884 7883 8125
3 8008 7811 8079
3 7819 7720 8128
3 8013 7892 8083
3 8014 8013 8085
3 8195 7832 8087
3 7893 7952 8259
3 8131 8259 7952
3 8131 7952 7953
3 8196 7953 7954
3 8017 8195 8087
3 8376 8088 7838
3 8087 7837 8017
3 8016 7896 8138
3 7955 8199 7897
3 8267 8268 7898
3 8089 8135 8132
3 8324 8267 7956
3 8140 8271 7899
3 8271 8138 7899
3 7899 7900 8140
3 8139 7956 8141
3 8142 8141 8020
3 8140 7900 8021
3 8143 8135 8089
3 8020 8022 8142
3 8143 8089 8023
3 8274 7960 8205
3 7960 7749 8205
3 8148 8143 8023
3 7962 8091 8023
3 8148 8023 8091
3 8147 8149 7964
3 7909 7963 8207
3 8153 8207 7963
3 8027 8153 7963
3 8151 8156 7965
3 8155 8148 8091
3 8091 8158 8155
3 7755 7852 8209
3 7674 7755 8159
3 7396 8028 8458
3 7761 7686 8214
3 7344 8460 8392
3 8030 7618 7763
3 8393 7968 8094
3 8522 8336 7764
3 8522 7764 8394
3 8031 5946 9143
3 8035 8097 7972
3 7404 7971 8465
3 8400 7770 8631
3 8773 7918 7259
3 6759 8038 8098
3 6681 7973 8340
3 7856 9331 8527
3 5953 7629 7410
3 8402 7501 8527
3 8166 8342 7628
3 7771 6347 8041
3 8285 7974 8341
3 7974 8285 7920
3 8467 7919 8287
3 7975 8168 8101
3 7779 8169 8220
3 8222 7692 7351
3 8171 8047 7982
3 8048 8104 7924
3 8048 7981 8104
3 7696 7863 8289
3 8228 7983 7697
3 8229 7983 8228
3 8229 7865 7983
3 8231 7984 8232
3 8227 7925 8233
3 8052 8230 8107
3 8235 8050 7927
3 8107 8233 8052
3 8235 7927 7866
3 8236 8235 7866
3 8236 7987 8237
3 8056 8108 8055
3 7992 7873 8418
3 8061 8113 8059
3 8112 8059 8113
3 8061 8062 8113
3 8060 8354 7576
3 7576 8354 8114
3 7993 8115 8239
3 8238 7995 8178
3 7993 7995 8115
3 8177 8421 7707
3 8064 8296 8063
3 7643 6945 8295
3 8119 8118 8004
3 8301 8070 8246
3 7939 7802 8301
3 7646 8486 8071
3 8072 7881 8120
3 7880 7939 8301
3 8181 7941 8180
3 7940 7879 8184
3 8183 7942 8181
3 8184 7805 8005
3 8185 8075 8250
3 7808 8250 8075
3 7808 7944 8250
3 8186 7944 8077
3 7713 8362 7947
3 8123 8364 7460
3 8437 7810 7809
3 8438 8187 8006
3 7882 8611 8188
3 7716 8007 8124
3 8008 8365 8007
3 8305 7884 8125
3 7884 8305 8441
3 7244 7884 8441
3 7135 7244 8441
3 8126 7135 9128
3 8498 8009 8255
3 7818 7719 8306
3 7819 8128 8255
3 8011 8617 7821
3 8012 7889 8257
3 8130 8084 7832
3 8259 8194 7893
3 8261 8014 8085
3 7737 7833 8262
3 7737 8262 7835
3 7836 8086 8263
3 8197 8017 8132
3 8198 8015 8016
3 8088 8379 7840
3 8133 8199 7955
3 8019 8134 8200
3 8137 7898 8623
3 8270 8018 8199
3 8202 8019 8200
3 8201 8273 7957
3 8137 8384 8203
3 8143 8136 8135
3 8273 8205 7957
3 8144 7605 8202
3 8024 8203 8326
3 8204 8025 8326
3 8147 8146 8149
3 8206 8277 8145
3 8277 8027 8145
3 8150 8146 7906
3 8150 8149 8146
3 8149 8150 8152
3 7909 8207 8150
3 7964 8149 8152
3 8153 8027 8277
3 7911 7964 8152
3 8157 8154 7851
3 8208 7850 8156
3 7912 8208 8157
3 8158 7853 8519
3 8160 8280 8092
3 8093 7915 8092
3 7685 8210 8281
3 8281 8459 7685
3 6992 8334 8574
3 8767 7760 8213
3 7916 7617 8521
3 8029 8335 8575
3 7686 7916 8214
3 8095 7764 8336
3 8912 7619 8036
3 8338 8096 8097
3 8163 8217 8034
3 8097 8034 8217
3 8097 8035 8034
3 7627 6004 8341
3 8039 7504 8286
3 8403 7857 8100
3 8698 7503 7921
3 8346 8222 8223
3 7351 8223 8222
3 8047 8171 8470
3 7924 7864 8048
3 8225 7981 8048
3 8290 7696 8289
3 8107 8230 8234
3 7928 8237 7987
3 8057 8416 7795
3 8175 7795 8416
3 8110 8111 8112
3 8420 8060 7992
3 8420 8354 8060
3 8113 8062 8239
3 8115 8113 8239
3 8238 8113 8115
3 7995 8063 8178
3 8243 8068 8067
3 7799 8359 8300
3 8120 8071 8244
3 8244 8245 8120
3 8071 8427 8244
3 8427 8071 8486
3 8072 8120 8245
3 8119 8073 8247
3 7880 8302 8180
3 8182 7803 8075
3 8248 8073 8074
3 8249 8248 8074
3 8362 7713 7943
3 7944 8186 8250
3 8361 8250 8186
3 8252 8077 7715
3 8124 8252 7715
3 7714 8187 7882
3 8124 8007 8253
3 7649 8078 8303
3 8365 8008 8304
3 8304 8008 8079
3 7135 8441 9003
3 7817 7819 8255
3 8831 8080 7535
3 8082 8256 8011
3 8191 8257 7889
3 8191 7889 7950
3 8082 8012 8256
3 8256 8012 8129
3 8308 8128 8193
3 8012 8258 8129
3 8256 8129 8258
3 8308 8193 8442
3 8192 7891 8310
3 7471 7828 7733
3 8260 8085 8013
3 8504 8259 8131
3 8014 8261 8086
3 8447 8261 8085
3 8086 8261 8263
3 8196 8131 7953
3 8317 8195 8197
3 8195 8017 8197
3 8196 7954 8015
3 8135 8265 8197
3 8134 7840 8379
3 8198 8016 8138
3 8133 8382 8199
3 8382 8270 8199
3 8381 8135 8449
3 7956 8139 8324
3 8273 8201 8272
3 8141 8272 8139
3 8142 8328 8141
3 8329 8140 8021
3 8328 8142 8022
3 8025 8204 8451
3 8275 8145 8451
3 8328 8022 8330
3 8145 8025 8451
3 8146 8330 8022
3 8274 8330 8147
3 8148 8333 8143
3 8330 8146 8147
3 8278 8333 8148
3 8151 8026 8515
3 7751 8154 8452
3 8277 8390 8153
3 8278 8148 8155
3 8209 7911 8152
3 8278 8155 8158
3 8279 8159 8209
3 8159 8280 8160
3 8028 7760 8767
3 7617 8282 8521
3 8461 7493 7762
3 7968 8393 8462
3 8283 7969 7766
3 8912 8463 7619
3 8771 8096 8338
3 8096 7917 8097
3 8163 8339 8217
3 8632 7855 8850
3 7856 6681 8340
3 7773 8695 8525
3 8041 6347 7628
3 8466 8039 8286
3 8467 8287 8101
3 8405 7781 7977
3 8043 8345 8468
3 8043 8103 8469
3 8043 8468 7979
3 9096 7982 8704
3 8347 8289 7863
3 7980 8347 7863
3 8350 8106 8349
3 8349 8106 8172
3 8226 7925 8227
3 8105 7926 8585
3 8585 7926 8050
3 8050 8235 8535
3 7984 8231 8230
3 7986 8051 8352
3 8236 8237 8415
3 8416 8057 8479
3 8109 8479 8057
3 8058 8108 8056
3 8353 8175 8416
3 8238 8112 8113
3 8177 8114 8354
3 7997 8241 8294
3 8294 8242 7997
3 8296 8064 8422
3 8064 8065 8422
3 8356 8297 8067
3 8243 8357 8068
3 8067 8297 8243
3 8116 8357 8545
3 8179 8117 8118
3 8483 8117 8179
3 8298 8299 8244
3 8299 8245 8244
3 8119 8179 8118
3 8070 7801 8246
3 7646 8183 8486
3 8121 8430 8005
3 8184 8005 8430
3 8074 7940 8249
3 9051 8075 8185
3 8249 8432 8248
3 8186 8077 8252
3 7947 8493 8251
3 8437 7809 8364
3 8187 8611 7882
3 8253 8007 8365
3 8078 8439 8303
3 7883 8303 8254
3 8254 8125 7883
3 8254 8305 8125
3 8366 8304 8079
3 7135 9003 9128
3 8366 8079 8009
3 8189 8080 8557
3 7652 8190 9186
3 7535 7818 8306
3 8367 8255 8128
3 7828 7890 8682
3 8257 8258 8012
3 8256 8258 8309
3 8258 8369 8309
3 9384 8083 7827
3 8311 8194 8259
3 7832 8195 8130
3 8317 8130 8195
3 8563 8262 7833
3 8262 8563 8314
3 8314 8313 8262
3 8375 8131 8196
3 7835 8262 8376
3 8317 8197 8265
3 8376 8319 8088
3 8196 8015 8198
3 7955 8263 8133
3 8318 8266 8264
3 8319 8379 8088
3 8135 8197 8132
3 8323 8266 8318
3 8323 8318 8320
3 8321 8265 8135
3 8322 8382 8133
3 7898 8268 8623
3 8379 8200 8134
3 8385 8267 8324
3 8200 8269 8323
3 8449 8135 8136
3 8272 8018 8270
3 8271 8383 8138
3 8139 8385 8324
3 8018 8272 8201
3 8272 8385 8139
3 8140 8325 8271
3 8140 8388 8325
3 8141 8327 8272
3 8327 8273 8272
3 8205 8273 8274
3 8331 8145 8275
3 8206 8145 8331
3 8333 8332 8143
3 8515 8026 8276
3 8207 8153 8390
3 8152 8150 8207
3 8279 8280 8159
3 8391 8092 8280
3 8391 8093 8092
3 8161 8765 8210
3 7916 9018 8214
3 6679 8694 7687
3 8032 6918 8464
3 8396 8163 8033
3 8284 8163 8396
3 8217 8338 8097
3 8337 8772 7971
3 8284 8398 8163
3 8398 8339 8163
3 7770 8164 8631
3 8773 7259 8633
3 7772 8401 8526
3 8466 8401 8039
3 8286 7919 8466
3 8101 8287 7975
3 8101 8344 8467
3 8169 8219 8641
3 7691 8343 9023
3 8168 7781 8405
3 7977 8221 8406
3 8288 8170 7691
3 8701 8345 8043
3 7976 8222 8469
3 8045 7979 8468
3 8408 8223 8226
3 7980 8224 8347
3 8172 7862 8348
3 8225 8048 8174
3 8172 8473 8349
3 8290 8228 7697
3 8651 8230 8231
3 7985 8049 8536
3 8351 8476 8051
3 8230 8651 8234
3 8233 8107 8413
3 8414 8235 8236
3 8477 8107 8234
3 8237 8108 8415
3 8417 8479 8109
3 7994 8481 8540
3 8177 8594 8421
3 7994 8540 8240
3 8178 8063 8296
3 8356 7643 8295
3 8422 8065 8117
3 8243 8544 8357
3 8243 8297 8298
3 8358 8243 8298
3 7799 7798 8359
3 8297 8299 8298
3 8359 8599 8300
3 8298 8244 8427
3 8302 7880 8301
3 8180 8302 8181
3 8181 8302 8183
3 8075 8430 8182
3 8431 8184 8430
3 7940 8184 8431
3 8249 7940 8488
3 8250 8360 8185
3 8494 8361 8186
3 7945 8363 8435
3 7947 8362 8493
3 9054 7946 8122
3 8440 8304 8366
3 8897 7535 8306
3 8616 7887 8617
3 8367 8128 8308
3 8193 8370 8442
3 7733 7828 8682
3 8193 8194 8311
3 7833 7733 8563
3 8447 8085 8260
3 8316 8314 8372
3 8315 8316 8313
3 8316 8315 8314
3 8313 8316 8262
3 8375 8504 8131
3 8262 8316 8372
3 8264 8448 8312
3 8372 8376 8262
3 8447 8263 8261
3 8377 8318 8620
3 8318 8377 8320
3 8133 8263 8322
3 8263 8378 8322
3 8268 8267 8378
3 8266 8323 8380
3 8322 8267 8385
3 8322 8378 8267
3 8138 8568 8198
3 8379 8269 8200
3 8383 8568 8138
3 8269 8380 8323
3 8386 8200 8323
3 8270 8382 8272
3 8385 8272 8382
3 8325 8202 8386
3 8200 8386 8202
3 8203 8384 8450
3 8449 8136 8143
3 8449 8143 8332
3 8330 8274 8273
3 8328 8327 8141
3 8330 8273 8327
3 8571 8144 8202
3 8330 8327 8328
3 8144 8571 8090
3 8329 7959 8513
3 8277 8847 8390
3 8156 8151 8517
3 8157 8452 8154
3 8455 8157 8208
3 8457 8391 8280
3 8210 8520 8281
3 7761 8214 8576
3 8030 8577 7762
3 7763 7969 8768
3 7687 8694 9327
3 9143 5946 8032
3 9201 8770 8215
3 8397 8338 8217
3 8399 8397 8217
3 8339 8399 8217
3 7496 9088 8164
3 8526 8165 7772
3 7410 7629 9275
3 7628 8342 8041
3 8165 8695 7773
3 8343 7920 8285
3 8698 7921 8404
3 8777 8641 8219
3 8101 8168 8642
3 8169 8641 8220
3 7977 8406 8405
3 8469 8103 7976
3 8043 8469 8701
3 7861 8288 8532
3 8533 8346 8223
3 8407 8223 8408
3 8407 8533 8223
3 8583 7567 8225
3 8171 7982 9096
3 8473 8411 8349
3 8226 8227 8471
3 8050 8535 8475
3 8051 8229 8351
3 8227 8233 8413
3 7985 8536 8232
3 8352 8476 8650
3 8352 8051 8476
3 8235 8414 8535
3 8053 8352 8709
3 8415 8108 8478
3 8418 8420 7992
3 8293 8176 8419
3 8481 7994 8293
3 8177 8354 8594
3 8238 8178 8543
3 8294 8355 8242
3 8482 8296 8422
3 8422 8117 8423
3 8243 8358 8544
3 7798 8116 8545
3 8423 8117 8483
3 8545 8359 7798
3 8298 8427 8485
3 8179 8119 8601
3 8663 8246 8300
3 8246 8424 8428
3 8246 8428 8301
3 8302 8301 8428
3 8247 8073 8248
3 8182 8430 8121
3 7807 8664 7943
3 8249 8488 8490
3 8488 8431 8433
3 8432 8602 8248
3 8360 8250 8434
3 8186 8252 8494
3 8123 8605 8364
3 8725 8437 8364
3 8438 8006 8437
3 8495 8124 8253
3 8438 8552 8187
3 8611 8187 8552
3 8366 8009 8498
3 8498 8255 8499
3 8189 9004 8010
3 9625 8190 8126
3 8831 7535 8897
3 8615 8255 8367
3 8257 8443 8258
3 8443 8369 8258
3 8561 8192 8310
3 8193 8311 8370
3 8310 8130 8502
3 8504 8311 8259
3 8446 8445 8312
3 8314 8563 8374
3 8448 8446 8312
3 8314 8371 8313
3 8315 8371 8314
3 8313 8373 8372
3 8313 8371 8373
3 8372 8371 8315
3 8313 8372 8315
3 8372 8374 8371
3 8374 8372 8314
3 8505 8264 8312
3 8505 8318 8264
3 8620 8318 8505
3 8263 8447 8378
3 8264 8266 8448
3 8198 8568 8196
3 8268 8378 8623
3 8196 8568 8566
3 8266 8380 8448
3 8379 8380 8269
3 8385 8382 8322
3 8321 8135 8381
3 8386 8323 8320
3 8688 8384 8137
3 8325 8386 8271
3 8326 8203 8450
3 8204 8326 8451
3 8570 8325 8388
3 8202 8325 8571
3 8451 8387 8275
3 8388 8140 8329
3 8275 8387 8331
3 8513 7751 8452
3 8453 8514 8333
3 8332 8333 8389
3 8453 8333 8278
3 8453 8278 8454
3 8452 8157 8455
3 8156 8455 8208
3 8158 8456 8278
3 8518 8152 8207
3 8209 8152 8518
3 8279 8209 8518
3 8457 8280 8279
3 8161 8093 8391
3 8520 8459 8281
3 8577 8461 7762
3 8336 8522 8693
3 8394 8911 8522
3 8033 7768 8396
3 8216 8096 8771
3 10326 8031 9143
3 8339 8398 8399
3 9087 7495 8037
3 7496 8465 9088
3 6004 9151 8341
3 8466 8696 8401
3 8341 9021 8285
3 8774 7919 8467
3 8466 7919 8774
3 9023 8343 8640
3 8220 8700 8221
3 8345 8530 8468
3 8346 8469 8222
3 8224 8045 8582
3 8348 8047 8470
3 8470 8171 9096
3 7982 8105 8704
3 8471 8408 8226
3 8409 8472 8412
3 8472 8349 8411
3 8472 8409 8349
3 8172 8348 9029
3 8410 8409 8412
3 8410 8349 8409
3 8350 8410 8411
3 8410 8350 8349
3 8411 8410 8472
3 8586 8471 8227
3 8229 8707 8351
3 8536 8049 8708
3 8413 8107 8477
3 8414 8236 8589
3 8415 8589 8236
3 7868 8053 8709
3 8589 8415 8478
3 7868 8709 8291
3 8538 8292 8291
3 8538 8480 8292
3 8109 8480 8417
3 8480 8109 8292
3 8058 8539 8108
3 8539 8058 8110
3 8293 8419 8480
3 8110 8112 8596
3 8595 8419 8176
3 8595 8176 8421
3 8240 8540 8541
3 8178 8296 8482
3 8600 8299 8297
3 8179 8484 8483
3 8300 8599 8662
3 8484 8179 8601
3 8245 8299 8600
3 8246 8663 8424
3 8546 8425 8424
3 8425 8546 8426
3 8424 8425 8428
3 8428 8425 8429
3 8425 8426 8429
3 8547 8486 8183
3 8428 8429 8302
3 8302 8429 8547
3 8183 8302 8547
3 7807 8072 8664
3 8430 8489 8431
3 8720 8430 8075
3 9051 8720 8075
3 8488 7940 8431
3 9051 8185 8491
3 8185 8360 8491
3 8249 8490 8432
3 8491 8360 8434
3 8434 8250 8492
3 8492 8250 8361
3 8605 8436 8667
3 8252 8124 8494
3 8494 8124 8495
3 8495 8253 8365
3 8553 8495 8365
3 8673 8188 8611
3 8078 8188 8439
3 8496 8305 8254
3 8254 8303 8496
3 8441 8305 8497
3 8440 8366 8556
3 8556 8366 8498
3 8943 8189 8557
3 8499 8255 8615
3 9067 8080 8831
3 8127 7886 8010
3 8306 7719 8833
3 7890 7655 8681
3 8559 8257 8191
3 8559 8191 8192
3 8559 8192 8561
3 8311 8501 8370
3 8312 8445 8505
3 8371 8374 8373
3 8564 8376 8374
3 8376 8373 8374
3 8373 8376 8372
3 8317 8265 8506
3 8378 8447 8507
3 8379 8319 8376
3 8378 8507 8623
3 8380 8379 8448
3 8508 8624 8321
3 8508 8321 8381
3 8386 8320 8625
3 8383 8271 8569
3 8384 8757 8450
3 8449 8332 8389
3 8759 8387 8451
3 8571 8325 8570
3 8387 8511 8331
3 8512 8388 8329
3 8513 8512 8329
3 8276 8090 8571
3 8514 8510 8389
3 8277 8206 8762
3 8514 8389 8333
3 8517 8151 8515
3 8455 8156 8517
3 8390 8518 8207
3 8279 8518 8457
3 8573 8161 8391
3 8213 8029 8575
3 9019 8030 7763
3 9019 7763 8768
3 8095 8694 6679
3 9542 7969 8283
3 7687 9327 8162
3 8032 8464 9503
3 9143 8032 9503
3 10202 8216 8771
3 8397 8399 8398
3 9442 8036 7495
3 8578 7855 8632
3 8526 8528 8165
3 8168 8581 8642
3 8641 8700 8220
3 8406 8856 8405
3 8102 8583 9025
3 8966 8532 8288
3 8705 8346 8533
3 8348 8470 8584
3 8471 8407 8408
3 9157 8708 8173
3 8412 8472 8410
3 8350 8411 8473
3 8172 9029 8473
3 8704 8105 8585
3 8227 8918 8586
3 8587 8174 8474
3 7864 8474 8174
3 8106 8474 7864
3 8585 8050 8475
3 8049 8173 8708
3 8534 8229 8228
3 8646 8476 8351
3 8231 8232 8651
3 8477 8652 8413
3 8590 8477 8234
3 8590 8234 8537
3 8478 8108 8539
3 8793 8538 8291
3 8416 8593 8353
3 8593 8418 8353
3 8417 8480 8419
3 8592 8417 8419
3 8592 8419 8595
3 8354 8420 8594
3 8595 8421 8594
3 8294 8241 8656
3 8355 8294 8656
3 8658 8242 8355
3 8178 8482 8543
3 8660 8543 8482
3 8422 8597 8482
3 8544 8545 8357
3 8598 8423 8483
3 8601 8119 8548
3 8427 8486 8485
3 8548 8119 8247
3 8426 8718 8429
3 8487 8719 8247
3 8602 8800 8487
3 8248 8602 8247
3 8489 8433 8431
3 8490 8488 8722
3 8488 8433 8722
3 8549 8434 8492
3 8361 8550 8492
3 8494 8550 8361
3 8123 8436 8605
3 8552 8438 8610
3 8440 8365 8304
3 8496 8303 8554
3 8497 8305 8496
3 8497 8555 8441
3 8556 8498 8614
3 8557 8080 9067
3 8367 8558 8615
3 8833 8832 8306
3 8898 8367 9187
3 8833 7887 8616
3 8683 8257 8559
3 8683 8443 8257
3 8309 8369 8444
3 8443 8444 8369
3 8443 8560 8444
3 8317 8562 8502
3 8502 8130 8317
3 8504 8501 8311
3 8013 8083 8260
3 8563 7733 8752
3 8503 8505 8445
3 8265 8567 8506
3 8446 8448 8565
3 8565 8448 8379
3 8320 8754 8625
3 8566 8375 8196
3 8567 8265 8321
3 8381 8624 8508
3 8384 8688 8757
3 8271 8386 8569
3 8624 8381 8449
3 8624 8449 8389
3 8450 8451 8326
3 8387 8759 8509
3 8511 8387 8509
3 8514 8627 8510
3 8571 8628 8276
3 8515 8276 8628
3 8453 8516 8514
3 8455 8517 8629
3 8455 8629 8452
3 8847 8277 8762
3 8956 8454 8278
3 8456 8158 8519
3 8391 8457 8572
3 8519 7914 7681
3 8210 8765 8766
3 8520 8210 8766
3 8211 8459 8630
3 8211 8630 8212
3 8767 8213 9392
3 8769 8162 9327
3 8395 8162 9441
3 8394 8215 8770
3 8338 8397 8398
3 8465 7971 8772
3 8099 8098 9330
3 7856 8340 9146
3 7629 9635 9275
3 8579 8100 7410
3 8635 8526 8401
3 8528 8637 8165
3 8166 8851 8342
3 8343 8285 8852
3 8042 8167 8403
3 8404 7921 8102
3 8581 8168 8405
3 8404 8102 9209
3 8288 7691 9023
3 8701 8469 8531
3 8531 8469 8346
3 8468 8702 8045
3 8702 8582 8045
3 8703 8346 8705
3 8174 8583 8225
3 9029 8348 8584
3 8783 8290 8289
3 8228 8290 8534
3 8229 8534 8707
3 8653 8535 8414
3 8650 8709 8352
3 8416 8479 8591
3 8591 8479 8592
3 8417 8592 8479
3 8593 8594 8418
3 8539 8110 8596
3 8594 8420 8418
3 8481 8293 8480
3 8481 8868 8540
3 8112 8238 8596
3 8542 8596 8238
3 8238 8543 8542
3 8600 8297 8356
3 8875 8544 8358
3 8598 8422 8423
3 8661 8875 8358
3 8298 8485 8358
3 8483 8484 8601
3 8662 8663 8300
3 8486 8718 8485
3 8547 8429 8718
3 8247 8719 8548
3 8721 8489 8430
3 7943 8664 8362
3 8492 8550 8603
3 8122 8251 9054
3 8550 8604 8603
3 8550 8494 8604
3 8494 8495 8604
3 8607 8604 8495
3 8610 8438 8727
3 8671 8552 8610
3 8607 8495 8553
3 8439 8188 8673
3 8673 8612 8439
3 8674 8365 8440
3 8303 8439 8741
3 8497 8496 8554
3 8497 8554 8613
3 9002 8441 8555
3 8441 9002 9003
3 8676 8556 8614
3 8499 8614 8498
3 9004 8830 8010
3 9131 7655 8127
3 7655 9131 8681
3 8746 8367 8308
3 8011 8256 9072
3 9072 8256 8309
3 8308 8442 8747
3 9073 8309 8834
3 8749 8442 8370
3 8834 8444 8618
3 8834 8309 8444
3 8560 8618 8444
3 8561 8310 8502
3 8502 8562 8753
3 8446 8503 8445
3 8622 8504 8375
3 8374 8621 8564
3 9009 8447 8260
3 8837 8446 8565
3 8566 8622 8375
3 8754 8377 8620
3 8379 8564 8565
3 8376 8564 8379
3 8320 8377 8754
3 8624 8567 8321
3 8568 8383 8569
3 8689 8624 8510
3 8510 8624 8389
3 8758 8451 8450
3 8758 8843 8451
3 8689 8510 8626
3 8626 8510 8627
3 8512 8570 8388
3 8690 8627 8514
3 8517 8515 8628
3 8453 8454 8956
3 8278 8456 8956
3 8572 8457 8518
3 7681 8458 8957
3 8212 8630 8334
3 8335 7761 8576
3 8909 8392 8692
3 8771 8338 8398
3 8771 8398 8284
3 9442 7495 9087
3 8850 7918 9203
3 9203 7918 8773
3 8098 8038 9330
3 8634 8580 8526
3 8634 8526 8635
3 8528 8636 8637
3 8579 8403 8100
3 8852 8285 9021
3 8914 8166 8698
3 8466 8774 8963
3 8775 8963 8774
3 8854 8219 8042
3 8854 8777 8219
3 8643 8530 8345
3 8530 8644 8468
3 9025 8583 8859
3 8346 8703 8531
3 7861 8532 8046
3 8582 8347 8224
3 8173 8046 9210
3 8347 8781 8289
3 8706 8407 8471
3 8645 8174 8587
3 8533 8407 8706
3 8705 8533 8647
3 8783 8534 8290
3 8648 8587 8474
3 8227 8413 8918
3 8351 8707 9102
3 8588 8351 9102
3 8646 8351 8588
3 8790 8918 8413
3 8649 8476 8646
3 8413 8652 8790
3 8650 8476 8649
3 8234 8651 8537
3 8414 8589 8653
3 8590 8537 8867
3 8589 8478 8711
3 8711 8478 8539
3 8593 8416 8591
3 8480 8538 8868
3 8868 8481 8480
3 8656 8658 8355
3 8657 8543 8659
3 8242 8658 8295
3 8422 8598 8597
3 8717 8545 8544
3 8799 8359 8545
3 8483 8601 8598
3 8546 8424 8663
3 8072 8245 8600
3 8602 8487 8247
3 8602 8432 8665
3 8490 8666 8432
3 8666 8490 8722
3 8549 8723 8491
3 8491 8434 8549
3 7946 9054 8363
3 8607 8603 8604
3 8725 8364 8605
3 8609 8551 8606
3 8551 8609 8610
3 8606 8670 8609
3 8727 8438 8437
3 8671 8672 8552
3 8672 8739 8552
3 8553 8365 8891
3 8675 8439 8612
3 8674 8440 8894
3 8554 8303 8741
3 8556 8742 8440
3 8743 8677 8555
3 8497 8613 8743
3 8743 8555 8497
3 9002 8555 9064
3 8614 8499 8678
3 8898 8558 8367
3 8307 7652 9186
3 8679 8833 8616
3 8680 8616 8617
3 8682 7890 8681
3 8683 8559 8748
3 8559 8561 8748
3 8683 8560 8443
3 8618 8560 8684
3 8502 8619 8561
3 8504 8370 8501
3 8749 8370 8504
3 8686 8503 8903
3 8505 8503 8686
3 8620 8505 8686
3 8621 8563 8687
3 8621 8374 8563
3 8562 8317 8506
3 8621 8565 8564
3 8840 8622 8566
3 8951 8507 8447
3 8688 8137 8623
3 8756 8906 8624
3 8625 8755 8386
3 8569 8386 8842
3 8845 8509 8760
3 8511 8509 8845
3 8627 8761 8626
3 8627 8690 8761
3 8762 8331 8845
3 8691 8512 8513
3 8691 8513 8452
3 8516 8764 8514
3 8691 8452 8629
3 8517 8628 8629
3 8628 8691 8629
3 8572 8573 8391
3 8766 8849 8520
3 8520 8630 8459
3 8458 8028 8958
3 8028 8767 8958
3 8574 9270 8282
3 8959 8692 7493
3 7493 8461 8959
3 9085 8461 8577
3 8393 8094 8392
3 8768 7969 9199
3 9542 9199 7969
3 9200 8283 8463
3 8396 8771 8284
3 9087 8037 9144
3 8218 9395 8524
3 8580 8528 8526
3 8635 8636 8634
3 8580 8635 8528
3 8635 8580 8636
3 8637 8580 8634
3 8637 8636 8580
3 8040 7771 9149
3 8696 8635 8401
3 8635 8697 8528
3 8636 8528 8697
3 8699 8638 8529
3 8852 8640 8343
3 8639 8529 8638
3 8042 8403 9089
3 8467 8344 8855
3 8344 8101 8642
3 8700 8406 8221
3 8345 8701 8643
3 8644 8530 8643
3 8644 8702 8468
3 8701 8531 8779
3 8703 8915 8531
3 8703 8705 8782
3 9029 8584 9099
3 8781 8783 8289
3 8586 8706 8471
3 8106 8350 8473
3 8647 8646 8705
3 8588 8862 8646
3 8646 8647 8649
3 8649 8789 8650
3 9033 8477 8590
3 8590 8867 8792
3 8654 8794 8796
3 8591 8592 8594
3 8591 8594 8593
3 8595 8594 8592
3 8596 8542 8715
3 8716 8542 8657
3 8241 8240 8872
3 8543 8657 8542
3 8295 9047 8356
3 8660 8482 8597
3 8358 8485 8661
3 8599 8359 8799
3 8876 8485 8930
3 8548 8877 8601
3 8547 8718 8486
3 8877 8548 8719
3 8878 8721 8430
3 8432 8666 8665
3 8802 8723 8549
3 9121 8435 8363
3 8493 8362 8933
3 8492 8802 8549
3 9054 8251 8995
3 8251 8493 8995
3 8802 8492 8603
3 8603 8668 8802
3 8603 8607 8668
3 8551 8610 8669
3 8437 8725 8937
3 8437 8937 8608
3 8816 8437 8608
3 8609 8671 8610
3 8727 8437 8816
3 8726 8610 8727
3 8607 8553 8891
3 8936 8607 8891
3 8739 8740 8552
3 8552 8740 8611
3 8673 8826 8612
3 8439 8675 8741
3 8676 8742 8556
3 8554 8741 8613
3 8613 8744 8743
3 9064 8555 8677
3 8614 8678 8676
3 8943 9313 8189
3 8615 8678 8499
3 8558 8828 8615
3 9067 8829 8557
3 9006 8831 9070
3 8897 8306 8832
3 8679 8616 8680
3 8011 9072 8617
3 7733 8682 8752
3 8561 8750 8748
3 8618 8684 8685
3 8685 8751 8618
3 8619 8750 8561
3 8753 8619 8502
3 8749 8504 8622
3 8562 8506 8567
3 8837 8621 8687
3 8621 8837 8565
3 8620 8841 8754
3 9264 8623 8507
3 8840 8566 8568
3 8625 8754 8755
3 8688 8623 8952
3 8569 8842 8568
3 8755 8842 8386
3 8756 8624 8689
3 8451 8954 8759
3 8760 8509 8759
3 8761 8908 8626
3 8331 8511 8845
3 8762 8206 8331
3 8691 8570 8512
3 8571 8570 8691
3 8628 8571 8691
3 8763 8690 8514
3 8764 8763 8514
3 8847 8762 9015
3 8847 9141 8390
3 8390 8848 8518
3 8572 8518 8848
3 8213 8575 9083
3 8030 9019 8577
3 8522 8910 8693
3 8771 8396 8913
3 8633 8524 9273
3 8218 8525 9395
3 8634 8636 8697
3 8165 8637 8695
3 8579 7410 9147
3 8914 8851 8166
3 8639 8699 8529
3 8855 8344 8778
3 8964 8641 8777
3 8965 8344 8642
3 9209 8102 9025
3 9093 8701 8779
3 8531 8857 8779
3 8531 8915 8857
3 8582 8858 8347
3 8858 8781 8347
3 9210 9157 8173
3 8645 8916 8583
3 8174 8645 8583
3 9217 8708 9157
3 8106 8473 8786
3 8474 8106 8786
3 8862 8705 8646
3 8586 8918 8706
3 8789 8533 8706
3 8645 8587 9030
3 8534 8917 8707
3 8969 9102 8707
3 8647 8533 8789
3 8970 8918 8790
3 8789 8649 8647
3 8708 8919 8536
3 9033 8652 8477
3 8291 8709 9041
3 8590 8792 8791
3 8711 8539 8713
3 8654 8655 8795
3 8539 8596 8713
3 8714 8795 8655
3 8596 8796 8713
3 8715 8796 8596
3 8240 8541 9290
3 8797 8542 8716
3 8656 8241 8872
3 8543 8660 8659
3 8986 8660 8597
3 8717 8799 8545
3 8876 8661 8485
3 8799 8662 8599
3 8877 8598 8601
3 8663 8930 8546
3 8930 8718 8426
3 8718 8930 8485
3 8487 8800 8719
3 8801 8800 8602
3 8665 8801 8602
3 8722 8433 8879
3 8433 8489 8721
3 8491 8993 9051
3 8362 8664 8932
3 8933 8362 8994
3 8882 8605 8667
3 8935 8606 8551
3 8724 8551 8669
3 8883 8606 8935
3 9057 8669 9058
3 8803 8670 8606
3 8610 9058 8669
3 8803 8606 8883
3 9058 8610 8726
3 8726 8727 8728
3 8728 8727 8730
3 8730 8729 8728
3 8672 8671 8735
3 8671 8609 8735
3 8609 8670 8821
3 8729 8736 8731
3 8729 8730 8736
3 8736 8732 8731
3 8733 8807 8732
3 8807 8733 8734
3 8733 8738 8734
3 8672 8735 8734
3 8738 8672 8734
3 8805 8736 8730
3 8737 8732 8736
3 8738 8733 8737
3 8737 8733 8732
3 8738 8808 8672
3 8672 8808 8739
3 8611 8740 8825
3 8825 8673 8611
3 8365 8674 8891
3 8826 8675 8612
3 8827 8741 8893
3 8741 8675 8893
3 8677 8743 8745
3 8744 8745 8743
3 8896 8676 8678
3 8615 8828 8678
3 8126 9128 9625
3 8828 8558 8944
3 8899 8679 8680
3 8367 8746 9187
3 8746 8308 8747
3 9072 8309 9073
3 8747 8442 8749
3 8834 8618 8751
3 8748 8560 8683
3 8560 8901 8684
3 8752 8682 9074
3 8685 8684 8901
3 8751 8685 8905
3 8753 8750 8619
3 8905 8685 8838
3 8563 8752 8836
3 8563 8836 8687
3 8837 8835 8446
3 8503 8446 8835
3 8753 8562 8839
3 8841 8620 8947
3 8562 8567 8839
3 8567 8624 8950
3 8624 8906 8950
3 8841 8840 8842
3 8842 8840 8568
3 8842 8755 8754
3 8688 8953 8757
3 9012 8756 8689
3 8757 8758 8450
3 8626 8908 8689
3 8955 8908 8761
3 8846 8761 8690
3 8572 8848 8573
3 8456 8519 9496
3 8573 9391 8161
3 8519 7681 9017
3 8520 8849 8630
3 8521 8282 9584
3 8392 8460 8692
3 8462 8393 8960
3 8095 8336 9325
3 8694 8095 9325
3 8910 8522 8911
3 9394 8162 8769
3 9271 8464 8462
3 9201 8215 9202
3 9504 8912 8036
3 8037 8578 9545
3 8697 8635 8696
3 8637 8634 8695
3 8341 8962 9021
3 9089 8403 9022
3 8776 8775 8774
3 8638 8776 8774
3 8776 8638 8699
3 9089 8854 8042
3 8774 8467 8855
3 8853 8638 8774
3 8853 8639 8638
3 8698 8404 9207
3 8344 8965 8778
3 9023 8640 9279
3 9024 8644 8643
3 8702 8644 9092
3 9210 8046 8532
3 8584 9156 9099
3 8705 8862 8782
3 8648 8474 8786
3 8788 8787 8784
3 8787 8788 8785
3 8786 8787 8785
3 8861 8864 8786
3 8784 8786 8785
3 8784 8787 8863
3 8787 8864 8863
3 8789 8706 8865
3 8587 8648 9031
3 9104 8535 8653
3 9033 8790 8652
3 8232 8536 8973
3 8653 8589 8711
3 9041 8709 8650
3 8867 8537 8981
3 8712 8710 8654
3 8866 8711 8794
3 8979 8866 8794
3 8869 8923 8712
3 8711 8713 8794
3 8796 8794 8713
3 8869 8712 8795
3 8654 8795 8712
3 8797 8654 8796
3 8797 8655 8654
3 9290 8540 8868
3 8655 8797 8714
3 8797 8796 8870
3 8870 8796 8715
3 8870 8871 8797
3 8541 8540 9290
3 8870 8715 8542
3 8871 8870 8542
3 8871 8542 8797
3 8716 8657 8798
3 8798 8657 8659
3 8924 8597 8598
3 8356 8928 8600
3 8544 8875 8717
3 8876 8875 8661
3 8929 8662 8799
3 8662 8929 8663
3 8930 8426 8546
3 8072 8600 8664
3 8990 8719 8800
3 8433 8721 8879
3 8880 8665 8666
3 8722 8879 8666
3 8994 8362 9052
3 8724 8881 8551
3 8669 9122 8724
3 9055 8668 8936
3 9122 8669 9057
3 9061 8821 8670
3 8728 8805 8804
3 8731 8805 8729
3 8805 8728 8729
3 8805 8731 8806
3 8806 8731 8732
3 8806 8732 8807
3 8808 8807 8734
3 8609 8821 8735
3 8816 8608 8889
3 8804 8809 8810
3 8811 8804 8810
3 8804 8730 8809
3 8804 8805 8730
3 8811 8810 8812
3 8736 8806 8737
3 8805 8806 8736
3 8812 8814 8813
3 8737 8807 8738
3 8806 8807 8737
3 8807 8808 8738
3 8808 8815 8739
3 8808 8734 8815
3 8815 8735 8888
3 8734 8735 8815
3 8735 8821 8888
3 8727 8816 8822
3 8809 8730 8727
3 8809 8727 8822
3 8818 8812 8817
3 8817 8812 8810
3 8819 8814 8818
3 8818 8814 8812
3 8886 8814 8820
3 8740 8888 8820
3 8815 8740 8739
3 8740 8815 8888
3 8823 8820 8887
3 8887 8820 8814
3 8823 8740 8820
3 8822 8816 8824
3 8825 8740 8823
3 8824 8939 8822
3 8674 8894 8891
3 8613 8741 8895
3 8942 8744 8613
3 8677 8745 9063
3 8829 8943 8557
3 9004 8189 9313
3 9625 9128 9483
3 9070 8831 8897
3 8679 8832 8833
3 8899 8832 8679
3 8747 8749 8945
3 8901 8748 8902
3 8748 8901 8560
3 8748 8750 8902
3 9076 8903 8503
3 8901 8902 8685
3 8685 8948 8838
3 8685 8902 8948
3 8904 8749 8622
3 8836 8837 8687
3 8620 8686 8947
3 8904 8622 8840
3 8754 8841 8842
3 8906 8756 9011
3 8952 9191 8688
3 8953 8688 9191
3 8907 8757 8953
3 8451 8843 8954
3 8844 8759 8954
3 9012 8689 8908
3 9013 8759 8844
3 8760 8759 9013
3 8955 8761 8846
3 8848 8390 9141
3 8519 9082 9496
3 9584 8282 9270
3 7916 8521 9018
3 8461 9085 8959
3 8336 8693 9960
3 9441 8162 9394
3 9142 9200 8463
3 9272 9503 8464
3 8913 8396 7768
3 9204 8773 8633
3 8525 8695 8961
3 9147 7410 9843
3 8696 8466 9206
3 8403 8579 9022
3 9090 9091 8852
3 8853 8775 8776
3 8776 8639 8853
3 8639 8776 8699
3 8640 8852 9091
3 8853 8774 8855
3 9278 8642 8581
3 8288 9023 8966
3 8644 9024 9092
3 9026 8532 8966
3 8582 8702 9094
3 8858 8582 9027
3 8583 8916 8859
3 8915 8703 8782
3 8786 8473 9029
3 8860 8784 8785
3 8860 8785 8861
3 8917 8534 8783
3 8648 8784 8863
3 8784 8860 8788
3 8860 8863 8788
3 8863 8864 8788
3 8864 8861 8785
3 8788 8864 8785
3 8864 8787 8786
3 8863 8860 8861
3 8862 8588 9102
3 9162 8475 8535
3 8706 8918 8865
3 9030 8587 9031
3 8919 8708 8971
3 8921 8537 8651
3 8650 8789 9041
3 9035 8972 8710
3 8979 8710 8920
3 8710 8922 8920
3 8710 8972 8922
3 9035 8710 8712
3 8981 8537 8921
3 9035 8712 8980
3 8980 8712 8923
3 8654 8710 8794
3 8794 8710 8979
3 8982 8792 8867
3 8714 8869 8795
3 9291 8240 9290
3 8659 8660 8798
3 8986 8597 8987
3 8873 8925 8926
3 8874 8873 8927
3 8717 8875 8799
3 8799 8875 8929
3 8930 8663 8929
3 8991 8990 8800
3 9049 8992 8878
3 8430 9050 8878
3 9050 8430 8720
3 8879 8878 8992
3 8878 8879 8721
3 8880 8801 8665
3 8879 8880 8666
3 8491 8723 8993
3 8362 8932 9052
3 9053 8723 8934
3 8723 8802 8934
3 8363 9054 9121
3 8435 9121 8436
3 8802 8668 9055
3 8881 8724 9243
3 8551 8881 8935
3 8605 8882 8725
3 8936 8668 8607
3 8937 8725 9123
3 9061 8670 8803
3 8804 9180 8728
3 8608 8937 8889
3 8890 8804 8811
3 8817 8890 8811
3 8817 8811 8884
3 8884 8811 8812
3 8884 8812 8819
3 8819 8812 8813
3 8819 8813 8885
3 8885 8813 8814
3 8885 8814 8886
3 8816 8889 8824
3 8890 8809 8822
3 8890 8810 8809
3 8890 8817 8810
3 8817 8884 8818
3 8819 8818 8884
3 8819 8887 8814
3 8819 8885 8887
3 8887 8886 8823
3 8885 8886 8887
3 8820 8888 8886
3 8888 8823 8886
3 8823 8888 8825
3 8938 8825 8888
3 8888 8821 8938
3 8940 8996 8675
3 8996 8892 8675
3 8892 8893 8675
3 8894 8440 8742
3 8827 8941 8741
3 8941 8895 8741
3 9125 8676 8896
3 8745 8744 9001
3 9063 8745 9001
3 8677 9063 9064
3 9001 8744 9127
3 8896 8678 9065
3 9065 8828 9066
3 8678 8828 9065
3 8898 8944 8558
3 8680 8617 9072
3 8682 8681 8900
3 8835 9076 8503
3 9008 8750 8753
3 8903 8947 8686
3 8840 8947 8904
3 8841 8947 8840
3 8951 8447 9009
3 8839 8567 8950
3 9011 8756 9012
3 9077 8907 8953
3 8907 8843 8758
3 8954 8843 9138
3 8907 8758 8757
3 8845 8760 9013
3 8762 8845 9267
3 8690 8763 8846
3 9140 8764 8516
3 8516 8453 9081
3 8453 8956 9081
3 9198 8456 9496
3 9391 8573 8848
3 8161 9391 9436
3 9082 8519 9017
3 9017 7681 8957
3 9142 8463 8912
3 9504 8036 9442
3 9273 8524 9205
3 7973 8099 9145
3 9145 8340 7973
3 8697 8696 8634
3 8961 8695 8634
3 7410 9275 9843
3 8579 9443 9022
3 8854 8964 8777
3 9153 8778 8965
3 9278 8965 8642
3 8641 8964 8700
3 9903 8856 8406
3 8701 9024 8643
3 9027 8582 9094
3 8532 9026 9210
3 8967 8584 8470
3 8858 9095 8781
3 8704 9162 9158
3 8704 8585 9162
3 8861 8786 9029
3 8648 8786 8784
3 8585 8475 9162
3 8917 8969 8707
3 9162 8535 9104
3 8973 8536 8919
3 8651 8232 8973
3 8921 8651 8973
3 8977 8972 8974
3 8972 8977 8922
3 8922 8976 8920
3 8291 9041 9227
3 9111 8923 8869
3 8981 8982 8867
3 8714 8983 8869
3 8714 8985 8983
3 8656 9293 8658
3 8658 9047 8295
3 8987 8597 8924
3 8926 8925 8924
3 8873 8926 8927
3 8988 8874 8927
3 8924 8598 8926
3 8875 8876 8929
3 8926 8598 8989
3 8929 8876 8930
3 8989 8598 8877
3 8990 8877 8719
3 8992 9049 8991
3 9049 8878 9050
3 8931 8800 8880
3 8800 8801 8880
3 8880 8992 8931
3 8932 8664 9174
3 8995 8493 8933
3 8724 9122 9363
3 9123 8725 9056
3 8890 9180 8804
3 9061 8938 8821
3 8889 8939 8824
3 8822 8939 8998
3 8673 8825 8940
3 8673 8940 8826
3 8998 8892 8996
3 8826 8940 8675
3 9181 8892 8998
3 9124 9060 8999
3 8893 9181 8941
3 8999 8894 8742
3 8827 8893 8941
3 8999 8742 8676
3 8999 8676 9125
3 8613 8895 9062
3 8942 8613 9062
3 8744 8942 9127
3 9065 9125 8896
3 8943 9312 9313
3 8944 9005 8828
3 9068 9067 8831
3 9068 8831 9006
3 8897 8832 9071
3 8307 9186 9713
3 8307 9713 8368
3 8681 9131 8900
3 9007 8903 9076
3 8903 9007 8947
3 8904 8947 8945
3 8945 8749 8904
3 8752 9074 8836
3 8837 9076 8835
3 9008 8902 8750
3 8902 9008 8948
3 8949 8905 8838
3 8948 9010 8838
3 8753 9135 9008
3 8838 9010 8949
3 9135 8753 8839
3 8951 9009 9261
3 9135 8839 8950
3 8507 8951 9264
3 9265 8906 9011
3 8843 8907 9139
3 8844 8954 9079
3 9013 8844 9079
3 8846 9014 8955
3 9016 8846 8763
3 9016 8763 8764
3 8456 9198 8956
3 8576 8214 9500
3 8214 9018 9500
3 8575 8335 8576
3 8395 9441 9502
3 9272 8464 9271
3 8578 8632 8850
3 8631 9328 8400
3 9146 8340 9145
3 9146 9331 7856
3 8341 9274 8962
3 9546 8342 8851
3 9206 9148 8696
3 9206 8466 8963
3 8963 8775 8853
3 8855 8778 9152
3 9207 8404 9209
3 8406 8700 9903
3 9446 8966 9023
3 9092 9094 8702
3 9093 8779 8857
3 9095 9027 9094
3 8968 8857 8915
3 9027 9095 8858
3 8470 9096 9400
3 8968 8915 8782
3 8783 8781 9095
3 8782 8862 8968
3 9099 9101 9029
3 8916 8645 9030
3 9032 8865 8918
3 8970 9032 8918
3 9032 9106 8865
3 8971 8708 9217
3 8970 8790 9033
3 9105 9104 8653
3 8653 8711 8866
3 8789 8865 9224
3 8975 9034 8920
3 8972 9034 8974
3 8921 8973 9225
3 9164 8866 8979
3 8975 8976 8974
3 8974 8976 8977
3 8975 8920 8976
3 8922 8977 8978
3 8978 9039 8976
3 8922 8978 8976
3 9033 8590 9166
3 9227 8793 8291
3 9046 9111 8869
3 9112 8792 9044
3 8982 9044 8792
3 8869 8983 9046
3 8984 9114 8982
3 8714 8797 8985
3 8658 9293 9410
3 8797 9118 8985
3 9118 8797 8716
3 8716 8798 9118
3 8798 8660 9170
3 8660 8986 9170
3 8924 9048 8987
3 9047 9233 8356
3 8988 8925 8873
3 8988 8873 8874
3 8989 8927 8926
3 8989 8877 8990
3 8600 8928 9120
3 8991 8800 8931
3 8991 8931 8992
3 8879 8992 8880
3 8993 8723 9053
3 8934 8802 9246
3 9055 9246 8802
3 8803 8883 9307
3 8725 8882 9056
3 9365 9059 9180
3 8936 8891 9055
3 9180 9058 8726
3 9123 8997 8889
3 8998 8996 8822
3 8996 8890 8822
3 8825 8938 8940
3 8891 8894 9060
3 8889 8997 8939
3 8997 8998 8939
3 9060 8894 8999
3 8893 8892 9181
3 8895 8941 9000
3 9005 9066 8828
3 8830 9004 9185
3 9006 9070 9069
3 9187 8944 8898
3 8127 8010 9129
3 9131 8127 9129
3 8746 8747 9133
3 8900 9132 8682
3 8682 9132 9074
3 8947 9007 8945
3 8946 8834 8751
3 9075 8836 9074
3 9075 9076 8837
3 8836 9075 8837
3 8949 9575 8905
3 8948 9189 9010
3 9265 8950 8906
3 8623 9321 8952
3 8907 9077 9139
3 9078 9012 8908
3 8955 9078 8908
3 8845 9324 9267
3 9081 9140 8516
3 8765 8161 9436
3 8630 9437 8334
3 9392 8213 9083
3 8692 8959 9084
3 9019 8768 9199
3 8910 9326 8693
3 8911 8394 8770
3 8913 8031 10326
3 8772 9544 9086
3 8465 8772 9086
3 8631 8164 9088
3 8631 9088 9328
3 9205 8524 9395
3 9396 8696 9148
3 8634 8696 9396
3 9020 9443 8579
3 9151 8402 9150
3 7771 8041 9149
3 9635 8040 9149
3 8853 8855 9152
3 8778 9153 9152
3 8640 9091 9154
3 9399 8964 9507
3 9399 8700 8964
3 9903 8700 9399
3 8581 8405 8856
3 9093 9024 8701
3 9334 8584 8967
3 8967 8470 9400
3 9156 8584 9334
3 9028 9097 8780
3 9028 8780 9100
3 9095 8917 8783
3 9595 8861 9029
3 9595 8863 8861
3 9218 8969 8917
3 8648 8863 9595
3 8648 9595 9031
3 9224 8865 9106
3 8653 8866 9105
3 8920 9034 9164
3 9034 8975 9036
3 9036 8974 9034
3 9041 8789 9224
3 8979 8920 9164
3 9036 8975 9037
3 9038 8974 9036
3 8974 9037 8975
3 8974 9038 9037
3 9037 9039 9036
3 8977 9038 9109
3 8977 9037 9038
3 9039 8977 8976
3 8977 9039 9037
3 8977 9109 8978
3 8978 9109 9039
3 9040 9039 9109
3 9040 9035 9110
3 9040 9108 9039
3 9108 9040 9042
3 9042 9040 9110
3 8980 8923 9110
3 9166 8590 8791
3 9042 9110 8923
3 9043 9042 8923
3 9043 8923 9111
3 8792 9112 8791
3 9111 9046 9045
3 8868 8538 9409
3 9113 9043 9111
3 9113 9111 9045
3 9114 9044 8982
3 8984 8982 8981
3 8872 8240 9291
3 9292 8656 8872
3 8924 8925 9172
3 9236 8927 8989
3 9236 8989 8990
3 8664 8600 9120
3 8664 9120 9174
3 9052 8932 9175
3 8993 9053 9051
3 9177 9176 9053
3 9053 8934 9177
3 8436 9121 9302
3 8667 8436 9302
3 8935 9307 8883
3 9244 9056 8882
3 9056 9057 9059
3 9059 9057 9058
3 9056 9059 9123
3 9179 9123 9059
3 9059 9058 9180
3 9061 8803 9475
3 9060 9055 8891
3 8726 8728 9180
3 9248 9180 8890
3 8889 8937 9123
3 8938 9248 8940
3 9248 8996 8940
3 9181 8998 8997
3 9065 9126 9125
3 9257 9185 9004
3 9069 9256 9006
3 8830 9185 9129
3 8010 8830 9129
3 9071 9070 8897
3 9130 8746 9133
3 8900 9131 9132
3 7827 8500 9433
3 9259 9076 9075
3 9575 8751 8905
3 8948 9008 9189
3 9190 9191 8952
3 9077 8953 9191
3 9138 8843 9137
3 9266 8843 9139
3 9193 9012 9078
3 8955 9014 9078
3 9013 9324 8845
3 9014 8846 9080
3 9196 9016 9197
3 9196 8846 9016
3 8764 9268 9016
3 8957 8458 9269
3 9269 9497 8957
3 8458 8958 9269
3 9672 8767 9392
3 9439 9960 8693
3 8911 9326 8910
3 8462 8960 9271
3 8337 8395 9502
3 9201 9543 8770
3 9144 8037 9545
3 8402 8527 9150
3 8527 9844 9150
3 9274 8341 9151
3 8962 9274 9332
3 9332 9021 8962
3 8964 8854 9089
3 9152 8963 8853
3 9279 8640 9154
3 9092 9155 9094
3 9025 8859 9211
3 9093 8857 8968
3 9100 9098 9028
3 9216 9100 8780
3 9452 9216 8780
3 9102 8968 8862
3 9102 9282 8968
3 8859 8916 9219
3 9218 9102 8969
3 9283 9162 9104
3 9220 9032 8970
3 8919 8971 9223
3 9164 9107 9165
3 9164 9034 9107
3 9034 8972 9035
3 9034 9035 9107
3 9226 8919 9223
3 9165 9107 9108
3 9108 9107 9036
3 9036 9107 9038
3 9107 9035 9038
3 9225 8973 9226
3 9226 8973 8919
3 9039 9108 9036
3 9038 9035 9109
3 9040 9109 9035
3 8980 9110 9035
3 8921 9229 8981
3 8538 8793 9409
3 9169 9043 9113
3 9555 9044 9114
3 9045 9046 9116
3 9115 9113 9045
3 9116 9115 9045
3 9116 9046 8983
3 9113 9115 9230
3 8983 8985 9116
3 9291 9292 8872
3 9295 9114 8984
3 8656 9292 9293
3 9118 8798 9170
3 9171 8986 8987
3 9171 8987 9048
3 8356 9233 8928
3 9234 9048 8924
3 9235 9172 8988
3 8927 9236 8988
3 9297 8928 9173
3 9119 9236 8990
3 8990 8991 9119
3 9049 9119 8991
3 9050 8720 9051
3 9238 8994 9052
3 8933 8994 9360
3 9054 8995 9301
3 8995 8933 9360
3 9178 9177 8934
3 9362 8934 9246
3 9243 8724 9241
3 8724 9363 9304
3 9056 9122 9057
3 8890 8996 9248
3 9368 8938 9061
3 9369 9123 9247
3 9368 9248 8938
3 8999 9182 9124
3 9310 9182 8999
3 8999 9125 9310
3 8941 9250 9000
3 9000 9062 8895
3 9062 9376 8942
3 9255 9063 9001
3 9255 9064 9063
3 9379 9064 9255
3 9184 9312 8829
3 9312 8943 8829
3 9067 9184 8829
3 9068 9006 9256
3 9187 8746 9130
3 8368 9713 9533
3 9828 8680 9072
3 8747 8945 9133
3 9188 9133 9007
3 9007 9133 8945
3 9259 9188 9076
3 9076 9188 9007
3 9075 9074 9259
3 9534 8946 9575
3 8946 8751 9575
3 9575 8949 9260
3 9134 9260 8949
3 9260 9134 9136
3 9262 8949 9010
3 9262 9134 8949
3 8950 9265 9386
3 9321 8623 9264
3 9012 9265 9011
3 9193 9265 9012
3 9266 9137 8843
3 9192 8954 9138
3 9079 8954 9192
3 9194 9079 9192
3 9195 9078 9014
3 9080 8846 9196
3 8848 9141 9391
3 10260 9496 9082
3 8692 9084 8909
3 8959 9501 9393
3 9325 8336 9960
3 9327 8694 9325
3 9327 9585 8769
3 9199 9542 9674
3 9330 8038 9587
3 9330 9505 8099
3 8527 9331 9844
3 8961 8634 9396
3 8963 9152 9398
3 9153 9208 9276
3 9153 8965 9208
3 9208 8965 9278
3 8581 8856 9638
3 9024 9155 9092
3 9155 9024 9093
3 9590 9025 9211
3 9096 8704 9158
3 9028 9216 9097
3 9216 9452 9097
3 9160 9099 9156
3 9099 9160 9159
3 9215 9161 9159
3 9160 9214 9101
3 9101 9161 9160
3 9161 9099 9159
3 9161 9101 9099
3 9218 8917 9095
3 9595 9029 9454
3 9404 9595 9454
3 9286 9285 9103
3 9103 9285 9104
3 9103 9104 9105
3 9219 8916 9030
3 9163 8970 9033
3 9221 9030 9031
3 9106 9032 9342
3 9164 9105 8866
3 9287 9105 9164
3 9042 9165 9108
3 8921 9225 9168
3 9041 9408 9227
3 9229 8921 9168
3 9043 9167 9042
3 9167 9043 9169
3 9113 9228 9169
3 9117 8984 8981
3 9349 9116 8985
3 9230 9115 9351
3 9294 9349 8985
3 9117 9231 8984
3 9118 9294 8985
3 9410 9465 8658
3 9118 9170 9352
3 9465 9047 8658
3 9171 9170 8986
3 9172 8925 8988
3 9297 9120 8928
3 9237 9049 9050
3 9050 9051 9237
3 8932 9174 9175
3 9052 9175 9238
3 9300 8994 9238
3 9301 9613 9054
3 9177 9361 9176
3 9178 8934 9362
3 8667 9244 8882
3 9055 9060 9308
3 9247 9123 9179
3 8997 9123 9369
3 9182 9249 9124
3 8941 9181 9250
3 9375 9310 9125
3 9250 9253 9000
3 9252 9126 9183
3 9000 9482 9062
3 9125 9126 9311
3 9126 9065 9183
3 8942 9376 9127
3 9001 9127 9255
3 9377 9183 9066
3 9314 9184 9067
3 9314 9067 9068
3 9316 9005 8944
3 9381 9256 9069
3 9071 8832 8899
3 9074 9132 9258
3 9574 8834 8946
3 8260 8083 9384
3 9319 9010 9189
3 9008 9319 9189
3 9136 9134 9385
3 8950 9386 9135
3 9263 9136 9385
3 9536 9386 9265
3 8952 9321 9190
3 9137 9387 9138
3 9266 9077 9191
3 9266 9139 9077
3 9078 9323 9193
3 9195 9323 9078
3 9080 9196 9495
3 9016 9268 9197
3 9268 8764 9140
3 9017 8957 9497
3 9084 8959 9393
3 8959 9085 9501
3 9085 9438 9501
3 10094 8392 8909
3 9439 8693 9326
3 9440 8911 8770
3 9542 8283 9200
3 9142 8912 9504
3 8633 9273 9204
3 9145 8099 9505
3 8525 8961 9395
3 9148 9206 9444
3 9398 9152 9508
3 9333 9276 9208
3 9094 9155 9280
3 9280 9155 9093
3 9094 9280 9095
3 9093 8968 9280
3 8859 9219 9211
3 9212 9156 9334
3 9280 8968 9282
3 9028 9098 9451
3 9097 9452 8780
3 9214 9160 9212
3 9214 9213 9161
3 9213 9160 9161
3 9213 9159 9160
3 9215 9159 9098
3 9281 9100 9216
3 9280 9282 9218
3 9217 9157 9335
3 9161 9215 9214
3 9218 9095 9280
3 9218 9282 9102
3 9401 9158 9162
3 9101 9454 9029
3 9104 9285 9283
3 9405 9032 9220
3 9163 9220 8970
3 9287 9103 9105
3 9223 8971 9284
3 9287 9164 9222
3 9222 9164 9165
3 9343 9224 9106
3 9347 9223 9284
3 9344 9222 9165
3 9344 9165 9042
3 9042 9167 9344
3 9223 9289 9226
3 9344 9167 9345
3 9168 9225 9346
3 9041 9224 9408
3 9169 9345 9167
3 9166 8791 9112
3 8793 9227 9603
3 9555 9112 9044
3 9409 9290 8868
3 9555 9114 9604
3 9349 9115 9116
3 9605 9114 9295
3 9350 9115 9349
3 9351 9115 9350
3 9047 9465 9233
3 9234 8924 9172
3 8928 9233 9173
3 9355 9236 9119
3 9120 9297 9298
3 9119 9049 9237
3 9470 9119 9237
3 9174 9120 9298
3 9299 9174 9298
3 9051 9053 9176
3 9300 9360 8994
3 9613 9121 9054
3 9241 9239 9240
3 8724 9304 9241
3 9241 9240 9243
3 9239 9241 9242
3 9305 9239 9242
3 9242 9240 9305
3 9240 9242 9243
3 9243 9245 9306
3 9245 9243 9242
3 9246 9055 9308
3 9179 9059 9365
3 9308 9060 9124
3 9249 9182 9309
3 9181 9371 9250
3 9375 9125 9311
3 9126 9252 9251
3 9253 9425 9000
3 9126 9251 9311
3 9254 9252 9183
3 9062 9426 9376
3 9066 9183 9065
3 9064 9379 9002
3 9002 9379 9003
3 9379 9712 9003
3 9377 9066 9005
3 9315 9005 9316
3 9070 9381 9069
3 8944 9187 9316
3 9318 9129 9432
3 9131 9129 9318
3 9187 9130 9317
3 9131 9318 9132
3 9317 9130 9133
3 9318 9258 9132
3 9317 9133 9188
3 9258 9259 9074
3 9258 9188 9259
3 9073 8834 9574
3 9262 9010 9319
3 9135 9386 9319
3 9135 9319 9008
3 9134 9262 9385
3 9320 9136 9263
3 9490 9266 9191
3 9266 9388 9137
3 9322 9137 9388
3 9322 9387 9137
3 9013 9079 9494
3 9196 9390 9389
3 9390 9196 9197
3 9671 9140 9081
3 9269 8958 9498
3 10152 8958 8767
3 9726 8521 9584
3 8575 9499 9083
3 9440 9326 8911
3 8769 9585 9394
3 8772 8337 9544
3 9545 8578 10448
3 9329 8578 8850
3 10448 8578 9329
3 8850 9203 9329
3 9203 8773 9204
3 8961 9396 9395
3 8579 9147 9020
3 9444 9206 9506
3 9089 9022 9588
3 8964 9089 9507
3 9277 9091 9090
3 9091 9277 9154
3 9026 8966 9446
3 9590 9209 9025
3 9026 9447 9210
3 9449 9590 9211
3 9212 9160 9156
3 9451 9281 9028
3 9028 9281 9216
3 9212 9159 9213
3 9336 9211 9219
3 9212 9213 9214
3 9098 9100 9215
3 9100 9451 9215
3 9283 9401 9162
3 9214 9215 9402
3 9284 9217 9335
3 9402 9101 9214
3 9284 8971 9217
3 9336 9219 9339
3 9285 9286 9338
3 9103 9287 9286
3 9405 9457 9032
3 9219 9030 9221
3 9340 9219 9288
3 9219 9221 9288
3 9343 9106 9342
3 9406 9222 9344
3 9343 9408 9224
3 9225 9289 9346
3 9225 9226 9289
3 9289 9223 9347
3 9348 9289 9347
3 9228 9345 9169
3 8981 9229 9117
3 9410 9293 9606
3 9517 9231 9117
3 9295 8984 9231
3 9232 9231 9296
3 9232 9353 9354
3 9416 9297 9173
3 9355 9119 9470
3 9174 9299 9417
3 9174 9417 9175
3 9359 9238 9417
3 9238 9175 9417
3 9301 8995 9360
3 9763 9302 9121
3 9363 9527 9304
3 9303 9242 9241
3 9306 9239 9304
3 9239 9303 9304
3 9239 9305 9303
3 9306 9305 9240
3 9304 9303 9241
3 9242 9303 9245
3 9245 9303 9305
3 9245 9305 9306
3 9419 9362 9246
3 9418 8881 9243
3 8935 8881 9418
3 8935 9418 9307
3 9056 9363 9122
3 9179 9365 9247
3 9180 9421 9365
3 9308 9124 9249
3 9617 9421 9180
3 9366 9249 9309
3 9181 8997 9369
3 9182 9310 9309
3 9372 9370 9251
3 9373 9370 9424
3 9251 9370 9373
3 9374 9251 9373
3 9311 9374 9375
3 9311 9251 9374
3 9426 9062 9482
3 9427 9127 9376
3 9003 9712 9128
3 9428 9005 9315
3 9380 9312 9184
3 9313 9429 9004
3 9380 9184 9314
3 9257 9004 9429
3 9314 9068 9430
3 9432 9129 9185
3 9187 9382 9316
3 9070 9071 9381
3 9382 9187 9317
3 9382 9318 9383
3 9317 9318 9382
3 9188 9318 9317
3 9188 9258 9318
3 9627 9260 9136
3 9136 9320 9627
3 9263 9576 9320
3 9321 9434 9190
3 9191 9190 9488
3 9138 9580 9192
3 9493 9194 9192
3 9197 9268 9390
3 9671 9081 8956
3 8574 8334 9842
3 9018 8521 9632
3 8575 8576 9499
3 8393 8392 9893
3 8960 8393 9893
3 9327 9325 9727
3 8523 8216 10202
3 8465 9086 9586
3 8041 8342 9546
3 8041 9546 10105
3 9022 9443 9729
3 9398 9506 9206
3 9398 9206 8963
3 9090 8852 9898
3 9397 8698 9207
3 9399 9507 9589
3 9277 9279 9154
3 9277 9445 9279
3 9157 9210 9509
3 9157 9509 9335
3 9400 9096 9158
3 9336 9449 9211
3 9451 9098 9159
3 9212 9451 9159
3 9451 9100 9281
3 9401 9283 9338
3 9283 9285 9338
3 9454 9101 9402
3 9284 9336 9339
3 9284 9339 9340
3 9339 9219 9340
3 9341 9221 9551
3 9342 9032 9457
3 9221 9341 9288
3 9347 9284 9340
3 9163 9033 9166
3 9407 9340 9288
3 9458 9288 9553
3 9459 9344 9345
3 9512 9166 9112
3 9462 9168 9346
3 8793 9603 9409
3 9463 9168 9554
3 9746 9228 9113
3 9290 9409 9806
3 9229 9168 9515
3 9230 9746 9113
3 9117 9229 9515
3 9350 9349 9411
3 9231 9517 9296
3 9232 9295 9231
3 9519 9295 9354
3 9352 9170 9171
3 9295 9232 9354
3 9412 9232 9296
3 9171 9466 9352
3 9353 9232 9412
3 9560 9048 9234
3 9413 9354 9353
3 9173 9233 9416
3 9414 9234 9172
3 9415 9172 9235
3 9415 9414 9172
3 9524 9415 9235
3 8988 9524 9235
3 9355 8988 9236
3 9356 9297 9471
3 9356 9298 9297
3 9357 9299 9356
3 9299 9298 9356
3 9051 9358 9237
3 9299 9357 9417
3 9358 9051 9176
3 9359 9300 9238
3 9177 9178 9361
3 9306 9240 9239
3 9361 9178 9474
3 9364 9419 9246
3 9364 9246 9308
3 9366 9364 9308
3 8803 9307 9475
3 9366 9308 9249
3 9365 9367 9247
3 9365 9421 9367
3 9247 9367 9369
3 9617 9180 9248
3 9251 9481 9372
3 9375 9374 9478
3 9481 9251 9252
3 9482 9000 9425
3 9379 9255 9378
3 9377 9005 9428
3 9380 9531 9312
3 9428 9315 9431
3 9485 9257 9429
3 9316 9431 9315
3 9068 9256 9430
3 9432 9383 9318
3 8368 9533 9714
3 9262 9319 9385
3 9261 9715 8951
3 9486 9319 9386
3 9487 9320 9576
3 9578 9536 9265
3 9322 9388 9489
3 9490 9388 9266
3 9387 9322 9489
3 9488 9490 9191
3 9192 9435 9493
3 9494 9079 9194
3 8762 9267 9785
3 9196 9389 9495
3 9541 9390 9268
3 9541 9268 9140
3 9671 8956 9198
3 8767 9672 10152
3 9632 8521 9726
3 9499 8576 9500
3 9394 9585 9633
3 9963 8337 9502
3 9272 9789 9503
3 9087 9144 10205
3 8465 9586 9088
3 9144 9545 10205
3 9020 9792 9443
3 9149 8041 10105
3 9676 9148 9444
3 8914 8698 9397
3 9588 9507 9089
3 9152 9547 9508
3 9153 9547 9152
3 9637 9333 9208
3 9278 8581 9638
3 9638 8856 9904
3 9446 9023 9279
3 9590 9207 9209
3 9210 9447 9509
3 9335 9509 9450
3 9548 9158 9401
3 9450 9336 9335
3 9336 9450 9449
3 9336 9284 9335
3 9451 9402 9215
3 9453 9454 9402
3 9454 9337 9404
3 9337 9403 9404
3 9405 9220 9163
3 9342 9457 9552
3 9458 9407 9288
3 9347 9340 9460
3 9460 9340 9407
3 9511 9460 9407
3 9460 9461 9347
3 9348 9346 9289
3 9514 9348 9347
3 9514 9346 9348
3 9227 9408 9603
3 9515 9168 9463
3 9117 9515 9517
3 9349 9294 9464
3 9118 9518 9294
3 9411 9349 9464
3 9294 9518 9464
3 9557 9230 9351
3 9411 9558 9350
3 9350 9467 9351
3 9048 9466 9171
3 9520 9351 9467
3 9233 9465 9468
3 9412 9413 9353
3 9468 9416 9233
3 9415 9469 9414
3 9355 9524 8988
3 9471 9297 9416
3 9470 9237 9564
3 9417 9357 9472
3 9176 9361 9614
3 9244 8667 9822
3 8667 9302 9822
3 9244 9822 9705
3 9306 9304 9527
3 9658 9474 9178
3 9658 9178 9362
3 9243 9528 9418
3 9056 9244 9705
3 9056 9705 9363
3 9659 9307 9418
3 9420 9364 9366
3 9421 9530 9367
3 9366 9309 9529
3 9530 9369 9367
3 9310 9529 9309
3 9570 9181 9369
3 9570 9371 9181
3 9481 9479 9372
3 9478 9374 9373
3 9375 9478 9310
3 9250 9621 9480
3 9250 9480 9253
3 9480 9425 9253
3 9254 9481 9252
3 9127 9427 9255
3 9427 9378 9255
3 9531 9532 9312
3 9380 9314 9430
3 9484 9485 9429
3 9431 9316 9485
3 9432 9257 9485
3 9185 9257 9432
3 9485 9316 9382
3 8190 9625 9186
3 9485 9383 9432
3 9485 9382 9383
3 9669 8680 9828
3 8368 9714 8500
3 7827 9433 9384
3 9574 8946 9534
3 9626 9260 9627
3 9486 9385 9319
3 9535 9263 9385
3 9385 9486 9535
3 9535 9576 9263
3 9486 9386 9536
3 9716 9320 9487
3 9580 9138 9387
3 9578 9265 9492
3 9435 9192 9580
3 9265 9193 9492
3 9539 9540 9435
3 9323 9492 9193
3 9540 9493 9435
3 9493 9494 9194
3 9671 9198 9496
3 9391 9725 9436
3 9437 8630 8849
3 9842 8334 9437
3 8909 9084 10030
3 9893 8392 10094
3 8337 9963 9544
3 9895 9587 8038
3 9146 9896 9331
3 9148 9676 9396
3 9546 8851 9675
3 9588 9022 9729
3 9277 9090 10107
3 9857 9334 8967
3 9548 9448 9158
3 9400 9158 9593
3 9549 9401 9338
3 9454 9453 9337
3 9338 9455 9510
3 9455 9338 9286
3 9595 9404 9739
3 9456 9455 9286
3 9221 9031 9595
3 9550 9456 9286
3 9286 9287 9550
3 9641 9456 9550
3 9287 9222 9406
3 9553 9288 9341
3 9551 9553 9341
3 9407 9458 9511
3 9406 9344 9459
3 9514 9347 9461
3 9112 9513 9512
3 9462 9346 9514
3 9408 9602 9603
3 9462 9554 9168
3 9112 9555 9513
3 9291 9290 9692
3 9604 9114 9605
3 9293 9292 9606
3 9517 9515 9516
3 9352 9518 9118
3 9467 9350 9558
3 9560 9466 9048
3 9412 9522 9413
3 9521 9354 9413
3 9609 9560 9234
3 9522 9523 9413
3 9468 9611 9416
3 9524 9563 9415
3 9237 9566 9564
3 9357 9356 9471
3 9357 9471 9472
3 9566 9358 9176
3 9300 9359 9473
3 9300 9473 9360
3 9613 9763 9121
3 9243 9306 9528
3 9306 9527 9528
3 9362 9419 9658
3 9061 9475 9368
3 9420 9366 9529
3 9617 9530 9421
3 9248 9368 9422
3 9619 9422 9368
3 9570 9369 9530
3 9476 9423 9568
3 9370 9569 9423
3 9423 9476 9370
3 9476 9424 9370
3 9479 9370 9372
3 9424 9476 9478
3 9479 9569 9370
3 9477 9310 9478
3 9478 9373 9424
3 9425 9480 9571
3 9254 9183 9622
3 9623 9379 9378
3 9532 9313 9312
3 9532 9624 9313
3 9429 9313 9624
3 9431 9484 9428
3 9429 9624 9484
3 9484 9431 9485
3 9071 8899 9669
3 9669 8899 8680
3 8260 9384 9009
3 9626 9575 9260
3 9264 8951 9715
3 9321 9264 9715
3 9434 9719 9190
3 9719 9488 9190
3 9537 9388 9579
3 9490 9488 9579
3 9489 9388 9629
3 9490 9579 9388
3 9195 9014 9582
3 9080 9495 9723
3 9583 9495 9389
3 9389 9390 9583
3 9390 9541 9583
3 9541 9140 9671
3 9725 9391 9141
3 10030 9084 9673
3 9440 8770 9543
3 9790 9543 9201
3 10449 9395 9791
3 9791 9395 9396
3 9274 9636 9332
3 9332 9636 9793
3 9898 9021 9332
3 8852 9021 9898
3 9153 9276 9795
3 9904 8856 9903
3 9208 9278 9638
3 9446 9279 9905
3 9907 8967 9400
3 9402 9212 9334
3 9212 9402 9451
3 9338 9510 9549
3 9456 9641 9596
3 9685 9551 9221
3 9221 9595 9685
3 9686 9551 9685
3 9597 9287 9406
3 9343 9342 9599
3 9742 9166 9600
3 9166 9512 9600
3 9744 9514 9461
3 9345 9228 9746
3 9291 9692 9292
3 9465 9410 9606
3 9605 9295 9519
3 9559 9518 9352
3 9411 9607 9558
3 9517 9556 9296
3 9466 9559 9352
3 9412 9296 9608
3 9608 9296 9556
3 9523 9521 9413
3 9469 9562 9414
3 9469 9415 9563
3 9469 9563 9526
3 9562 9469 9525
3 9469 9526 9525
3 9524 9355 9470
3 9612 9524 9470
3 9566 9237 9358
3 9471 9565 9472
3 9702 9301 9360
3 9706 9614 9361
3 9706 9361 9474
3 9660 9364 9420
3 9368 9475 9618
3 9618 9619 9368
3 9617 9570 9530
3 9569 9568 9423
3 9529 9310 9477
3 9477 9478 9476
3 9254 9622 9481
3 9426 9482 9667
3 9622 9183 9377
3 9376 9773 9427
3 9572 9428 9484
3 9573 9531 9380
3 9774 9381 9071
3 9433 8500 9714
3 9009 9384 10012
3 9261 9880 9715
3 9576 9535 9486
3 9576 9486 9536
3 9537 9629 9388
3 9435 9577 9539
3 9491 9539 9577
3 9323 9670 9492
3 9784 9670 9323
3 9582 9014 9080
3 9015 8762 9786
3 8847 9015 9786
3 10025 9671 9496
3 9497 9269 9498
3 9584 8574 9842
3 9270 8574 9584
3 9673 9084 9393
3 10094 8909 10030
3 8577 9019 9085
3 9961 9960 9439
3 10323 9199 9674
3 10157 9142 9504
3 9895 8038 8400
3 9895 8400 9894
3 9146 9145 9896
3 9149 10105 9634
3 9151 9150 9274
3 8851 8914 9675
3 9332 9793 9898
3 9637 9208 9638
3 9856 9397 9207
3 9737 9590 9449
3 9449 9591 9737
3 9449 9450 9591
3 9509 9591 9450
3 9639 9548 9401
3 9158 9448 9593
3 9857 8967 9907
3 9334 9681 9402
3 9455 9456 9640
3 9552 9457 9405
3 9163 9166 9742
3 9458 9598 9511
3 9408 9343 9602
3 9601 9864 9460
3 9513 9600 9512
3 9602 9642 9603
3 9514 9554 9462
3 9513 9555 9691
3 9554 9807 9463
3 9515 9463 9693
3 9516 9643 9517
3 9556 9517 9643
3 9645 9746 9230
3 9464 9607 9411
3 9559 9607 9518
3 9607 9559 9558
3 9466 9648 9559
3 9467 9558 9646
3 9557 9351 9520
3 9648 9560 9609
3 9649 9520 9467
3 9467 9610 9649
3 9234 9562 9609
3 9523 9652 9561
3 9234 9414 9562
3 9653 9526 9563
3 9653 9656 9526
3 9612 9470 9564
3 9701 9417 9472
3 9359 9417 9701
3 9360 9473 9758
3 9613 9301 9702
3 9364 9764 9419
3 9529 9660 9420
3 9617 9248 9422
3 9568 9569 9615
3 9616 9476 9568
3 9477 9476 9616
3 9479 9481 9662
3 9621 9571 9480
3 9571 9663 9425
3 9664 9425 9663
3 9662 9622 9665
3 9773 9376 9426
3 9531 9573 9827
3 9484 9624 9572
3 9625 9483 10497
3 9774 9071 9949
3 9879 9534 9575
3 9434 9715 9775
3 9830 9951 9434
3 9628 9487 9576
3 9951 9719 9434
3 9536 9628 9576
3 9628 9536 9578
3 9579 9488 9719
3 9577 9435 9580
3 9577 9538 9491
3 9493 9540 9631
3 9323 9195 9839
3 9498 8958 10152
3 10323 9019 9199
3 9439 9788 9961
3 9728 9326 9440
3 10202 8771 8913
3 9143 9503 10701
3 10203 9442 9087
3 9328 9088 10206
3 10266 9205 9395
3 9506 9676 9444
3 9589 9507 10210
3 9547 9153 9795
3 9333 9637 9677
3 9207 9590 9856
3 9448 9548 9592
3 9593 9448 9592
3 9401 9594 9639
3 9975 9400 9593
3 9549 9594 9401
3 9681 9453 9402
3 9510 9594 9549
3 9640 9510 9455
3 9404 9403 9860
3 9404 9860 9739
3 9740 9640 9456
3 9740 9456 9741
3 9405 9687 9552
3 9597 9550 9287
3 9741 9456 9596
3 9688 9405 9163
3 9741 9596 9863
3 9742 9688 9163
3 9553 9598 9458
3 9552 9599 9342
3 9597 9406 9804
3 9406 9459 9804
3 9343 9599 9743
3 9511 9601 9460
3 9511 9689 9601
3 9343 9743 9602
3 9460 9690 9461
3 9691 9743 9513
3 9409 9603 9806
3 9290 9806 9692
3 9516 9515 9693
3 9516 9866 9643
3 9747 9556 9643
3 9747 9644 9556
3 9464 9518 9607
3 9465 9606 9695
3 9556 9644 9647
3 9648 9646 9559
3 9646 9558 9559
3 9608 9556 9647
3 9560 9648 9466
3 9468 9465 9695
3 9749 9519 9354
3 9750 9557 9520
3 9467 9646 9610
3 9611 9468 9695
3 9749 9354 9521
3 9608 9697 9522
3 9412 9608 9522
3 9649 9753 9520
3 9561 9521 9523
3 9651 9521 9561
3 9609 9562 9650
3 9698 9652 9523
3 9416 9611 9752
3 9699 9752 9611
3 9525 9754 9562
3 9524 9612 9563
3 9563 9612 9653
3 9526 9654 9525
3 9471 9655 9565
3 9817 9564 9566
3 9176 9567 9566
3 9763 9613 9762
3 9176 9614 9567
3 9567 9614 10002
3 9302 9763 9822
3 9658 9707 9474
3 9307 9659 10073
3 9661 9529 9477
3 9765 9617 9422
3 9619 9618 9620
3 9620 9618 9711
3 9769 9371 9570
3 9662 9766 9479
3 9250 9371 9946
3 9668 9622 9377
3 9428 9668 9377
3 9572 9668 9428
3 9531 9827 9532
3 9532 9772 9624
3 9772 9572 9624
3 9261 9009 10012
3 9434 9321 9715
3 9627 9320 9829
3 9830 9434 9775
3 9487 9628 9716
3 9387 9489 9778
3 9492 9670 9578
3 9491 9538 9630
3 9540 9581 9631
3 9494 9493 9959
3 10022 9494 9959
3 9324 9013 9494
3 9839 9195 9582
3 9324 9840 9267
3 9582 9080 10024
3 10024 9080 9723
3 9786 8762 9785
3 9082 9017 9497
3 9787 9392 9083
3 9499 9500 10029
3 9501 9673 9393
3 10094 10030 10639
3 9728 9788 9326
3 9788 9439 9326
3 10031 9504 9442
3 9086 10265 9586
3 9964 9328 10206
3 9328 9964 9894
3 10448 9329 9965
3 8400 9328 9894
3 9145 9505 10327
3 9273 9205 10266
3 9147 9843 10518
3 9636 9274 9793
3 9443 9792 9729
3 9275 9635 10035
3 9588 10210 9507
3 9795 9276 9333
3 9795 9333 9677
3 9445 9905 9279
3 9026 9446 9905
3 9800 9509 9447
3 9974 9334 9857
3 9907 9400 9975
3 9510 9682 9594
3 9683 9453 9684
3 9683 9337 9453
3 9683 9403 9337
3 9553 9551 9686
3 9688 9687 9405
3 9598 9553 9686
3 9598 9689 9511
3 9743 9929 9600
3 9460 9864 9690
3 9691 9602 9743
3 9642 9602 9691
3 9513 9743 9600
3 9690 9744 9461
3 9744 9554 9514
3 10049 9345 9746
3 9693 9463 9807
3 9606 9292 9694
3 9230 9557 9645
3 9646 9648 9609
3 9609 9610 9646
3 9698 9522 9697
3 9523 9522 9698
3 9649 9610 9650
3 9610 9609 9650
3 9812 9652 9751
3 9561 9700 9651
3 9700 9561 9652
3 9416 9752 9471
3 9656 9815 9526
3 9815 9654 9526
3 9564 9816 9612
3 9757 9472 9565
3 9701 9472 9757
3 9359 9701 9473
3 9707 9706 9474
3 9363 9874 9527
3 9708 9658 9419
3 9364 9709 9764
3 9709 9364 9660
3 9307 10073 9475
3 9661 9660 9529
3 9615 9710 9568
3 9568 9710 9616
3 9661 9477 9616
3 9619 9765 9422
3 9615 9569 9766
3 9711 9618 10139
3 9767 9619 9620
3 9620 9768 9767
3 9766 9569 9479
3 9621 9250 9946
3 9571 9621 9876
3 9662 9481 9622
3 9482 9425 9664
3 9482 9664 9666
3 9482 9666 9667
3 9773 9426 9667
3 9572 9772 9668
3 9378 9427 9623
3 9573 9380 9430
3 9256 9381 9774
3 10368 9186 9625
3 9575 9626 9879
3 9829 9626 9627
3 9320 9716 9829
3 9717 9716 9628
3 9778 9881 9387
3 9950 9387 9881
3 9580 9387 9950
3 9950 10085 9580
3 9629 9778 9489
3 9580 9777 9577
3 9719 9780 9579
3 9670 9717 9578
3 9578 9717 9628
3 9537 9579 9780
3 9577 9718 9538
3 9718 9630 9538
3 9493 9631 9959
3 9890 9267 9840
3 9582 10024 9839
3 9583 9541 9724
3 9541 9671 9724
3 10260 9082 9892
3 9672 9392 9787
3 9727 9325 9960
3 9327 9727 10445
3 9086 9544 10265
3 9090 9898 10107
3 9678 9637 9736
3 9637 9678 9677
3 9638 9736 9637
3 9799 9445 9277
3 9799 9905 9445
3 9972 9590 9737
3 9594 9679 9639
3 9334 9974 9681
3 9682 9679 9594
3 9403 9683 9858
3 9640 9682 9510
3 10040 9682 9640
3 9640 9740 10113
3 9862 9641 9550
3 9550 9597 9862
3 9641 9924 9596
3 9803 9598 9686
3 9927 9689 9598
3 9929 9742 9600
3 9928 9743 9599
3 9689 9864 9601
3 9691 9745 9642
3 9459 9345 10049
3 9691 9555 9745
3 9555 9604 9745
3 9807 9554 9931
3 10049 9746 9933
3 9692 9808 9292
3 9696 9605 9519
3 9647 9936 9608
3 9748 9645 9750
3 9750 9645 9557
3 9695 9699 9611
3 9753 9987 9520
3 9698 9751 9652
3 9753 9649 9868
3 9868 9649 9650
3 9650 9754 9868
3 9650 9562 9754
3 9652 9812 9939
3 9700 9652 9939
3 9654 9754 9525
3 9752 9655 9471
3 9755 9656 9653
3 9612 9755 9653
3 9814 9756 9655
3 9756 9565 9655
3 9816 9564 9817
3 9757 9565 10063
3 9566 9657 9817
3 9701 9758 9473
3 9360 9758 9702
3 9703 9759 9760
3 9704 9759 9703
3 9657 9566 9567
3 9703 9760 9996
3 9996 9761 9703
3 9704 9703 9820
3 9820 9703 9761
3 9418 9528 10072
3 10004 9706 9707
3 9707 9658 9708
3 9874 9363 9705
3 9660 9661 9709
3 9475 10552 10139
3 9710 9661 9616
3 10007 9570 9617
3 9875 9765 9619
3 9620 9711 9768
3 9768 9711 9824
3 9769 9946 9371
3 9946 9876 9621
3 9666 9664 9770
3 9622 9771 9665
3 9071 9669 9878
3 11205 9072 9073
3 9776 9778 9629
3 9953 9629 9537
3 9953 9537 9780
3 9721 9722 9720
3 9784 9323 9839
3 9539 9838 9540
3 9581 9540 9838
3 9324 9494 10022
3 9785 9267 9890
3 9583 9724 9841
3 8847 10092 9141
3 10025 9496 10260
3 8849 8766 10384
3 9497 9498 10201
3 9200 9142 10157
3 9272 9271 10325
3 10447 9543 9790
3 9201 9202 10264
3 9329 9203 9965
3 10097 9587 9895
3 9330 9587 10097
3 9150 9844 10645
3 9274 9150 10036
3 9274 10209 9793
3 10209 9845 9793
3 9506 9897 9676
3 9898 9793 9845
3 9506 9398 9730
3 9730 9398 9846
3 9508 9846 9398
3 9508 9547 9847
3 9732 9794 9733
3 9795 9847 9547
3 9733 9734 9732
3 9733 9677 9735
3 9734 9733 9735
3 9797 9733 9794
3 9733 9797 9677
3 9677 9797 9795
3 10037 9399 9589
3 9735 9677 9678
3 10107 10108 9277
3 10037 9903 9399
3 9904 9736 9638
3 10108 9799 9277
3 9447 9026 9973
3 9800 9447 9973
3 9509 9800 9591
3 9906 9592 9548
3 9908 9680 9738
3 9453 9801 9684
3 9453 9681 9801
3 9738 9858 9683
3 9679 9682 10040
3 9860 9403 9858
3 9860 9858 9910
3 9802 9641 9862
3 9687 9688 9925
3 9552 9687 9925
3 9803 9927 9598
3 9804 9459 9805
3 9929 9743 9928
3 9930 9603 9642
3 9983 9930 9642
3 9292 9808 9694
3 9934 9746 9645
3 9748 9934 9645
3 9519 9749 9696
3 9936 9697 9608
3 9810 9699 9695
3 10056 9748 9750
3 9811 9698 9697
3 9751 9698 9811
3 9813 9651 9700
3 9870 9656 9755
3 9870 9815 9656
3 10063 9565 9756
3 9941 9759 9704
3 9871 10134 9702
3 9657 9567 10002
3 9613 9819 9762
3 9873 9614 9706
3 10072 9659 9418
3 10006 9874 9705
3 9709 9823 9764
3 9709 9710 9823
3 9661 9710 9709
3 9475 10073 10552
3 9618 9475 10139
3 9615 9766 10140
3 10074 9570 10007
3 10008 9767 9768
3 9571 9876 9663
3 9825 9665 9771
3 9826 9666 9770
3 9668 9771 9622
3 9667 9666 9877
3 9877 9773 9667
3 9430 9256 9774
3 9534 9879 10371
3 10012 10947 9261
3 9777 9580 10085
3 9831 9629 9953
3 9776 9629 9831
3 9716 9717 9779
3 9951 9883 9719
3 9577 9777 9882
3 9577 9882 9718
3 9718 10015 9781
3 9719 9883 9780
3 9718 9833 9630
3 9833 9718 9781
3 9721 9720 9832
3 9782 9721 9832
3 9834 9781 9720
3 9834 9720 9889
3 9722 9889 9720
3 9957 9539 10087
3 9891 9723 9495
3 8847 9786 10092
3 9632 9726 10154
3 9083 9499 9787
3 9438 9085 10320
3 10323 9085 9019
3 9728 9440 9543
3 9394 9633 9962
3 9441 9394 10446
3 10325 9789 9272
3 10031 9442 10203
3 9965 9203 9966
3 9203 9204 10515
3 9330 10097 9505
3 9792 9020 10098
3 10209 9274 10036
3 9730 9897 9506
3 9508 9847 9846
3 9732 9853 9794
3 9847 9795 9970
3 9734 9794 9853
3 9796 9734 9853
3 9732 9734 9796
3 9797 9734 9735
3 9797 9794 9734
3 9797 9798 9795
3 9970 9795 9798
3 9736 9848 9854
3 9798 9735 9678
3 9798 9797 9735
3 9736 9854 9678
3 9854 9901 9678
3 9904 9848 9736
3 9906 9548 9639
3 10039 9683 9801
3 9683 9684 9801
3 9686 10115 9923
3 9686 9685 10115
3 9802 9924 9641
3 9741 9926 9740
3 9924 9863 9596
3 9981 9597 9804
3 9599 9552 9925
3 9928 9599 9925
3 9983 9642 9745
3 9930 9806 9603
3 9931 9554 9744
3 9745 9604 9932
3 9693 9866 9516
3 9606 9694 9695
3 9934 9933 9746
3 9866 9809 9643
3 9643 9809 9747
3 9747 9809 9644
3 9935 9934 9748
3 10054 9697 9936
3 9750 9520 9987
3 9655 9752 9938
3 9939 9812 9989
3 9700 9939 9813
3 9654 9815 9940
3 9816 9755 9612
3 9755 9816 9869
3 9870 9755 9869
3 9994 9758 9701
3 9702 9758 9994
3 9704 9818 9941
3 10065 9819 9702
3 9818 9704 10001
3 9704 9820 9821
3 10001 9704 9821
3 10003 10001 9821
3 9822 9763 10068
3 9527 10190 9528
3 9614 9873 10002
3 9705 10070 10006
3 10073 9659 10072
3 9710 9615 10138
3 9767 9875 9619
3 9769 9570 10075
3 10248 9766 10077
3 9766 9662 10077
3 9662 9665 9825
3 9826 9877 9666
3 10010 9532 9827
3 9948 9668 9772
3 9379 9623 10145
3 9827 9573 9430
3 9949 9071 9878
3 9433 9714 10559
3 10371 9574 9534
3 9716 10146 9829
3 10085 9950 10083
3 9781 10015 9720
3 9883 9953 9780
3 9781 9834 9833
3 9783 9884 9834
3 9837 9722 9721
3 9837 9721 9782
3 9835 9837 9782
3 9782 9836 9835
3 9631 9838 10018
3 9836 9722 9837
3 9722 9836 9887
3 9631 9581 9838
3 9539 9957 9838
3 9491 10087 9539
3 9840 10022 10382
3 9840 9324 10022
3 9495 9583 9891
3 9891 9583 9841
3 9436 10026 10318
3 9436 10318 8765
3 8849 10384 10637
3 10152 9672 10027
3 9726 9584 9842
3 9499 10029 10028
3 10094 10386 9893
3 10445 9585 9327
3 10156 9962 9633
3 9394 9962 10446
3 9542 9200 10570
3 10701 9503 9789
3 10264 9202 11386
3 10206 9088 10204
3 9545 10448 10096
3 9331 10387 9844
3 9331 9896 10387
3 9020 9147 10098
3 9634 10802 9149
3 10036 9150 10645
3 9731 9848 9849
3 9852 9851 9850
3 9853 9732 9850
3 9851 9853 9850
3 9854 9731 9849
3 9731 9854 9848
3 9852 9850 9855
3 9796 9853 9851
3 9855 9796 9851
3 9796 9850 9732
3 9796 9855 9850
3 9901 9969 9678
3 9970 9798 9678
3 9591 9800 10160
3 9591 10160 9737
3 10109 9592 9906
3 10161 9639 9679
3 9592 10109 9593
3 9801 9681 9974
3 9738 9683 10039
3 9859 9910 9858
3 9910 9859 9914
3 9914 9859 9911
3 9739 9860 9861
3 9595 9739 9921
3 10273 9595 10163
3 9595 9921 10163
3 9922 9685 9595
3 9922 10115 9685
3 9862 10046 9802
3 9923 9803 9686
3 9742 9925 9688
3 9863 9926 9741
3 9689 9927 9864
3 9865 9690 9864
3 9805 9459 10049
3 9744 9690 9865
3 9744 9982 9931
3 9932 9983 9745
3 9692 9806 9984
3 9808 9692 9984
3 10277 9604 10166
3 9694 9808 10050
3 10050 10051 9695
3 10052 9809 9866
3 9867 9699 9810
3 10054 10057 9697
3 9811 10058 9751
3 9699 9937 9752
3 9814 9655 9938
3 10063 9701 9757
3 10183 9701 10063
3 10183 9994 9701
3 9657 9995 9817
3 9941 9993 9759
3 9702 9994 9871
3 10134 9871 9994
3 9760 9759 10355
3 9819 9613 9702
3 9763 9762 9997
3 9820 9761 9942
3 9818 10001 10066
3 9942 9872 9820
3 9820 9872 9821
3 9821 9872 10003
3 9528 10425 10072
3 10070 9705 9822
3 10190 9527 9874
3 9945 9706 10004
3 10005 9707 9708
3 9768 9824 10142
3 9663 10079 9664
3 9664 10079 9770
3 10078 9771 9947
3 9947 9771 9668
3 10009 9877 9826
3 10081 9947 9668
3 10081 9668 9948
3 10143 10010 9827
3 9948 9772 9532
3 9483 9128 9712
3 9483 9712 10497
3 9713 9186 10369
3 9261 10947 9880
3 9829 10310 9626
3 9775 9715 10250
3 9779 10146 9716
3 9776 9831 10014
3 9776 10014 9952
3 9776 9952 9778
3 9881 9778 9952
3 9831 9953 10086
3 9720 10015 9832
3 9779 9717 9670
3 9782 9832 10016
3 10017 9957 10087
3 10016 9836 9782
3 10016 9887 9836
3 9884 9956 9834
3 9886 9885 9835
3 9835 9885 9837
3 9886 9835 9836
3 9957 10017 9838
3 9722 10198 9889
3 9888 9885 9722
3 9888 9837 9885
3 9888 9886 9836
3 9837 9888 9836
3 9888 9887 9886
3 9887 9888 9722
3 10027 9672 9787
3 10154 9726 10153
3 10154 9500 9018
3 9728 10095 9788
3 9633 9585 10155
3 10095 9728 9543
3 10324 9502 9441
3 9790 9201 10264
3 9202 8523 10202
3 9088 9586 10204
3 9546 9675 10572
3 9843 9275 10035
3 9396 9676 10106
3 10267 9675 8914
3 9730 9846 9897
3 10210 9588 9729
3 9967 9897 9846
3 9851 9852 9899
3 9849 9900 9854
3 9849 9968 9900
3 9900 9968 9899
3 9900 9902 9901
3 9900 9899 9902
3 9902 9855 9851
3 9855 9899 9852
3 9855 9902 9899
3 9901 9854 9900
3 9973 9026 9905
3 9972 9737 10160
3 10109 9975 9593
3 10038 10161 9679
3 9738 10039 9908
3 9679 10040 10038
3 9860 9910 9918
3 9909 9912 9859
3 9858 9909 9859
3 9909 9914 9912
3 9914 9909 9910
3 9911 9859 9912
3 9914 9911 9913
3 9916 9860 9918
3 9917 9916 9918
3 9861 9860 9920
3 9860 9916 9920
3 9920 9918 9861
3 9920 9917 9918
3 9861 9918 9979
3 9979 9919 9861
3 10113 10040 9640
3 9922 9595 10114
3 9597 10047 9862
3 10047 9597 9981
3 10117 9740 9926
3 9865 9982 9744
3 9805 10049 10121
3 9806 9930 9984
3 9807 9931 10048
3 9604 9605 10166
3 10050 9695 9694
3 10051 9810 9695
3 10123 9605 9696
3 9647 9644 9809
3 10053 9647 9809
3 10053 9936 9647
3 9696 9749 10228
3 10056 9935 9748
3 9699 9867 9937
3 10057 9811 9697
3 9937 9938 9752
3 9991 9813 9939
3 9939 10062 9991
3 9868 9754 9940
3 9754 9654 9940
3 9815 9870 9940
3 9870 9869 10133
3 10064 9869 9816
3 9817 10064 9816
3 10065 9702 10134
3 9819 10065 10185
3 9995 9657 10002
3 10066 10001 9998
3 9997 10068 9763
3 9944 9998 9943
3 10001 9943 9998
3 10069 9822 10068
3 10069 10070 9822
3 9528 10190 10425
3 9945 9873 9706
3 9707 10005 10004
3 9708 9419 10005
3 9764 10005 9419
3 9823 9710 10138
3 10138 9615 10140
3 9617 9765 10007
3 9875 9767 10008
3 9769 10076 9946
3 10077 9662 9825
3 9771 10078 9825
3 10079 9826 9770
3 9948 9532 10010
3 9623 9427 10011
3 10145 9623 10011
3 9186 10368 10369
3 9878 9669 10370
3 10370 9669 9828
3 10249 9073 9574
3 10013 9830 9775
3 10084 10146 9779
3 9951 9953 9883
3 9784 9779 9670
3 9838 10017 10018
3 10017 10087 9954
3 9954 10087 9955
3 10021 9833 9834
3 9956 10021 9834
3 10019 9884 9958
3 9958 9884 10021
3 9783 10021 9884
3 10198 9722 9885
3 9784 9839 10023
3 10200 9840 10382
3 10258 10024 9723
3 9725 9141 10092
3 8766 8765 10318
3 8849 10637 9437
3 10027 9787 10263
3 9438 10845 9501
3 10845 9673 9501
3 10321 9085 10323
3 9271 8960 10700
3 9633 10155 10156
3 10324 9963 9502
3 10512 9543 10447
3 10326 9143 10701
3 10265 9544 10752
3 10203 9087 10205
3 10205 9545 10096
3 9966 9203 10515
3 9896 9145 10327
3 10104 10106 10033
3 10106 9791 9396
3 10034 10106 9676
3 10106 10034 10033
3 9729 9792 10208
3 9846 9847 9967
3 10037 9589 10210
3 10212 9967 9847
3 9899 9968 9851
3 9971 9848 9904
3 9849 9969 9968
3 9968 9969 9901
3 9902 9968 9901
3 9968 9902 9851
3 10107 10211 10108
3 10212 9678 9969
3 9971 9904 10269
3 10393 9856 9590
3 10393 9590 10853
3 10039 9907 9975
3 9738 9680 9913
3 9858 9738 9913
3 9858 9913 9909
3 9977 9918 9910
3 9914 9976 9912
3 9976 9911 9912
3 9913 9915 9914
3 9914 9915 9977
3 9915 9918 9977
3 10041 9978 9917
3 9917 9978 9916
3 10041 9917 9979
3 9916 9919 9920
3 9919 9916 9978
3 9919 9979 9920
3 9979 9917 9920
3 9915 9979 9918
3 9919 9739 9861
3 9921 9739 9919
3 9923 9927 9803
3 10113 9740 10117
3 10118 9863 9924
3 9928 9925 9929
3 9925 9742 9929
3 9926 9863 10221
3 10118 10221 9863
3 10119 9864 9927
3 10119 9865 9864
3 9930 9983 9984
3 9808 9984 10050
3 10277 10050 9984
3 9693 9807 10048
3 10124 9933 9934
3 9810 10282 9867
3 10285 9935 10056
3 9937 9867 10176
3 10056 9985 10055
3 9986 10056 9750
3 9985 10056 9986
3 9750 9987 9986
3 9988 9985 9986
3 10127 9985 9988
3 9987 9988 9986
3 9753 10059 9987
3 9812 9751 9989
3 10060 9988 9987
3 9753 9868 10059
3 9940 10059 9868
3 9989 9990 9939
3 9939 9990 9992
3 10063 9756 10182
3 9870 10131 9940
3 9993 9941 10132
3 9759 9993 10184
3 9759 10184 10355
3 9941 9818 10066
3 9760 10355 9996
3 10360 9942 9996
3 9942 9761 9996
3 10000 9999 9998
3 9944 10000 9998
3 10003 9943 10001
3 9873 10245 10002
3 10005 10189 10004
3 10190 9874 10486
3 9711 10427 9824
3 10007 9765 10141
3 10074 10075 9570
3 9946 10192 9876
3 10077 9825 10078
3 9876 10192 9663
3 10079 9663 10192
3 10079 10193 9826
3 10144 9773 9877
3 9433 10559 10908
3 10012 9384 10741
3 9879 9626 10310
3 9951 9830 10013
3 10014 9831 10254
3 10197 9881 9952
3 9718 9882 10015
3 10631 9630 9833
3 10151 10087 9491
3 10020 9884 10019
3 9956 10020 9958
3 9884 10020 9956
3 9956 9958 10021
3 10089 9958 10020
3 10019 9958 10089
3 9885 9886 10198
3 10023 9839 10024
3 9436 9725 10026
3 10384 8766 10318
3 10261 9842 9437
3 10262 9726 9842
3 10263 9787 10319
3 10154 9018 9632
3 9787 9499 10028
3 10320 9085 10321
3 11067 9960 9961
3 10798 9674 9542
3 10570 9200 10846
3 9200 10157 10846
3 9790 10264 10447
3 10752 9544 9963
3 9586 10265 10204
3 9204 9273 10515
3 10266 9395 10850
3 10517 10387 9896
3 10032 10033 10034
3 9971 10391 9848
3 10391 9969 9849
3 9970 10212 9847
3 9970 9678 10212
3 10161 9906 9639
3 9857 9907 9974
3 9974 9907 10039
3 10109 10271 9975
3 9974 10039 9801
3 9977 9909 9913
3 9977 9910 9909
3 9911 9976 9913
3 9976 9914 9977
3 10042 10041 9979
3 10043 9978 10041
3 10043 9919 9978
3 10045 10110 10043
3 10043 10110 9919
3 10112 10045 10044
3 10043 9979 10044
3 10043 10042 9979
3 10044 9979 9915
3 9919 10110 10162
3 10045 10043 10044
3 9922 10114 10115
3 10046 9862 10047
3 10118 9924 10332
3 10164 9927 9923
3 9805 10218 9804
3 9982 9865 10119
3 10121 10218 9805
3 9932 9984 9983
3 9984 9932 10277
3 9866 9693 10048
3 10049 9933 10124
3 10123 10166 9605
3 10052 9866 10048
3 10282 9810 10051
3 9809 10052 10053
3 10054 9936 10053
3 10169 10176 9867
3 10285 10056 10126
3 10126 10056 10055
3 10175 10055 9985
3 10057 10058 9811
3 10290 9938 10176
3 10178 9749 9521
3 10178 9521 10544
3 10127 9988 10179
3 10128 9751 10058
3 10180 10179 9988
3 9989 9751 10128
3 10060 10180 9988
3 9938 10290 9814
3 10059 10060 9987
3 10130 10060 10059
3 9814 10061 9756
3 10059 9940 10298
3 9756 10061 10350
3 9939 9992 10062
3 9994 10183 10236
3 10134 9994 10236
3 10064 9817 9995
3 10132 9941 10066
3 9819 10185 9762
3 10185 9997 9762
3 10066 9998 10186
3 10135 9999 10067
3 10067 9998 10135
3 10187 10068 9997
3 9998 9999 10135
3 10136 9999 10000
3 10068 10136 10000
3 10068 10000 10246
3 9943 10137 9944
3 10071 10245 9873
3 9945 10071 9873
3 9945 10004 10071
3 9711 10139 10427
3 10247 10248 10781
3 9765 9875 10141
3 10008 10141 9875
3 9769 10075 10076
3 9768 10191 10306
3 10078 9947 10080
3 10080 9947 10081
3 10009 9826 10193
3 10010 10081 9948
3 10144 9877 10009
3 9427 9773 10308
3 10011 9427 10308
3 9714 9533 10613
3 11205 9073 10249
3 10908 9384 9433
3 9384 10908 10741
3 10310 9829 10617
3 10372 9829 10146
3 10082 10251 9952
3 10014 10195 10082
3 9952 10014 10082
3 10314 10083 9950
3 10254 10195 10014
3 9950 9881 10197
3 9832 10015 10252
3 10148 9951 10013
3 10086 10254 9831
3 9953 9951 10148
3 10084 9779 10377
3 9832 10147 10016
3 9954 10149 10017
3 9954 9955 10255
3 10151 9955 10087
3 10151 9491 9630
3 10150 9833 10089
3 10089 9833 10021
3 9887 10016 10198
3 10151 9630 10631
3 10090 10088 10019
3 10019 10088 10020
3 10088 10089 10020
3 9834 9889 9783
3 9887 10198 9886
3 10090 10019 10089
3 10257 10256 9889
3 9959 9631 10018
3 10379 10023 10091
3 10023 10024 10091
3 9840 10200 10505
3 9890 9840 10505
3 9786 9785 10259
3 9892 9082 10443
3 9497 10201 10844
3 9498 10152 10093
3 10028 10319 9787
3 10322 11067 9961
3 9788 10444 9961
3 10095 10444 9788
3 10512 10095 9543
3 10157 9504 10031
3 10516 10515 9273
3 10099 10100 10032
3 10032 10102 10101
3 10099 10032 10101
3 10100 10101 10102
3 10033 10100 10102
3 10032 10100 10033
3 10033 10102 10104
3 10102 10103 10104
3 10034 10102 10032
3 10102 10034 10103
3 9635 9149 10802
3 10267 8914 9397
3 10269 10037 10210
3 10391 9849 9848
3 10037 10269 9903
3 9904 9903 10269
3 10803 9905 9799
3 9800 10213 10160
3 10039 10214 9908
3 10039 9975 10214
3 9908 10214 10272
3 9976 9977 9913
3 10042 10111 10041
3 10112 10043 10041
3 10110 10112 10041
3 10045 10112 10110
3 10112 10111 10042
3 10043 10112 10042
3 10044 10111 10112
3 10044 9915 10162
3 10163 9921 9919
3 10114 9595 10273
3 10215 9923 10115
3 9924 9802 10332
3 10274 10047 9981
3 10164 10165 9927
3 9927 10165 10119
3 10117 9926 10120
3 10222 9931 10220
3 9604 10277 9932
3 10225 10050 10277
3 10282 10051 10122
3 10282 10122 10336
3 9696 10228 10123
3 10169 9867 10282
3 10057 10054 10053
3 10177 10175 9985
3 10128 10058 10057
3 10176 9938 9937
3 10544 9521 9651
3 9814 10290 10233
3 10233 10061 9814
3 9989 10129 9990
3 10351 9991 10062
3 10234 10062 9992
3 10133 9869 10064
3 10185 10240 9997
3 9996 10355 10481
3 10067 10186 9998
3 10067 9999 10186
3 9999 10136 10186
3 10002 10245 9995
3 10136 10068 10243
3 10003 10137 9943
3 10246 10069 10068
3 10003 10188 10137
3 10188 10003 9872
3 10362 10006 10070
3 10486 9874 10305
3 10427 10139 10603
3 10008 9768 10306
3 10191 9768 10142
3 9946 10076 10192
3 10143 10081 10010
3 10144 10009 10193
3 10194 9773 10144
3 10308 9773 10194
3 9712 10496 10497
3 9827 9430 10558
3 9828 9072 10834
3 9775 10250 10615
3 9829 10372 10617
3 10251 10313 9952
3 9952 10313 10197
3 9950 10197 10314
3 9882 10196 10253
3 10147 9832 10252
3 10148 10376 9953
3 10376 10086 9953
3 9779 9784 10023
3 10149 10255 10316
3 10255 10149 9954
3 10018 10017 10149
3 10256 10089 10021
3 10631 9833 10150
3 10090 10150 10088
3 10089 10088 10150
3 10256 10021 9783
3 10199 9889 10198
3 10091 10024 10258
3 9785 9890 10259
3 9786 10259 10442
3 10443 9082 9497
3 10201 9498 10093
3 10029 9500 10154
3 10638 10028 10029
3 9895 9894 10097
3 9273 10266 10516
3 10099 10158 10100
3 10158 10101 10100
3 9843 10035 10644
3 10208 9792 10098
3 10207 10103 10034
3 10101 10103 10099
3 10103 10207 10099
3 10104 10103 10101
3 10158 10104 10101
3 10388 10572 9675
3 9676 9897 10328
3 10034 9676 10207
3 10159 9897 9967
3 10329 9967 10212
3 9799 10108 10211
3 10853 9590 9972
3 10270 9972 10160
3 9975 10271 10214
3 9913 9680 10272
3 9680 9908 10272
3 10111 10110 10041
3 10453 10113 10117
3 10330 10215 10115
3 10331 10116 10046
3 10332 9802 10046
3 10274 10331 10047
3 10047 10331 10046
3 10046 10116 10332
3 9981 9804 10218
3 10218 10334 9981
3 10276 10221 10118
3 10165 10164 10220
3 10216 10117 10120
3 10119 10165 9982
3 9982 10165 10220
3 10220 10164 10223
3 9926 10221 10278
3 10220 9931 9982
3 10120 9926 10278
3 10048 9931 10222
3 10277 10166 10225
3 10121 10049 10281
3 10051 10050 10336
3 10049 10124 10281
3 10051 10336 10122
3 10280 10167 10168
3 10230 10168 10167
3 10230 10167 10226
3 10337 10168 10230
3 10171 10230 10125
3 10170 10125 10230
3 9934 9935 10285
3 10171 10125 10231
3 10125 10170 10231
3 10172 10171 10174
3 10171 10231 10174
3 10057 10053 10229
3 10174 10173 10172
3 10339 10126 10055
3 10339 10055 10175
3 10177 9985 10127
3 10128 10232 9989
3 10348 10180 10130
3 10180 10060 10130
3 9992 9990 10476
3 10130 10059 10298
3 9756 10350 10182
3 10130 10298 10181
3 10351 10062 10598
3 10294 10063 10182
3 10183 10063 10294
3 9993 10132 10184
3 10131 9870 10299
3 9870 10133 10299
3 10065 10134 10238
3 10238 10185 10065
3 10133 10064 10241
3 10186 10242 10066
3 10239 10066 10242
3 10240 10187 9997
3 10136 10243 10186
3 10243 10068 10302
3 10246 10000 10361
3 10303 9872 9942
3 10005 10363 10189
3 9874 10006 10305
3 10363 10005 10364
3 10364 10005 9764
3 10138 10140 10426
3 9766 10247 10140
3 9766 10248 10247
3 10076 10075 10489
3 10141 10008 10306
3 10490 10192 10076
3 10081 10143 10080
3 10145 10496 9379
3 9712 9379 10496
3 10612 9430 9774
3 10613 10559 9714
3 10371 9879 10998
3 10560 9880 10947
3 10615 10498 9775
3 10498 10013 9775
3 10195 10373 10082
3 10251 10082 10373
3 10375 10311 10083
3 10085 10083 10196
3 9777 10085 10196
3 10086 10376 10254
3 10315 10439 10016
3 9955 10151 10255
3 10256 9783 9889
3 9889 10199 10257
3 10022 9959 10018
3 10379 10440 10023
3 10091 10317 10379
3 10092 9786 10442
3 9726 10262 10153
3 10154 10153 10699
3 10029 10154 10750
3 10028 10638 10319
3 10845 10510 9673
3 10444 10322 9961
3 9727 9960 10957
3 10445 9727 10957
3 10752 9963 10324
3 10325 10701 9789
3 11386 9202 11266
3 10642 10097 9894
3 10449 9791 10754
3 10158 10099 10207
3 9844 10387 10645
3 10104 10389 10106
3 10036 10573 10209
3 10328 9897 10159
3 9969 10391 10212
3 10213 9800 9973
3 10109 9906 10161
3 9915 9913 10272
3 10111 10044 10162
3 10110 10111 10162
3 10453 10711 10113
3 10116 10331 9980
3 10453 10117 10216
3 10397 10118 10332
3 10118 10397 10333
3 10334 10274 9981
3 10216 10120 10219
3 10217 10532 10164
3 10222 10220 10223
3 10120 10278 10404
3 10218 10121 10407
3 10223 10164 10224
3 10225 10336 10050
3 10123 10406 10166
3 10335 10279 10167
3 10335 10167 10280
3 10279 10408 10167
3 10463 10336 10123
3 10336 10406 10123
3 10229 10048 10222
3 10226 10167 10408
3 10052 10048 10229
3 10228 10463 10123
3 10281 10124 10227
3 10227 10124 9934
3 10053 10052 10229
3 10337 10230 10410
3 10230 10171 10410
3 10230 10338 10170
3 10339 10285 10126
3 10411 9749 10178
3 10057 10229 10128
3 10175 10177 10340
3 10229 10232 10128
3 10289 10287 10342
3 10289 10291 10287
3 10345 10233 10290
3 9989 10232 10292
3 10179 10180 10348
3 9989 10292 10129
3 10544 9651 9813
3 9813 9991 10351
3 10295 10181 10354
3 10181 10298 10354
3 9940 10131 10298
3 10298 10131 10299
3 10297 10237 10238
3 10236 10297 10134
3 10132 10066 10480
3 10238 10134 10297
3 10299 10133 10241
3 10480 10066 10239
3 10186 10301 10242
3 10244 10186 10243
3 10186 10244 10301
3 9995 10359 10064
3 10302 10187 10240
3 9996 10484 10360
3 10302 10068 10187
3 10360 10303 9942
3 10361 10000 9944
3 10361 9944 10137
3 10245 10071 10304
3 10004 10304 10071
3 10004 10189 10304
3 10485 10069 10246
3 10485 10070 10069
3 10680 10425 10190
3 10780 10073 10072
3 10551 10364 9764
3 10551 9764 9823
3 10142 9824 10428
3 10077 10078 10365
3 10365 10078 10080
3 10192 10193 10079
3 10365 10080 10143
3 10497 10946 9625
3 9713 10309 9533
3 10784 10613 9533
3 9879 10310 10614
3 10375 10435 10311
3 10015 10253 10252
3 10252 10312 10147
3 10083 10314 10375
3 10146 10084 10436
3 9882 9777 10196
3 10015 9882 10253
3 10148 10013 10625
3 10147 10315 10016
3 10439 10198 10016
3 10199 10198 10380
3 10382 10022 10018
3 10696 9723 9891
3 10383 9724 9671
3 10092 10508 9725
3 9725 10508 10026
3 10260 9892 10443
3 10638 10029 10750
3 10030 9673 10510
3 10796 10386 10094
3 8960 9893 10700
3 10511 10444 10095
3 10445 10569 9585
3 10325 9271 10700
3 10156 11264 10919
3 11010 9964 10206
3 9966 10515 10643
3 9505 10097 10702
3 10850 9395 10449
3 10754 9791 10106
3 10105 9546 10572
3 9634 10105 10802
3 9147 10518 11431
3 10207 9676 10328
3 10159 10390 10328
3 9729 10208 10210
3 10390 10159 10575
3 9845 10885 9898
3 10329 10212 10392
3 10452 9971 10269
3 10161 10038 10577
3 10162 10163 9919
3 10711 10040 10113
3 10332 10116 9980
3 9980 10331 10332
3 10114 10330 10115
3 10164 9923 10215
3 10164 10215 10217
3 10333 10276 10118
3 10219 10120 10275
3 10120 10404 10275
3 10406 10225 10166
3 10222 10223 10283
3 10284 10283 10223
3 10405 10335 10280
3 10222 10283 10229
3 10281 10227 10464
3 10168 10337 10410
3 10230 10226 10338
3 10172 10585 10171
3 10534 10413 10169
3 10413 10176 10169
3 10231 10170 10342
3 10339 10175 10340
3 10228 9749 10411
3 10341 10173 10174
3 10536 10174 10231
3 10283 10284 10288
3 10288 10232 10229
3 10288 10229 10283
3 10340 10177 10468
3 10290 10286 10343
3 10290 10176 10286
3 10291 10417 10287
3 10291 10289 10347
3 10289 10344 10347
3 10415 10178 10544
3 10232 10288 10292
3 10419 10291 10347
3 10127 10179 10346
3 10473 10061 10233
3 10349 10422 10293
3 10475 10294 10182
3 10062 10234 10598
3 10478 10181 10295
3 10235 10293 10422
3 10293 10235 10353
3 10132 10352 10184
3 10236 10183 10294
3 10236 10294 10297
3 10296 10237 10353
3 10184 10672 10355
3 10353 10237 10297
3 10547 10132 10480
3 10238 10237 10185
3 10423 10298 10299
3 10356 10240 10185
3 10299 10241 10550
3 10239 10242 10357
3 10357 10242 10300
3 10484 9996 10600
3 10356 10302 10240
3 10301 10300 10242
3 9996 10481 10600
3 10359 10241 10064
3 10301 10243 10358
3 10301 10244 10243
3 10302 10358 10243
3 9995 10245 10359
3 9872 10303 10188
3 10361 10485 10246
3 10362 10070 10485
3 10362 10305 10006
3 10552 10073 10487
3 10488 10074 10007
3 10488 10007 10553
3 10553 10007 10141
3 10306 10191 10607
3 10490 10366 10192
3 10193 10192 10366
3 10366 10144 10193
3 10144 10366 10307
3 10144 10307 10431
3 10194 10144 10431
3 10145 10011 10308
3 9713 10369 10309
3 10834 9072 11205
3 10998 9879 10614
3 10499 10251 10373
3 10313 10251 10434
3 10013 10498 10625
3 10432 10083 10311
3 10252 10433 10374
3 10312 10252 10374
3 10196 10083 10500
3 10252 10253 10433
3 10313 10314 10197
3 10625 10376 10148
3 10084 10377 10436
3 10315 10147 10504
3 9779 10438 10377
3 9779 10023 10438
3 10567 10255 10151
3 10316 10255 10567
3 10438 10023 10440
3 10630 10089 10256
3 10380 10198 10378
3 10091 10381 10317
3 10381 10091 10258
3 10258 9723 10696
3 9671 10025 10634
3 10384 10318 10636
3 10509 10201 10093
3 10152 10027 10385
3 10796 10094 10639
3 10569 10155 9585
3 10324 9441 10446
3 10448 9965 10962
3 9965 9966 10513
3 10753 9896 10327
3 10208 10098 10450
3 9675 10267 10388
3 10703 9845 10209
3 10575 10159 9967
3 9967 10329 10575
3 10107 9898 10705
3 10646 9856 10887
3 10391 10268 10212
3 10212 10268 10392
3 10887 9856 10393
3 10394 10109 10161
3 10109 10394 10271
3 10271 10522 10214
3 10272 10214 10522
3 9915 10272 10523
3 9915 10523 10162
3 10578 10163 10162
3 10163 10578 10579
3 10273 10524 10114
3 10524 10330 10114
3 10331 10454 10332
3 10217 10215 10398
3 10402 10531 10218
3 10532 10217 10398
3 10276 10278 10221
3 10224 10164 10532
3 10399 10335 10405
3 10121 10281 10407
3 10223 10224 10284
3 10462 10407 10281
3 10406 10336 10225
3 10464 10462 10281
3 10336 10463 10282
3 10410 10280 10168
3 10409 10338 10226
3 10227 9934 10285
3 10282 10534 10169
3 10227 10285 10465
3 10585 10410 10171
3 10342 10170 10338
3 10412 10342 10338
3 10173 10341 10535
3 10536 10341 10174
3 10288 10284 10533
3 10231 10342 10536
3 10289 10412 10344
3 10536 10342 10287
3 10289 10342 10412
3 10177 10127 10469
3 10346 10469 10127
3 10290 10343 10345
3 10416 10347 10344
3 10288 10420 10292
3 10417 10291 10419
3 10179 10348 10346
3 10129 10292 10420
3 10350 10061 10473
3 9990 10129 10420
3 10421 10348 10130
3 10544 9813 10670
3 10421 10130 10181
3 10421 10181 10478
3 10182 10350 10475
3 10475 10349 10293
3 10294 10475 10293
3 10132 10596 10352
3 10184 10352 10672
3 10596 10132 10479
3 10297 10294 10293
3 10293 10353 10297
3 10479 10132 10547
3 10423 10354 10298
3 10239 10300 10483
3 10300 10239 10357
3 10549 10424 10137
3 10137 10424 10361
3 10779 10304 10189
3 10426 10551 10138
3 10552 10603 10139
3 10142 10428 10782
3 10074 10488 10075
3 10782 10191 10142
3 10306 10607 10491
3 10607 10554 10491
3 10367 10307 10492
3 10367 10430 10307
3 10367 10429 10430
3 10308 10194 10431
3 10308 10688 10145
3 9774 9949 10612
3 10834 10689 9828
3 9715 9880 10560
3 10250 9715 10560
3 10251 10499 10434
3 10500 10083 10432
3 10254 10503 10195
3 10501 10433 10253
3 10146 10436 10372
3 10254 10376 10503
3 10377 10566 10436
3 10437 10504 10147
3 10151 10631 10567
3 10631 10090 10567
3 10631 10150 10090
3 10378 10379 10317
3 10380 10378 10381
3 10378 10317 10381
3 10441 10381 10258
3 10259 9890 10506
3 10092 10442 10507
3 10383 9841 9724
3 10443 9497 10844
3 9842 10261 10748
3 10509 10093 10152
3 10385 10027 10263
3 10698 10263 10319
3 10845 9438 10320
3 10569 10751 10155
3 10751 10156 10155
3 10641 10325 10571
3 9202 10202 11266
3 10204 10265 11220
3 9894 9964 10642
3 10644 10035 9635
3 10098 9147 11431
3 10104 10158 10389
3 10754 10106 10389
3 9845 10703 10885
3 10267 9397 10646
3 10107 10705 10211
3 10391 9971 10647
3 9971 10852 10647
3 10853 9972 10270
3 10709 10394 10161
3 10038 10040 10577
3 10579 10273 10163
3 10524 10651 10330
3 10396 10332 10454
3 10332 10396 10395
3 10274 10454 10331
3 10397 10332 10395
3 10397 10456 10333
3 10333 10456 10583
3 10813 10274 10334
3 10813 10461 10274
3 10219 10275 10716
3 10218 10531 10334
3 10333 10654 10276
3 10654 10278 10276
3 10401 10279 10399
3 10279 10401 10403
3 10402 10218 10407
3 10399 10279 10335
3 10408 10279 10403
3 10409 10226 10408
3 10228 10466 10463
3 10285 10339 10465
3 10173 10657 10172
3 10467 10465 10339
3 10657 10173 10535
3 10467 10339 10340
3 10659 10411 10178
3 10176 10413 10286
3 10286 10537 10414
3 10414 10343 10286
3 10469 10468 10177
3 10659 10178 10415
3 10470 10469 10346
3 10347 10590 10418
3 10346 10471 10470
3 10471 10346 10348
3 10419 10347 10418
3 10471 10348 10472
3 10545 10472 10348
3 10421 10545 10348
3 9990 10542 10597
3 10350 10473 10475
3 10670 9813 10351
3 9992 10476 10546
3 10235 10296 10353
3 10548 10237 10296
3 10423 10482 10354
3 10356 10185 10237
3 10550 10423 10299
3 10600 10481 10675
3 10356 10601 10302
3 10483 10300 10301
3 10301 10358 10483
3 10302 10601 10358
3 10241 10359 10550
3 10779 10189 10363
3 10190 10486 10739
3 10425 10780 10072
3 10780 10487 10073
3 9823 10138 10551
3 10681 10426 10140
3 10604 10075 10488
3 10490 10076 10489
3 10606 10366 10490
3 10366 10608 10492
3 10307 10366 10492
3 10367 10492 10494
3 10494 10429 10367
3 10495 10143 9827
3 10307 10430 10431
3 10496 10145 10611
3 10196 10500 10561
3 10433 10501 10502
3 10564 10374 10433
3 10313 10434 10375
3 10314 10313 10375
3 10437 10312 10627
3 10147 10312 10437
3 10437 10436 10566
3 10315 10504 10439
3 10198 10439 10378
3 10089 10630 10567
3 10090 10089 10567
3 10257 10199 10695
3 10380 10632 10199
3 10381 10441 10380
3 10200 10382 10877
3 10506 9890 10505
3 10259 10506 10793
3 10092 10507 10508
3 10635 10026 10508
3 10260 10634 10025
3 10262 9842 10955
3 10385 10263 10698
3 10750 10154 10699
3 10957 9960 10568
3 10323 9674 10797
3 10156 10919 9962
3 10511 10095 10512
3 10641 10701 10325
3 10513 9966 10643
3 10702 10327 9505
3 10392 10521 10575
3 10268 10520 10521
3 10268 10521 10392
3 9397 9856 10646
3 9799 10211 10803
3 9973 9905 10926
3 10213 9973 10576
3 10707 10160 10213
3 10522 10271 10394
3 10709 10161 10577
3 10272 10522 10523
3 10578 10162 10523
3 10577 10040 10711
3 10524 10273 10579
3 10453 10216 10650
3 10454 10529 10395
3 10330 10651 10215
3 10455 10456 10457
3 10458 10455 10525
3 10456 10455 10459
3 10397 10457 10456
3 10528 10456 10460
3 10455 10458 10459
3 10461 10454 10274
3 10583 10456 10528
3 10650 10216 10219
3 10813 10334 10531
3 10401 10399 10580
3 10580 10530 10401
3 10404 10716 10275
3 10462 10402 10407
3 10224 10532 10533
3 10284 10224 10533
3 10718 10280 10410
3 10465 10464 10227
3 10466 10228 10411
3 10467 10340 10468
3 10286 10413 10537
3 10287 10587 10536
3 10414 10537 10660
3 10662 10344 10412
3 10663 10343 10414
3 10416 10344 10662
3 10590 10347 10416
3 10470 10538 10469
3 10288 10588 10420
3 10420 10588 10725
3 10472 10470 10471
3 10664 10415 10544
3 10540 10418 10539
3 10418 10540 10727
3 10541 10419 10418
3 10727 10541 10418
3 9990 10420 10542
3 10475 10473 10543
3 9990 10597 10476
3 10474 10349 10475
3 10543 10474 10475
3 10596 10668 10352
3 10478 10545 10421
3 9992 10546 10234
3 10477 10598 10234
3 10235 10548 10296
3 10356 10237 10548
3 10483 10480 10239
3 10423 10550 10482
3 10483 10358 10601
3 10245 10677 10359
3 10677 10245 10304
3 10362 10486 10305
3 10906 10427 10603
3 10075 10604 10489
3 10141 10306 10553
3 10366 10606 10608
3 10365 10143 10832
3 10494 10555 10429
3 10556 10555 10493
3 10557 10431 10430
3 10688 10308 10557
3 10308 10431 10557
3 10688 10611 10145
3 10558 9430 10612
3 10373 10690 10499
3 10617 10372 10786
3 10624 10500 10432
3 10563 10502 10501
3 10253 10196 10561
3 10253 10561 10501
3 10502 10564 10433
3 10564 10790 10374
3 10374 10565 10312
3 10372 10436 10437
3 10626 10435 10375
3 10627 10312 10565
3 10437 10566 10628
3 10504 10437 10628
3 10566 10377 10438
3 10628 10439 10504
3 10439 10628 10378
3 10379 10378 10629
3 10018 10149 10694
3 10257 10630 10256
3 10695 10199 10632
3 10442 10259 10633
3 9891 9841 10747
3 10697 10260 10443
3 10318 10026 10635
3 10637 10261 9437
3 10878 10509 10152
3 10152 10385 10878
3 10749 10385 10698
3 10323 10917 10321
3 10700 9893 10880
3 10751 11264 10156
3 9542 10570 10798
3 10325 10640 10571
3 10849 9964 11010
3 10849 10642 9964
3 10514 10097 10642
3 10517 9896 10753
3 10644 9635 10802
3 10802 10105 10921
3 10573 10036 10645
3 10519 10451 10328
3 10390 10519 10328
3 10210 10208 10886
3 10574 10519 10390
3 10575 10574 10390
3 9898 10885 10705
3 10392 10575 10329
3 10704 10268 10391
3 10210 10452 10269
3 10648 10211 10705
3 10707 10270 10160
3 10396 10454 10395
3 10525 10455 10526
3 10526 10455 10457
3 10459 10525 10526
3 10456 10459 10526
3 10459 10527 10525
3 10527 10459 10528
3 10456 10526 10460
3 10526 10457 10460
3 10457 10395 10529
3 10395 10457 10397
3 10529 10454 10461
3 10651 10398 10215
3 10525 10528 10458
3 10528 10459 10458
3 10460 10527 10528
3 10650 10219 10582
3 10528 10525 10583
3 10580 10399 10581
3 10653 10530 10580
3 10400 10715 10219
3 10759 10581 10399
3 10400 10219 10716
3 10408 10403 10401
3 10764 10399 10405
3 10584 10405 10280
3 10584 10280 10718
3 10282 10463 10534
3 10463 10466 10534
3 10338 10409 10719
3 10534 10466 10411
3 10172 10657 10720
3 10586 10413 10534
3 10535 10341 10817
3 10660 10663 10414
3 10664 10659 10415
3 10663 10345 10343
3 10589 10469 10538
3 10419 10591 10417
3 10470 10592 10538
3 10233 10345 10473
3 10472 10592 10470
3 10539 10418 10590
3 10593 10420 10725
3 10542 10420 10593
3 10541 10726 10419
3 10545 10594 10472
3 10595 10474 10543
3 10474 10728 10349
3 10352 10668 10669
3 10773 10596 10479
3 10351 10598 10670
3 10477 10234 10546
3 10672 10352 10669
3 10545 10478 10731
3 10235 10422 10671
3 10295 10599 10478
3 10599 10674 10478
3 10599 10295 10354
3 10481 10355 10675
3 10354 10482 10776
3 10676 10601 10356
3 10482 10550 10736
3 10600 10826 10484
3 10777 10826 10600
3 10827 10549 10137
3 10677 10550 10359
3 10602 10361 10424
3 10779 10677 10304
3 10485 10602 10678
3 10362 10485 10678
3 10363 10364 10779
3 10680 10190 10679
3 10739 10679 10190
3 10552 10487 10993
3 10488 10553 10605
3 10306 10683 10553
3 10489 10604 10606
3 10490 10489 10606
3 10683 10306 10491
3 10494 10492 10608
3 10493 10609 10610
3 10609 10493 10494
3 10494 10493 10555
3 10493 10610 10556
3 10556 10687 10555
3 9827 10558 10495
3 10368 9625 10946
3 9828 10689 10370
3 10871 10614 10310
3 10250 10560 10785
3 10787 10498 10615
3 10195 10691 10373
3 10500 10618 10561
3 10561 10562 10501
3 10432 10311 10624
3 10790 10565 10374
3 10626 10311 10435
3 10434 10626 10375
3 10626 10434 10838
3 10372 10437 10627
3 10376 10625 10503
3 10438 10629 10566
3 10629 10378 10628
3 10438 10440 10629
3 10316 10630 10791
3 10440 10379 10629
3 10630 10316 10567
3 10843 10441 10258
3 10259 10793 10633
3 9891 10747 10696
3 10634 10383 9671
3 10384 10636 10637
3 10201 10509 10844
3 9842 10748 10955
3 10798 10797 9674
3 11718 10326 10701
3 10157 10031 10848
3 11071 10265 10752
3 10206 10204 10799
3 10962 9965 10513
3 11105 10515 10516
3 10516 10266 10850
3 10517 10801 10387
3 10209 10883 10703
3 10574 10520 10519
3 10520 10574 10521
3 10521 10574 10575
3 10268 10704 10520
3 10452 10210 10851
3 10852 9971 10452
3 10394 10708 10522
3 10523 10755 10578
3 10582 10758 10650
3 10525 10527 10652
3 10529 10527 10460
3 10529 10460 10457
3 10583 10525 10652
3 10761 10461 10763
3 10761 10529 10461
3 10763 10461 10813
3 10532 10398 10651
3 10759 10399 10812
3 10278 10814 10404
3 10465 10717 10464
3 10410 10585 10718
3 10656 10717 10465
3 10720 10585 10172
3 10659 10534 10411
3 10467 10656 10465
3 10586 10534 10659
3 10658 10657 10535
3 10537 10413 10586
3 10288 10533 10588
3 10659 10660 10586
3 10817 10341 10536
3 10766 10660 10659
3 10587 10661 10536
3 10589 10468 10469
3 10664 10766 10659
3 10663 10723 10724
3 10538 10665 10589
3 10593 10725 10597
3 10724 10666 10473
3 10591 10419 10726
3 10472 10594 10592
3 10543 10473 10666
3 10595 10728 10474
3 10594 10545 10731
3 10422 10349 10671
3 10821 10598 10477
3 10548 10235 10671
3 10731 10478 10674
3 10547 10822 10479
3 10355 10672 10733
3 10548 10673 10734
3 10599 10354 10776
3 10356 10548 10734
3 10483 10735 10480
3 10736 10776 10482
3 10826 10360 10484
3 10424 10549 10602
3 10738 10550 10778
3 10485 10361 10602
3 10188 10303 10830
3 10362 10678 10486
3 10905 10486 10678
3 10247 10681 10140
3 10604 10488 10605
3 10248 10077 10781
3 10553 10682 10605
3 10683 10682 10553
3 10685 10608 10605
3 10605 10682 10685
3 10605 10608 10684
3 10609 10554 10610
3 10609 10494 10686
3 10685 10494 10608
3 10685 10686 10494
3 10556 10610 10687
3 10555 10430 10429
3 10557 10430 10688
3 10496 10611 10687
3 10784 9533 10309
3 10562 10620 10619
3 10500 10742 10618
3 10619 10501 10562
3 10622 10619 10621
3 10619 10622 10501
3 10619 10563 10623
3 10621 10619 10623
3 10693 10619 10620
3 10619 10693 10563
3 10563 10743 10502
3 10503 10789 10691
3 10499 10838 10434
3 10563 10501 10623
3 10623 10501 10622
3 10502 10744 10564
3 10625 10498 10787
3 10503 10691 10195
3 10627 10565 10746
3 10629 10628 10566
3 10257 10695 10630
3 10505 10200 10877
3 10913 9841 10383
3 10878 10385 10749
3 10699 10153 10262
3 10319 10638 10795
3 10386 10880 9893
3 10320 10321 10916
3 10640 10325 10700
3 10959 10752 10324
3 10846 10157 10848
3 10264 10961 10447
3 10204 11220 10799
3 11104 10203 10205
3 10702 10097 10800
3 11136 10388 10267
3 10963 10388 11136
3 10105 10572 11073
3 10451 10519 10882
3 10883 10209 10573
3 10520 10704 10519
3 10886 10208 10881
3 10647 10704 10391
3 9905 10803 10926
3 10576 9973 10804
3 10709 10577 10711
3 10579 10578 10649
3 10579 10710 10712
3 10524 10579 10712
3 10650 10711 10453
3 10712 10651 10524
3 10580 10757 10713
3 10757 10580 10581
3 10759 10757 10581
3 10653 10580 10713
3 10582 10219 10715
3 10811 10715 10400
3 10530 10762 10401
3 10981 10654 10333
3 10811 10400 10716
3 10716 10404 10814
3 10864 10462 10464
3 10584 10816 10405
3 10717 10864 10464
3 10532 10655 10533
3 10584 10718 10765
3 10718 10585 10720
3 10533 10655 10588
3 10655 10722 10588
3 10658 10535 10817
3 10660 10537 10586
3 10468 10721 10467
3 10589 10721 10468
3 10660 10723 10663
3 10417 10587 10287
3 10662 10590 10416
3 10588 10722 10725
3 10345 10663 10724
3 10473 10345 10724
3 10417 10591 10819
3 10667 10664 10544
3 10769 10539 10590
3 10772 10540 10539
3 10771 10595 10666
3 10595 10543 10666
3 10669 10668 10667
3 10669 10667 10670
3 10544 10670 10667
3 10867 10594 10731
3 10597 10729 10546
3 10546 10476 10597
3 10670 10730 10672
3 10672 10669 10670
3 10598 10730 10670
3 10671 10349 10728
3 10730 10598 10821
3 10671 10673 10548
3 10675 10355 10733
3 10734 10676 10356
3 10676 10734 10601
3 10601 10734 10483
3 10483 10734 10735
3 10550 10738 10736
3 10826 10869 10360
3 10903 10602 10549
3 10188 10827 10137
3 10737 10602 10903
3 10303 10360 10869
3 10677 10778 10550
3 10602 10737 10870
3 10678 10602 10870
3 10905 10739 10486
3 10780 10993 10487
3 10994 10427 10906
3 10607 10191 10782
3 10684 10604 10605
3 10604 10684 10606
3 10606 10684 10608
3 10683 10491 10554
3 10682 10683 10685
3 10686 10683 10554
3 10685 10683 10686
3 10610 10554 10607
3 10554 10609 10686
3 10143 10495 10832
3 10687 10610 10783
3 10430 10555 10688
3 10688 10555 10740
3 10740 10555 10611
3 10611 10555 10687
3 10833 10497 10496
3 11205 10249 10997
3 10617 10871 10310
3 10835 10499 10616
3 10690 10373 10691
3 10499 10835 10838
3 10692 10618 10742
3 10692 10561 10618
3 10561 10692 10562
3 10562 10692 10788
3 10372 10873 10786
3 10500 10875 10742
3 10621 10620 10622
3 10620 10562 10622
3 10693 10621 10623
3 10693 10620 10621
3 10563 10693 10743
3 10745 10500 10624
3 10623 10622 10693
3 10744 10790 10564
3 10372 10627 10873
3 10787 10503 10625
3 10787 10789 10503
3 10311 10626 10624
3 10876 10149 10316
3 10382 10018 10842
3 10634 10260 10697
3 10636 10635 11066
3 10318 10635 10636
3 10954 10443 10844
3 10262 10955 10794
3 10957 10918 10445
3 10918 10569 10445
3 11069 10751 10569
3 10959 10324 10446
3 10961 10512 10447
3 11752 10202 8913
3 10097 10514 10800
3 10920 10449 10754
3 10801 10645 10387
3 10881 10208 10450
3 10754 10389 10922
3 10704 10884 10519
3 10210 10886 10851
3 10851 10965 10452
3 10803 10211 10648
3 10576 10707 10213
3 10708 10394 10709
3 10805 10755 10522
3 10755 10523 10522
3 10855 10709 10711
3 10649 10578 10755
3 10710 10649 10806
3 10579 10649 10710
3 10711 10756 10807
3 10711 10650 10756
3 10651 10712 10858
3 10757 10809 10713
3 10810 10653 10713
3 10582 10760 10758
3 10583 10652 10894
3 10714 10532 10651
3 10278 10654 10814
3 10531 10402 10815
3 10408 10897 10936
3 10812 10399 10764
3 10816 10764 10405
3 10338 10719 10412
3 10656 10467 10721
3 10817 10536 10661
3 10817 10661 10818
3 10723 10766 10768
3 10664 10768 10766
3 10768 10664 10667
3 10770 10666 10724
3 10668 10770 10667
3 10597 10542 10593
3 10771 10728 10595
3 10479 10822 10773
3 10730 10732 10672
3 10822 10547 10824
3 10672 10732 10733
3 10675 10733 10901
3 10734 10673 10825
3 10824 10480 10735
3 10776 10775 10599
3 10824 10547 10480
3 10870 10737 10829
3 10425 10680 10780
3 10551 10426 11059
3 11059 10426 10681
3 10994 9824 10427
3 9824 10994 10428
3 10688 10740 10611
3 10558 10612 11298
3 10249 9574 10371
3 10012 10741 10947
3 10560 10947 11092
3 10788 10692 10742
3 10562 10788 10839
3 10743 10622 10562
3 10743 10693 10622
3 10502 10743 10744
3 10744 10840 10790
3 10838 10841 10626
3 10624 10626 10841
3 11062 10018 10694
3 10018 11062 10842
3 10441 10632 10380
3 10506 10505 10792
3 10793 10506 10792
3 10507 10442 11063
3 10747 9841 10913
3 10508 10507 10912
3 10914 10508 10912
3 10319 10795 10698
3 10321 10917 10916
3 10957 10568 11068
3 10958 10959 10446
3 10571 10847 10641
3 10641 10960 10701
3 10848 10031 11267
3 11010 10206 10799
3 10643 10515 11072
3 10389 11014 10922
3 10105 11073 10921
3 11013 10883 10573
3 11136 10267 10646
3 10647 10706 10704
3 10647 10852 10706
3 10804 9973 10926
3 10805 10708 10888
3 10805 10522 10708
3 10805 10649 10755
3 10807 10856 10711
3 10710 10808 10712
3 10757 10889 10809
3 10758 10756 10650
3 10932 10651 10858
3 10857 10757 10759
3 10529 10861 10527
3 10861 10529 10761
3 10811 10716 10896
3 10333 10583 10981
3 10981 10583 10894
3 10897 10401 10762
3 10937 10813 10531
3 10408 10401 10897
3 10654 10981 10814
3 10402 10462 10898
3 10719 10408 10936
3 10409 10408 10719
3 10532 10714 10655
3 10765 10816 10584
3 11150 10718 10720
3 10657 10658 10939
3 10587 11045 10661
3 10721 10589 10767
3 10723 10660 10766
3 10665 10767 10589
3 10587 10417 10819
3 10724 10723 10768
3 10769 10590 10941
3 10770 10724 10768
3 10942 10665 10538
3 10538 10592 10942
3 10768 10667 10770
3 10539 10769 10772
3 10666 10770 10771
3 10596 10866 10770
3 10668 10596 10770
3 10727 10540 10986
3 10540 10772 10986
3 10773 10866 10596
3 10731 10674 10774
3 10674 10775 10774
3 10673 10671 10825
3 10674 10599 10775
3 10824 10735 10825
3 10734 10825 10735
3 10675 10868 10600
3 10738 10902 10736
3 10903 10549 10827
3 10778 10828 10738
3 10303 10869 10830
3 10830 10869 10944
3 11054 10188 10830
3 10678 10870 10831
3 10831 10905 10678
3 11059 10364 10551
3 10247 10995 10681
3 10995 10247 10781
3 10782 10428 10907
3 10832 10495 11373
3 10687 10833 10496
3 10612 9949 11159
3 9949 9878 11159
3 10615 10250 10785
3 10742 10875 10788
3 10837 10836 10746
3 10745 10910 10500
3 10839 10743 10562
3 10790 10837 10565
3 10837 10746 10565
3 10743 10911 10744
3 10624 10841 10745
3 10792 10505 10877
3 10383 10634 11064
3 10635 10508 10914
3 10261 10637 10748
3 10699 10262 10794
3 10795 10638 10750
3 11135 10322 10444
3 11135 10444 10511
3 10640 10700 10847
3 10511 10512 11102
3 9962 10919 10446
3 10571 10640 10847
3 11718 10701 11070
3 11267 10031 10203
3 11220 10265 11071
3 10328 10451 11175
3 9843 10644 11012
3 10518 9843 11012
3 10389 10158 11014
3 10923 10706 10852
3 10853 10270 10707
3 10967 10888 10708
3 10967 10708 10709
3 10805 10854 10649
3 10806 10649 10854
3 10855 10711 10856
3 10806 10808 10710
3 10858 10712 10808
3 10758 10892 10756
3 10758 10760 10859
3 10860 10857 10759
3 10713 10977 10810
3 10714 10932 10933
3 10714 10651 10932
3 10861 10652 10527
3 10715 10859 10760
3 10715 10893 10859
3 10861 10894 10652
3 10934 10653 10810
3 10582 10715 10760
3 10812 10860 10759
3 10530 11140 10762
3 10897 10762 10862
3 10896 10716 10814
3 10815 10937 10531
3 11034 10812 10764
3 10815 10402 10898
3 10462 10864 10898
3 10765 10718 11039
3 10899 10717 10656
3 10899 10656 11038
3 10720 10657 10939
3 10865 10939 10658
3 10817 10865 10658
3 10655 10984 10722
3 11044 10865 10817
3 10984 10725 10722
3 10771 10770 10866
3 10985 10592 10594
3 10773 10820 10866
3 10820 10771 10866
3 10726 10541 10727
3 10820 10773 10822
3 10771 10820 10728
3 10823 10820 10822
3 10823 10728 10820
3 10730 10821 10732
3 10728 10823 10671
3 10821 10900 10732
3 10823 10822 10824
3 10733 10732 10901
3 10671 10823 10825
3 10825 10823 10824
3 10868 10675 10901
3 10600 10868 10777
3 10903 10827 10991
3 10828 10904 10738
3 10903 10829 10737
3 11057 10680 10679
3 11203 10995 10781
3 10607 11244 10610
3 10497 10833 10946
3 10998 10614 10871
3 11345 10499 10690
3 10838 10835 10949
3 10836 10874 10746
3 10910 10875 10500
3 11002 10789 10787
3 10910 10745 10950
3 10840 10837 10790
3 10746 10874 10627
3 10874 10873 10627
3 10841 10950 10745
3 10911 10840 10744
3 10876 10316 10791
3 10149 10876 11006
3 10876 10791 10952
3 11006 10694 10149
3 10630 10695 10791
3 10632 11130 10695
3 10877 10382 10842
3 10843 10258 10696
3 10913 10383 11064
3 10914 10912 10953
3 10915 10637 10636
3 11009 10698 10956
3 10698 11009 10749
3 10750 10699 10879
3 10323 10797 10917
3 10960 10641 10847
3 10205 10096 11104
3 10517 10753 11320
3 10207 10328 11175
3 11014 10158 10207
3 10573 10645 11013
3 10923 10884 10704
3 10923 10704 10706
3 11015 10925 10648
3 10393 10853 10887
3 10927 10576 10804
3 10707 10576 10927
3 10855 10968 10709
3 10891 10808 10806
3 10978 10930 10860
3 10930 10857 10860
3 10859 10892 10758
3 10977 10979 10810
3 10893 10715 10811
3 10762 10895 10862
3 10813 10761 10763
3 10655 10714 10863
3 11034 10764 10816
3 11035 10816 10765
3 10939 11150 10720
3 10656 10721 11038
3 10412 11042 10662
3 10767 10940 10721
3 10587 10819 11045
3 10940 10767 11047
3 10767 10665 11047
3 10942 11047 10665
3 10941 11048 10769
3 10597 10725 11084
3 10592 10985 10942
3 10986 10772 11049
3 10477 10546 11050
3 10477 11050 10821
3 10732 10900 10901
3 10868 10988 10777
3 11052 11086 10777
3 10777 11086 10826
3 10990 10776 10902
3 10902 10776 10736
3 10904 10902 10738
3 10827 10188 11054
3 10945 11054 10830
3 10992 10831 10870
3 11057 10780 10680
3 10603 10552 10993
3 10906 10603 10993
3 10681 10995 11123
3 10607 10782 11244
3 10687 10783 10833
3 11158 10368 10946
3 11159 9878 10370
3 10784 10309 11246
3 10835 10616 10948
3 11126 10690 11094
3 10872 10836 10837
3 10841 10838 10949
3 10909 10837 10840
3 11004 10839 10788
3 10839 10951 10743
3 10911 10743 10951
3 10791 10695 11130
3 10792 10877 11095
3 10633 10793 11096
3 11063 10442 10633
3 10912 10507 11063
3 10914 11066 10635
3 10915 10636 11066
3 10844 10509 10878
3 10748 10637 11099
3 10879 10699 10794
3 10698 10795 10956
3 10386 10796 10880
3 11173 10751 11069
3 11264 10751 11173
3 10958 10446 10919
3 11104 10096 11174
3 11174 10096 10448
3 10513 10643 11072
3 10514 10642 11551
3 10388 10963 10572
3 11175 10451 10882
3 10884 10882 10519
3 10703 10883 10885
3 10648 10705 11015
3 10646 10887 11271
3 11433 11271 10887
3 10965 10852 10452
3 10853 10707 10966
3 11016 10707 10927
3 10805 10888 11017
3 11017 10854 10805
3 10855 10970 10968
3 10855 10856 10973
3 10806 10969 10891
3 10930 10928 10857
3 10856 10807 10929
3 10757 10857 10928
3 10756 10974 10807
3 10808 10891 10858
3 10713 10809 10975
3 10975 10977 10713
3 10810 11025 10934
3 10653 10934 10530
3 11027 10893 10811
3 10762 11140 11029
3 11029 10895 10762
3 10897 10862 10895
3 10935 10761 10813
3 10982 10813 10937
3 10937 10815 10898
3 10936 11032 10719
3 11116 10898 10864
3 10655 10863 10938
3 10717 11118 10864
3 10655 10938 11040
3 11039 10718 11150
3 10984 10655 11040
3 11150 10939 11041
3 10412 10719 11149
3 10721 10940 11038
3 11045 10818 10661
3 10546 10729 11050
3 11051 10731 10774
3 11120 10775 11053
3 10989 11053 10775
3 10777 10988 11052
3 10989 10775 10776
3 10776 10990 10989
3 10943 11154 10826
3 10677 10779 11122
3 10831 10992 10905
3 10779 10364 11059
3 10739 10905 11057
3 11057 10679 10739
3 10428 10994 11339
3 10781 10077 10996
3 10365 10996 10077
3 10369 10368 11158
3 11090 10370 10689
3 11247 10689 10834
3 10613 10784 11204
3 11249 10785 10560
3 10835 10948 10949
3 10871 10617 11206
3 11345 10690 11126
3 10691 10789 10690
3 10949 10950 10841
3 10875 11004 10788
3 10840 10911 10909
3 11062 10694 11007
3 11062 11131 10842
3 10793 10792 11008
3 11096 10793 11008
3 11063 10633 11096
3 10634 10697 11064
3 11100 10750 10879
3 10700 10880 11172
3 11548 10957 11068
3 10960 11070 10701
3 11752 8913 10326
3 11319 10800 10514
3 10449 10920 10850
3 10450 11175 11011
3 11013 10645 11321
3 11431 10518 12027
3 10886 10881 10964
3 10705 10885 11015
3 10924 10923 10852
3 10965 10924 10852
3 10888 10967 11017
3 10968 10967 10709
3 10971 10757 10928
3 10969 10928 10891
3 10809 10889 10972
3 10930 10891 10928
3 10929 10807 10974
3 10930 10978 10891
3 10890 11109 10931
3 10892 10859 10976
3 10858 10891 10932
3 11079 10978 10860
3 11025 10810 10979
3 10714 10933 11026
3 11114 10894 10861
3 10530 10934 11140
3 10714 11026 10863
3 10981 10894 11142
3 11030 10860 11117
3 11117 10860 10812
3 10981 10896 10814
3 10813 10982 10935
3 11034 11117 10812
3 10816 11035 11034
3 10719 11032 11036
3 11037 10719 11036
3 11118 10717 10899
3 10719 11037 11149
3 11192 11044 10817
3 10817 10818 11192
3 10662 11042 10590
3 11083 10941 10590
3 11193 11046 10819
3 11085 10772 10769
3 10729 10597 11084
3 10868 10901 10987
3 10826 11086 10943
3 11201 10904 10828
3 10945 10830 10944
3 10829 10991 11088
3 10829 10903 10991
3 11056 11057 10905
3 11089 10365 10832
3 10612 11159 11125
3 10559 10613 11204
3 11091 10559 11204
3 10741 10908 11343
3 10616 10499 11345
3 11129 10787 10615
3 11061 11000 10872
3 11128 11001 10836
3 10950 10949 10910
3 11061 10872 10909
3 10909 10872 10837
3 11094 10690 10789
3 11003 10910 10949
3 10951 11061 10909
3 11001 10874 10836
3 11129 11002 10787
3 11094 10789 11002
3 11004 10875 11003
3 10951 10909 10911
3 11003 10875 10910
3 11005 10839 11004
3 11005 10951 10839
3 10842 11131 10877
3 11008 10792 11095
3 11261 10878 10749
3 10879 10794 11217
3 10795 10750 11100
3 11067 10568 9960
3 11312 11069 10569
3 10918 11312 10569
3 10960 11316 11070
3 11317 10752 10959
3 10264 11386 10961
3 10752 11317 11071
3 10642 10849 11221
3 11072 10515 11318
3 10801 10517 11320
3 10207 11175 11106
3 11014 10207 11106
3 10644 10802 11359
3 10450 10098 11223
3 10881 11011 10964
3 12027 10518 11012
3 10884 10964 10882
3 11014 11106 11137
3 10886 10964 11074
3 10851 10886 10965
3 10803 10648 10925
3 10966 10707 11016
3 10969 10854 11017
3 10969 10806 10854
3 10928 11019 10971
3 10928 10969 11019
3 10889 10757 10971
3 10970 10855 10973
3 10971 10972 10889
3 10856 10929 10973
3 10975 10809 10972
3 10892 10974 10756
3 10892 10976 10974
3 10891 10978 10932
3 11076 10976 10859
3 10975 10979 10977
3 10932 11023 10933
3 11079 10860 10980
3 10859 11024 11076
3 11024 10859 10893
3 10861 10761 11114
3 11114 11028 10894
3 10934 11025 11140
3 10860 11030 10980
3 10897 10895 11029
3 10811 10896 11027
3 10898 11033 10937
3 11033 10898 11116
3 10412 11149 11042
3 10983 11038 10940
3 11041 10939 10865
3 11044 11043 10865
3 10725 10984 11084
3 11049 10772 11085
3 10727 11194 10726
3 10985 10594 11196
3 11050 10729 11286
3 11196 10594 10867
3 10987 10821 11050
3 10821 10987 10900
3 11051 10867 10731
3 10900 10987 10901
3 10987 11119 10868
3 11119 10988 10868
3 11198 10774 10775
3 11198 10775 11120
3 11154 10869 10826
3 10902 10904 11055
3 10778 11239 11201
3 11201 10828 10778
3 10778 10677 11239
3 11088 10870 10829
3 11056 10905 10992
3 11058 10780 11057
3 10994 10906 11060
3 10428 11339 10907
3 11203 10781 10996
3 10782 10907 11244
3 10996 10365 11089
3 10946 10833 10783
3 11298 10612 11125
3 11246 10309 10369
3 11158 11246 10369
3 10249 10371 11462
3 11462 10371 10998
3 10947 10741 11343
3 10871 11206 10998
3 11249 10560 11092
3 10836 10872 11208
3 11161 10617 10786
3 11129 10615 11250
3 10872 11000 11093
3 10872 11093 11208
3 10836 11208 11128
3 11061 10999 11000
3 10873 11127 10786
3 11004 10999 11061
3 11004 11003 10999
3 10951 11005 11061
3 11005 11004 11061
3 10791 11130 11213
3 11064 11098 10913
3 10953 11065 10914
3 10914 11065 11066
3 11064 10697 11307
3 10637 10915 11170
3 10955 10748 11099
3 10794 11262 11217
3 11009 10956 11134
3 11100 10879 11218
3 10956 10795 11134
3 10639 10030 11784
3 11219 10030 10510
3 10322 11311 11067
3 11313 10700 11172
3 10847 10700 11101
3 10960 10847 11101
3 11385 10958 10919
3 11481 10959 10958
3 11387 11105 10516
3 11358 10850 10920
3 10881 10450 11011
3 11106 11175 11430
3 10645 10801 11321
3 10098 11431 11223
3 10964 11011 10882
3 11013 11269 10883
3 10884 11074 10964
3 10884 10923 11074
3 10886 11074 10965
3 10924 11074 10923
3 10924 10965 11074
3 10968 11018 10967
3 11019 11017 11018
3 11019 10969 11017
3 10970 11018 10968
3 10970 11020 11018
3 10971 11019 11020
3 10972 10971 11020
3 10973 11020 10970
3 10929 11020 10973
3 10972 11020 10975
3 11020 10929 11021
3 11020 11021 10975
3 10974 11021 10929
3 11021 10974 10976
3 11107 10890 10931
3 11080 10975 11021
3 11021 10976 11080
3 11080 10976 11078
3 11075 11107 10931
3 11078 10976 11076
3 11022 10978 11079
3 10932 10978 11022
3 10975 11080 10979
3 11023 10932 11022
3 11080 11139 10979
3 11023 11081 10933
3 10933 11081 11026
3 11027 11112 10893
3 11142 10894 11028
3 11227 10761 10935
3 10896 11142 11027
3 11031 10897 11029
3 10981 11142 10896
3 10897 11031 10936
3 11031 11032 10936
3 10863 11026 10938
3 11040 10938 11231
3 11190 11035 10765
3 11192 10818 11045
3 10940 11151 10983
3 11048 11085 10769
3 11194 10819 10591
3 11084 11285 10729
3 10986 11195 10727
3 11409 11196 10867
3 11409 10867 11051
3 11197 11051 10774
3 11197 10774 11198
3 11153 10990 10902
3 11155 11055 10904
3 10992 10870 11088
3 11058 11057 11241
3 10780 11202 10993
3 10993 11060 10906
3 11243 11059 10681
3 10610 11244 11124
3 11158 10946 11245
3 11090 10689 11247
3 10908 10559 11091
3 10785 11207 10615
3 10615 11207 11250
3 11003 10949 10999
3 10873 10874 11127
3 10874 11001 11127
3 11006 10876 11212
3 11007 10694 11006
3 11095 10877 11131
3 10912 11063 11097
3 10953 10912 11097
3 10697 10443 11307
3 11170 11099 10637
3 10955 11099 11216
3 11219 11784 10030
3 11219 10510 10845
3 10320 11383 10845
3 11384 10918 10957
3 11102 10512 10961
3 11265 10570 10846
3 11316 10960 11103
3 10849 11010 11221
3 10514 11551 11319
3 10327 10702 11355
3 10516 10850 11356
3 10327 11355 11357
3 10753 10327 11357
3 10801 11268 11321
3 11554 10927 10804
3 10967 11018 11017
3 11020 11019 11018
3 11178 11109 10890
3 11107 11178 10890
3 11022 11077 11075
3 11109 11108 10931
3 11075 10931 11108
3 11108 11023 11022
3 11108 11022 11075
3 10980 11110 11079
3 11076 11024 11078
3 11078 11024 11082
3 11080 11078 11082
3 11139 11025 10979
3 11184 11082 11024
3 11082 11111 11080
3 11112 11184 11024
3 11112 11024 10893
3 11114 10761 11227
3 11227 10935 11279
3 10980 11030 11229
3 11229 11030 11115
3 10982 11144 10935
3 10982 11145 11144
3 11115 11030 11117
3 10938 11026 11143
3 11148 11117 11034
3 11035 11190 11034
3 11039 11190 10765
3 11041 10865 11043
3 11283 10941 11083
3 11046 11045 10819
3 10940 11047 11151
3 11283 11048 10941
3 10729 11285 11286
3 11287 11195 10986
3 10727 11195 11235
3 11120 11053 11121
3 11053 10989 11153
3 10990 11153 10989
3 11054 10945 11238
3 11200 10904 11201
3 11238 10945 11087
3 11122 11239 10677
3 11087 10945 10944
3 10991 11294 11088
3 11088 11056 10992
3 10779 11059 11156
3 10495 10558 11297
3 10947 11344 11092
3 10948 10616 11345
3 10785 11249 11207
3 10999 10949 10948
3 11161 11206 10617
3 11161 10786 11127
3 11127 11001 11128
3 11212 10876 10952
3 11007 11006 11251
3 11213 10952 10791
3 11130 10632 10441
3 11095 11252 11008
3 11096 11008 11304
3 10696 10747 11629
3 11065 10953 11169
3 11169 11308 11065
3 10915 11066 11133
3 10915 11133 11170
3 11262 10794 10955
3 10749 11009 11261
3 11218 10879 11217
3 11134 10795 11100
3 11383 11171 10845
3 11479 10320 10916
3 11311 10322 11135
3 10797 11601 10917
3 11263 11135 11102
3 11135 10511 11102
3 11313 11101 10700
3 10961 11354 11314
3 11267 10203 11104
3 10799 11220 11550
3 10642 11221 11551
3 10962 10513 11072
3 11176 10754 10922
3 11176 10922 11014
3 10572 10963 11136
3 11015 11432 11486
3 10926 10803 11322
3 11107 11075 11077
3 11138 11077 11022
3 11079 11138 11022
3 11181 11081 11023
3 11111 11139 11080
3 11110 10980 11229
3 11183 11143 11081
3 11142 11028 11113
3 11081 11143 11026
3 11113 11027 11142
3 10935 11144 11279
3 11032 11031 11186
3 11188 11115 11117
3 10938 11143 11231
3 11033 11116 11189
3 10864 11118 11116
3 11148 11034 11190
3 11040 11231 11232
3 10899 11038 11400
3 11041 11234 11150
3 11041 11043 11234
3 10590 11042 11083
3 11044 11284 11043
3 11192 11045 11046
3 11193 10819 11194
3 11334 10942 10985
3 10591 10726 11194
3 11194 10727 11235
3 10988 11119 11288
3 11052 10988 11152
3 11237 11120 11121
3 11153 11121 11053
3 11335 10943 11086
3 11153 10902 11055
3 11055 11199 11153
3 10991 10827 11054
3 11200 11155 10904
3 11337 11087 10944
3 11202 10780 11058
3 11060 10993 11242
3 11244 10907 11339
3 11297 10558 11298
3 10784 11160 11204
3 10997 10249 11462
3 11344 10947 11343
3 11000 10948 11248
3 11206 11161 11581
3 10999 10948 11000
3 11210 11094 11002
3 10441 10843 11628
3 11097 11063 11096
3 11169 10953 11097
3 11307 10443 10954
3 10954 10844 11351
3 10844 10878 11310
3 11171 11219 10845
3 11383 10320 11479
3 11479 10916 11428
3 11384 11312 10918
3 11069 11312 11173
3 10960 11101 11103
3 11317 10959 11719
3 11641 11318 10515
3 11357 11320 10753
3 11268 10801 11320
3 11358 10920 10754
3 11175 10450 11223
3 11175 10882 11011
3 11014 11137 11176
3 11136 10646 11271
3 11015 11177 10925
3 11433 10887 10853
3 10803 10925 11322
3 10926 11322 10804
3 11107 11108 11178
3 11077 11108 11107
3 11108 11077 11179
3 11180 11108 11109
3 11138 11108 11179
3 11023 11108 11138
3 11181 11183 11081
3 11082 11228 11111
3 11082 11184 11141
3 11025 11139 11140
3 11113 11028 11114
3 11113 11112 11027
3 11139 11228 11140
3 11140 11185 11029
3 11029 11185 11031
3 11031 11185 11186
3 10982 11187 11145
3 11187 10982 10937
3 11036 11032 11146
3 11037 11036 11146
3 11117 11148 11147
3 11118 10899 11400
3 11149 11401 11042
3 11040 11232 11281
3 11191 11190 11039
3 10984 11040 11281
3 11043 11284 11367
3 11407 11047 10942
3 11049 11085 11333
3 11049 11287 10986
3 11235 11195 11369
3 10987 11050 11236
3 10987 11236 11119
3 11238 11293 11054
3 11054 11293 10991
3 11293 11294 10991
3 11337 10944 10869
3 11122 10779 11156
3 11157 11056 11088
3 11056 11157 11057
3 11057 11157 11241
3 11241 11202 11058
3 11156 11059 11768
3 10681 11338 11243
3 10681 11123 11338
3 10783 10610 11124
3 11245 10946 10783
3 10834 11299 11247
3 11204 11160 11341
3 11343 10908 11091
3 11462 10998 11206
3 11345 11126 11346
3 11093 11000 11347
3 11126 11094 11420
3 11301 11126 11420
3 11209 11127 11128
3 11062 11007 11251
3 11252 11095 11303
3 11214 11162 11163
3 11164 11132 11163
3 11132 11164 11165
3 11165 11166 11132
3 11169 11097 11167
3 10955 11216 11262
3 10796 11599 10880
3 10797 10798 11549
3 11603 10570 11265
3 11266 10202 11752
3 11483 10848 11267
3 11010 10799 11550
3 10448 11222 11485
3 10448 10962 11222
3 11387 10516 11356
3 10850 11358 11356
3 11358 10754 11176
3 10802 10921 11359
3 11270 11136 11271
3 10883 11269 11388
3 10927 11360 11016
3 11178 11225 11109
3 11180 11178 11108
3 11180 11109 11225
3 11138 11179 11077
3 11226 11138 11079
3 11138 11181 11023
3 11226 11079 11110
3 11110 11229 11182
3 11139 11111 11228
3 11227 11113 11114
3 11141 11184 11277
3 11184 11112 11227
3 11227 11112 11113
3 11228 11185 11140
3 11230 11229 11115
3 11230 11115 11188
3 11186 11327 11032
3 11280 10937 11033
3 11280 11033 11189
3 11188 11117 11147
3 11116 11118 11280
3 11147 11148 11233
3 11118 11400 11280
3 11190 11233 11148
3 11233 11190 11191
3 11191 11039 11150
3 11150 11234 11282
3 11330 11233 11191
3 11367 11234 11043
3 11192 11284 11044
3 11285 11084 11332
3 11407 10942 11334
3 11196 11334 10985
3 11334 11196 11453
3 11050 11286 11236
3 11197 11409 11051
3 10988 11288 11152
3 11289 11198 11120
3 11153 11290 11121
3 10943 11335 11154
3 11199 11055 11155
3 11336 11238 11087
3 11336 11087 11337
3 11337 10869 11372
3 11202 11242 10993
3 11295 11060 11242
3 11413 10995 11203
3 11089 10832 11373
3 11374 11245 10783
3 11340 11159 10370
3 11340 10370 11090
3 10784 11246 11160
3 11210 11002 11129
3 11211 11094 11210
3 11062 11302 11131
3 11252 11304 11008
3 11097 11096 11253
3 11214 11255 11162
3 11163 11257 11214
3 11253 11254 11168
3 11167 11097 11253
3 11256 11132 11166
3 11254 11256 11166
3 11168 11254 11166
3 11132 11257 11163
3 11306 11164 11163
3 11306 11163 11162
3 11167 11253 11168
3 11306 11165 11164
3 11168 11166 11258
3 11166 11165 11258
3 11259 11168 11258
3 11168 11259 11260
3 11169 11167 11260
3 11472 11308 11169
3 11066 11065 11308
3 11170 11215 11099
3 11099 11215 11381
3 11216 11099 11381
3 11261 11310 10878
3 11261 11009 11352
3 11599 11172 10880
3 11429 11384 10957
3 10957 11548 11429
3 11264 11173 11480
3 10570 11603 11638
3 11314 11102 10961
3 11386 11354 10961
3 11267 11104 11721
3 11485 11174 10448
3 11670 10702 10800
3 11641 10515 11105
3 11359 10921 11903
3 11073 10572 11136
3 10885 10883 11388
3 11322 11554 10804
3 11178 11272 11225
3 11178 11180 11224
3 11272 11178 11224
3 11180 11225 11224
3 11110 11362 11226
3 11362 11110 11182
3 11181 11276 11183
3 11277 11184 11227
3 11364 11082 11141
3 11438 11141 11277
3 11185 11393 11186
3 11365 11144 11145
3 11032 11327 11146
3 11280 11187 10937
3 11280 11189 11116
3 11149 11037 11445
3 11281 11232 11329
3 10983 11400 11038
3 11083 11042 11403
3 11191 11150 11282
3 11084 10984 11281
3 11084 11281 11404
3 11330 11191 11331
3 11332 11084 11404
3 11284 11192 11513
3 11283 11368 11048
3 11368 11333 11085
3 11333 11287 11049
3 11236 11408 11119
3 11119 11408 11288
3 11237 11289 11120
3 11199 11290 11153
3 11200 11291 11155
3 11292 11200 11201
3 10869 11154 11372
3 11294 11240 11088
3 11412 11088 11240
3 11412 11157 11088
3 11059 11243 11768
3 11242 11202 11458
3 11458 11295 11242
3 11296 11060 11295
3 10994 11060 11296
3 11123 10995 11338
3 11339 10994 11296
3 11124 11374 10783
3 11373 10495 11297
3 11125 11159 11523
3 11462 11206 11659
3 11248 10948 11345
3 11581 11530 11206
3 11000 11248 11347
3 11346 11126 11301
3 11420 11094 11211
3 11161 11127 11419
3 11006 11212 11251
3 11302 11062 11251
3 11095 11131 11303
3 10843 10696 11628
3 11096 11587 11253
3 11305 11162 11255
3 11257 11132 11256
3 11167 11168 11260
3 11379 11098 11064
3 11169 11260 11472
3 11351 10844 11310
3 11134 11100 11353
3 11311 11637 11067
3 11601 10916 10917
3 11549 10798 11638
3 11638 10798 10570
3 10919 11264 11385
3 11103 11315 11316
3 10846 10848 11483
3 11071 11317 11484
3 11012 10644 11359
3 11137 11828 11176
3 11432 11015 10885
3 10966 11016 11605
3 11360 10927 11554
3 11273 11323 11272
3 11224 11273 11272
3 11272 11323 11274
3 11225 11272 11275
3 11272 11274 11275
3 11224 11225 11273
3 11273 11225 11275
3 11279 11278 11227
3 11277 11227 11278
3 11185 11228 11364
3 11187 11365 11145
3 11328 11232 11231
3 11397 11188 11147
3 11442 11037 11146
3 11037 11442 11500
3 11328 11329 11232
3 11404 11281 11329
3 11402 11233 11330
3 10983 11151 11449
3 11331 11191 11282
3 11282 11234 11367
3 11151 11047 11449
3 11368 11085 11048
3 11407 11565 11047
3 11451 11194 11235
3 11452 11195 11287
3 11195 11452 11369
3 11290 11237 11121
3 11199 11155 11370
3 11370 11155 11291
3 11291 11200 11292
3 11292 11201 11239
3 11371 11239 11122
3 11240 11294 11616
3 11412 11241 11157
3 11412 11202 11241
3 11246 11158 11459
3 11298 11125 11523
3 11247 11340 11090
3 11160 11415 11341
3 11341 11375 11204
3 11659 11206 11530
3 11347 11300 11376
3 11300 11347 11248
3 11418 11249 11092
3 11418 11092 11344
3 11463 11208 11093
3 11377 11421 11208
3 11250 11422 11129
3 11208 11421 11128
3 11128 11421 11209
3 11127 11209 11419
3 11210 11129 11422
3 11131 11302 11303
3 11130 10441 11627
3 11628 11627 10441
3 10696 11629 11628
3 11096 11304 11587
3 11629 10747 11350
3 11305 11255 11349
3 11378 11162 11305
3 10747 10913 11350
3 11306 11425 11165
3 11260 11259 11541
3 11472 11260 11541
3 11379 11064 11307
3 10954 11351 11307
3 11170 11133 11309
3 11215 11170 11475
3 11477 11262 11216
3 11134 11352 11009
3 11711 11548 11068
3 11602 11101 11313
3 11721 11104 11640
3 11670 10800 11319
3 10702 11670 11355
3 11552 11268 11320
3 11269 11013 11321
3 11073 11136 11829
3 11137 11106 11604
3 11389 11270 11271
3 11177 11015 11486
3 11325 11324 11323
3 11324 11274 11323
3 11323 11273 11275
3 11326 11323 11275
3 11325 11323 11326
3 11275 11274 11326
3 11326 11274 11324
3 11363 11138 11226
3 11363 11181 11138
3 11181 11363 11276
3 11143 11183 11276
3 11364 11228 11082
3 11391 11277 11278
3 11437 11393 11185
3 11437 11185 11364
3 11438 11277 11436
3 11394 11364 11141
3 11141 11438 11394
3 11327 11186 11393
3 11393 11493 11327
3 11366 11365 11187
3 11392 11188 11397
3 11441 11187 11280
3 11441 11366 11187
3 11037 11500 11445
3 11397 11147 11233
3 11398 11149 11445
3 11083 11403 11283
3 11406 11331 11282
3 11406 11282 11367
3 11513 11192 11450
3 11286 11408 11236
3 11196 11409 11453
3 11288 11515 11152
3 11455 11614 11197
3 11455 11197 11198
3 11198 11456 11455
3 11410 11198 11289
3 11052 11152 11679
3 11411 11289 11237
3 11290 11199 11569
3 11569 11199 11370
3 11335 11734 11154
3 11154 11734 11372
3 11521 11295 11458
3 11413 11570 10995
3 11124 11244 11655
3 11620 11159 11340
3 11341 11415 11571
3 10834 11205 11299
3 11343 11091 11204
3 11375 11343 11204
3 11417 11342 11300
3 11300 11342 11376
3 11248 11417 11300
3 11463 11377 11208
3 11582 11581 11161
3 11209 11421 11419
3 11420 11211 11422
3 11211 11210 11422
3 11587 11304 11532
3 11214 11349 11255
3 11471 11257 11256
3 11378 11305 11348
3 11165 11425 11258
3 11541 11259 11540
3 11309 11133 11066
3 11066 11308 11309
3 11380 11170 11309
3 11475 11170 11380
3 11477 11216 11382
3 11310 11261 11352
3 11217 11262 11477
3 11217 11477 11218
3 11134 11427 11352
3 11100 11218 11353
3 11171 11383 11219
3 11637 11710 11067
3 11601 11428 10916
3 11312 11384 11600
3 11101 11602 11103
3 11481 10958 11385
3 11719 10959 11481
3 11483 11265 10846
3 11104 11174 11640
3 11010 11550 11787
3 11641 11105 11827
3 10925 11177 11553
3 11433 10853 10966
3 11361 11324 11325
3 11361 11325 11326
3 11324 11361 11326
3 11362 11363 11226
3 11182 11229 11555
3 11362 11182 11555
3 11231 11143 11276
3 11278 11279 11391
3 11144 11391 11279
3 11392 11229 11230
3 11493 11146 11327
3 11444 11280 11400
3 11149 11398 11401
3 10983 11507 11505
3 11507 10983 11449
3 11729 11283 11403
3 11449 11047 11565
3 11192 11046 11511
3 11511 11046 11193
3 11566 11287 11333
3 11512 11288 11408
3 11512 11515 11288
3 11197 11614 11409
3 11289 11516 11410
3 11517 11237 11290
3 11518 11370 11291
3 11519 11518 11291
3 11519 11291 11292
3 11293 11238 11336
3 11616 11294 11293
3 11371 11122 11768
3 11522 11339 11296
3 10996 11684 11203
3 11160 11246 11414
3 11416 11375 11341
3 11376 11342 11526
3 11342 11574 11526
3 11342 11417 11461
3 11624 11462 11659
3 11345 11417 11248
3 11249 11418 11464
3 11093 11347 11463
3 11531 11250 11207
3 11420 11346 11301
3 11377 11463 11740
3 11250 11531 11422
3 11582 11161 11419
3 11251 11212 11423
3 11423 10952 11213
3 11304 11252 11586
3 11587 11254 11253
3 11467 11254 11587
3 11467 11256 11254
3 11348 11349 11424
3 11256 11467 11471
3 11424 11470 11348
3 11305 11349 11348
3 11349 11214 11471
3 11257 11471 11214
3 11540 11259 11258
3 11258 11539 11540
3 11351 11379 11307
3 11542 11309 11308
3 11542 11380 11309
3 11351 11310 11476
3 11215 11544 11381
3 11382 11216 11381
3 11353 11427 11134
3 11711 11068 10568
3 11712 11311 11135
3 11315 11482 11316
3 11752 10326 12387
3 10885 11388 11432
3 11433 10966 11434
3 11322 10925 11390
3 11434 10966 11605
3 11435 11276 11363
3 11231 11276 11489
3 11392 11556 11229
3 11277 11391 11436
3 11364 11394 11491
3 11437 11493 11393
3 11392 11230 11188
3 11328 11231 11395
3 11146 11493 11396
3 11395 11446 11328
3 11442 11146 11396
3 11444 11441 11280
3 11445 11500 11562
3 11329 11328 11446
3 11402 11397 11233
3 11397 11402 11447
3 11504 11329 11446
3 11329 11504 11404
3 11403 11042 11401
3 11402 11330 11405
3 11447 11405 11508
3 11447 11402 11405
3 11506 11332 11404
3 11330 11331 11405
3 11367 11284 11513
3 11450 11192 11511
3 11611 11194 11451
3 11152 11515 11568
3 11456 11198 11454
3 11454 11198 11410
3 11411 11516 11289
3 11052 11679 11086
3 11292 11457 11519
3 11457 11292 11239
3 11371 11457 11239
3 11336 11520 11293
3 11122 11156 11768
3 11338 10995 11570
3 11684 10996 11089
3 11247 11299 11623
3 11571 11524 11341
3 10997 11572 11205
3 11342 11461 11460
3 11574 11342 11460
3 11577 11347 11376
3 11580 11345 11346
3 11463 11347 11577
3 11249 11465 11207
3 11207 11465 11531
3 11423 11212 10952
3 11691 11423 11213
3 11251 11423 11584
3 11302 11251 11585
3 11584 11585 11251
3 11130 11626 11213
3 11302 11585 11466
3 11626 11130 11627
3 11302 11466 11303
3 11304 11586 11532
3 11587 11630 11467
3 11424 11468 11470
3 11591 11162 11378
3 11162 11591 11306
3 11306 11591 11425
3 11350 10913 11538
3 11258 11425 11426
3 11258 11426 11539
3 11538 10913 11098
3 11538 11098 11379
3 11380 11542 11473
3 11476 11543 11351
3 11544 11215 11475
3 11476 11310 11546
3 11546 11310 11352
3 11598 11352 11427
3 11353 11218 11478
3 11894 10639 11784
3 10796 10639 11894
3 10568 11067 11711
3 11712 11135 11263
3 12080 11385 11264
3 11315 11103 11482
3 11316 11718 11070
3 12386 10326 11718
3 11551 11221 11669
3 10962 11072 11318
3 11356 11788 11387
3 11604 11106 11430
3 12027 11012 11754
3 11136 11270 11829
3 11390 10925 11553
3 11016 11360 11605
3 11487 11363 11362
3 11435 11363 11487
3 11435 11488 11276
3 11488 11489 11276
3 11556 11555 11229
3 11437 11364 11491
3 11559 11438 11436
3 11397 11556 11392
3 11144 11365 11391
3 11394 11438 11563
3 11502 11395 11490
3 11396 11493 11439
3 11440 11396 11439
3 11495 11396 11440
3 11502 11446 11395
3 11396 11495 11442
3 11442 11495 11498
3 11442 11498 11499
3 11442 11499 11443
3 11442 11443 11500
3 11502 11558 11399
3 11447 11644 11397
3 11558 11644 11447
3 11399 11558 11447
3 11399 11447 11508
3 11502 11448 11564
3 11502 11399 11448
3 11400 10983 11505
3 11399 11508 11448
3 11506 11728 11286
3 11286 11332 11506
3 11285 11332 11286
3 11509 11368 11283
3 11286 11510 11408
3 11367 11513 11406
3 11512 11408 11510
3 11368 11566 11333
3 11514 11513 11450
3 11611 11193 11194
3 11651 11454 11410
3 11652 11411 11517
3 11517 11411 11237
3 11086 11679 11733
3 11337 11520 11336
3 11682 11521 11458
3 11338 11768 11243
3 11374 11124 11655
3 11245 11656 11459
3 11158 11245 11459
3 11523 11159 11620
3 11340 11247 11621
3 11622 11247 11623
3 11341 11524 11416
3 11375 11416 11625
3 11572 10997 11462
3 11343 11375 11528
3 11526 11527 11376
3 11461 11417 11580
3 11528 11344 11343
3 11418 11344 11528
3 11249 11464 11465
3 11660 11377 11740
3 11420 11422 11583
3 11466 11252 11303
3 11471 11467 11589
3 11590 11424 11349
3 11426 11592 11539
3 11593 11379 11543
3 11542 11308 11472
3 11543 11379 11351
3 11380 11474 11475
3 11382 11381 11544
3 11382 11545 11477
3 11352 11598 11546
3 11478 11218 11477
3 11478 11547 11353
3 11172 11599 11313
3 11480 11173 11714
3 11639 11314 11354
3 11786 11354 11386
3 12002 11317 11719
3 11220 11071 11484
3 11220 11484 11550
3 11221 11010 11787
3 11319 11551 11966
3 11271 11671 11389
3 11671 11271 11834
3 11834 11271 11433
3 11362 11555 11487
3 11231 11489 11395
3 11490 11395 11489
3 11397 11644 11556
3 11436 11391 11557
3 11491 11493 11437
3 11493 11492 11606
3 11439 11495 11494
3 11606 11439 11494
3 11439 11606 11492
3 11495 11440 11494
3 11440 11492 11494
3 11492 11440 11439
3 11492 11491 11494
3 11496 11494 11491
3 11441 11365 11366
3 11502 11490 11558
3 11495 11493 11496
3 11493 11495 11439
3 11492 11493 11491
3 11607 11496 11491
3 11560 11496 11607
3 11560 11498 11495
3 11500 11499 11498
3 11443 11497 11501
3 11500 11443 11501
3 11561 11443 11499
3 11443 11561 11497
3 11645 11497 11560
3 11501 11561 11499
3 11500 11501 11499
3 11564 11446 11502
3 11444 11400 11646
3 11503 11401 11398
3 11505 11646 11400
3 11401 11647 11403
3 11404 11504 11506
3 11609 11505 11507
3 11729 11403 11727
3 11510 11286 11728
3 11331 11406 11567
3 11567 11406 11513
3 11566 11452 11287
3 11796 11334 11453
3 11677 11679 11152
3 11516 11411 11652
3 11569 11370 11615
3 11335 11803 11734
3 11293 11520 11616
3 11847 11768 11338
3 11655 11244 11339
3 11246 11459 11656
3 11414 11246 11685
3 11299 11686 11623
3 11299 11205 11572
3 11524 11525 11416
3 11525 11529 11416
3 11460 11461 11573
3 11529 11525 11576
3 11525 11575 11576
3 11624 11572 11462
3 11577 11376 11527
3 11580 11417 11345
3 11528 11579 11418
3 11579 11464 11418
3 11465 11464 11579
3 11578 11465 11579
3 11531 11465 11578
3 11580 11346 11420
3 11661 11421 11377
3 11661 11419 11421
3 11691 11213 11626
3 11252 11466 11586
3 11589 11467 11630
3 11534 11533 11535
3 11590 11468 11424
3 11468 11534 11469
3 11469 11534 11537
3 11469 11470 11468
3 11534 11535 11537
3 11471 11589 11349
3 11590 11349 11589
3 11698 11378 11348
3 11350 11538 11815
3 11631 11426 11425
3 11426 11631 11592
3 11538 11379 11593
3 11595 11593 11543
3 11473 11634 11380
3 11474 11634 11594
3 11474 11594 11596
3 11474 11596 11475
3 11382 11544 11545
3 11353 11547 11427
3 11709 11219 11383
3 11479 11709 11383
3 10796 11894 11599
3 11710 11711 11067
3 11173 11312 11714
3 11601 10797 11549
3 11385 11898 11481
3 11102 11314 11715
3 11314 11639 11874
3 11717 11786 11386
3 11753 11483 11267
3 11722 11485 11222
3 10962 11318 11222
3 11319 11966 11930
3 11826 11318 11641
3 11827 11105 11387
3 11430 11175 11604
3 11755 11486 11432
3 11553 11642 11390
3 11360 11672 11605
3 11672 11360 11554
3 11488 11435 11643
3 11435 11487 11643
3 11555 11643 11487
3 11488 11490 11489
3 11365 11756 11391
3 11496 11606 11494
3 11493 11606 11496
3 11496 11560 11495
3 11491 11394 11607
3 11498 11560 11561
3 11497 11561 11560
3 11645 11501 11497
3 11498 11561 11500
3 11501 11562 11561
3 11561 11562 11500
3 11645 11562 11501
3 11646 11441 11444
3 11645 11608 11445
3 11445 11503 11398
3 11608 11503 11445
3 11503 11647 11401
3 11449 11609 11507
3 11648 11449 11565
3 11515 11512 11510
3 11514 11450 11762
3 11675 11565 11407
3 11676 11450 11511
3 11650 11331 11567
3 11405 11331 11650
3 11451 11235 11612
3 11369 11452 11613
3 11798 11409 11614
3 11678 11456 11454
3 11651 11678 11454
3 11615 11370 11518
3 11569 11517 11290
3 11372 11734 11680
3 11653 11457 11371
3 11681 11520 11337
3 11202 11617 11458
3 11458 11617 11618
3 11618 11682 11458
3 11296 11770 11522
3 11339 11522 11950
3 11413 11203 11683
3 11374 11655 12047
3 11245 11848 11656
3 11160 11414 11415
3 11524 11571 11773
3 11525 11657 11575
3 11460 11918 11574
3 11625 11528 11375
3 11625 11416 11529
3 11580 11573 11461
3 11529 11576 11578
3 11577 11687 11463
3 11862 11422 11531
3 11583 11690 11420
3 11535 11533 11662
3 11533 11534 11588
3 11468 11590 11534
3 11469 11663 11470
3 11470 11664 11348
3 11664 11698 11348
3 11591 11378 11698
3 11425 11591 11631
3 11592 11665 11539
3 11540 11539 11633
3 11542 11541 11540
3 11702 11632 11593
3 11472 11541 11542
3 11473 11542 11634
3 11474 11380 11634
3 11594 11634 11667
3 11597 11475 11596
3 11595 11543 11476
3 11475 11597 11544
3 11597 11596 11545
3 11545 11544 11597
3 11598 11476 11546
3 11477 11545 11478
3 11598 11427 11547
3 11637 11311 11712
3 11480 12080 11264
3 11103 11602 11482
3 11314 11874 11715
3 11639 11354 11786
3 11720 11267 11721
3 11356 11358 11788
3 11358 11176 11828
3 11269 11321 11971
3 11971 11388 11269
3 11829 11270 11831
3 11643 11644 11488
3 11643 11555 11556
3 11488 11644 11490
3 11643 11556 11644
3 11490 11644 11558
3 11391 11756 11557
3 11645 11560 11607
3 11365 11441 11756
3 11725 11607 11563
3 11645 11445 11562
3 11564 11504 11446
3 11505 11674 11646
3 11610 11564 11448
3 11509 11283 11729
3 11610 11448 11508
3 11510 11791 11515
3 11368 11794 11566
3 11511 11193 11611
3 11515 11791 11568
3 11612 11611 11451
3 11612 11235 11369
3 11651 11410 11516
3 11652 11651 11516
3 11456 11732 11455
3 11732 11456 11678
3 11518 11883 11615
3 11803 11335 11086
3 11616 11520 11681
3 11372 11735 11337
3 11412 11617 11202
3 11847 11338 11619
3 11770 11296 11295
3 11373 11297 11807
3 11245 11374 11848
3 11849 11298 11523
3 11246 11656 11685
3 11620 11340 11850
3 11415 11414 11736
3 11621 11247 11622
3 11773 11525 11524
3 11575 11739 11576
3 11527 11687 11577
3 11579 11528 11625
3 11658 11573 11580
3 11579 11625 11578
3 11578 11625 11529
3 11740 11463 11687
3 11531 11578 11576
3 11580 11420 11689
3 11690 11689 11420
3 11422 11862 11583
3 11377 11660 11661
3 11584 11423 11691
3 11466 11585 11694
3 11532 11586 11695
3 11532 11695 11587
3 11587 11695 11696
3 11630 11587 11696
3 11533 11588 11662
3 11534 11590 11588
3 11535 11662 11697
3 11697 11536 11535
3 11537 11535 11536
3 11663 11537 11536
3 11537 11663 11469
3 11815 11538 11699
3 11591 11698 11631
3 11592 11700 11665
3 11538 11593 11632
3 11665 11633 11539
3 11542 11540 11634
3 11540 11633 11634
3 11667 11634 11633
3 11667 11749 11594
3 11703 11594 11749
3 11595 11636 11593
3 11703 11596 11594
3 11706 11635 11636
3 11707 11636 11595
3 11595 11476 11707
3 11707 11476 11598
3 11478 11708 11547
3 11545 11708 11478
3 11821 11219 11709
3 11711 11751 11548
3 11713 11384 11429
3 11602 11313 11896
3 11312 11600 11714
3 11263 11102 11715
3 11317 12002 11484
3 11825 11222 11318
3 11971 11934 11388
3 11389 11671 11831
3 11563 11438 11723
3 11723 11438 11559
3 11394 11563 11607
3 11503 11608 11724
3 11647 11503 11724
3 11727 11403 11647
3 11504 11728 11506
3 11673 11610 11759
3 11609 11674 11505
3 11730 11609 11449
3 11649 11610 11508
3 11334 11675 11407
3 11508 11405 11650
3 11566 11613 11452
3 11152 11568 11677
3 11614 11912 11798
3 11517 11569 11652
3 11883 11518 11519
3 11372 11680 11735
3 11653 11371 11768
3 11412 11240 11654
3 11240 11616 11654
3 11654 11617 11412
3 11846 11618 11617
3 11521 11682 11769
3 11619 11338 11570
3 11203 11684 11683
3 11298 11849 11297
3 11850 11340 11621
3 11737 11622 11623
3 11299 11572 11686
3 11773 11657 11525
3 11575 11657 11738
3 11855 11527 11526
3 11855 11687 11527
3 11530 11774 11659
3 11576 11739 11688
3 11688 11531 11576
3 11581 11861 11775
3 11688 11862 11531
3 11585 11584 11814
3 11694 11585 11693
3 11627 11692 11626
3 11466 11694 11586
3 11586 11694 11695
3 11588 11630 11741
3 11630 11588 11590
3 11589 11630 11590
3 11629 11350 11815
3 11470 11663 11743
3 11699 11538 11632
3 11700 11592 11631
3 11633 11666 11667
3 11748 11747 11668
3 11668 11747 11701
3 11702 11593 11636
3 11750 11702 11636
3 11635 11750 11636
3 11704 11635 11706
3 11596 11703 11705
3 11706 11636 11707
3 11545 11596 11705
3 11708 11707 11598
3 11708 11545 11705
3 11547 11708 11598
3 11751 11429 11548
3 11599 11871 11313
3 11712 11263 11872
3 11601 11549 11897
3 11898 11385 12080
3 11716 11482 11602
3 11787 11550 11927
3 11640 11485 11722
3 11357 11355 11899
3 11223 11431 12061
3 11830 11137 11604
3 11830 11828 11137
3 11270 11389 11831
3 11177 11486 11833
3 11833 11642 11553
3 11554 11322 11936
3 11559 11436 11557
3 11723 11559 11836
3 11725 11645 11607
3 11645 11725 11608
3 11608 11725 11724
3 11725 11563 11905
3 11504 11564 11673
3 11674 11726 11646
3 11564 11610 11673
3 11730 11674 11609
3 11730 11449 11648
3 11368 11509 11794
3 11568 11791 11761
3 11649 11650 11731
3 11649 11508 11650
3 11762 11450 11676
3 11796 11908 11334
3 11799 11800 11513
3 11567 11513 11800
3 11513 11514 11799
3 11796 11453 11409
3 11912 11614 11763
3 11765 11651 11652
3 11732 11614 11455
3 11678 11651 11765
3 11803 11086 11733
3 11883 11519 11916
3 11734 11767 11680
3 11735 11681 11337
3 11770 11295 11805
3 11295 11521 11805
3 11570 11413 11683
3 11849 11807 11297
3 11523 11620 11850
3 11414 11685 11736
3 11808 11621 11622
3 11622 11737 11771
3 11738 11657 11773
3 11574 11855 11526
3 11738 11739 11575
3 11624 11659 11572
3 11863 11658 11580
3 11530 11581 11774
3 11689 11863 11580
3 11581 11582 11861
3 11862 11690 11583
3 11814 11584 11691
3 11693 11585 11814
3 11742 11695 11694
3 11695 11742 11696
3 11777 11628 11629
3 11696 11741 11630
3 11741 11865 11662
3 11588 11741 11662
3 11777 11629 11815
3 11778 11663 11536
3 11664 11470 11743
3 11744 11698 11743
3 11631 11698 11744
3 11631 11744 11700
3 11700 11745 11665
3 11747 11699 11632
3 11747 11632 11701
3 11665 11666 11633
3 11748 11819 11747
3 11702 11701 11632
3 11666 11870 11667
3 11750 11701 11702
3 11668 11701 11750
3 11783 11748 11668
3 11635 11668 11750
3 11820 11668 11635
3 11635 11704 11820
3 11705 11703 11820
3 11704 11706 11705
3 11705 11706 11707
3 11708 11705 11707
3 12097 11784 11219
3 11894 11785 11599
3 11785 11871 11599
3 11751 11713 11429
3 11896 11313 11871
3 11713 11895 11384
3 11895 11600 11384
3 11926 11265 11483
3 11482 11823 11316
3 11718 11316 11824
3 12056 11483 11753
3 12387 10326 12386
3 11267 11720 11753
3 11825 11318 11826
3 11355 11670 11899
3 11827 11387 11788
3 11320 11357 11931
3 11931 11932 11320
3 11552 11320 11932
3 11831 11671 11789
3 11388 11934 11755
3 11432 11388 11755
3 11553 11177 11833
3 11390 11642 11935
3 11936 11322 11835
3 11672 11554 11936
3 11905 11563 11723
3 11728 11504 11673
3 11510 11728 11758
3 11649 11839 11610
3 11760 11839 11649
3 11840 11648 11565
3 11568 11761 11677
3 11650 11567 11800
3 11797 11731 11766
3 11731 11650 11764
3 11766 11731 11764
3 11800 11764 11650
3 11679 11677 11797
3 11766 11679 11797
3 11880 11765 11652
3 11766 11733 11679
3 11880 11652 11569
3 11842 11615 11883
3 11519 11884 11916
3 11519 11457 11884
3 11653 11768 11988
3 11846 11617 11654
3 11521 11769 11805
3 11522 11770 11917
3 11655 11339 12072
3 11684 11089 11806
3 11089 11373 11806
3 11686 11737 11623
3 11737 11686 11772
3 11772 11572 11811
3 11658 11992 11573
3 11572 11659 11811
3 11812 11687 11855
3 11774 11581 11775
3 11859 11688 11739
3 11812 11740 11687
3 11861 11582 11661
3 11582 11419 11661
3 11691 11626 11692
3 11692 11627 11628
3 11692 11628 11776
3 11693 11742 11694
3 11741 11742 11693
3 11628 11777 11776
3 11696 11742 11741
3 11778 11536 11891
3 11779 11663 11778
3 11779 11816 11743
3 11664 11743 11698
3 11868 11815 11699
3 11744 11781 11700
3 11781 11745 11700
3 11745 11746 11665
3 11665 11923 11924
3 11749 11667 11870
3 11820 11783 11668
3 11705 11820 11704
3 11821 12097 11219
3 11709 11479 11961
3 11872 11263 11715
3 11822 11549 11638
3 11265 11926 11603
3 11926 11483 12056
3 11719 11481 11964
3 11639 11786 11875
3 11316 11823 11824
3 11640 11174 11485
3 11928 11965 11787
3 11221 11787 11965
3 11551 11669 11966
3 11357 11899 11931
3 11832 11830 11604
3 11671 11834 11789
3 11433 11434 11834
3 12032 11434 11605
3 11322 11390 11835
3 11837 11557 11756
3 11836 11557 11837
3 11646 11756 11441
3 11756 11646 11837
3 11646 11726 11837
3 11724 11725 11838
3 11724 11838 11647
3 11647 11838 11727
3 11728 11673 11757
3 11728 11757 11758
3 11759 11757 11673
3 11790 11729 11727
3 11839 11759 11610
3 11509 11729 11906
3 11906 11793 11509
3 11760 11649 11731
3 11334 11908 11675
3 11841 11611 11612
3 11760 11731 11797
3 11612 11369 11613
3 11799 11514 11762
3 11732 11763 11614
3 11732 11678 11765
3 11766 11764 11801
3 11766 11801 11733
3 11843 11880 11569
3 11842 11843 11569
3 11680 11845 11735
3 11681 11735 11844
3 11616 11681 11804
3 11804 11654 11616
3 11654 11804 11846
3 11683 11684 11990
3 11772 11686 11572
3 11809 11574 11918
3 11856 11812 11855
3 11810 11858 11775
3 11863 11813 11658
3 11690 11863 11689
3 11691 11692 11864
3 11864 11692 11776
3 11741 11693 11814
3 11662 11865 11866
3 11697 11662 11866
3 11779 11743 11663
3 11744 11743 11816
3 11780 11816 11779
3 11780 11779 11778
3 11744 11816 11781
3 11778 11869 11780
3 11781 11816 11780
3 11817 11780 11893
3 11780 11869 11893
3 11781 11780 11817
3 11817 11782 11781
3 11782 11745 11781
3 11818 11746 11745
3 11818 11923 11746
3 11746 11923 11665
3 11666 11665 11924
3 11703 11749 11999
3 11820 11703 11999
3 12098 11710 11637
3 12098 11637 12380
3 12000 11961 11479
3 12055 11428 11601
3 11897 12055 11601
3 11714 11600 12079
3 11716 11602 11873
3 11823 11716 11873
3 11482 11716 11823
3 12458 11752 12387
3 11722 11222 11825
3 11358 11828 11788
3 11073 11829 10921
3 11175 11223 12061
3 11833 11486 11755
3 11935 11835 11390
3 11559 11557 11836
3 11725 11905 11838
3 11836 11973 11723
3 11727 11838 11790
3 11790 11906 11729
3 11757 11759 11839
3 11791 11510 11758
3 11792 11730 11648
3 11761 11791 11839
3 11878 11794 11509
3 11761 11839 11760
3 11675 11937 11565
3 11761 11760 11797
3 11677 11761 11797
3 11910 11676 11511
3 11511 11611 11938
3 11676 11910 11879
3 11799 11762 11879
3 11909 11796 11798
3 11796 11409 11798
3 11764 11800 11802
3 11881 11733 11801
3 11801 11764 11802
3 11842 11569 11615
3 11803 11767 11734
3 11767 11803 12021
3 11680 11767 11987
3 11845 11680 11987
3 11804 11681 11844
3 11845 11844 11735
3 11682 11618 11846
3 11846 11769 11682
3 11769 11885 11805
3 11847 11619 11886
3 11991 11523 11850
3 11415 11736 11852
3 11808 11622 11771
3 11773 11571 11852
3 11737 11810 11771
3 11810 11851 11771
3 11851 11810 11853
3 11810 11737 11858
3 11573 11992 11854
3 11573 11854 11918
3 11460 11573 11918
3 11773 11953 11738
3 11858 11772 11811
3 11774 11858 11811
3 11953 11859 11738
3 11859 11739 11738
3 11659 11774 11811
3 11860 11810 11775
3 11774 11775 11858
3 11860 11775 11861
3 11812 11888 11740
3 11814 11691 11864
3 11867 11536 11697
3 11697 11866 11867
3 11996 11782 11817
3 11745 11782 11818
3 11747 11819 11892
3 11748 11783 11925
3 11870 11999 11749
3 12249 12330 11712
3 11714 11963 11480
3 12386 11718 12103
3 11550 11484 12058
3 11012 11359 11904
3 11012 11904 11754
3 11605 11672 12033
3 11905 11723 11973
3 11974 11790 11838
3 11726 11674 11907
3 11877 11907 11674
3 11839 11758 11757
3 11758 11839 11791
3 11730 11792 11674
3 11792 11877 11674
3 11792 11648 11840
3 11793 11878 11509
3 11841 11938 11611
3 11841 11978 12013
3 11978 11841 11612
3 11762 11676 11879
3 11612 11613 11795
3 11911 11799 11879
3 11765 11913 11732
3 11800 11799 11802
3 11881 11803 11733
3 11804 11844 11846
3 11845 11846 11844
3 11845 11885 11846
3 11885 11769 11846
3 11949 11805 11885
3 11886 11619 11989
3 11683 11989 11570
3 11339 11950 12072
3 11684 11806 11990
3 11852 11736 12143
3 11808 11771 11851
3 11852 11571 11415
3 11810 11857 11853
3 11858 11737 11772
3 11887 11857 11860
3 11857 11810 11860
3 11859 11956 11688
3 11888 11812 11955
3 11690 11862 11956
3 11661 11660 11921
3 11865 11741 11889
3 11741 11814 11889
3 11889 11814 11864
3 11889 11864 11776
3 11889 11776 11890
3 11776 11777 11890
3 11889 11866 11865
3 11890 11777 11815
3 11890 11867 11866
3 11536 11867 11891
3 11868 11699 11892
3 11699 11747 11892
3 11819 11893 11869
3 11893 11819 11748
3 11869 11958 11819
3 11924 11870 11666
3 11710 11960 11711
3 11897 11549 12147
3 11873 11602 11896
3 11963 12080 11480
3 12281 11717 11266
3 11717 11386 11266
3 11484 12002 12058
3 11669 11221 11965
3 11552 11967 11268
3 11268 11967 11321
3 11321 11967 11971
3 11903 10921 12180
3 12061 11431 12060
3 11604 11175 12061
3 12062 11831 11789
3 12032 11834 11434
3 11837 11907 12087
3 11837 11726 11907
3 11974 11906 11790
3 11793 11975 11878
3 11937 11840 11565
3 11794 11613 11566
3 11910 11511 11938
3 11976 11939 11795
3 11909 11908 11796
3 11799 11980 11802
3 11763 11732 12169
3 11943 11802 11944
3 11880 11843 11914
3 11801 11882 11985
3 11943 11882 11802
3 11801 11802 11882
3 11882 11943 11945
3 11803 11881 12021
3 11457 12069 11884
3 11457 11653 12069
3 11653 11988 12069
3 12223 11847 11886
3 11570 11989 11619
3 11849 11523 11991
3 11656 12074 11685
3 12143 11736 11685
3 11953 11773 11952
3 11855 11954 11993
3 11919 11857 11920
3 11919 11853 11857
3 11920 11857 11887
3 11994 11658 11813
3 11856 11955 11812
3 11688 11956 11862
3 11863 11690 11956
3 12078 11660 11740
3 11866 11889 11890
3 11867 11890 11891
3 11957 11778 11891
3 11957 11869 11778
3 11868 11922 11815
3 11892 11819 11958
3 11820 11959 11783
3 11711 11960 11751
3 11894 11962 11785
3 11960 11713 11751
3 11871 11785 11962
3 12079 11963 11714
3 12002 11719 11964
3 11824 11823 12001
3 11720 11721 12205
3 12252 11787 11927
3 11825 11929 11722
3 11901 11900 11876
3 11876 11902 11901
3 11876 11900 11902
3 11904 11359 11903
3 11830 11832 12028
3 11831 12062 12007
3 12032 11605 12033
3 11672 11936 12033
3 11836 11837 12087
3 11974 11838 11905
3 11972 11974 11905
3 11972 11905 11973
3 12009 11793 11906
3 12010 11792 11840
3 11795 11613 12035
3 11908 12036 11675
3 11910 11938 11977
3 11938 11841 12013
3 11909 11798 11912
3 11879 11910 12015
3 12017 11912 11763
3 11799 11911 11980
3 11880 11913 11765
3 11983 11944 11802
3 11980 11983 11802
3 12044 11881 11801
3 11767 12021 12045
3 11845 11987 11885
3 12095 11988 11768
3 12046 11805 11949
3 11950 11522 12224
3 11806 11373 11807
3 12142 11806 11807
3 11951 11853 11919
3 11954 11574 11809
3 11860 12077 11887
3 11813 11863 11994
3 11661 11921 11861
3 11921 11660 12078
3 11891 11890 11922
3 11890 11815 11922
3 11868 11958 11922
3 11869 11957 11958
3 11958 11868 11892
3 11997 11818 11782
3 11925 11893 11748
3 11999 11959 11820
3 11959 11925 11783
3 11709 11961 11821
3 11896 11871 12054
3 11896 12132 11873
3 12148 11822 11603
3 11638 11603 11822
3 11875 11874 11639
3 11875 11786 12081
3 12205 11721 11640
3 12104 11825 11826
3 12283 11319 11930
3 12025 11826 11641
3 12004 11826 12025
3 11319 12283 11670
3 12150 11788 11828
3 11830 12026 11828
3 11933 11902 11900
3 11970 11968 11901
3 11968 11900 11901
3 11832 11604 12061
3 11789 11834 12029
3 12158 11834 12032
3 12010 11877 11792
3 12009 11975 11793
3 11613 11794 12035
3 12036 11937 11675
3 12035 11976 11795
3 11908 11909 12037
3 12013 12012 11938
3 11978 11612 11795
3 11978 11795 12014
3 12014 11795 11939
3 11911 11879 12015
3 11911 12015 11979
3 11940 11944 11983
3 11981 11944 11940
3 11940 11983 11941
3 11842 12020 11914
3 12020 11842 11883
3 11984 11944 11946
3 11944 11984 11943
3 11914 11843 11842
3 11801 11985 12044
3 11882 11942 11985
3 11945 11984 11942
3 11882 11945 11942
3 11986 11946 11943
3 11946 11945 11943
3 11945 11946 11947
3 11946 11948 11915
3 11946 11944 11948
3 11941 11948 11944
3 11948 11941 11983
3 11947 11946 11915
3 11767 12045 11987
3 12046 11770 11805
3 11655 12072 12326
3 11656 11848 12074
3 11685 12074 12075
3 12143 11685 12075
3 11992 12048 11854
3 11855 11574 11954
3 11856 11855 11993
3 11992 11658 11994
3 11861 12077 11860
3 11891 11922 11957
3 11958 11957 11922
3 11817 11995 11996
3 11893 11995 11817
3 11998 11995 11893
3 11996 11997 11782
3 11923 11818 11997
3 11998 11893 11925
3 11999 11870 11924
3 11713 11960 12053
3 12000 11479 11428
3 11713 12053 11895
3 12249 11712 11872
3 12100 11896 12054
3 12079 11600 11895
3 12055 11897 12277
3 11822 12147 11549
3 11481 11898 12203
3 11823 11873 12001
3 11824 12001 12103
3 12003 11722 11929
3 11641 11827 12025
3 12390 11827 11788
3 11828 12026 12150
3 11552 11932 12255
3 11552 12255 11967
3 11830 12028 12026
3 11933 11900 11968
3 11969 11933 11968
3 11901 11902 11933
3 10921 11829 12180
3 11970 11901 11933
3 11969 11970 11933
3 12062 11789 12029
3 11833 11755 12085
3 11935 11642 12134
3 12031 11835 11935
3 12033 11936 12110
3 11973 11836 12087
3 12088 11907 11877
3 12010 12088 11877
3 11975 12011 11878
3 11937 12010 11840
3 12011 11794 11878
3 12011 12035 11794
3 12038 11939 11976
3 12038 11976 12065
3 11910 11977 12015
3 12017 11909 11912
3 12015 12016 11979
3 11979 11980 11911
3 11913 11880 12042
3 11914 12042 11880
3 11983 11980 12041
3 11983 12041 12019
3 12019 11982 11941
3 11982 11940 11941
3 11982 11981 11940
3 12018 11942 11984
3 12018 11984 11946
3 11981 11941 11944
3 12019 11941 11981
3 11984 11986 11943
3 11986 11945 11947
3 11986 11984 11945
3 11986 12018 11946
3 11986 12043 12018
3 11948 11986 11915
3 11986 11948 12043
3 12043 11948 11983
3 11915 11986 11947
3 12119 11883 11916
3 11881 12139 12021
3 11916 11884 12069
3 11949 12122 12046
3 11770 12046 12141
3 11917 11770 12141
3 11683 12195 11989
3 12073 11807 11849
3 11852 12143 12227
3 11851 11853 11951
3 11773 11852 11952
3 11918 11854 12126
3 11953 12022 11859
3 12049 11920 11887
3 12077 12049 11887
3 12050 11955 11856
3 12128 11863 11956
3 12078 11740 11888
3 12024 11923 11997
3 11995 11998 12052
3 11998 11925 12052
3 12024 11924 11923
3 12330 11637 11712
3 11871 11962 12054
3 12101 11872 11715
3 12101 11715 11874
3 12102 11603 11926
3 12082 11786 11717
3 12082 11717 12057
3 11927 11550 12058
3 11787 12252 11928
3 11640 11722 12003
3 11929 11825 12104
3 11966 11669 12176
3 12105 12025 11827
3 11969 11968 12005
3 12006 12005 11970
3 12005 11968 11970
3 12008 12006 11970
3 11969 12008 11970
3 12005 12008 11969
3 12028 11832 12061
3 12151 12007 12062
3 11934 12107 12030
3 11755 11934 12030
3 12085 11755 12030
3 12034 11974 11972
3 12034 12009 11974
3 12009 11906 11974
3 11937 12036 12112
3 12036 11908 12037
3 12089 12036 12037
3 12064 11938 12012
3 12038 12014 11939
3 12013 11978 12039
3 12016 12068 11979
3 11979 12040 11980
3 12042 11732 11913
3 12042 11914 12094
3 11914 12020 12094
3 11981 11982 12018
3 11982 12019 12018
3 11983 12019 12043
3 12018 12043 11981
3 11981 12043 12019
3 12139 11881 12044
3 12121 12119 11916
3 12121 11916 12069
3 12045 12070 11987
3 11885 11987 12070
3 11949 11885 12070
3 11522 11917 12071
3 12073 12142 11807
3 11991 11850 12124
3 12197 12143 12075
3 11850 11621 12124
3 12124 11621 12125
3 12125 11621 11808
3 12076 11951 11919
3 12022 12023 11859
3 12023 11956 11859
3 11994 11863 12128
3 11996 12024 11997
3 11999 11924 12024
3 12024 12051 11999
3 11959 11999 12052
3 11959 12052 11925
3 11710 12098 11960
3 11962 11894 12099
3 12232 12054 11962
3 12000 11428 12055
3 11481 12203 11964
3 12103 11718 11824
3 11266 11752 12458
3 12282 11753 11720
3 11640 12003 12253
3 11669 11965 12176
3 12104 11826 12004
3 12150 12390 11788
3 12006 12059 12005
3 12005 12059 12008
3 12060 11431 12027
3 12158 12029 11834
3 12109 11833 12085
3 12134 11642 12109
3 11642 11833 12109
3 11973 12087 12086
3 12010 11937 12111
3 12113 12035 12011
3 11976 12035 12063
3 12135 12064 12012
3 12135 12012 12013
3 12037 11909 12017
3 12015 11977 12090
3 12039 11978 12014
3 12038 12066 12014
3 12115 12037 12017
3 12039 12014 12187
3 12015 12090 12067
3 12016 12015 12067
3 12068 12016 12067
3 12040 12041 11980
3 12017 11763 12169
3 12138 11985 11942
3 12138 11942 12018
3 12021 12139 12120
3 12223 12095 11768
3 12224 11522 12071
3 12096 11848 11374
3 11848 12096 12074
3 12123 12073 11849
3 12123 11849 11991
3 12270 11852 12227
3 12125 11808 11851
3 11952 11852 12270
3 12144 12022 11952
3 12126 11854 12048
3 11953 11952 12022
3 12229 11919 12049
3 12049 11919 11920
3 11994 12200 11992
3 11993 12050 11856
3 12049 12077 12127
3 12050 11888 11955
3 12051 11996 11995
3 12051 12024 11996
3 12051 11995 12052
3 12051 12052 11999
3 12230 11894 12097
3 11784 12097 11894
3 11894 12230 12099
3 12380 11637 12330
3 11895 12053 12146
3 12100 12132 11896
3 12279 12080 11963
3 11786 12082 12081
3 11717 12281 12057
3 12205 11640 12083
3 12150 12026 12309
3 12106 12059 12006
3 11904 11903 12206
3 12107 11934 11971
3 12008 12106 12006
3 12108 12106 12008
3 12059 12108 12008
3 12031 11935 12236
3 11835 12031 12110
3 11936 11835 12110
3 11907 12088 12087
3 12009 12011 11975
3 12111 12088 12010
3 12160 12011 12009
3 12160 12113 12011
3 11938 12064 12114
3 12114 11977 11938
3 12063 12065 11976
3 12013 12136 12135
3 12066 12038 12065
3 12136 12013 12039
3 12014 12066 12187
3 12115 12017 12091
3 12041 12040 12116
3 12093 12042 12094
3 12117 12019 12041
3 12169 11732 12042
3 12018 12019 12117
3 12138 12044 11985
3 12045 12021 12120
3 12140 12070 12045
3 12122 11949 12070
3 11847 12223 11768
3 11683 11990 12195
3 12196 11950 12224
3 12072 11950 12196
3 12047 11655 12326
3 11806 12142 12225
3 12226 11374 12047
3 12125 11851 11951
3 11951 12076 12228
3 12022 12172 12023
3 11956 12023 12172
3 11861 11921 12129
3 12129 11921 12201
3 12130 11960 12098
3 12145 11821 11961
3 11961 12000 12145
3 12353 12000 12055
3 11895 12146 12276
3 12277 11897 12147
3 11874 11875 12081
3 11926 12056 12102
3 12281 11266 12458
3 12056 11753 12282
3 11640 12253 12083
3 12105 11827 12390
3 12026 12028 12310
3 12178 12059 12106
3 11829 11831 12007
3 12084 12062 12029
3 12158 12084 12029
3 11935 12134 12236
3 12033 12186 12032
3 12110 12186 12033
3 12034 12160 12009
3 12111 12212 12088
3 12111 11937 12112
3 12113 12063 12035
3 12089 12112 12036
3 12115 12089 12037
3 12137 12116 12040
3 12166 12040 11979
3 12092 12068 12067
3 12191 12017 12169
3 12093 12189 12042
3 12169 12042 12189
3 12138 12018 12117
3 12020 11883 12118
3 11883 12119 12118
3 12121 12069 11988
3 12170 12121 11988
3 12122 12070 12140
3 11917 12141 12301
3 11374 12226 12096
3 11992 12200 12048
3 12144 12172 12022
3 11809 11918 12198
3 12128 12200 11994
3 12128 11956 12172
3 12129 12077 11861
3 12201 11921 12078
3 12247 12097 11821
3 12174 11960 12130
3 11821 12145 12247
3 12053 12174 12131
3 12053 11960 12174
3 12248 12145 12000
3 12248 12000 12353
3 11962 12099 12231
3 12147 11822 12202
3 12148 12202 11822
3 12233 11873 12132
3 12082 12149 12081
3 12282 11720 12205
3 12058 12002 12204
3 12104 12004 12177
3 12309 12026 12310
3 12107 11971 11967
3 12359 12107 11967
3 11829 12007 12180
3 12059 12178 12154
3 12108 12059 12154
3 12030 12107 12155
3 12133 12106 12108
3 12084 12158 12108
3 12211 11973 12086
3 12211 11972 11973
3 12034 11972 12160
3 12088 12212 12159
3 12187 12136 12039
3 12090 12168 12067
3 12137 12040 12166
3 12166 11979 12068
3 12168 12092 12067
3 12191 12091 12017
3 12041 12116 12217
3 12140 12045 12222
3 12095 12170 11988
3 12046 12122 12171
3 12095 12223 12240
3 12195 12241 11989
3 11990 11806 12225
3 12142 12073 12123
3 12125 11951 12228
3 11954 11809 12198
3 12127 12229 12049
3 11993 12173 12050
3 11888 12050 12173
3 12173 12078 11888
3 12097 12247 12246
3 12131 12146 12053
3 12276 12079 11895
3 12132 12100 12175
3 12101 11874 12439
3 12439 11874 12251
3 12233 12001 11873
3 11603 12102 12148
3 12001 12306 12103
3 11964 12305 12002
3 11965 12426 12176
3 11931 12445 11932
3 11967 12255 12359
3 12061 12310 12028
3 12154 12106 12133
3 12151 12062 12084
3 12085 12030 12155
3 12157 12084 12108
3 12209 12133 12158
3 12158 12133 12108
3 12085 12155 12109
3 12158 12032 12186
3 12086 12087 12211
3 12087 12159 12211
3 12211 12160 11972
3 12088 12159 12087
3 12213 12113 12160
3 12063 12113 12162
3 12162 12065 12063
3 12161 12112 12089
3 12163 12114 12064
3 12163 12064 12135
3 12263 12320 12066
3 12091 12215 12115
3 12291 12066 12320
3 12090 12188 12216
3 12068 12167 12166
3 12189 12093 12094
3 12117 12217 12138
3 12117 12041 12217
3 12044 12138 12139
3 12120 12221 12045
3 12222 12045 12221
3 12141 12046 12171
3 12193 11886 12241
3 11886 11989 12241
3 12071 11917 12301
3 12226 12047 12326
3 12123 11991 12269
3 11919 12303 12076
3 11919 12229 12303
3 11954 12198 12244
3 11993 12199 12173
3 12129 12127 12077
3 12078 12173 12201
3 12249 11872 12101
3 12100 12054 12232
3 12079 12332 11963
3 11898 12080 12280
3 11874 12081 12149
3 12251 11874 12149
3 11964 12203 12305
3 12388 12002 12305
3 12176 11930 11966
3 12334 12004 12025
3 12445 11899 12254
3 11931 11899 12445
3 12060 12256 12061
3 12178 12184 12154
3 12153 12152 12156
3 12156 12152 12178
3 12106 12156 12178
3 12106 12184 12156
3 12106 12154 12184
3 12157 12108 12154
3 12157 12154 12133
3 12112 12212 12111
3 12115 12161 12089
3 12135 12164 12163
3 12188 12090 11977
3 12188 11977 12237
3 12066 12065 12263
3 12135 12165 12164
3 12136 12165 12135
3 12187 12165 12136
3 12291 12187 12066
3 12238 12137 12166
3 12090 12216 12168
3 12190 12189 12094
3 12118 12219 12020
3 12118 12119 12219
3 12300 12170 12095
3 12223 11886 12348
3 12195 11990 12225
3 12123 12327 12142
3 12075 12074 12398
3 12243 12269 11991
3 12243 12124 12125
3 11952 12270 12144
3 12419 12126 12271
3 12228 12076 12303
3 12419 11918 12126
3 11993 11954 12244
3 12172 12200 12128
3 12127 12129 12201
3 12097 12246 12230
3 12058 12204 12403
3 12403 11927 12058
3 12426 11965 11928
3 12003 11929 12104
3 12308 12283 11930
3 12254 11899 12283
3 11899 11670 12283
3 12207 12179 12153
3 12152 12179 12181
3 12182 12152 12181
3 12152 12153 12179
3 12152 12182 12178
3 12178 12182 12184
3 12207 12153 12181
3 12156 12182 12181
3 12156 12181 12153
3 12183 12156 12184
3 12183 12182 12156
3 12182 12183 12185
3 12185 12184 12182
3 12185 12157 12184
3 12151 12084 12157
3 12133 12184 12157
3 12133 12209 12184
3 12134 12109 12210
3 12134 12210 12236
3 12110 12031 12236
3 12211 12159 12212
3 12212 12112 12161
3 12213 12162 12113
3 12214 12161 12115
3 12162 12263 12065
3 12114 12163 12237
3 12214 12115 12215
3 11977 12114 12237
3 12238 12166 12167
3 12342 12187 12321
3 12238 12116 12137
3 12217 12116 12238
3 12138 12217 12218
3 12020 12219 12094
3 12220 12139 12138
3 12139 12220 12120
3 12298 12219 12119
3 12220 12221 12120
3 12170 12119 12121
3 12140 12192 12122
3 12300 12095 12240
3 12122 12192 12267
3 12348 11886 12193
3 12071 12301 12194
3 12072 12196 12326
3 12074 12096 12398
3 12243 11991 12124
3 12272 12126 12048
3 12229 12127 12245
3 12127 12201 12245
3 12437 12380 12330
3 12175 12278 12132
3 12233 12132 12250
3 12255 11932 12407
3 12208 12179 12207
3 12181 12179 12208
3 12235 12181 12208
3 12181 12235 12207
3 12151 12157 12185
3 12109 12155 12260
3 12183 12184 12209
3 12185 12183 12209
3 12317 12210 12109
3 12318 12110 12236
3 12288 12110 12318
3 12186 12110 12288
3 12160 12211 12213
3 12211 12212 12261
3 12263 12162 12213
3 12214 12212 12161
3 12165 12264 12164
3 12265 12188 12237
3 12165 12187 12342
3 12167 12293 12238
3 12167 12068 12293
3 12092 12168 12216
3 12189 12297 12169
3 12219 12190 12094
3 12218 12220 12138
3 12298 12119 12300
3 12119 12170 12300
3 12239 12300 12240
3 12224 12194 12375
3 12224 12302 12196
3 12225 12376 12195
3 12398 12096 12226
3 12075 12398 12242
3 12242 12197 12075
3 12125 12377 12243
3 12272 12271 12126
3 12048 12351 12272
3 12244 12199 11993
3 12144 12273 12172
3 12174 12275 12131
3 12248 12247 12145
3 12275 12146 12131
3 12352 12231 12099
3 12079 12276 12332
3 12250 12132 12278
3 12306 12001 12233
3 12057 12307 12082
3 12057 12281 12307
3 12003 12104 12404
3 12358 12104 12177
3 12310 12061 12256
3 12208 12234 12257
3 12007 12151 12180
3 12107 12338 12155
3 12234 12208 12207
3 12234 12207 12235
3 12257 12235 12208
3 12340 12151 12185
3 12340 12185 12287
3 12185 12209 12287
3 12317 12109 12260
3 12213 12211 12261
3 12261 12212 12262
3 12263 12213 12261
3 12212 12214 12262
3 12163 12290 12237
3 12264 12163 12164
3 12292 12188 12265
3 12321 12187 12291
3 12321 12291 12369
3 12294 12068 12092
3 12294 12092 12295
3 12296 12091 12191
3 12169 12296 12191
3 12297 12189 12190
3 12220 12218 12217
3 12266 12221 12220
3 12266 12222 12221
3 12325 12241 12195
3 12224 12071 12194
3 12325 12195 12349
3 12326 12196 12302
3 12377 12125 12228
3 12200 12172 12273
3 12173 12329 12201
3 12232 12355 12100
3 12304 12101 12439
3 11963 12332 12555
3 12149 12082 12357
3 12082 12307 12357
3 12383 12056 12282
3 12002 12388 12443
3 12205 12083 12389
3 11928 12252 12426
3 12405 12177 12004
3 12258 12284 12285
3 12206 11903 12638
3 12359 12446 12338
3 12258 12285 12234
3 12257 12234 12285
3 12234 12259 12258
3 12234 12235 12259
3 12287 12209 12158
3 12317 12236 12210
3 12288 12158 12186
3 12261 12262 12263
3 12214 12289 12262
3 12214 12215 12289
3 12319 12289 12215
3 12290 12265 12237
3 12091 12319 12215
3 12165 12342 12264
3 12293 12217 12238
3 12294 12293 12068
3 12295 12092 12216
3 12216 12188 12292
3 12344 12296 12297
3 12297 12190 12219
3 12394 12297 12219
3 12220 12217 12299
3 12266 12220 12299
3 12222 12192 12140
3 12122 12267 12268
3 12346 12239 12240
3 12171 12122 12268
3 12241 12348 12193
3 12227 12143 12197
3 12270 12227 12433
3 12200 12351 12048
3 12174 12381 12275
3 12230 12352 12099
3 12231 12232 11962
3 12249 12101 12331
3 12101 12304 12331
3 12175 12100 12355
3 12355 12278 12175
3 12401 12277 12147
3 12279 11963 12555
3 11898 12280 12203
3 12383 12102 12056
3 12386 12103 12509
3 12002 12443 12204
3 11927 12403 12252
3 12253 12574 12083
3 12253 12003 12404
3 12334 12025 12105
3 12107 12359 12338
3 12316 12284 12286
3 12311 12284 12316
3 12258 12286 12284
3 12060 12027 12256
3 12257 12286 12258
3 12257 12258 12259
3 12338 12260 12155
3 12257 12259 12235
3 12365 12158 12288
3 12290 12163 12264
3 12091 12296 12319
3 12290 12292 12265
3 12343 12293 12294
3 12292 12295 12216
3 12293 12343 12217
3 12322 12217 12343
3 12297 12296 12169
3 12299 12217 12322
3 12299 12222 12266
3 12371 12298 12300
3 12323 12192 12222
3 12239 12371 12300
3 12323 12267 12192
3 12171 12268 12324
3 12141 12416 12301
3 12224 12431 12302
3 12349 12195 12376
3 12225 12142 12327
3 12271 12272 12418
3 12229 12350 12303
3 12198 11918 12419
3 12400 12273 12144
3 12199 12244 12378
3 12351 12200 12400
3 12200 12273 12400
3 12274 12173 12436
3 12173 12274 12329
3 12174 12130 12381
3 12355 12232 12354
3 12353 12055 12277
3 12147 12202 12401
3 12382 12304 12439
3 12422 12250 12278
3 12536 12148 12102
3 12251 12149 12357
3 12384 12357 12307
3 12385 12103 12306
3 12471 12176 12444
3 11930 12176 12308
3 12405 12358 12177
3 11932 12445 12407
3 12311 12337 12284
3 12315 12313 12336
3 12336 12311 12315
3 12285 12284 12337
3 12312 12313 12314
3 12311 12316 12315
3 12286 12285 12337
3 12316 12286 12337
3 12285 12286 12257
3 12318 12236 12317
3 12365 12287 12158
3 12320 12263 12366
3 12264 12292 12290
3 12264 12367 12292
3 12342 12367 12264
3 12292 12367 12295
3 12299 12322 12370
3 12222 12299 12323
3 12346 12345 12371
3 12240 12223 12374
3 12415 12374 12223
3 12141 12171 12347
3 12328 12123 12269
3 12328 12269 12243
3 12197 12242 12399
3 12227 12197 12399
3 12377 12228 12417
3 12303 12417 12228
3 12434 12272 12351
3 12245 12379 12229
3 12173 12199 12436
3 12381 12130 12421
3 12352 12246 12465
3 12465 12246 12247
3 12278 12355 12356
3 12356 12422 12278
3 12422 12424 12250
3 12250 12441 12233
3 12536 12102 12333
3 12203 12280 12425
3 12439 12251 12357
3 12306 12233 12441
3 12333 12102 12383
3 12470 12103 12385
3 12442 12307 12281
3 12176 12426 12444
3 12308 12176 12471
3 12405 12004 12334
3 12150 12406 12390
3 12336 12313 12363
3 12339 12336 12363
3 12311 12336 12337
3 11754 11904 12473
3 12256 12027 12542
3 12361 12335 12312
3 12314 12361 12312
3 12362 12361 12314
3 12315 12339 12363
3 12314 12315 12363
3 12313 12315 12314
3 12339 12315 12316
3 12339 12316 12336
3 12336 12316 12337
3 12408 12260 12338
3 12364 12287 12341
3 12408 12317 12260
3 12365 12341 12287
3 12391 12341 12365
3 12318 12365 12288
3 12263 12262 12366
3 12366 12262 12289
3 12367 12368 12295
3 12291 12320 12369
3 12295 12368 12294
3 12219 12298 12394
3 12372 12299 12370
3 12323 12299 12372
3 12371 12394 12298
3 12346 12371 12239
3 12267 12323 12372
3 12268 12395 12373
3 12374 12346 12240
3 12324 12268 12373
3 12171 12324 12347
3 12416 12141 12347
3 12348 12241 12429
3 12429 12241 12325
3 12431 12224 12375
3 12379 12350 12229
3 12436 12199 12378
3 12456 12245 12201
3 12456 12201 12329
3 12624 12130 12098
3 12438 12464 12330
3 12401 12202 12457
3 12424 12441 12250
3 12442 12384 12307
3 12509 12103 12470
3 12406 12150 12309
3 12335 12360 12312
3 12312 12360 12362
3 12312 12362 12313
3 12313 12362 12363
3 12360 12361 12362
3 12360 12335 12361
3 12027 11754 12473
3 12362 12314 12363
3 12408 12338 12427
3 12341 12391 12364
3 12318 12317 12408
3 12408 12365 12318
3 12392 12289 12319
3 12296 12392 12319
3 12447 12342 12448
3 12409 12294 12368
3 12393 12321 12369
3 12370 12411 12412
3 12268 12267 12372
3 12346 12450 12345
3 12395 12268 12372
3 12372 12412 12395
3 12346 12374 12451
3 12223 12348 12415
3 12302 12483 12326
3 12226 12326 12432
3 12461 12398 12432
3 12484 12595 12225
3 12399 12242 12488
3 12227 12399 12433
3 12419 12271 12418
3 12420 12244 12435
3 12244 12420 12378
3 12400 12144 12454
3 12456 12379 12245
3 12352 12230 12246
3 12330 12249 12438
3 12457 12202 12148
3 12080 12279 12529
3 12280 12080 12529
3 12425 12305 12203
3 12385 12306 12441
3 12404 12574 12253
3 12404 12104 12539
3 12283 12308 12577
3 12472 12309 12310
3 12590 12255 12407
3 12255 12590 12359
3 12310 12256 12472
3 12151 12340 12180
3 12364 12340 12287
3 12365 12408 12391
3 12289 12392 12366
3 12320 12366 12369
3 12474 12368 12367
3 12447 12367 12342
3 12344 12392 12296
3 12343 12294 12409
3 12343 12409 12322
3 12297 12449 12344
3 12370 12322 12411
3 12372 12370 12412
3 12345 12450 12371
3 12396 12414 12346
3 12346 12414 12450
3 12396 12346 12397
3 12395 12413 12397
3 12397 12413 12396
3 12373 12395 12397
3 12194 12301 12430
3 12429 12325 12546
3 12194 12430 12375
3 12398 12226 12432
3 12327 12123 12328
3 12488 12242 12487
3 12377 12489 12243
3 12350 12417 12303
3 12434 12418 12272
3 12435 12244 12198
3 12454 12144 12270
3 12351 12400 12455
3 12329 12274 12436
3 12437 12330 12464
3 12248 12465 12247
3 12248 12353 12465
3 12689 12279 12555
3 12457 12148 12608
3 12611 12281 12458
3 12539 12104 12358
3 12391 12408 12427
3 12366 12392 12428
3 12342 12321 12448
3 12428 12369 12366
3 12428 12392 12344
3 12428 12393 12369
3 12322 12409 12459
3 12344 12410 12428
3 12297 12394 12449
3 12410 12344 12449
3 12411 12322 12459
3 12395 12412 12413
3 12301 12416 12430
3 12431 12375 12460
3 12483 12302 12431
3 12326 12483 12432
3 12487 12242 12398
3 12328 12243 12486
3 12486 12243 12489
3 12378 12420 12453
3 12455 12434 12351
3 12379 12456 12350
3 12329 12436 12456
3 12130 12624 12421
3 12275 12381 12491
3 12146 12275 12491
3 12521 12231 12352
3 12716 12232 12231
3 12382 12467 12304
3 12356 12355 12422
3 12401 12457 12522
3 12382 12439 12524
3 12467 12382 12524
3 12423 12440 12402
3 12279 12689 12529
3 12357 12384 12506
3 12538 12383 12282
3 12574 12389 12083
3 12575 12574 12404
3 12510 12426 12252
3 12511 12105 12390
3 12428 12543 12393
3 12410 12543 12428
3 12412 12411 12477
3 12478 12394 12371
3 12514 12346 12451
3 12324 12373 12452
3 12416 12347 12517
3 12518 12348 12429
3 12349 12594 12325
3 12430 12460 12375
3 12225 12595 12376
3 12225 12327 12484
3 12548 12328 12486
3 12489 12417 12462
3 12417 12489 12377
3 12417 12463 12462
3 12350 12463 12417
3 12420 12435 12519
3 12435 12198 12419
3 12624 12098 12380
3 12624 12380 12437
3 12353 12492 12465
3 12438 12249 12331
3 12439 12423 12524
3 12424 12633 12441
3 12357 12506 12439
3 12508 12384 12442
3 12388 12305 12636
3 12403 12204 12443
3 12573 12252 12403
3 12334 12105 12540
3 12540 12105 12511
3 12309 12472 12406
3 12542 12472 12256
3 12367 12447 12474
3 12475 12321 12393
3 12543 12475 12393
3 12513 12543 12410
3 12413 12412 12480
3 12412 12477 12480
3 12478 12371 12450
3 12414 12396 12479
3 12397 12346 12514
3 12481 12514 12451
3 12578 12324 12515
3 12515 12324 12452
3 12516 12451 12374
3 12347 12324 12517
3 12461 12432 12483
3 12398 12461 12485
3 12327 12328 12548
3 12462 12463 12490
3 12549 12270 12433
3 12454 12270 12549
3 12435 12419 12550
3 12453 12552 12378
3 12520 12350 12456
3 12421 12491 12381
3 12331 12554 12438
3 12331 12304 12554
3 12401 12353 12277
3 12494 12424 12422
3 12423 12439 12440
3 12497 12440 12439
3 12564 12280 12529
3 12148 12536 12608
3 12506 12384 12508
3 12385 12441 12507
3 12611 12442 12281
3 12443 12388 12636
3 12282 12205 12538
3 12538 12205 12389
3 12254 12283 12577
3 12445 12254 12931
3 12474 12447 12512
3 12512 12447 12448
3 12477 12411 12459
3 12394 12478 12449
3 12450 12414 12479
3 12478 12450 12479
3 12396 12413 12480
3 12516 12481 12451
3 12614 12516 12374
3 12517 12324 12578
3 12518 12415 12348
3 12349 12579 12594
3 12482 12483 12431
3 12349 12376 12595
3 12484 12327 12548
3 12487 12398 12485
3 12433 12399 12488
3 12520 12463 12350
3 12454 12580 12400
3 12580 12603 12455
3 12580 12455 12400
3 12552 12436 12378
3 12354 12232 12716
3 12582 12304 12467
3 12354 12583 12355
3 12355 12583 12422
3 12468 12402 12440
3 12496 12424 12494
3 12439 12559 12497
3 12440 12497 12468
3 12633 12424 12496
3 12333 12663 12536
3 12470 12385 12507
3 12908 12387 12386
3 12444 12426 12576
3 12539 12358 12812
3 12308 12471 12612
3 12740 12308 12612
3 12405 12334 12589
3 12180 12340 12741
3 11903 12180 12638
3 12409 12368 12474
3 12321 12475 12448
3 12512 12448 12475
3 12476 12409 12474
3 12459 12409 12476
3 12449 12513 12410
3 12459 12476 12477
3 12480 12477 12544
3 12396 12480 12544
3 12479 12396 12544
3 12429 12546 12593
3 12546 12325 12594
3 12431 12460 12482
3 12617 12595 12484
3 12598 12462 12599
3 12433 12488 12549
3 12490 12599 12462
3 12419 12418 12550
3 12549 12580 12454
3 12550 12602 12435
3 12519 12435 12551
3 12491 12421 12625
3 12146 12491 12604
3 12465 12492 12352
3 12581 12352 12492
3 12521 12352 12581
3 12276 12146 12627
3 12276 12627 12332
3 12716 12231 12521
3 12353 12553 12492
3 12553 12353 12401
3 12553 12401 12522
3 12493 12466 12523
3 12494 12422 12583
3 12524 12423 12402
3 12467 12495 12525
3 12524 12495 12467
3 12528 12402 12468
3 12586 12559 12439
3 12497 12531 12498
3 12499 12502 12468
3 12497 12499 12468
3 12499 12498 12500
3 12499 12497 12498
3 12502 12499 12501
3 12532 12501 12499
3 12532 12499 12500
3 12504 12503 12469
3 12532 12469 12501
3 12532 12505 12469
3 12469 12502 12501
3 12469 12503 12502
3 12505 12504 12469
3 12505 12503 12504
3 12586 12439 12506
3 12441 12633 12507
3 12358 12405 12812
3 12407 12445 12637
3 12666 12446 12359
3 12613 12472 12542
3 12364 12391 12427
3 12476 12474 12512
3 12476 12512 12543
3 12449 12479 12513
3 12478 12479 12449
3 12476 12544 12477
3 12515 12452 12373
3 12667 12373 12397
3 12591 12514 12481
3 12614 12591 12516
3 12614 12374 12592
3 12592 12374 12415
3 12592 12415 12518
3 12430 12416 12545
3 12460 12430 12545
3 12579 12349 12595
3 12460 12547 12482
3 12461 12596 12485
3 12617 12484 12548
3 12487 12485 12643
3 12642 12548 12486
3 12488 12487 12618
3 12489 12462 12598
3 12420 12519 12601
3 12418 12434 12621
3 12146 12604 12627
3 12464 12438 12713
3 12554 12304 12582
3 12493 12582 12466
3 12605 12493 12523
3 12466 12582 12467
3 12466 12467 12523
3 12526 12525 12495
3 12402 12528 12524
3 12586 12526 12559
3 12525 12526 12527
3 12526 12586 12527
3 12468 12498 12528
3 12531 12530 12498
3 12498 12530 12528
3 12559 12531 12497
3 12500 12468 12502
3 12500 12498 12468
3 12559 12533 12531
3 12533 12500 12502
3 12533 12532 12531
3 12532 12500 12531
3 12502 12503 12532
3 12533 12502 12532
3 12533 12559 12534
3 12532 12503 12505
3 12535 12571 12533
3 12535 12533 12534
3 12571 12535 12537
3 12611 12508 12442
3 12470 12610 12509
3 12458 12387 12874
3 12389 12574 12664
3 12403 12443 12573
3 12252 12573 12510
3 12575 12404 12539
3 12359 12590 12666
3 11904 12206 12473
3 12512 12475 12543
3 12544 12476 12543
3 12544 12543 12513
3 12544 12513 12479
3 12667 12397 12514
3 12515 12373 12667
3 12591 12481 12516
3 12416 12615 12545
3 12593 12546 12616
3 12482 12547 12596
3 12596 12461 12483
3 12485 12596 12597
3 12489 12642 12486
3 12549 12488 12619
3 12490 12600 12599
3 12463 12600 12490
3 12549 12644 12580
3 12453 12420 12601
3 12551 12678 12519
3 12455 12645 12434
3 12456 12436 12622
3 12436 12552 12622
3 12626 12437 12464
3 12523 12467 12525
3 12557 12556 12558
3 12495 12524 12557
3 12558 12495 12557
3 12560 12559 12526
3 12495 12560 12526
3 12558 12560 12495
3 12559 12560 12525
3 12560 12561 12525
3 12528 12585 12524
3 12524 12585 12557
3 12525 12527 12559
3 12527 12562 12559
3 12560 12527 12561
3 12527 12560 12562
3 12562 12534 12559
3 12561 12527 12586
3 12587 12496 12494
3 12563 12530 12531
3 12528 12530 12563
3 12563 12531 12500
3 12533 12563 12500
3 12633 12496 12587
3 12533 12571 12565
3 12566 12535 12534
3 12566 12565 12535
3 12533 12566 12588
3 12566 12533 12565
3 12534 12567 12566
3 12568 12537 12535
3 12565 12568 12535
3 12568 12565 12571
3 12537 12567 12569
3 12571 12537 12569
3 12534 12570 12567
3 12569 12567 12570
3 12569 12572 12571
3 12568 12572 12537
3 12572 12568 12571
3 12570 12572 12569
3 12508 12697 12506
3 12508 12609 12697
3 12507 12610 12470
3 12508 12611 12609
3 12809 12386 12739
3 12739 12386 12509
3 12844 12611 12458
3 12443 12636 12810
3 12538 12389 12664
3 12576 12426 12510
3 12541 12254 12577
3 12931 12254 12541
3 12027 12473 12882
3 12542 12027 12882
3 12517 12615 12416
3 12592 12518 12640
3 12594 12616 12546
3 12483 12482 12596
3 12643 12485 12745
3 12418 12621 12550
3 12621 12434 12645
3 12552 12453 12601
3 12519 12678 12712
3 12551 12602 12623
3 12551 12435 12602
3 12455 12603 12645
3 12622 12520 12456
3 12491 12625 12604
3 12492 12714 12581
3 12713 12438 12554
3 12583 12354 12681
3 12584 12558 12556
3 12523 12525 12726
3 12584 12556 12557
3 12584 12557 12585
3 12607 12560 12558
3 12726 12525 12586
3 12586 12525 12561
3 12494 12630 12587
3 12570 12534 12562
3 12570 12562 12607
3 12588 12566 12567
3 12588 12567 12537
3 12572 12588 12537
3 12563 12588 12634
3 12425 12280 12564
3 12572 12570 12588
3 12663 12383 12949
3 12844 12458 12907
3 12665 12471 12444
3 12812 12405 12589
3 12590 12407 12637
3 12340 12364 12427
3 12667 12514 12591
3 12668 12615 12517
3 12518 12429 12640
3 12594 12579 12701
3 12745 12485 12597
3 12489 12671 12642
3 12618 12487 12673
3 12619 12620 12549
3 12676 12602 12550
3 12712 12601 12519
3 12552 12601 12677
3 12823 12421 12624
3 12626 12464 12713
3 12680 12553 12522
3 12558 12584 12606
3 12558 12606 12607
3 12585 12606 12584
3 12494 12583 12630
3 12562 12560 12607
3 12585 12528 12563
3 12606 12585 12650
3 12585 12563 12650
3 12563 12533 12588
3 12634 12588 12570
3 12507 12633 12732
3 12737 12506 12697
3 12507 12635 12610
3 12949 12383 12538
3 12443 12810 12573
3 12665 12444 12576
3 12612 12471 12665
3 12930 12589 12334
3 12930 12334 12540
3 12206 12638 13059
3 12639 12515 12667
3 12578 12515 12639
3 12429 12593 12640
3 12669 12640 12593
3 12594 12699 12616
3 12460 12545 12641
3 12547 12460 12702
3 12617 12701 12595
3 12642 12617 12548
3 12673 12643 12705
3 12672 12671 12489
3 12672 12489 12598
3 12619 12488 12618
3 12599 12674 12598
3 12620 12644 12549
3 12600 12463 12711
3 12782 12580 12644
3 12621 12676 12550
3 12711 12463 12520
3 12711 12520 12622
3 12782 12603 12580
3 12782 12645 12603
3 12679 12551 12623
3 12332 12627 12888
3 12713 12554 12824
3 12680 12492 12553
3 12582 12824 12554
3 12555 12332 12857
3 12493 12646 12582
3 12522 12682 12680
3 12555 12857 13027
3 12717 12605 12523
3 12522 12457 12756
3 12689 12555 13027
3 12607 12647 12629
3 12647 12607 12606
3 12629 12647 12628
3 12650 12647 12606
3 12607 12629 12652
3 12685 12632 12631
3 12756 12457 12608
3 12692 12563 12634
3 12570 12607 12662
3 12607 12658 12660
3 12570 12662 12634
3 12507 12732 12635
3 12663 12333 12383
3 12305 12425 12808
3 12738 12609 12611
3 12739 12509 12610
3 12636 12305 12808
3 12874 12387 12908
3 12908 12386 12809
3 12577 12308 12740
3 12511 12390 12406
3 12427 12338 12978
3 12340 12427 12978
3 12638 12180 12741
3 12667 12591 12742
3 12668 12517 12578
3 12669 12593 12616
3 12701 12579 12595
3 12460 12641 12702
3 12596 12547 12702
3 12745 12597 12596
3 12617 12642 12744
3 12673 12487 12643
3 12704 12642 12671
3 12708 12671 12672
3 12673 12619 12618
3 12598 12674 12672
3 12673 12620 12619
3 12600 12674 12599
3 12644 12620 12751
3 12711 12710 12600
3 12677 12622 12552
3 12753 12678 12551
3 12625 12783 12604
3 12627 12604 12783
3 12581 12715 12521
3 12714 12492 12680
3 12716 12521 12715
3 12332 12888 12857
3 12756 12682 12522
3 12628 12647 12648
3 12628 12648 12649
3 12651 12629 12628
3 12649 12651 12628
3 12651 12650 12629
3 12647 12651 12648
3 12651 12647 12650
3 12649 12652 12651
3 12652 12648 12684
3 12652 12649 12648
3 12657 12653 12685
3 12650 12652 12629
3 12685 12653 12632
3 12653 12657 12654
3 12655 12632 12654
3 12632 12653 12654
3 12631 12655 12685
3 12631 12632 12655
3 12607 12652 12658
3 12658 12652 12684
3 12725 12587 12630
3 12652 12650 12692
3 12684 12683 12692
3 12659 12660 12658
3 12587 12725 12696
3 12692 12650 12563
3 12587 12696 12633
3 12662 12607 12660
3 12660 12733 12662
3 12661 12634 12662
3 12586 12506 12737
3 12995 12425 12564
3 12610 12635 12739
3 12811 12575 12539
3 12540 12511 12879
3 12880 12406 12472
3 12666 12590 12957
3 12978 12338 12446
3 12742 12591 12614
3 12774 12614 12592
3 12578 12639 12668
3 12774 12592 12640
3 12698 12615 12668
3 12545 12615 12698
3 12669 12616 12699
3 12776 12596 12702
3 12701 12617 12744
3 12596 12776 12745
3 12643 12745 12779
3 12744 12642 12703
3 12642 12704 12703
3 12708 12672 12674
3 12748 12620 12673
3 12709 12675 12600
3 12600 12675 12674
3 12620 12748 12751
3 12621 12645 12752
3 12621 12752 12676
3 12601 12712 12677
3 12551 12679 12753
3 12625 12421 12823
3 12624 12437 12626
3 12581 12714 12715
3 12681 12354 13005
3 12646 12493 12605
3 12583 12681 12862
3 12683 12684 12648
3 12683 12651 12652
3 12683 12648 12651
3 12797 12717 12523
3 12656 12658 12684
3 12720 12686 12688
3 12685 12720 12688
3 12720 12685 12724
3 12683 12652 12692
3 12687 12722 12690
3 12687 12691 12686
3 12691 12688 12686
3 12688 12657 12685
3 12724 12685 12654
3 12654 12685 12655
3 12688 12724 12657
3 12654 12657 12724
3 12693 12658 12656
3 12693 12692 12658
3 12684 12692 12693
3 12695 12694 12693
3 12656 12695 12693
3 12695 12656 12684
3 12756 12608 12899
3 12692 12659 12658
3 12659 12694 12695
3 12689 12893 13032
3 12692 12634 12661
3 12661 12659 12692
3 12659 12661 12733
3 12659 12695 12660
3 12696 12732 12633
3 12733 12660 12730
3 12661 12662 12733
3 12738 12611 12844
3 12664 12574 12950
3 12845 12574 12575
3 12510 12909 12576
3 12953 12612 12952
3 12577 12740 12910
3 12879 12511 12406
3 12879 12406 12880
3 12932 12445 12931
3 12880 12472 12881
3 12590 12637 12957
3 12881 12472 12613
3 12773 12613 12542
3 12340 12978 12741
3 12639 12667 12846
3 12774 12742 12614
3 12814 12640 12669
3 12545 12698 12641
3 12743 12669 12700
3 12699 12594 12701
3 12743 12700 12777
3 12852 12744 12703
3 12705 12643 12779
3 12705 12779 12815
3 12748 12746 12706
3 12780 12778 12670
3 12780 12670 12747
3 12708 12704 12671
3 12670 12778 12749
3 12747 12670 12675
3 12748 12706 12707
3 12670 12749 12675
3 12675 12749 12674
3 12749 12708 12674
3 12705 12748 12673
3 12751 12707 12781
3 12748 12707 12751
3 12751 12782 12644
3 12782 12752 12645
3 12712 12821 12677
3 12622 12677 12821
3 12623 12602 12676
3 12887 12625 12823
3 12858 12715 12714
3 12824 12582 12646
3 13027 12857 13065
3 12785 12682 12756
3 12718 12727 12690
3 12719 12686 12720
3 12755 12719 12720
3 12718 12719 12755
3 12690 12722 12718
3 12721 12722 12687
3 12722 12719 12718
3 12686 12723 12721
3 12687 12686 12721
3 12686 12722 12723
3 12722 12686 12719
3 12723 12722 12755
3 12720 12723 12755
3 12724 12723 12720
3 12727 12728 12690
3 12690 12728 12687
3 12721 12691 12722
3 12691 12728 12722
3 12691 12687 12728
3 12691 12721 12688
3 12688 12721 12723
3 12688 12723 12724
3 12684 12758 12761
3 12731 12730 12729
3 12757 12684 12693
3 12767 12731 12729
3 12695 12684 12761
3 12761 12694 12659
3 12695 12761 12730
3 12660 12695 12730
3 12761 12729 12730
3 12764 12734 12731
3 12734 12733 12730
3 12730 12735 12734
3 12731 12736 12771
3 12726 12586 12902
3 12730 12731 12735
3 12731 12771 12735
3 12807 12635 12732
3 12808 12425 12995
3 12609 12738 12772
3 12739 12635 12807
3 12772 12697 12609
3 12906 12844 12907
3 12950 12574 12845
3 12541 12577 12910
3 12637 12445 12932
3 12977 12637 12932
3 12957 12637 12977
3 12847 12669 12743
3 12669 12699 12775
3 12699 12701 12775
3 12700 12669 12775
3 12775 12701 12744
3 12775 12777 12700
3 12776 12702 12815
3 12702 12746 12815
3 12706 12746 12816
3 12748 12705 12815
3 12707 12706 12816
3 12817 12780 12747
3 12816 12750 12707
3 12709 12819 12675
3 12709 12600 12710
3 12710 12711 12854
3 12752 12820 12676
3 12622 12821 12711
3 12605 12889 12646
3 12889 12605 12717
3 12786 12860 12717
3 12828 12630 12583
3 12684 12757 12758
3 12793 12758 12789
3 12727 12754 12759
3 12718 12754 12727
3 12725 12630 12828
3 12693 12694 12761
3 12728 12754 12755
3 12718 12755 12754
3 12757 12693 12761
3 12806 12768 12762
3 12797 12523 12726
3 12827 12842 12763
3 12759 12827 12763
3 12727 12759 12763
3 12728 12727 12763
3 12728 12755 12722
3 12843 12696 12725
3 12793 12762 12761
3 12758 12793 12761
3 12529 12689 13032
3 12764 12729 12761
3 12659 12733 12761
3 12800 12765 12760
3 12793 12760 12762
3 12799 12729 12764
3 12729 12799 12762
3 12765 12762 12760
3 12806 12762 12765
3 12733 12734 12761
3 12805 12806 12766
3 12806 12765 12766
3 13032 12564 12529
3 12764 12761 12734
3 12764 12731 12767
3 12768 12767 12762
3 12767 12729 12762
3 12732 12696 12843
3 12769 12736 12731
3 12769 12734 12735
3 12769 12731 12734
3 12806 12771 12768
3 12771 12736 12768
3 12736 12767 12768
3 12770 12736 12769
3 12736 12770 12767
3 12769 12735 12771
3 12771 12770 12769
3 12737 12697 12772
3 12510 12573 13013
3 12845 12575 12811
3 12811 12539 12998
3 12612 12976 12740
3 12976 12954 12740
3 12589 12930 12878
3 12473 12206 13059
3 12542 12882 12773
3 12774 12640 12814
3 12702 12641 12746
3 12848 12743 12778
3 12777 12775 12851
3 12777 12778 12743
3 12745 12776 12815
3 12780 12848 12778
3 12778 12777 12851
3 12779 12745 12815
3 12852 12703 12704
3 12746 12748 12815
3 12816 12746 12849
3 12850 12780 12817
3 12750 12818 12885
3 12707 12750 12781
3 12747 12675 12819
3 12709 12710 12961
3 12821 12854 12711
3 12712 12678 12855
3 12856 12623 12676
3 12855 12678 12822
3 12753 12822 12678
3 12783 12625 12887
3 12918 12626 12713
3 12680 12784 12714
3 12354 12938 13005
3 12354 12716 12938
3 12784 12680 12682
3 12682 12785 12784
3 12761 12792 12757
3 12792 12758 12757
3 12792 12788 12758
3 12758 12788 12789
3 12788 12790 12789
3 12717 12797 12786
3 12825 12786 12791
3 12825 12787 12786
3 12832 12759 12754
3 12795 12794 12793
3 12789 12795 12793
3 12795 12790 12796
3 12795 12789 12790
3 12832 12754 12763
3 12799 12793 12792
3 12761 12762 12792
3 12802 12795 12834
3 12760 12794 12795
3 12799 12792 12762
3 12794 12799 12800
3 12763 12754 12728
3 12799 12760 12793
3 12840 12802 12798
3 12802 12834 12798
3 12797 12726 12902
3 12800 12799 12765
3 12795 12802 12800
3 12760 12795 12800
3 12764 12767 12799
3 12803 12766 12765
3 12799 12803 12765
3 12767 12770 12806
3 12766 12801 12841
3 12802 12801 12800
3 12804 12766 12803
3 12766 12804 12801
3 12801 12802 12841
3 12803 12806 12805
3 12803 12805 12804
3 12799 12767 12806
3 12803 12799 12806
3 12902 12586 12737
3 12806 12770 12771
3 12995 12564 12928
3 12873 12536 12663
3 12739 12807 12809
3 13036 12636 12808
3 12949 12538 12875
3 12875 12538 12664
3 12876 12875 12664
3 12876 12664 12950
3 13047 12576 12909
3 12812 12589 12877
3 12589 12878 12877
3 12612 12953 12976
3 12930 12540 12955
3 12999 12540 12879
3 12881 12613 12773
3 12667 12742 12813
3 12846 12667 12813
3 12668 12639 12846
3 12883 12774 12814
3 12933 12641 12698
3 12746 12641 12933
3 12746 12933 12935
3 12848 12847 12743
3 12851 12775 12744
3 12884 12848 12780
3 12851 12744 12852
3 12884 12780 12850
3 12746 12935 12849
3 12708 12852 12704
3 12749 12778 12851
3 12749 12851 12708
3 12851 12852 12708
3 12747 12915 12817
3 12915 12747 12819
3 12781 12750 12885
3 12855 12821 12712
3 12820 12856 12676
3 12679 12623 12856
3 12753 12679 12856
3 12886 12822 12753
3 12646 12919 12824
3 12858 12714 12920
3 12920 12714 12784
3 12860 12786 12861
3 12861 12786 12787
3 12828 12583 12862
3 12785 12756 12939
3 12792 12793 12788
3 12793 12790 12788
3 12786 12797 12791
3 12825 12791 12861
3 12787 12825 12826
3 12826 12864 12787
3 12793 12794 12790
3 12794 12833 12790
3 12830 12796 12829
3 12831 12834 12830
3 12797 12826 12791
3 12826 12797 12900
3 12864 12826 12868
3 12826 12900 12868
3 12794 12760 12799
3 12834 12795 12796
3 12833 12796 12790
3 12833 12829 12796
3 12831 12835 12834
3 12834 12796 12830
3 12827 12923 12842
3 12842 12832 12763
3 12833 12834 12829
3 12837 12798 12834
3 12833 12837 12834
3 12794 12800 12833
3 12831 12836 12835
3 12838 12798 12837
3 12798 12838 12835
3 12835 12836 12840
3 12872 12900 12797
3 12839 12837 12833
3 12801 12839 12833
3 12800 12801 12833
3 12840 12839 12802
3 12837 12840 12838
3 12840 12837 12839
3 12798 12835 12840
3 12839 12801 12804
3 12839 12804 12841
3 12805 12766 12841
3 12841 12802 12839
3 12841 12804 12805
3 12843 12904 12732
3 12904 12807 12732
3 12458 12874 12907
3 12576 13047 12665
3 12665 12952 12612
3 12999 12955 12540
3 12541 12910 13016
3 12666 12978 12446
3 12813 12742 12774
3 12698 12668 12846
3 12883 12814 12847
3 12814 12669 12847
3 12934 12847 12848
3 12817 12853 12850
3 12818 12816 12913
3 12853 12817 12914
3 12818 12750 12816
3 12709 12961 12819
3 12751 12917 12752
3 12782 12751 12752
3 12710 12854 12961
3 12917 12820 12752
3 13052 12783 12984
3 12716 12715 12938
3 12715 12858 12938
3 12919 12646 13028
3 12920 12784 12939
3 13028 12646 12889
3 12939 12784 12785
3 12861 12787 12859
3 12826 12861 12859
3 12787 12864 12859
3 12863 12859 12864
3 12899 12939 12756
3 12717 12860 12889
3 12791 12860 12861
3 12791 12826 12860
3 12861 12826 12825
3 12864 12865 12863
3 12867 12866 12865
3 12832 12827 12759
3 12834 12871 12829
3 12871 12830 12829
3 12864 12868 12869
3 12870 12865 12869
3 12869 12865 12864
3 12891 12867 12870
3 12870 12867 12865
3 12894 12896 12867
3 12897 12827 12832
3 12871 12836 12831
3 12871 12831 12830
3 12871 12834 12835
3 12842 12923 12925
3 12871 12835 12838
3 12840 12836 12838
3 12836 12871 12838
3 12897 12832 12842
3 12797 12902 12969
3 12725 12898 12903
3 12843 12725 12903
3 12536 13054 12899
3 12903 12904 12843
3 12608 12536 12899
3 12536 12873 13054
3 12564 13032 12928
3 12902 12737 12969
3 12809 12807 12929
3 12772 12738 12905
3 12973 12663 12949
3 12738 12844 12905
3 13011 12810 12636
3 12951 12909 12510
3 12998 12539 12812
3 12881 12773 12956
3 12813 12774 12883
3 12698 12846 12933
3 12934 12848 12884
3 12850 12911 12884
3 12912 12816 12849
3 12816 12912 12913
3 12914 12817 12959
3 12915 12959 12817
3 12818 12936 12885
3 12981 12819 12961
3 12916 12751 12781
3 12751 12916 12917
3 12854 12821 12937
3 12821 12855 12937
3 12886 12856 12963
3 12753 12856 12886
3 12887 12823 13026
3 12823 12624 12626
3 13052 12627 12783
3 12893 12689 13027
3 12869 12863 12890
3 12890 12863 12865
3 12890 12865 12891
3 12891 12865 12866
3 12891 12866 12892
3 12892 12866 12867
3 12897 12923 12827
3 12868 12863 12869
3 12890 12870 12869
3 12870 12890 12891
3 12892 12894 12891
3 12894 12867 12891
3 12894 12922 12895
3 12894 12895 12896
3 12895 12922 12900
3 12900 12896 12895
3 12896 12901 12921
3 12901 12900 12927
3 12901 12896 12900
3 12925 12926 12842
3 12872 12797 12969
3 12968 12872 12969
3 12873 12663 13034
3 12973 13034 12663
3 12969 12737 12772
3 12905 12969 12772
3 12807 12904 12929
3 12906 12905 12844
3 12929 12908 12809
3 12948 12906 12907
3 13011 12636 13036
3 12510 13013 12951
3 12910 12740 12954
3 12541 13016 12931
3 12846 12813 12883
3 12958 12846 12883
3 12958 12883 12934
3 12934 12883 12847
3 12933 12846 12958
3 12884 12911 12934
3 12853 12911 12850
3 12936 12818 12913
3 12960 12781 12885
3 12856 12820 12983
3 12964 12855 12822
3 12626 12918 12823
3 12783 12887 12984
3 12888 12627 13052
3 13064 12918 12713
3 12858 12920 12938
3 12965 12920 12939
3 12894 12892 12922
3 12896 12892 12867
3 12941 12967 12921
3 12900 12922 12868
3 12923 12941 12925
3 12725 12828 12898
3 12921 12945 12941
3 12941 12924 12925
3 12897 12842 12926
3 12872 12927 12900
3 12921 12901 12945
3 12941 12987 12924
3 12872 12968 13009
3 12903 12988 12946
3 12988 12903 12898
3 12944 12988 12898
3 12929 12904 12993
3 12947 12905 12906
3 12997 12907 12975
3 12907 12874 12975
3 12974 12874 12908
3 12882 12956 12773
3 12912 12849 12935
3 12979 12934 12911
3 13020 12913 12912
3 12981 12915 12819
3 13003 12960 12885
3 12781 12960 12916
3 12983 12820 12917
3 12854 12937 12962
3 12855 12964 12937
3 12964 12886 12963
3 13042 12823 12918
3 12965 12938 12920
3 12922 12892 12896
3 12922 12896 12921
3 12965 12899 12940
3 12899 12965 12939
3 12868 12966 12863
3 12966 12859 12863
3 12942 12941 12923
3 12985 12868 12922
3 12898 12828 12944
3 12926 12942 12923
3 12926 12923 12897
3 12945 12987 12941
3 12925 12924 12943
3 13009 12927 12872
3 13045 12901 12927
3 12903 12946 12993
3 12904 12903 12993
3 12971 12969 12994
3 12969 12905 12994
3 12974 12908 12929
3 12947 12906 12948
3 12974 12975 12874
3 12845 12811 12998
3 13015 12930 12955
3 12957 12978 12666
3 13038 12882 13017
3 12956 12882 13038
3 13000 12958 12934
3 12933 12958 13000
3 13018 13000 12934
3 12933 13000 12935
3 13001 13020 12912
3 13039 13019 12911
3 12911 12853 12980
3 12853 12914 12980
3 13021 12936 12913
3 12854 12962 12961
3 13004 12983 12917
3 12937 12982 12962
3 12983 12963 12856
3 12822 12886 12964
3 12984 12887 13026
3 13064 12713 12824
3 12965 13029 12938
3 12889 12860 12826
3 12966 12826 12859
3 12922 12921 12985
3 13032 12893 13043
3 12943 12967 12941
3 12943 12941 12942
3 12925 12943 12942
3 12925 12942 12926
3 12968 12989 12991
3 12968 12991 13009
3 12945 12901 13045
3 12986 12987 12945
3 12987 12943 12924
3 12968 12971 12970
3 12971 12968 12969
3 12988 12972 12946
3 12994 12991 12971
3 12947 12994 12905
3 12947 12948 12997
3 12907 12997 12948
3 12875 12876 13012
3 12998 12812 13014
3 12879 13037 13088
3 13037 12879 12880
3 13037 12880 12881
3 13049 13037 12881
3 13049 12881 12956
3 13018 12934 12979
3 12912 12935 13001
3 12980 13039 12911
3 13020 13021 12913
3 13021 13002 12936
3 12959 12980 12914
3 12936 13003 12885
3 12936 13002 13003
3 12981 13040 12959
3 13023 12981 12961
3 13023 12961 12962
3 12960 13004 12916
3 12982 13023 12962
3 12917 12916 13004
3 12983 13004 13025
3 12983 13025 12963
3 12937 12964 12982
3 13042 13026 12823
3 13060 13052 12984
3 12857 13052 13065
3 13029 13005 12938
3 12826 12966 12889
3 12966 13028 12889
3 12940 13029 12965
3 12966 12868 12985
3 12899 13030 12940
3 12921 12967 12986
3 12967 12987 12986
3 12967 12943 12987
3 13008 12988 12944
3 12945 13045 13010
3 12945 13007 12986
3 12990 12972 12988
3 13008 12990 12988
3 12928 13032 13067
3 12989 12968 12970
3 12989 12970 12971
3 12991 12989 12971
3 12992 12972 12990
3 13009 12991 12994
3 13045 12927 13055
3 12972 13046 12946
3 12993 12946 13046
3 12929 12993 13046
3 12929 13046 12996
3 12996 12974 12929
3 13055 12994 12947
3 12975 12974 12997
3 13012 12876 12950
3 13061 12812 12877
3 12999 13062 12955
3 12999 12879 13088
3 13001 12935 13000
3 12911 13019 12979
3 13022 12980 12959
3 12959 12915 12981
3 12960 13003 13041
3 13024 12960 12981
3 13024 13004 12960
3 13004 13024 13025
3 12857 12888 13052
3 12681 13005 13066
3 13029 12940 13030
3 13031 12944 12828
3 13044 12921 12986
3 13007 13044 12986
3 12990 13008 13006
3 12899 13054 13030
3 12927 13009 13033
3 13006 13007 13010
3 13007 12945 13010
3 12990 13006 12992
3 12873 13056 13054
3 13010 12992 13006
3 13009 12994 13033
3 13056 12873 13034
3 13033 12994 13055
3 13055 12947 13035
3 12997 13035 12947
3 12996 13058 12974
3 12949 12875 13083
3 12573 12810 13068
3 13013 12573 13068
3 13014 12812 13061
3 12952 12665 13047
3 13048 12930 13015
3 13063 13062 12999
3 13063 12999 13088
3 13000 13018 13001
3 13018 13019 13001
3 13019 13018 12979
3 12980 13022 13039
3 13022 12959 13040
3 13051 13002 13021
3 13051 13041 13002
3 13002 13041 13003
3 12981 13041 13040
3 12960 13041 12981
3 13024 12981 13023
3 13025 13024 13023
3 12982 13025 13023
3 12963 13025 12982
3 12964 12963 12982
3 13026 13060 12984
3 13042 12918 13064
3 13064 12824 13127
3 12828 12862 13031
3 12985 12921 13044
3 13006 13044 13007
3 13053 13006 13008
3 13033 13055 12927
3 13057 13046 12972
3 12992 13057 12972
3 12996 13046 13058
3 13058 13035 12974
3 13074 12808 12995
3 13035 12997 12974
3 13036 12808 13074
3 12810 13011 13068
3 13012 12950 13076
3 13076 12950 12845
3 12909 12951 13084
3 13061 12877 12878
3 12976 12953 13069
3 13015 12955 13062
3 12957 13094 12978
3 13001 13050 13020
3 13001 13019 13050
3 13050 13019 13039
3 13039 13022 13040
3 13027 13065 13080
3 12944 13031 13053
3 13106 12862 12681
3 12944 13053 13008
3 13045 13058 13010
3 13058 12992 13010
3 13057 12992 13058
3 13058 13046 13057
3 13045 13055 13035
3 12998 13076 12845
3 12953 12952 13085
3 13061 12878 12930
3 13015 13087 13048
3 13049 12956 13038
3 13020 13050 13051
3 13021 13020 13051
3 13040 13050 13039
3 13041 13051 13050
3 13041 13050 13040
3 13127 12824 12919
3 12893 13027 13080
3 13070 13005 13029
3 12985 13044 12966
3 13029 13030 13070
3 13054 13070 13030
3 13092 12928 13067
3 13045 13035 13058
3 12995 12928 13092
3 13034 12973 13073
3 13073 12973 12949
3 13100 12998 13014
3 12976 13071 12954
3 12910 12954 13101
3 13087 13015 13062
3 12957 12977 13094
3 13078 13038 13017
3 12741 12978 13089
3 13017 12882 12473
3 13028 12966 13044
3 13054 13056 13111
3 13073 12949 13083
3 13099 13012 13076
3 13047 12909 13084
3 13085 13069 12953
3 13061 12930 13048
3 13101 12954 13071
3 13077 12910 13072
3 13016 12910 13077
3 12932 12931 13104
3 12932 13104 12977
3 12977 13104 13094
3 13094 13089 12978
3 13017 12473 13109
3 13060 13026 13095
3 13079 13026 13042
3 13052 13060 13095
3 13096 13043 12893
3 13070 13066 13005
3 13006 13053 13044
3 13054 13111 13091
3 13034 13107 13056
3 13083 12875 13075
3 13011 13036 13074
3 12875 13012 13075
3 12951 13013 13115
3 13100 13076 12998
3 13085 12952 13047
3 13061 13048 13086
3 12910 13101 13072
3 13016 13123 12931
3 13123 13104 12931
3 13078 13049 13038
3 13065 13052 13095
3 13065 13095 13080
3 13127 12919 13133
3 13066 13070 13090
3 13097 13043 13082
3 13032 13043 13097
3 13067 13032 13097
3 13054 13091 13070
3 13107 13034 13073
3 13011 13074 13098
3 13075 13012 13099
3 13115 13013 13068
3 13084 12951 13115
3 13103 13062 13063
3 13049 13088 13037
3 12638 12741 13181
3 13095 13026 13079
3 13042 13064 13079
3 13080 13096 12893
3 13081 13028 13044
3 13134 13031 12862
3 13106 12681 13066
3 13111 13056 13107
3 13085 13047 13084
3 12976 13069 13071
3 13102 13087 13062
3 13103 13063 13088
3 13016 13077 13123
3 13078 13017 13109
3 12741 13089 13125
3 12473 13117 13109
3 13127 13079 13064
3 13096 13082 13043
3 13081 13044 13053
3 13091 13090 13070
3 13092 13067 13119
3 13074 12995 13114
3 13014 13138 13100
3 13108 13069 13139
3 13071 13069 13108
3 13101 13071 13121
3 13131 13088 13049
3 13095 13079 13110
3 13080 13113 13096
3 13143 13031 13134
3 13106 13066 13090
3 13053 13031 13143
3 13014 13061 13138
3 13069 13085 13139
3 13102 13062 13093
3 13062 13103 13093
3 12473 13059 13117
3 13105 13110 13079
3 13080 13095 13113
3 13127 13105 13079
3 13090 13091 13106
3 13114 12995 13144
3 13068 13011 13098
3 13145 13086 13130
3 13071 13129 13121
3 13131 13049 13078
3 13078 13109 13112
3 13110 13113 13095
3 13028 13081 13160
3 13067 13097 13118
3 12995 13092 13144
3 13073 13136 13107
3 13085 13084 13151
3 13086 13048 13130
3 13108 13129 13071
3 13102 13116 13087
3 13072 13101 13152
3 13122 13093 13103
3 13131 13078 13112
3 13089 13094 13125
3 13059 12638 13182
3 13113 13110 13105
3 13133 12919 13028
3 13067 13118 13128
3 13091 13111 13106
3 13067 13128 13119
3 13073 13083 13136
3 13068 13098 13120
3 13137 13099 13076
3 13084 13115 13151
3 13139 13129 13108
3 13116 13102 13093
3 13122 13157 13093
3 13104 13140 13094
3 13148 13131 13112
3 13126 13113 13105
3 13113 13126 13096
3 13082 13096 13126
3 13082 13126 13132
3 13097 13082 13132
3 13135 13111 13107
3 13074 13114 13098
3 13083 13075 13137
3 13120 13115 13068
3 13077 13072 13152
3 13131 13103 13088
3 13141 13125 13094
3 13112 13109 13124
3 12638 13181 13182
3 13132 13118 13097
3 13161 13106 13111
3 13136 13135 13107
3 13137 13075 13099
3 13086 13138 13061
3 13145 13138 13086
3 13130 13048 13087
3 13157 13116 13093
3 13181 12741 13125
3 13142 13126 13105
3 13150 13118 13132
3 13081 13053 13143
3 13092 13119 13144
3 13135 13136 13162
3 13114 13144 13184
3 13154 13120 13098
3 13137 13076 13155
3 13120 13169 13115
3 13101 13121 13156
3 13153 13077 13152
3 13122 13103 13131
3 13123 13153 13140
3 13140 13104 13123
3 13112 13124 13149
3 13109 13117 13124
3 13142 13105 13127
3 13126 13142 13132
3 13168 13162 13136
3 13136 13083 13137
3 13154 13098 13165
3 13139 13085 13151
3 13087 13116 13147
3 13121 13146 13156
3 13116 13157 13147
3 13077 13153 13123
3 13158 13094 13140
3 13094 13158 13141
3 13117 13172 13124
3 13150 13142 13127
3 13150 13127 13133
3 13132 13142 13150
3 13118 13150 13159
3 13134 12862 13183
3 13155 13076 13100
3 13130 13087 13191
3 13152 13101 13156
3 13124 13172 13149
3 13117 13059 13182
3 13133 13159 13150
3 13133 13028 13160
3 12862 13106 13183
3 13161 13111 13135
3 13098 13114 13165
3 13174 13100 13138
3 13170 13121 13129
3 13087 13147 13191
3 13152 13156 13164
3 13148 13166 13131
3 13112 13149 13148
3 13167 13118 13159
3 13128 13118 13167
3 13169 13120 13154
3 13115 13169 13151
3 13174 13155 13100
3 13139 13151 13175
3 13145 13130 13176
3 13146 13121 13170
3 13147 13157 13163
3 13171 13157 13178
3 13122 13131 13166
3 13141 13181 13125
3 13117 13182 13172
3 13160 13081 13143
3 13128 13167 13189
3 13183 13106 13161
3 13144 13119 13128
3 13173 13136 13137
3 13138 13145 13176
3 13185 13129 13139
3 13130 13191 13176
3 13171 13163 13157
3 13122 13178 13157
3 13153 13152 13187
3 13140 13179 13158
3 13180 13148 13149
3 13149 13172 13180
3 13133 13189 13159
3 13189 13133 13160
3 13161 13135 13162
3 13173 13137 13155
3 13169 13209 13151
3 13186 13146 13192
3 13156 13146 13186
3 13177 13156 13186
3 13164 13156 13177
3 13158 13195 13141
3 13248 13160 13143
3 13143 13134 13236
3 13144 13128 13207
3 13144 13207 13190
3 13190 13184 13144
3 13114 13184 13165
3 13173 13168 13136
3 13174 13138 13176
3 13139 13175 13185
3 13170 13129 13185
3 13146 13170 13192
3 13187 13152 13164
3 13188 13178 13122
3 13140 13202 13179
3 13140 13153 13202
3 13180 13203 13148
3 13158 13179 13195
3 13181 13141 13195
3 13167 13159 13189
3 13175 13151 13209
3 13192 13196 13186
3 13191 13147 13163
3 13164 13199 13201
3 13198 13178 13200
3 13164 13177 13199
3 13166 13188 13122
3 13187 13202 13153
3 13148 13203 13166
3 13181 13205 13182
3 13236 13134 13183
3 13206 13161 13162
3 13215 13162 13168
3 13208 13173 13155
3 13185 13216 13170
3 13186 13193 13177
3 13177 13193 13197
3 13198 13171 13178
3 13177 13197 13199
3 13178 13188 13194
3 13214 13195 13179
3 13219 13181 13195
3 13204 13172 13182
3 13207 13128 13189
3 13168 13173 13238
3 13178 13194 13200
3 13187 13164 13201
3 13188 13166 13203
3 13179 13202 13214
3 13182 13222 13204
3 13160 13235 13189
3 13206 13183 13161
3 13154 13165 13228
3 13154 13228 13169
3 13174 13208 13155
3 13230 13174 13176
3 13175 13209 13239
3 13176 13191 13253
3 13191 13163 13232
3 13193 13186 13217
3 13218 13198 13200
3 13210 13199 13197
3 13199 13218 13200
3 13199 13200 13211
3 13201 13199 13211
3 13211 13200 13194
3 13194 13188 13212
3 13187 13201 13221
3 13188 13203 13212
3 13203 13180 13213
3 13204 13213 13180
3 13180 13172 13204
3 13182 13205 13220
3 13235 13160 13248
3 13238 13173 13208
3 13169 13229 13209
3 13192 13170 13216
3 13210 13218 13199
3 13187 13221 13202
3 13219 13226 13181
3 13223 13236 13183
3 13227 13206 13162
3 13238 13215 13168
3 13169 13228 13229
3 13229 13239 13209
3 13185 13175 13239
3 13246 13192 13216
3 13196 13192 13246
3 13196 13217 13186
3 13232 13163 13171
3 13214 13219 13195
3 13204 13222 13243
3 13226 13205 13181
3 13182 13220 13222
3 13248 13143 13236
3 13223 13183 13249
3 13206 13249 13183
3 13184 13190 13259
3 13245 13208 13174
3 13230 13176 13253
3 13191 13231 13253
3 13217 13224 13193
3 13197 13193 13224
3 13171 13198 13232
3 13221 13201 13211
3 13233 13211 13225
3 13211 13194 13225
3 13225 13194 13212
3 13202 13221 13234
3 13203 13213 13243
3 13214 13202 13226
3 13226 13219 13214
3 13243 13213 13204
3 13269 13207 13189
3 13190 13207 13237
3 13227 13162 13215
3 13165 13184 13228
3 13230 13245 13174
3 13251 13230 13253
3 13216 13185 13252
3 13231 13191 13232
3 13254 13231 13232
3 13221 13211 13233
3 13241 13225 13212
3 13212 13203 13241
3 13202 13234 13226
3 13243 13241 13203
3 13244 13222 13220
3 13189 13235 13257
3 13249 13206 13227
3 13237 13207 13269
3 13255 13190 13237
3 13259 13190 13255
3 13228 13184 13259
3 13250 13238 13208
3 13217 13196 13246
3 13246 13224 13217
3 13221 13233 13234
3 13220 13205 13226
3 13242 13220 13226
3 13244 13220 13242
3 13244 13247 13222
3 13243 13222 13247
3 13269 13189 13257
3 13238 13256 13215
3 13228 13260 13229
3 13250 13208 13245
3 13252 13185 13239
3 13246 13216 13252
3 13266 13254 13232
3 13232 13198 13267
3 13240 13233 13225
3 13234 13233 13240
3 13240 13225 13241
3 13247 13240 13241
3 13226 13234 13242
3 13243 13247 13241
3 13247 13244 13242
3 13227 13215 13256
3 13253 13231 13254
3 13197 13224 13263
3 13234 13240 13247
3 13242 13234 13247
3 13258 13248 13236
3 13256 13238 13250
3 13228 13259 13264
3 13228 13264 13260
3 13246 13263 13224
3 13198 13218 13267
3 13232 13267 13266
3 13268 13197 13263
3 13235 13261 13257
3 13235 13248 13261
3 13236 13223 13258
3 13258 13223 13249
3 13227 13256 13262
3 13265 13250 13245
3 13245 13230 13251
3 13252 13273 13246
3 13262 13249 13227
3 13277 13256 13265
3 13239 13229 13270
3 13229 13260 13270
3 13271 13245 13251
3 13251 13253 13272
3 13252 13270 13273
3 13210 13197 13268
3 13268 13218 13210
3 13261 13248 13258
3 13255 13269 13275
3 13255 13237 13269
3 13277 13262 13256
3 13256 13250 13265
3 13272 13271 13251
3 13252 13239 13270
3 13266 13272 13254
3 13218 13268 13267
3 13258 13249 13262
3 13259 13255 13275
3 13271 13265 13245
3 13272 13253 13254
3 13263 13246 13273
3 13274 13258 13262
3 13262 13277 13274
3 13278 13270 13280
3 13270 13278 13273
3 13266 13267 13282
3 13274 13277 13285
3 13260 13264 13280
3 13270 13260 13280
3 13265 13271 13281
3 13282 13287 13266
3 13268 13263 13276
3 13261 13258 13279
3 13283 13261 13279
3 13269 13257 13284
3 13275 13269 13284
3 13264 13259 13275
3 13264 13275 13280
3 13265 13286 13277
3 13272 13281 13271
3 13287 13272 13266
3 13268 13276 13282
3 13257 13261 13283
3 13284 13257 13283
3 13279 13258 13274
3 13281 13286 13265
3 13287 13281 13272
3 13273 13278 13288
3 13278 13291 13288
3 13288 13263 13273
3 13293 13287 13282
3 13263 13288 13276
3 13267 13268 13282
3 13285 13279 13274
3 13275 13290 13280
3 13285 13277 13286
3 13278 13280 13291
3 13276 13288 13293
3 13275 13284 13290
3 13280 13290 13291
3 13292 13286 13281
3 13292 13281 13287
3 13276 13293 13282
3 13284 13283 13289
3 13289 13283 13279
3 13284 13289 13290
3 13292 13285 13286
3 13293 13292 13287
3 13289 13279 13285
3 13294 13289 13285
3 13291 13290 13294
3 13290 13289 13294
3 13294 13285 13292
3 13294 13292 13293
3 13291 13294 13288
3 13288 13294 13293
