NOFF
1856 3708 0
0.008726283 0.131466 0.01226643 0.155936 0.987671 0.0137807 
-0.04532421 0.1219113 0.02613431 0.277894 0.630509 0.724729 
0.01054 0.105742 0.043649 -0.176573 0.714454 0.677036 
-0.03250301 0.116645 0.03216201 -0.023998 0.663251 0.748012 
-0.02533083 0.03828081 -0.003599989 0.00811565 -0.999728 -0.0218808 
0.04251568 0.05083559 -0.006698952 0.187885 -0.170338 -0.967308 
0.020283 0.06936199 -0.028408 0.456903 0.0263493 -0.889126 
-0.08677299 0.082003 0.01449 -0.982506 -0.183799 0.0300118 
0.02238473 0.06707837 -0.0269228 0.58701 -0.0696644 -0.806577 
-0.0433065 0.1297335 0.009092501 0.444891 0.894215 -0.0495117 
0.004817679 0.1311882 0.02035363 0.0492859 0.983013 0.176795 
0.03178701 0.05183564 -0.01017611 0.754081 -0.514893 -0.407734 
0.01027595 0.1301247 0.02193798 0.215781 0.94936 0.228372 
0.001770668 0.1315662 0.01718765 -0.0540918 0.992458 0.110008 
-0.05417207 0.04874586 -0.005903447 -0.646646 0.248182 -0.721287 
-0.08853832 0.1036073 0.01413883 -0.949591 0.313373 -0.00866115 
-0.08984452 0.09720544 0.01468636 -0.998543 0.0285482 -0.0457963 
-0.067496 0.093068 0.042602 -0.312869 0.19323 0.929933 
-0.05592999 0.13815 0.031383 0.627512 0.347405 0.696805 
-0.04629972 0.04324027 0.04361278 0.223816 0.416762 0.881031 
0.01875474 0.03491806 -0.006082822 0.380421 -0.916293 -0.125247 
-0.02012398 0.1188596 0.0345144 -0.334715 0.649172 0.683038 
-0.008724238 0.172382 -0.02672722 0.946941 -0.194425 -0.255933 
-0.06244901 0.1020942 0.04215772 -0.131453 0.367529 0.920675 
-0.03794334 0.1042674 -0.02032877 -0.0830281 0.249801 -0.964731 
-0.07311738 0.06418106 0.0103026 -0.663236 -0.747441 -0.038067 
-0.03846249 0.03415737 0.02704908 -0.102034 -0.983389 -0.150117 
-0.08632467 0.1521331 0.02525039 -0.48713 0.834807 0.25652 
-0.045827 0.125298 0.024766 0.799637 0.304557 0.517519 
-0.03740009 0.119706 0.03020857 0.030196 0.619999 0.784021 
-0.080935 0.145916 -0.000819 -0.769266 0.211482 -0.602913 
-0.08229303 0.1175118 -0.003070502 -0.553158 -0.341389 -0.759915 
0.003349724 0.03851038 -0.01295987 -0.193471 -0.882748 0.428165 
-0.06924906 0.1224144 -0.008994453 -0.0681741 -0.0275661 -0.997293 
-0.087004 0.115772 0.002282 -0.684867 -0.405752 -0.605245 
-0.03634 0.034467 0.032718 0.0649934 -0.997863 0.00679357 
-0.08411831 0.1207163 -0.003339302 -0.479323 -0.189052 -0.857035 
-0.02301273 0.1021155 -0.02385177 -0.0295386 0.212967 -0.976613 
-0.06594298 0.04569855 0.00634512 -0.461905 0.864169 0.199637 
-0.06141562 0.1565506 -0.02790647 0.997607 -0.0611832 -0.0321913 
-0.07802422 0.1482818 -0.003200278 -0.884632 0.141188 -0.4444 
-0.07702883 0.1456323 -0.004412602 -0.733573 -0.0348018 -0.678719 
-0.002206969 0.07366112 -0.0358941 0.206336 -0.174543 -0.962788 
-0.06236641 0.1631564 -0.05329067 0.968706 -0.247386 -0.0202298 
0.03465907 0.1057978 -0.00932561 0.670803 0.463956 -0.578592 
-0.05626163 0.1598985 0.001906709 -0.712309 0.599232 -0.365427 
-0.024027 0.158277 -0.010771 0.193916 -0.870122 -0.453082 
-0.03343023 0.03399621 0.02219959 -0.0943762 -0.995516 -0.00640625 
-0.04942252 0.03460465 0.04401988 0.097123 -0.942895 0.318617 
-0.069363 0.163799 -0.050975 -0.932575 -0.0785939 -0.352317 
-0.07888374 0.169421 -0.03603924 -0.893602 0.38268 0.234588 
-0.07139521 0.1680177 -0.04807854 -0.848065 -0.337772 -0.408284 
-0.0431807 0.1687225 0.002170385 -0.240934 0.734013 0.634961 
0.041288 0.091466 -0.008777 0.814132 0.272537 -0.512749 
0.03587977 0.05873846 0.03582099 0.732351 -0.333658 0.593578 
-0.05266005 0.05728072 0.02211577 -0.832792 -0.55083 0.0551653 
-0.07082839 0.1281856 -0.009148253 -0.122437 0.0486209 -0.991285 
-0.01443185 0.08089973 -0.03933063 0.0750716 -0.0730974 -0.994495 
-0.05413126 0.06046143 0.02586846 -0.469577 -0.781045 0.411663 
-0.08102593 0.1341563 -0.003589154 -0.577257 0.22485 -0.784995 
-0.02690111 0.05669026 0.03752014 -0.662813 -0.0330733 0.748055 
-0.07180023 0.1149095 -0.007752329 -0.415372 0.185882 -0.890457 
-0.055517 0.154658 0.015223 0.465171 0.851938 0.240453 
-0.00924456 0.08541992 -0.03801972 0.175604 0.145203 -0.973694 
-0.02981107 0.1577092 -0.01158138 0.112884 -0.746861 -0.655328 
-0.040011 0.102178 0.040663 0.0579875 0.387992 0.919837 
-0.06512047 0.06231885 0.02359257 -0.328918 -0.849042 0.41345 
0.001485979 0.1187399 0.03867525 0.106182 0.556717 0.823888 
0.043146 0.065034 -0.001177 0.605607 0.204657 -0.768996 
-0.04128698 0.0338482 -0.001877791 0.300956 -0.9419 -0.149163 
-0.03885144 0.07985205 0.04305977 0.0103387 -0.157533 0.98746 
-0.073423 0.071165 -0.006645 -0.489392 -0.664249 -0.565038 
-0.07344114 0.0760364 -0.01115217 -0.574245 -0.498309 -0.649561 
-0.08751283 0.1294607 0.04641925 -0.779598 0.14138 0.610114 
-0.001901904 0.03458441 0.04476112 0.0183123 -0.986163 0.164765 
-0.03228507 0.04930625 -0.01827765 -0.522597 0.793859 -0.310935 
-0.07835831 0.07306752 -0.003430744 -0.678903 -0.674679 -0.289654 
-0.08154155 0.1218888 0.04961497 -0.333768 -0.272112 0.902527 
0.04469845 0.06667682 0.0002696364 0.31754 0.458651 -0.829944 
-0.07256595 0.1515443 -0.04056742 -0.977046 0.0419296 -0.20886 
-0.07082772 0.1491318 -0.03945457 -0.123155 -0.963476 -0.237796 
0.04335349 0.05876534 -0.004849872 0.0120632 0.476402 -0.879145 
-0.04056531 0.1603274 0.002629846 0.543456 0.277347 0.792297 
-0.03134036 0.1252691 0.0191925 0.239177 0.916928 0.319434 
-0.036494 0.115224 0.032773 0.0554638 0.551351 0.832428 
-0.02806314 0.06251886 0.03766328 -0.167059 -0.201543 0.965128 
-0.05255242 0.05858669 0.02742908 -0.911674 -0.297573 0.283373 
-0.07595181 0.100109 0.0367716 -0.619707 0.17251 0.765639 
-0.021952 0.038214 0.007176 0.0389147 -0.999162 -0.0126917 
-0.08404841 0.1020008 -0.002467753 -0.847065 0.217779 -0.484823 
-0.02637799 0.08183905 0.051294 -0.873088 -0.0225419 0.487042 
-0.06369682 0.1120021 -0.01366962 -0.402966 0.416987 -0.814703 
-0.01271611 0.04036301 -0.02666502 0.216351 -0.0879509 -0.972346 
-0.061457 0.03720799 0.020151 -0.800249 0.582497 0.142472 
-0.05945331 0.03984338 0.02020823 -0.833444 0.523246 -0.177721 
-0.06176299 0.038716 0.023717 -0.69132 0.355759 -0.628898 
-0.07082292 0.1572836 -0.002174756 0.175414 0.907596 0.381444 
-0.0642254 0.03991741 0.02655 -0.798609 0.372647 -0.472608 
0.01331681 0.0829614 -0.03038714 0.442625 0.0511713 -0.895246 
-0.06210343 0.1459825 -0.005321509 0.898182 0.0661288 -0.434622 
-0.03336699 0.03513269 0.04756123 -0.42005 -0.795253 0.437186 
-0.01575886 0.04771642 0.04877828 0.217097 0.648344 0.729739 
-0.06070751 0.1533895 0.032271 0.236436 0.829987 0.505193 
-0.06143635 0.1697088 -0.06137794 0.465897 -0.154964 -0.871164 
-0.07879788 0.1715694 -0.04395258 -0.813983 -0.418307 -0.403052 
-0.04306199 0.05260791 0.03929059 -0.2133 -0.0115611 0.976918 
-0.02254166 0.1037908 0.04338405 -0.0657963 0.353568 0.933092 
-0.05808298 0.06866618 0.03735847 -0.222819 -0.695408 0.683198 
-0.01771456 0.1112539 0.04051245 -0.1982 0.456589 0.86732 
-0.009928032 0.1187668 0.03800753 -0.160439 0.541801 0.825052 
-0.03247155 0.1137411 -0.01687652 0.0536091 0.56766 -0.821516 
0.046339 0.048969 -0.004467 0.460485 -0.479588 -0.74696 
-0.058897 0.156171 0.002104 -0.493532 0.322325 -0.807795 
-0.009758 0.167025 -0.022376 0.551679 -0.708387 -0.440271 
-0.07785352 0.1571413 -0.01929275 -0.878308 -0.450286 -0.160679 
0.04942918 0.05549442 -0.005037583 0.433484 -0.117417 -0.893479 
0.04169217 0.07041542 -0.0070547 0.911751 -0.117309 -0.393634 
0.03776551 0.04111915 -0.002232673 0.291752 -0.708982 -0.642048 
-0.011781 0.034777 0.042952 -0.107147 -0.84638 -0.521689 
-0.05649501 0.112508 0.035902 -0.00482666 0.327317 0.944902 
-0.03335619 0.03961555 0.05010247 -0.698153 -0.0313673 0.715262 
-0.07266486 0.1446798 -0.01458358 -0.555545 -0.799636 -0.227931 
-0.03426824 0.1662829 -0.003833123 0.71248 -0.036989 0.700717 
-0.023204 0.175652 -0.020763 -0.526218 -0.0840128 -0.84619 
-0.08513749 0.08488641 0.02557397 -0.886265 -0.339023 0.315592 
-0.05369237 0.04411468 0.01960993 -0.540285 0.841326 -0.0161715 
-0.06095251 0.07355152 0.04074323 -0.25589 -0.524145 0.812276 
-0.06277291 0.0925356 0.04495713 -0.194469 0.223701 0.95506 
-0.05810785 0.0847239 0.04406131 -0.0772157 -0.144214 0.986529 
-0.06218493 0.1638801 -0.0394654 0.982488 0.185852 0.0132859 
-0.0422965 0.06805222 0.04154436 -0.237311 -0.181117 0.9544 
0.039515 0.041587 0.025748 0.320002 -0.798398 0.510059 
0.03224151 0.0710855 -0.01853925 0.719349 -0.067057 -0.691405 
0.02320132 0.03488974 0.01809948 -0.264897 -0.945298 -0.190373 
-0.03678348 0.1550597 -0.009523386 -0.0498209 -0.613147 -0.788396 
-0.053835 0.032987 0.017951 -0.126957 -0.991477 0.0292612 
-0.07319593 0.1438681 -0.01032996 -0.616789 -0.713224 -0.33299 
-0.032245 0.15809 0.00239 0.44368 -0.123745 0.887601 
0.02000481 0.1259396 0.001426066 0.45215 0.834032 -0.316149 
-0.01826595 0.03354303 -0.0247313 0.0944772 -0.970357 -0.222446 
-0.05475133 0.03350309 0.01896398 -0.190536 -0.981553 0.0158165 
0.013038 0.034499 0.002932 0.0559256 -0.834383 0.548341 
-0.04854212 0.1556658 -0.006568196 -0.431605 -0.214082 -0.876291 
-0.0012575 0.099549 0.04987901 0.0429819 0.902928 0.427638 
-0.033406 0.159477 0.002417 0.187285 0.659052 0.728406 
-0.06433941 0.08934015 0.04518054 -0.24864 -0.0203587 0.968382 
-0.04626651 0.03451666 0.03070214 0.00824218 -0.997336 0.0724723 
-0.039411 0.125604 0.021627 -0.0260358 0.887416 0.460233 
-0.07656408 0.1479676 -0.007856616 -0.940071 -0.221653 -0.259106 
-0.040492 0.062043 0.041264 -0.137728 -0.170972 0.975602 
-0.07240508 0.1369762 0.04918733 0.37846 0.376489 0.845591 
-0.009979716 0.03895407 -0.01317162 0.0126524 -0.99605 0.0878889 
-0.029939 0.175699 -0.004746 0.691681 -0.0433226 0.720903 
-0.039497 0.059163 0.040517 0.0363594 -0.233125 0.971767 
-0.0520337 0.06561638 0.03566724 -0.290197 -0.607946 0.739045 
0.002952403 0.1116233 0.04216316 0.192595 0.301208 0.933906 
0.024175 0.035115 0.013877 -0.45725 -0.88916 0.0177936 
0.03198662 0.0555105 -0.01384774 0.780521 -0.229997 -0.581282 
-0.07708751 0.1102458 0.04453567 -0.0721612 -0.851642 0.519132 
-0.05780411 0.0745604 -0.01817368 -0.0966152 -0.48581 -0.868708 
0.004601513 0.03408601 0.004271655 -0.115495 -0.992981 0.0254904 
-0.0008050911 0.09721381 0.05304709 0.0914448 0.706261 0.702021 
-0.06983346 0.1427426 -0.0110994 -0.133844 -0.902691 -0.408944 
-0.0009525455 0.0541411 0.05478909 0.0196946 -0.151961 0.98819 
-0.0930183 0.1181502 0.02429938 -0.883883 -0.421864 0.201947 
-0.09295833 0.1264743 0.02823633 -0.96083 0.183635 0.207565 
-0.06514233 0.1119985 0.03850493 0.497755 -0.560006 0.662294 
-0.08861234 0.1017068 0.00984301 -0.94138 0.263737 -0.210349 
-0.08422902 0.1411597 0.04317538 -0.572747 0.555336 0.602961 
0.006290305 0.04369791 0.04543891 0.126361 -0.350009 0.928185 
-0.08759481 0.1104387 0.01675127 -0.772879 -0.618078 0.143661 
-0.064729 0.126998 0.046856 0.753792 0.366616 0.545335 
-0.092643 0.13098 0.01623 -0.940095 0.337433 -0.0485822 
-0.08596404 0.1325364 0.04797553 -0.743286 0.303453 0.596189 
-0.0102195 0.165825 -0.0195045 0.744663 -0.659051 -0.10549 
-0.003744858 0.06287733 0.05610276 -0.0916933 -0.277374 0.956377 
-0.09258004 0.1228274 0.02982489 -0.994904 -0.0509645 0.0869947 
-0.03576114 0.05058527 -0.01075728 -0.0447258 0.547451 -0.835642 
-0.05607599 0.04863101 0.010232 -0.738271 0.438407 0.512596 
-0.08396008 0.09150669 -0.00549321 -0.837236 -0.0244912 -0.546294 
0.022339 0.057881 -0.026231 0.482591 0.0102489 -0.875786 
-0.07226647 0.1481607 -0.0310537 -0.490113 -0.835642 -0.247975 
-0.085976 0.080555 0.007505998 -0.93215 -0.320394 -0.168652 
-0.02188648 0.1844226 -0.01194937 0.485587 0.479133 0.731189 
-0.06937 0.145758 -0.023486 -0.196498 -0.952946 -0.23083 
-0.06470501 0.035219 0.024325 -0.801672 -0.332447 -0.496791 
-0.06505999 0.0425561 0.03429602 -0.908394 0.41796 0.0114326 
0.04995054 0.06399477 -0.002370026 0.0879712 0.560713 -0.823324 
0.013847 0.123867 0.031955 0.333068 0.685503 0.647418 
-0.006036818 0.1121457 0.04185892 -0.0691851 0.43174 0.899341 
-0.02797684 0.07229765 0.04099728 -0.618925 -0.295524 0.727734 
-0.003970418 0.05267997 0.05373051 -0.213435 -0.288516 0.933383 
-0.01583734 0.1032939 -0.0232797 -0.0277749 0.292969 -0.955719 
-0.0215502 0.1135803 -0.01792239 -0.141512 0.644475 -0.751417 
-0.05029256 0.04853617 0.0181736 -0.960111 0.262224 -0.097086 
-0.01450741 0.09901729 -0.02410112 -0.0874246 0.55527 -0.827063 
-0.03564017 0.07826021 -0.01954803 -0.7817 -0.243583 -0.574119 
-0.03037486 0.06905378 -0.02847081 -0.862535 -0.286301 -0.417212 
0.001136249 0.1303479 0.001055512 -0.024987 0.935208 -0.353217 
0.007469581 0.1128544 -0.0195397 0.192085 0.374468 -0.907126 
-0.05229928 0.1443703 0.01801187 0.948525 0.179921 0.260632 
-0.056746 0.15948 0.004804 -0.625396 0.755978 0.193333 
-0.026244 0.1193318 0.03055782 -0.245472 0.768018 0.591517 
-0.015785 0.078479 -0.038567 0.0181865 -0.0765219 -0.996902 
0.02568046 0.09903873 -0.019385 0.503649 0.311107 -0.805947 
0.015472 0.101771 0.04680401 0.211901 0.361491 0.907977 
0.003183 0.08947999 -0.033529 0.263221 0.243079 -0.93361 
-0.09425744 0.1194297 0.0167231 -0.982335 -0.159729 -0.0974906 
-0.07402809 0.1111315 0.04640551 -0.0186194 -0.867826 0.496519 
-0.037228 0.160948 0.00045 0.179454 0.741919 0.646028 
-0.079619 0.104749 0.031927 -0.713456 0.177457 0.677856 
-0.01296763 0.1626535 -0.01514653 0.315195 -0.87032 -0.37841 
-0.0005652308 0.07677085 0.05831793 0.273221 0.0736669 0.959127 
-0.08586355 0.1123712 0.02863191 -0.544272 -0.837516 -0.0483214 
-0.04806259 0.03394279 -0.01448153 -0.709881 -0.527154 -0.467095 
0.00535157 0.03452873 0.04240604 0.0274769 -0.991974 0.123417 
0.01818484 0.04217704 0.04385329 0.398827 0.00810471 0.91699 
-0.030545 0.07769101 -0.03359 -0.745798 -0.114077 -0.656332 
0.0135958 0.03496945 0.04223944 0.191862 -0.941836 0.275923 
-0.07568201 0.1139547 0.05021141 -0.295642 -0.630952 0.717283 
-0.06160821 0.1247877 0.0431229 0.795496 0.157931 0.585016 
0.02628 0.073308 -0.024495 0.606921 -0.0202004 -0.794505 
0.02835116 0.07014703 -0.0225253 0.667554 -0.193193 -0.71906 
0.03207256 0.06200413 -0.01819065 0.646228 -0.215561 -0.732068 
-0.064793 0.034661 0.015995 -0.542871 -0.685984 0.484476 
-0.06414869 0.03632554 0.01720607 -0.765464 0.080864 0.638377 
-0.02379927 0.03639087 0.05409946 0.0298967 -0.485222 0.87388 
0.0223 0.036044 0.01083 -0.241433 -0.957282 0.159124 
0.04680942 0.07442798 0.01559805 0.884876 0.443854 0.141379 
0.007831425 0.03461286 0.01750971 0.116219 -0.992489 -0.0382041 
0.018764 0.036357 0.006112 -0.153522 -0.972927 0.172757 
-0.047104 0.035549 0.008079999 0.0579691 -0.901244 0.429417 
0.01714437 0.06008892 -0.02794338 0.341108 -0.0895396 -0.93575 
-0.055027 0.05604401 -0.00441 -0.884299 -0.157871 -0.439423 
0.02221291 0.06220676 -0.02599553 0.585639 -0.013524 -0.810459 
-0.06697835 0.1514222 -0.04229444 0.610672 -0.762314 -0.214377 
0.02386776 0.06464199 -0.02416551 0.686809 -0.112726 -0.718043 
-0.06864281 0.1626111 -0.01331592 0.462231 0.781055 0.419877 
-0.01618125 0.1870802 -0.02155878 0.561946 0.805115 0.189755 
-0.01835271 0.09792168 -0.02460289 -0.140399 0.72152 -0.67801 
0.029596 0.058047 -0.017827 0.714213 -0.271078 -0.645303 
0.03448424 0.03576835 0.01169834 0.3331 -0.942674 0.0202642 
-0.013515 0.181607 -0.023169 0.798412 0.248871 0.548271 
-0.051128 0.048763 0.015179 -0.78419 0.378549 0.491677 
-0.05158699 0.08671104 -0.02168588 -0.0350411 -0.0533501 -0.997961 
-0.089702 0.151503 0.017122 -0.682878 0.729855 0.0314524 
-0.068364 0.143961 0.043402 0.456149 0.44471 0.770819 
-0.01938499 0.1869695 -0.01662741 0.125221 0.932522 0.338708 
-0.070891 0.040326 0.002828 -0.861067 0.495193 -0.115533 
-0.04229987 0.04180139 0.0430136 0.227284 0.281579 0.932231 
-0.054815 0.089854 -0.022251 -0.10647 -0.0356323 -0.993677 
-0.010475 0.127368 -0.003006 -0.242592 0.900414 -0.361114 
-0.0637315 0.1608485 -0.057309 0.516573 -0.639244 -0.569665 
-0.01981918 0.08260743 -0.03926379 -0.129853 0.0447122 -0.990525 
0.01041597 0.1087443 0.04016148 0.0797216 0.419046 0.904459 
0.05462136 0.04807534 0.01780397 0.711723 -0.681465 0.170459 
-0.05688363 0.1105241 -0.01731608 -0.274585 0.38214 -0.882367 
0.010861 0.036007 0.044749 0.193734 -0.482489 0.854208 
0.0006403846 0.05763302 0.05452915 0.089938 -0.294503 0.951409 
-0.01273972 0.07238384 0.05555124 -0.160801 -0.249783 0.954857 
-0.001483 0.06060701 0.05585801 -0.17364 -0.400271 0.899796 
0.03089304 0.0454915 -0.005931946 0.162055 -0.31277 -0.935902 
0.006487 0.11688 0.03875 0.176455 0.524947 0.832643 
0.0144673 0.04713842 -0.02499897 0.344254 -0.38592 -0.855894 
-0.09229604 0.1174694 0.009056179 -0.919218 -0.229507 -0.319946 
-0.01690044 0.0381869 0.0193086 0.020408 -0.999742 0.0099477 
-0.03071873 0.0907933 -0.02485677 -0.332689 0.260264 -0.906411 
0.02881141 0.04661123 -0.007644741 0.619769 -0.612452 -0.490703 
-0.03128142 0.08575145 -0.02998612 -0.849445 0.342433 -0.401476 
-0.036982 0.156591 0.004327 0.468933 -0.209685 0.857983 
-0.09226187 0.1141848 0.01660474 -0.786228 -0.615688 0.0526703 
-0.03276975 0.1526873 -0.002122137 0.480286 -0.857466 0.184602 
0.02484851 0.1050629 -0.01650938 0.316699 0.51335 -0.797605 
-0.01777335 0.058759 0.05095699 -0.609256 -0.199232 0.767537 
0.02242215 0.03987547 0.04024244 0.685387 -0.42439 0.591725 
-0.071241 0.114861 0.051399 0.0864719 -0.615337 0.783507 
-0.02844832 0.1012714 0.04314559 -0.154806 0.348006 0.924622 
-0.04248801 0.0846 0.04263 0.379313 -0.103717 0.919437 
-0.03816533 0.08937 0.04354766 -0.149914 -0.0348448 0.988085 
-0.006590694 0.1172515 0.03925202 -0.0897326 0.458788 0.884003 
0.02467564 0.0838853 -0.02473239 0.525426 0.161641 -0.835344 
-0.074466 0.1508213 -0.03028399 -0.967384 -0.145057 -0.207672 
0.005224264 0.0647512 -0.03294866 0.325251 -0.131013 -0.936508 
0.009394999 0.06093201 -0.030249 0.256549 -0.155589 -0.953926 
-0.02755492 0.1253656 0.005597231 -0.0926274 0.987094 -0.130637 
-0.03664048 0.1253245 -0.005686158 0.329353 0.843768 -0.423772 
0.002159789 0.12526 0.03262637 0.0415941 0.737745 0.673797 
0.01051856 0.1039934 -0.02046436 0.0867463 0.365898 -0.926603 
0.014504 0.1147225 0.03748 0.226798 0.403978 0.886208 
-0.01675039 0.08773651 0.05668757 -0.140443 0.176131 0.974296 
-0.0158899 0.07930928 0.05706241 -0.128167 -0.153773 0.979759 
0.02864709 0.1176195 -0.003570939 0.581254 0.676541 -0.452146 
0.02383168 0.1186359 -0.007521479 0.50644 0.679603 -0.530715 
-0.01836341 0.1223084 0.03085254 -0.332105 0.816852 0.471655 
-0.06937592 0.1565115 -0.05149619 -0.919552 -0.114516 -0.375912 
0.01702656 0.123108 -0.006784729 0.366285 0.782208 -0.50397 
0.010983 0.034168 -0.014043 -0.147236 -0.986973 0.0648508 
-0.057706 0.155408 0.015858 0.189876 0.978209 0.0839921 
-0.04090592 0.03396178 -0.02888614 -0.486632 -0.419097 -0.766516 
-0.09397569 0.1254879 0.0149793 -0.978131 0.140971 -0.152925 
-0.002387033 0.06901272 0.0567566 0.0609635 -0.206203 0.976608 
-0.0550377 0.1443501 0.03023718 0.841873 0.0594355 0.536393 
-0.05762061 0.09521269 -0.02124143 -0.450748 0.113668 -0.885385 
-0.07326263 0.1732981 -0.0499888 -0.603799 -0.571481 -0.555731 
0.002527 0.071672 0.056185 0.329513 -0.121309 0.936325 
0.0565493 0.05051507 0.007620028 0.814199 -0.538115 -0.217974 
-0.01846538 0.1280018 0.01670125 -0.282949 0.952094 0.116002 
0.02184292 0.09253486 -0.02317579 0.372026 0.310906 -0.874605 
-0.005658804 0.1234359 0.03484391 -0.109969 0.729007 0.675615 
-0.004947694 0.128332 0.0279058 -0.10163 0.862518 0.495716 
0.019034 0.11528 0.036478 0.257276 0.461376 0.849083 
-0.042781 0.046478 -0.012357 -0.655269 0.6276 -0.420405 
-0.001493 0.07466101 0.05863 0.187764 -0.165527 0.968166 
0.046184 0.07783199 0.006189 0.986968 0.0290999 -0.158264 
-0.026115 0.158145 -0.001045 0.521643 -0.486468 0.700883 
-0.02780243 0.1598792 0.0002719785 0.368189 0.473599 0.800088 
-0.01819 0.172708 -0.022798 -0.468388 -0.354331 -0.809359 
-0.07279862 0.03596704 0.007626686 -0.956417 -0.188467 0.223039 
-0.0396737 0.1734137 -0.003080796 -0.411379 0.834568 0.366421 
0.05490188 0.07254536 0.007976217 0.174701 0.908022 -0.380756 
0.05476659 0.0733265 0.01095524 0.329181 0.935731 -0.126682 
0.001224521 0.1010827 0.04482199 -0.00591587 0.75028 0.661094 
0.01033362 0.07120781 -0.03230512 0.374181 -0.128843 -0.918361 
-0.0935725 0.1298724 0.02133417 -0.943033 0.329117 0.048691 
0.038647 0.08611799 0.034868 0.797817 0.0277486 0.60226 
-0.05632734 0.03334836 -0.008079565 -0.0127492 -0.994253 -0.106297 
-0.03351919 0.03364404 -0.0210234 0.0890366 -0.978887 0.18399 
-0.04714685 0.07486518 0.04219649 0.0191436 -0.256645 0.966316 
0.02936604 0.08539143 0.04346424 0.60236 0.0258514 0.797806 
-0.02162742 0.1600786 -0.003519716 0.616548 0.0152448 0.78717 
-0.030101 0.160758 -0.014109 -0.0975973 -0.501269 -0.85977 
0.002477859 0.03597152 -0.02414639 0.136444 -0.520425 -0.842936 
-0.004660223 0.034547 -0.02415203 0.075303 -0.737412 -0.671233 
-0.082905 0.076302 0.017525 -0.747133 -0.658859 0.0877385 
-0.07794201 0.075766 -0.006567001 -0.703033 -0.415063 -0.577466 
-0.0324409 0.08677512 -0.02602982 -0.686962 0.354395 -0.634418 
-0.0159014 0.05850041 -0.03528341 -0.130583 -0.38216 -0.914823 
-0.067835 0.0952 -0.016639 -0.333785 0.185289 -0.92426 
-0.002504 0.084299 0.05754 -0.0180552 0.101765 0.994645 
-0.01594093 0.07578026 0.05607618 -0.184476 -0.238868 0.953368 
0.0298975 0.1001575 0.0398895 0.565959 0.428283 0.704461 
-0.04068274 0.116431 -0.01480479 0.100167 0.52239 -0.846803 
-0.041866 0.034002 -0.005803 0.494369 -0.869252 9.40071e-05 
-0.04721 0.033506 -0.011937 -0.0692883 -0.996385 -0.049154 
-0.044752 0.033564 -0.020754 -0.285541 -0.949946 -0.126761 
-0.0435783 0.12347 0.0240146 0.183426 0.783172 0.594135 
-0.05773209 0.07832871 -0.01954646 -0.183272 -0.294106 -0.938037 
0.027107 0.040604 0.031367 0.583453 -0.663181 0.4688 
-0.04286226 0.1281596 0.0162093 0.506892 0.820646 0.263819 
0.056541 0.064854 0.025461 0.63057 0.289232 0.720227 
-0.04770401 0.06647801 -0.014183 -0.320056 -0.353894 -0.878819 
-0.02532131 0.03858221 -0.01752687 -0.00107916 -0.910359 0.413818 
-0.02620347 0.0955153 0.04410264 -0.152557 0.174396 0.972786 
0.04387799 0.06952 0.00023 0.855505 -0.0216981 -0.51734 
-0.06105799 0.138406 -0.006545999 0.395534 0.188722 -0.898853 
-0.05372584 0.1079159 0.03934485 0.076486 0.48794 0.86952 
-0.05355826 0.1431366 0.02614292 0.941454 0.135365 0.308773 
-0.03425293 0.07437287 -0.02220966 -0.910587 -0.251042 -0.328342 
-0.022666 0.053761 -0.029671 -0.542994 -0.328217 -0.772937 
-0.06235379 0.03352565 -0.008955802 -0.266666 -0.810729 -0.52116 
-0.02304397 0.1674777 -0.01107973 0.3709 0.541952 0.754137 
-0.05225537 0.05409499 0.02500071 -0.998036 -0.00874667 -0.0620329 
-0.01502018 0.1632155 -0.01031999 0.653447 0.262701 0.709926 
-0.04322703 0.03866602 -0.02385498 -0.762223 0.375285 -0.527425 
-0.01623652 0.1195949 0.03541039 -0.25269 0.640298 0.725374 
-0.040619 0.050598 -0.011129 -0.147071 0.192354 -0.970242 
-0.07860179 0.08336385 -0.01037402 -0.748881 -0.256504 -0.611051 
-0.04242604 0.1208918 -0.01276273 0.0632137 0.589093 -0.805589 
-0.04984 0.122243 -0.011204 -0.160822 0.68494 -0.710629 
-0.03930418 0.1226851 -0.01071691 0.250731 0.649466 -0.717863 
-0.03619 0.151017 -0.000604 0.530596 -0.821521 0.208737 
0.031024 0.036338 0.002983 0.261701 -0.908128 -0.326827 
0.05116331 0.07224299 0.02130665 0.00662074 0.890953 0.454048 
0.004920358 0.03457059 0.02178204 -0.23832 -0.92919 0.282506 
-0.08435082 0.1275307 -0.003894173 -0.595789 0.135632 -0.791606 
-0.009087736 0.1027962 0.04367994 -0.0474953 0.111643 0.992613 
0.0217569 0.125403 0.003498184 0.525787 0.835779 -0.158179 
0.02602218 0.07032888 0.04379069 0.592689 -0.136144 0.793842 
0.030794 0.07146734 0.04120758 0.518923 -0.143712 0.842654 
0.013317 0.063808 -0.030093 0.284568 -0.159336 -0.945322 
0.035404 0.046148 -0.006042 0.111859 -0.323275 -0.939671 
-0.04579699 0.126831 -0.006056 0.145903 0.917574 -0.369825 
-0.0285165 0.08462549 -0.035121 -0.701275 0.263537 -0.662391 
-0.07590508 0.1568377 -0.005856311 -0.80643 0.522332 0.2772 
-0.07653177 0.1607568 -0.01360063 -0.794814 0.521592 0.31018 
-0.042925 0.129071 0.006994 0.274065 0.944739 -0.179881 
-0.01617476 0.1065983 -0.02207337 -0.0319993 0.454391 -0.890228 
-0.02803724 0.0383386 -0.003739794 -0.0123118 -0.999619 -0.0246986 
-0.036105 0.038323 -0.012279 0.377631 -0.8919 0.248817 
-0.07804573 0.1280875 0.05330381 -0.0430193 0.0292796 0.998645 
-0.08047 0.130248 0.052685 -0.312673 0.193195 0.930006 
-0.0769698 0.1538877 -0.001461604 -0.824595 0.565695 -0.00565549 
-0.07407483 0.1274372 0.05270725 0.283972 0.221452 0.932909 
-0.07429498 0.09988586 -0.01306591 -0.493049 0.312827 -0.811814 
-0.062453 0.126929 0.04306 0.679727 0.392815 0.619409 
-0.07618051 0.1319962 0.05264906 0.129512 0.2735 0.953113 
0.0051028 0.0519454 0.0531504 0.161627 -0.370082 0.914831 
-0.05208427 0.1093367 0.03821461 0.00638763 0.487292 0.873216 
-0.03715193 0.03443777 -0.01687017 0.368056 -0.875646 0.312695 
-0.044762 0.116708 -0.015456 0.0458051 0.412397 -0.909852 
-0.041455 0.03411 -0.009493 0.685542 -0.703118 0.188831 
-0.01212105 0.1662582 -0.0148417 0.564813 0.483969 0.668401 
-0.04095 0.03373 -0.016439 0.232611 -0.970608 0.0617379 
-0.075369 0.155134 0.02709 -0.158774 0.957393 0.241224 
-0.03851004 0.04140823 -0.02760462 -0.556879 0.504069 -0.660152 
-0.053372 0.122605 0.03689 0.719733 -0.104039 0.686411 
-0.07866097 0.1634831 -0.03003465 -0.918332 -0.365499 -0.151913 
-0.081255 0.10738 0.02923 -0.78675 0.161231 0.595843 
0.024344 0.05352801 0.042057 0.554809 -0.427079 0.713996 
-0.01528994 0.03849754 -0.01633679 -0.0570533 -0.871835 0.486466 
0.04606059 0.08628336 0.008019262 0.996402 0.043659 -0.0726444 
0.037377 0.05195701 -0.006664999 0.0111541 0.0209712 -0.999718 
-0.01252288 0.0474313 0.04777919 0.0219537 -0.0683035 0.997423 
-0.042498 0.081756 0.04208699 0.0127365 -0.0607698 0.998071 
-0.01535671 0.04918143 0.04767 -0.276192 -0.0979638 0.956097 
0.027032 0.0515005 -0.0202375 0.680619 -0.13422 -0.720238 
0.01320331 0.05543941 -0.02931869 0.270183 -0.172697 -0.947194 
0.015503 0.119565 0.034877 0.293188 0.612055 0.734459 
-0.03854463 0.08294509 0.04383204 -0.193046 -0.0680376 0.978828 
-0.04948512 0.1265606 0.03194128 0.807791 0.129244 0.575126 
-0.007581424 0.1199 -0.0137791 -0.059664 0.639644 -0.766352 
-0.07225303 0.1789573 -0.05572606 -0.657984 -0.187995 -0.729188 
0.019048 0.079538 0.052222 0.45509 0.0912623 0.885756 
-0.04733497 0.0789739 -0.01944594 0.0301213 -0.402841 -0.914774 
-0.08065265 0.07154039 0.01015477 -0.783541 -0.620509 -0.0321218 
-0.006080083 0.1247907 -0.009331699 -0.0545567 0.730728 -0.680485 
-0.00714178 0.1128576 -0.01992419 -0.0825163 0.651641 -0.754026 
-0.06547398 0.1739111 -0.06042133 -0.609935 -0.144027 -0.779254 
-0.04310916 0.07698983 -0.01905151 -0.0338588 -0.312954 -0.949165 
-0.06344909 0.06579671 -0.007399991 -0.337918 -0.72584 -0.599139 
-0.033876 0.105703 -0.020566 -0.114911 0.325482 -0.93854 
-0.03345053 0.03453027 -0.03042081 0.0161179 -0.382605 -0.923771 
-0.075709 0.170829 -0.032719 -0.491721 0.800299 0.343121 
-0.066717 0.171901 -0.042283 0.604113 0.738023 0.300616 
-0.05954942 0.0586642 0.006361818 -0.443215 -0.891006 -0.0983316 
-0.06555148 0.1020902 0.04136464 -0.264085 0.282191 0.922295 
-0.06341923 0.03697116 0.04254654 -0.791366 -0.0219001 0.610951 
0.000522 0.080115 0.057369 0.17365 0.0405909 0.983971 
-0.042893 0.035817 0.008697 -0.00814298 -0.945315 0.326056 
-0.091964 0.1154472 0.03758119 -0.848105 -0.527183 0.0528802 
0.05257515 0.05444524 -0.002606293 0.673945 -0.283597 -0.682181 
-0.04464501 0.057785 -0.011804 -0.0929887 -0.261325 -0.960761 
-0.0887994 0.1371517 0.02618011 -0.992454 -0.0779116 0.0946845 
0.0386987 0.06859635 -0.01210124 0.795679 -0.0659607 -0.602116 
-0.076262 0.1533785 -0.012892 -0.954093 -0.264741 -0.140069 
-0.02885801 0.03761506 -0.01819879 0.0731239 -0.708037 0.702379 
-0.056699 0.069435 -0.014555 -0.0485582 -0.684704 -0.727202 
-0.04870975 0.05919853 -0.01154805 -0.353977 -0.240014 -0.903933 
-0.036796 0.038371 -0.005075 0.2694 -0.938863 -0.214383 
-0.04868099 0.063487 -0.012386 -0.426445 -0.304622 -0.851675 
-0.02635282 0.04690532 -0.02708253 -0.205905 0.518891 -0.829672 
-0.0690305 0.1694039 -0.0281557 0.44754 0.849126 0.280521 
-0.06421696 0.1462889 -0.01780516 0.720368 -0.659292 -0.215417 
-0.07172656 0.03404909 0.001026145 -0.712862 -0.697093 -0.076739 
-0.033957 0.173519 -0.01419 -0.552391 0.342271 -0.760076 
-0.07490099 0.110639 -0.007693 -0.6238 0.395673 -0.67403 
-0.05207988 0.03355555 0.008544262 0.169899 -0.98037 0.100041 
-0.06085062 0.0340854 0.0201336 -0.355834 -0.933008 0.0536435 
0.02952689 0.1203874 0.00769444 0.637282 0.764235 -0.0990784 
-0.08124379 0.1071764 -0.003474618 -0.730044 0.353064 -0.585133 
-0.076928 0.152806 -0.00789 -0.992092 -0.0531965 -0.113678 
-0.055338 0.045754 -0.006396 -0.436656 0.513598 -0.738612 
0.001305 0.064139 -0.034326 0.288523 -0.0930935 -0.952936 
-0.07983201 0.111318 -0.001807 -0.686316 0.146807 -0.712333 
-0.077373 0.156953 -0.012903 -0.994977 0.0176285 0.0985433 
-0.03748453 0.04617339 -0.02333094 -0.476108 0.741749 -0.472367 
0.0425306 0.0857326 -0.007237706 0.921491 -0.064446 -0.383016 
0.01733338 0.1285412 0.01117088 0.433703 0.90074 -0.0238567 
-0.07387357 0.1360143 -0.007177159 -0.334366 0.113705 -0.935559 
-0.07513986 0.1603332 -0.02961556 -0.745889 -0.577568 -0.331761 
0.00202761 0.03959493 0.03517349 -0.147169 -0.861417 -0.48611 
-0.034517 0.105629 0.039249 -0.164591 0.470778 0.866763 
-0.01130032 0.1081431 -0.02198012 -0.122823 0.405654 -0.905737 
-0.04807044 0.08641904 0.04552747 0.211839 0.04619 0.976212 
-0.007239324 0.1059753 -0.02281723 0.0750513 0.20534 -0.975809 
0.01584309 0.05006184 -0.0261736 0.375014 -0.469744 -0.799191 
-0.088398 0.1519363 0.01359986 -0.588491 0.77705 -0.223317 
0.03255814 0.05021896 -0.007016724 0.369329 -0.322334 -0.871606 
0.05819602 0.05235775 0.01258426 0.867674 -0.496576 -0.0235448 
0.019691 0.074125 0.05135799 0.494156 -0.23193 0.837866 
-0.040794 0.08697801 -0.021461 -0.158169 -0.194505 -0.968065 
-0.07262086 0.03542721 0.000980054 -0.934883 0.160214 -0.316741 
-0.04391873 0.1261523 0.01997086 0.457036 0.740154 0.493245 
-0.037293 0.126961 0.017949 0.131 0.944592 0.300972 
0.007963631 0.0925147 0.0534674 0.256598 0.440861 0.860116 
-0.043302 0.034273 -0.026713 -0.866854 -0.243013 -0.435326 
-0.0353517 0.1757582 -0.01136369 -0.625558 0.623208 -0.46935 
-0.08672594 0.107612 0.01689218 -0.984419 0.117578 0.130746 
-4.363312e-05 0.03469032 0.01283112 -0.502268 -0.864428 0.0221437 
-0.01978233 0.05134741 0.04622357 -0.591684 -0.0955747 0.800485 
-0.0701962 0.1513191 0.03721318 -0.0251494 0.841339 0.539922 
0.007353978 0.1013759 -0.02129737 0.0647711 0.382227 -0.921796 
-0.04828322 0.08232309 0.04421185 0.227912 -0.217491 0.949081 
-0.07507952 0.1548447 0.003112276 -0.380958 0.924059 -0.0313904 
-0.07893948 0.152281 0.0008030804 -0.679616 0.571978 -0.459308 
-0.08452258 0.1522885 0.007587051 -0.545628 0.756796 -0.35993 
-0.0747402 0.08453496 -0.01492877 -0.571197 -0.135032 -0.80963 
-0.04789963 0.05208059 -0.009367432 -0.379607 -0.0403598 -0.924267 
-0.04313102 0.1617378 0.005561141 0.501685 0.110084 0.858018 
-0.02245064 0.1576825 -0.005245635 0.524588 -0.771104 0.36084 
0.02907438 0.1114081 -0.01028001 0.472782 0.558177 -0.681847 
-0.05375 0.056038 0.01162 -0.715341 -0.594191 0.367729 
-0.020775 0.07428 -0.039026 -0.106993 -0.0678606 -0.991941 
0.0014805 0.03833999 -0.02480453 0.143084 -0.0726935 -0.987037 
-0.042675 0.062201 -0.013185 -0.0212319 -0.416582 -0.90885 
0.04472725 0.08914579 0.02192688 0.957935 0.128638 0.25654 
0.04045632 0.08051785 -0.00984002 0.843535 -0.195102 -0.500384 
-0.02639228 0.04291646 -0.02915508 0.0523085 0.240808 -0.969162 
-0.03934349 0.1687843 -0.01201322 -0.601448 0.266144 -0.753278 
0.03888064 0.08318616 -0.01404511 0.811141 -0.0944685 -0.57717 
-0.048139 0.160609 -0.006887999 -0.581501 0.0450481 -0.812298 
-0.02690755 0.1820449 -0.009286871 -0.078598 0.801314 0.593059 
-0.04752537 0.1645995 -0.006435429 -0.670869 0.252343 -0.697322 
0.03079538 0.0927512 -0.01877424 0.54768 0.27928 -0.788701 
-0.04541107 0.03499345 -0.02195459 -0.921357 -0.0473311 -0.385825 
-0.0515415 0.03451401 -0.0126985 -0.181026 -0.451779 -0.873571 
-0.027791 0.038063 0.007938 0.233622 -0.965709 -0.113255 
-0.04811264 0.03643583 -0.01268256 -0.734783 0.337769 -0.588223 
-0.03571601 0.08215489 -0.02225748 -0.581272 -0.282637 -0.763046 
-0.05675794 0.06006375 -0.002729634 -0.696083 -0.573666 -0.431712 
-0.04615138 0.09350991 -0.02181478 -0.0970121 0.0534497 -0.993847 
-0.065493 0.037019 -0.007337999 -0.462299 0.151386 -0.873706 
-0.06030801 0.04095 -0.007851 -0.337344 0.387284 -0.858027 
0.004831978 0.126143 -0.007385604 0.0192244 0.833869 -0.551628 
-0.066251 0.03376001 -0.006839 -0.513942 -0.562198 -0.647918 
-0.016555 0.128252 0.006465 -0.237862 0.965323 -0.10758 
-0.04036424 0.1084952 -0.0197772 -0.0484343 0.297132 -0.953607 
-0.08404583 0.07772872 0.004112284 -0.873207 -0.419752 -0.247623 
0.033566 0.114779 0.0006300001 0.728366 0.62656 -0.27732 
0.01753786 0.1246161 0.02806825 0.366305 0.773252 0.517592 
0.0200944 0.1200262 0.0331216 0.32485 0.631737 0.703833 
0.025458 0.038388 -0.003038 0.173967 -0.716893 -0.67513 
0.04919181 0.05932779 -0.004890483 0.206558 0.289687 -0.934567 
-0.04889566 0.1094566 0.03858091 -0.0773962 0.515777 0.85322 
-0.06499145 0.03728438 0.02479462 -0.847912 0.207728 -0.487744 
0.03197 0.047514 0.031876 0.596428 -0.472389 0.648939 
0.01200981 0.08868596 0.05420696 0.418614 0.154978 0.894843 
-0.084395 0.081833 0.022511 -0.891037 -0.384701 0.240953 
-0.063462 0.033977 0.015084 -0.154679 -0.980643 0.120056 
-0.033491 0.090401 0.044407 -0.0874847 -0.228815 0.969531 
0.01252315 0.1115942 -0.01852159 0.329684 0.342528 -0.879763 
0.04462299 0.09032201 -0.0008069999 0.937982 0.195714 -0.286156 
-0.083714 0.080489 0.025498 -0.867668 -0.470417 0.160813 
0.04550031 0.05932963 0.03158423 -0.0585057 0.326579 0.943357 
-0.06413605 0.1798058 -0.05993342 0.471408 0.789783 -0.392451 
-0.04700965 0.06525206 0.03810747 -0.539058 -0.272117 0.7971 
0.03887195 0.1048491 0.02585006 0.874129 0.356013 0.330383 
0.05423683 0.06416654 -0.0002018461 0.456474 0.387677 -0.800836 
-0.05649799 0.080545 0.0445 -0.20652 -0.222154 0.952889 
-0.007876273 0.03497982 0.04179791 -0.117902 -0.927291 -0.35529 
-0.05625266 0.04660008 0.01247384 -0.44751 0.758346 0.473968 
-0.088483 0.1445265 0.0324645 -0.894816 0.319834 0.311466 
-0.01129 0.039529 0.038844 -0.0465517 -0.886642 -0.460109 
-0.05080028 0.06834188 -0.0134768 -0.209641 -0.496318 -0.842448 
0.05996229 0.0613783 0.006498264 0.939877 0.00524338 -0.341472 
0.04326305 0.04690565 -0.004320112 0.364573 -0.605472 -0.707453 
0.03402177 0.06638531 -0.01635562 0.738995 -0.116631 -0.663539 
-0.058718 0.048116 0.001638 -0.693684 0.716284 -0.0757589 
-0.01323483 0.1119068 -0.01873996 -0.0580834 0.602722 -0.795835 
-0.02874068 0.1787417 -0.01531243 -0.644792 0.495199 -0.582255 
0.034827 0.08413363 -0.01807646 0.603881 -0.00987518 -0.797014 
-0.06921946 0.06770712 -0.004760441 -0.504853 -0.6951 -0.51182 
-0.06100724 0.10405 -0.0182108 -0.277013 0.276349 -0.920269 
-0.06667627 0.1137791 0.04630639 0.636861 -0.677728 0.36755 
-0.08849651 0.1404296 0.03839771 -0.84674 0.377405 0.374963 
-0.08634847 0.09043812 0.02678179 -0.830659 -0.120087 0.543677 
-0.031058 0.1778102 -0.0047702 0.00396294 0.68765 0.726032 
-0.03749 0.053399 0.039042 0.255075 -0.00375731 0.966914 
-0.07130804 0.08747628 0.04174915 -0.448505 -0.0514167 0.8923 
-0.03770036 0.1636474 -0.01355014 -0.476498 -0.0196818 -0.878955 
-0.0008872982 0.03922661 -0.01187761 -0.0171968 -0.99431 0.105132 
0.013452 0.128957 0.001813 0.330147 0.890308 -0.313615 
-0.0661497 0.1696141 -0.03541471 0.675493 0.70934 0.20136 
-0.084442 0.147376 0.005153 -0.807591 0.040957 -0.588319 
0.008479283 0.03876463 0.03065737 -0.487662 -0.822403 0.292983 
-0.08975833 0.1338842 0.03116422 -0.95192 0.300829 0.0578845 
0.029283 0.060879 -0.019795 0.664865 -0.180966 -0.724711 
0.01108675 0.05668668 0.05235682 0.33535 -0.115044 0.935043 
-0.030743 0.055245 -0.01538 -0.968439 -0.0883072 -0.233081 
-0.03559493 0.07280491 0.04200913 0.167259 -0.042544 0.984995 
-0.02849503 0.1248996 0.01807365 0.0163519 0.957936 0.286516 
-0.04935606 0.1438205 0.009247057 0.956852 -0.0702278 0.281963 
-0.053489 0.08623401 0.045457 -0.0318421 -0.0810779 0.996199 
0.02961609 0.1183477 0.02579095 0.642726 0.681777 0.349405 
-0.01472336 0.03418004 -0.0192971 -0.0474631 -0.821116 0.568785 
-0.004054427 0.1010806 0.04416544 -0.0294921 0.709357 0.704232 
-0.02877634 0.04943765 -0.02304677 -0.528337 0.659801 -0.534343 
-0.02898985 0.09245931 -0.02595446 -0.638715 0.575153 -0.511119 
-0.0709271 0.168945 -0.02482216 0.192383 0.912164 0.361864 
0.012647 0.082004 0.053503 0.36472 0.135201 0.921249 
0.05854378 0.06502555 0.02276958 0.853236 0.19935 0.481921 
-0.006746134 0.1071653 0.04405332 -0.0711267 0.225978 0.971532 
0.0558903 0.06931619 0.02338327 0.518013 0.619105 0.59023 
0.000497 0.103028 0.04405 0.0458832 0.231893 0.971659 
0.00991 0.081958 0.054804 0.361167 -0.0143084 0.932391 
-0.03813529 0.06301749 0.04154287 0.111378 -0.175189 0.978215 
-0.08344126 0.1111181 0.04318895 -0.276208 -0.919516 0.279642 
-0.06211934 0.1626186 -0.03129376 0.920026 0.381654 0.0888346 
0.004380586 0.1047932 0.04250919 -0.0232613 0.507746 0.861193 
0.009974851 0.1269857 -0.004779746 0.220033 0.852008 -0.475045 
-0.009896695 0.1721681 -0.02769268 -0.0743384 -0.531913 -0.84353 
-0.08619314 0.09327796 0.001973128 -0.943728 -0.00219018 -0.330716 
0.002244621 0.05698461 -0.03207798 0.255127 -0.306827 -0.916934 
-0.087442 0.113109 0.005324 -0.69512 -0.55246 -0.459997 
-0.07565664 0.06722093 0.01185137 -0.695131 -0.717902 0.037555 
-0.04185016 0.1003712 -0.02133259 -0.0497109 0.179372 -0.982525 
-0.0669995 0.036553 0.0319025 -0.996279 0.00481205 -0.0860554 
-0.06550527 0.1496345 -0.03271364 0.646496 -0.725416 -0.236252 
-0.04370767 0.033854 0.02698833 0.0728665 -0.997335 -0.00373282 
-0.033661 0.042307 0.048787 -0.682078 0.427701 0.593162 
0.05213477 0.06917354 0.02555085 0.119982 0.684088 0.719464 
0.03070878 0.06612831 0.04150889 0.551795 -0.0403614 0.833003 
-0.08590072 0.1392719 0.00270124 -0.769412 0.387058 -0.508125 
-0.066758 0.180263 -0.05532 0.495383 0.789574 0.362172 
-0.002499 0.081515 0.057496 -0.0205491 0.0824573 0.996383 
0.001049084 0.08928435 0.0562622 0.113901 0.288546 0.950667 
-0.005498 0.08286699 0.05702 -0.0157608 0.113006 0.993469 
-0.06067048 0.1212895 0.04189139 0.669907 -0.172589 0.722106 
-0.015489 0.068811 0.054717 -0.119557 -0.264581 0.956924 
-0.05930244 0.1279934 0.04032313 0.5463 0.304677 0.780211 
-0.06030985 0.1474809 0.03653108 0.656817 0.105345 0.746655 
0.003124 0.107287 -0.020384 0.108769 0.20786 -0.972092 
0.003922251 0.06969574 0.05581659 0.121829 -0.0222762 0.992301 
-0.0198406 0.1223543 -0.008084208 -0.0310612 0.804058 -0.593739 
-0.02243412 0.09414641 -0.03192732 -0.316425 0.851926 -0.41725 
0.024525 0.08759701 0.04791099 0.46964 0.168719 0.866587 
-0.06375384 0.1422991 0.03871349 0.68988 -0.0334985 0.723148 
-0.02654493 0.1216439 -0.007689717 -0.0812211 0.880684 -0.466689 
-0.01915972 0.06370197 0.05034751 -0.760542 -0.24556 0.601062 
-0.02698751 0.05610464 -0.02691026 -0.822936 -0.226775 -0.520912 
-0.001575948 0.0641828 0.05677047 -0.0743207 -0.0808459 0.993952 
-0.023179 0.062215 0.04341501 -0.821251 -0.10244 0.561295 
-0.026605 0.06607 0.039756 -0.763672 -0.243912 0.597756 
-0.01004384 0.07232747 -0.03795756 0.226834 -0.141464 -0.963605 
-0.044502 0.04783 0.039929 -0.0837023 0.497815 0.863234 
0.02252 0.106011 0.039748 0.411134 0.493482 0.766449 
-0.070349 0.172644 -0.037875 0.362648 0.885852 0.2894 
-0.08870264 0.09978424 0.02100768 -0.953617 0.170428 0.248133 
0.01973088 0.1053517 0.04276159 0.329535 0.607845 0.722448 
-0.08167572 0.08593998 -0.006450741 -0.761226 -0.175327 -0.624336 
-0.07945852 0.1415063 0.04645697 -0.303235 0.616853 0.72632 
-0.0100599 0.07999676 0.05812748 -0.0252603 -0.054045 0.998219 
0.02484243 0.1029534 0.04137263 0.464257 0.530311 0.709391 
-0.05888794 0.1505853 0.03471485 0.697396 0.303492 0.649254 
-0.0438206 0.04753193 -0.01084206 -0.357946 0.309417 -0.880986 
0.01129211 0.04474551 0.04447782 0.284095 -0.277848 0.917655 
-0.07570703 0.07033203 -0.0004586072 -0.667003 -0.67493 -0.315556 
-0.006501 0.05619001 0.053794 -0.0366689 -0.295477 0.954646 
-0.03447801 0.059023 0.039184 0.329476 -0.201086 0.922502 
-0.08984363 0.09158918 0.01521491 -0.996669 -0.0806027 -0.0123869 
-0.05505027 0.05727112 0.01693151 -0.324462 -0.932246 0.160128 
-0.02921561 0.08112261 0.04497671 -0.845169 -0.195535 0.49745 
-0.05212342 0.1186749 -0.01381802 -0.140748 0.528011 -0.837493 
-0.03012986 0.0652779 -0.02730237 -0.916474 -0.260709 -0.30349 
0.008977296 0.03428777 -0.0147159 -0.109099 -0.945667 0.306287 
-0.05740936 0.1477476 0.03214108 0.824418 0.045513 0.564149 
-0.07149659 0.1756299 -0.04381158 0.354794 0.853062 0.38263 
-0.02114622 0.06996915 -0.03799707 -0.29664 -0.273519 -0.914982 
0.00736499 0.04666471 0.04892015 0.286167 -0.643505 0.709937 
-0.04365708 0.1044046 0.04146104 0.09877 0.332958 0.937754 
-0.017323 0.112508 -0.01916 0.0285455 0.546581 -0.83692 
0.01517 0.053414 0.048111 0.39904 -0.464327 0.790675 
0.0005278027 0.04262583 0.04632182 0.200774 0.0274019 0.979254 
0.042859 0.080355 -0.004798 0.918721 -0.0169913 -0.394543 
-0.02851859 0.03725933 0.05371588 -0.408489 -0.215076 0.887062 
-0.02317642 0.04220025 0.05395458 0.0756683 0.236709 0.96863 
0.02729323 0.08523903 0.04588933 0.679047 0.0823252 0.729464 
-0.02658 0.037743 0.015705 0.443104 -0.895967 0.0300232 
0.033584 0.114911 0.023545 0.770713 0.603636 0.204025 
-0.05832588 0.05987529 0.02259541 -0.312846 -0.888611 0.335407 
-0.037266 0.033541 -0.022976 0.0991282 -0.994847 0.0213035 
-0.028596 0.037729 0.020714 0.614406 -0.786604 0.061319 
-0.03868758 0.03358066 -0.02940867 -0.140594 -0.87928 -0.455082 
-0.07830449 0.1755636 -0.04807727 -0.953529 -0.0205859 -0.300596 
-0.06889898 0.1355736 -0.00822235 -0.130272 0.0781223 -0.988396 
-0.02025286 0.03489984 0.05056211 0.0541505 -0.957643 0.282822 
0.037336 0.105992 0.027764 0.769626 0.405968 0.492814 
-0.003982032 0.03510367 0.03997256 -0.166983 -0.824799 -0.540206 
-0.08633638 0.08351242 0.006711899 -0.925832 -0.364238 -0.100824 
-0.08574099 0.120359 0.04888699 -0.385605 -0.13063 0.91337 
-0.083007 0.117688 0.048971 -0.129611 -0.248637 0.959886 
-0.02698496 0.08115431 -0.03687703 -0.48042 0.0886173 -0.87255 
-0.08046599 0.080042 -0.005554001 -0.784881 -0.350518 -0.510978 
-0.006873204 0.04941474 0.05064159 -0.164494 -0.629412 0.759462 
-0.07806099 0.117721 0.051136 -0.507458 -0.332672 0.794868 
-0.03145745 0.1257252 0.003807856 0.25978 0.951397 -0.165404 
-0.06291854 0.1513392 -0.002345015 0.74178 0.615588 -0.26611 
-0.07452175 0.1191669 0.05335638 -0.257888 -0.256054 0.931628 
0.028653 0.057811 0.041297 0.540551 -0.293971 0.78828 
-0.06081735 0.08901837 0.04546793 0.026796 -0.0621213 0.997709 
-0.07121184 0.1815192 -0.05559885 -0.290284 0.897112 -0.333053 
-0.07006425 0.0654235 0.02444161 -0.560208 -0.748279 0.355311 
-0.044694 0.066598 -0.015303 -0.216329 -0.445871 -0.868563 
0.025364 0.054756 -0.021657 0.740775 -0.209384 -0.638288 
0.01552557 0.05666857 0.04916856 0.421029 -0.17187 0.890615 
0.046119 0.078688 0.019077 0.988678 0.065822 0.134849 
0.004311128 0.08647249 0.05710717 0.152422 0.227313 0.961819 
-0.04214742 0.1137042 0.03501082 0.0793359 0.599362 0.796537 
-0.05372 0.04915601 0.032659 -0.451643 0.89151 0.0350534 
-0.03780989 0.1220739 0.02788582 0.00811472 0.790443 0.612482 
-0.077702 0.176292 -0.050105 -0.743943 -0.31224 -0.590809 
0.01195764 0.102515 0.04687282 0.0343971 0.558004 0.829125 
-0.04264914 0.05025135 0.03946969 -0.0775395 0.246903 0.965933 
0.0145 0.108488 0.040796 0.0718849 0.601512 0.795623 
-0.07458625 0.1700217 -0.04499071 -0.570286 -0.616583 -0.542769 
-0.06244758 0.160501 -0.04141387 0.98327 -0.159447 -0.0880793 
-0.05777279 0.1533655 0.03079135 0.393263 0.840773 0.372082 
0.007940768 0.120584 -0.01426897 0.106418 0.640242 -0.760767 
0.02094918 0.1093721 0.038762 0.284336 0.484574 0.827249 
-0.07593971 0.1503683 -0.01758915 -0.961659 -0.253688 -0.104187 
-0.07495701 0.152744 -0.015898 -0.987184 0.00313792 -0.159555 
-0.0313702 0.1098315 -0.01850929 0.00570361 0.468966 -0.883198 
0.000941 0.035718 -0.015578 -0.214868 -0.636054 0.741125 
-0.075728 0.151337 -0.020883 -0.959697 0.275121 -0.057365 
0.0275759 0.07685273 0.04560555 0.621857 -0.14764 0.769088 
-0.05342009 0.07977969 0.04423154 0.0242283 -0.295427 0.955058 
-0.01896393 0.08258463 0.05749761 -0.278394 -0.0329709 0.959901 
-0.03337561 0.1637176 -0.003528204 0.393964 0.490192 0.777498 
-0.09075414 0.1392549 0.01641764 -0.961088 -0.147625 -0.233489 
-0.0908679 0.1348774 0.02008697 -0.945309 0.308009 0.107339 
-0.07559001 0.07963901 -0.010614 -0.667475 -0.381809 -0.639295 
-0.04896357 0.1301828 0.02943923 0.813828 0.338969 0.472 
-0.01901653 0.09826224 0.04482328 -0.19355 0.571301 0.797592 
0.04483457 0.07525577 0.000428659 0.93369 -0.0671108 -0.351736 
-0.02687143 0.04970917 0.04595179 -0.282554 0.859261 0.426419 
0.03531832 0.06479388 0.03866637 0.708368 -0.0691913 0.702444 
-0.06558982 0.04325254 -0.002527293 -0.595763 0.659039 -0.459057 
-0.0457285 0.034883 0.04261851 0.0970657 -0.914142 0.393601 
-0.06682258 0.04039774 -0.005274798 -0.556496 0.527281 -0.642096 
-0.04491071 0.1565221 0.006808866 0.554953 0.205702 0.806048 
0.02110065 0.108979 -0.01555481 0.391641 0.335887 -0.85662 
-0.04997 0.150693 0.011804 0.681125 0.260281 0.684341 
-0.0744071 0.1637487 -0.03664204 -0.661691 -0.620925 -0.420257 
-0.07627701 0.179149 -0.050884 -0.65598 0.752921 -0.0529289 
0.006861133 0.07572588 -0.03435402 0.283456 0.0176444 -0.958823 
-0.081883 0.109932 0.036863 -0.31113 -0.950072 0.023698 
-0.02715046 0.1796805 -0.007123827 0.568748 0.220057 0.792528 
-0.05875131 0.03364344 -0.01058847 -0.251586 -0.597363 -0.761486 
0.0459873 0.05054291 0.03129208 0.520284 -0.444276 0.729331 
0.05079016 0.04717773 0.02360967 0.62028 -0.639687 0.45393 
-0.07789433 0.07084316 0.02179525 -0.701492 -0.667209 0.25048 
-0.06676429 0.03957402 0.01343826 -0.623689 0.468706 0.625562 
0.03844182 0.04455625 0.02998298 0.128265 -0.626444 0.768841 
-0.01389578 0.05510706 0.05088433 -0.357658 -0.316779 0.878483 
0.01949565 0.03647593 0.03968219 0.546981 -0.780167 0.303564 
-0.08971205 0.1154566 0.02787619 -0.69341 -0.719044 0.0464614 
-0.092099 0.117453 0.031314 -0.89775 -0.408104 -0.165819 
-0.056603 0.1547854 0.02170755 0.420527 0.900336 0.112034 
-0.02032476 0.08694521 -0.03823843 -0.180425 0.34134 -0.922461 
-0.084373 0.110309 0.037787 -0.286117 -0.957585 0.0341752 
0.003771388 0.08485125 -0.03395955 0.318012 0.112957 -0.941334 
-0.0631858 0.06628894 0.0328404 -0.324872 -0.77048 0.548469 
-0.06767377 0.1607926 -0.05614394 -0.822562 -0.134221 -0.552609 
-0.07017896 0.07270077 0.03597602 -0.421213 -0.602288 0.678106 
0.02870131 0.1207827 0.02005145 0.655663 0.747204 0.108593 
-0.074171 0.08428349 0.03936367 -0.527238 -0.248935 0.812435 
-0.02434 0.183957 -0.013855 -0.547759 0.83515 -0.049839 
-0.07857828 0.1555347 0.02223898 -0.227477 0.963295 0.142539 
0.00829 0.084647 0.055998 0.323301 -0.0798774 0.942919 
0.021735 0.09949701 0.04565501 0.412743 0.415221 0.8107 
0.01394076 0.1137337 -0.01659632 0.281949 0.504104 -0.816323 
-0.08337801 0.110302 0.02738249 -0.722417 -0.627339 0.290792 
-0.081815 0.108922 0.02836 -0.815004 -0.264917 0.515352 
-0.07927199 0.107765 0.032001 -0.811682 -0.337353 0.476828 
-0.09188833 0.1415793 0.01869286 -0.9849 -0.169559 -0.0349571 
0.0537174 0.06067463 -0.002634568 0.6002 0.129867 -0.789236 
-0.06543818 0.1331645 -0.008378813 0.116468 0.0632279 -0.99118 
-0.014989 0.185995 -0.0245345 0.161632 0.932017 -0.324375 
0.026823 0.046511 -0.013706 0.640115 -0.723047 -0.259725 
-0.059742 0.156334 0.006411001 -0.546287 0.832566 0.0916706 
-0.04598764 0.09912299 0.0426528 0.154895 0.27467 0.94898 
-0.061524 0.155148 0.0048755 -0.148878 0.972254 -0.180437 
-0.0611655 0.1539567 0.0019515 -0.166912 0.726834 -0.666222 
-0.033636 0.08362102 -0.02552301 -0.861412 0.0477543 -0.505657 
-0.05713001 0.124118 0.040206 0.59475 0.117779 0.795236 
-0.0693769 0.1557537 0.008125427 0.0628728 0.992781 -0.102143 
-0.06563337 0.1622857 -0.05850166 -0.316107 -0.433321 -0.843984 
-0.022721 0.162682 -0.015363 -0.0499804 -0.591891 -0.804467 
-0.04987699 0.05291999 0.016639 -0.995963 -0.0849242 0.0290928 
-0.01750276 0.1597835 -0.00810724 0.6535 -0.654813 0.37968 
-0.029803 0.034287 0.016353 0.418336 -0.906615 0.0551789 
-0.036082 0.035145 0.021496 -0.100851 -0.993932 -0.0439099 
-0.05026 0.054308 0.01664 -0.927517 -0.362969 0.0892553 
-0.07742 0.177255 -0.0472 -0.651832 0.704268 0.281288 
-0.08636904 0.08399924 0.01941154 -0.918656 -0.356928 0.169335 
-0.088561 0.087538 0.018458 -0.915689 -0.379206 0.133107 
-0.06668167 0.1531027 -0.04847583 0.391273 -0.849725 -0.353373 
-0.06522601 0.166727 -0.059796 -0.56085 -0.139246 -0.816123 
-0.0292132 0.05591234 0.03624251 0.0745428 -0.104094 0.99177 
0.002750656 0.1316417 0.007413837 -0.0314359 0.993931 -0.105419 
-0.012349 0.183911 -0.02643201 0.760304 0.581667 0.28914 
0.01799654 0.1017147 -0.02206982 0.205492 0.499819 -0.841401 
-0.057681 0.133928 0.035919 0.500858 0.476062 0.722846 
-0.07920434 0.1487574 0.03890076 -0.324113 0.75799 0.566041 
-0.026849 0.124528 0.000469 -0.0567859 0.960321 -0.273056 
0.012216 0.034614 -0.019743 0.212998 -0.92233 -0.322397 
-0.045291 0.1298 0.004688 0.572779 0.766057 -0.291685 
-0.02386345 0.0931094 -0.03270682 -0.44367 0.719369 -0.534477 
0.03819635 0.09273659 0.03472655 0.813264 0.22119 0.538216 
-0.039222 0.03632599 0.01079 -0.235113 -0.915791 0.325651 
-0.01227441 0.09393091 -0.0346739 0.0120302 0.697228 -0.716749 
0.04631482 0.07085586 0.003958226 0.575192 0.534 -0.619677 
-0.03451997 0.1534181 0.0008465521 0.526574 -0.594549 0.607644 
-0.02564437 0.1559775 -0.004583047 0.447761 -0.883653 0.136633 
0.006518386 0.03574204 0.04551208 0.153331 -0.643231 0.750162 
-0.06334501 0.159973 -0.018596 0.802899 0.513155 0.303355 
0.01357575 0.09682633 0.04857349 0.270736 0.405474 0.873094 
0.009489 0.097669 0.04905 0.138175 0.5548 0.82043 
-0.05523355 0.1529111 0.02752973 0.752869 0.58108 0.309086 
-0.07234276 0.1623242 -0.01125783 -0.229077 0.858295 0.459187 
-0.02739921 0.09246304 0.04492183 -0.509135 0.357509 0.782923 
-0.04804 0.136313 0.014594 0.883188 0.461088 0.0858932 
0.008301786 0.03449508 0.02123494 0.0305544 -0.995982 -0.0841856 
-0.03698548 0.1159391 -0.015407 0.0138651 0.652119 -0.75799 
-0.009685001 0.058419 -0.034065 0.154714 -0.283188 -0.946503 
-0.01518618 0.06530613 -0.03761544 0.0886898 -0.245347 -0.96537 
-0.054755 0.035972 0.046579 -0.0165264 -0.555432 0.831398 
0.007830416 0.1059743 0.04196902 -0.222419 0.69021 0.688578 
0.0420275 0.06236601 0.0288945 0.237033 0.343204 0.90886 
-0.054472 0.04787499 0.040218 -0.0721193 0.87151 0.485045 
0.04007829 0.06220992 0.03058708 0.796706 -0.12771 0.59072 
-0.09229512 0.1308843 0.0115606 -0.93594 0.300963 -0.18286 
0.047982 0.072379 0.007397 0.373124 0.852552 -0.365969 
0.046556 0.076465 0.012183 0.996868 0.0773484 -0.016467 
0.01580876 0.09034097 0.0512741 0.603951 0.175165 0.777535 
-0.026492 0.044702 0.051155 -0.348248 0.513918 0.783972 
0.0482785 0.07338513 0.01240507 0.276369 0.958043 -0.0759933 
0.0467385 0.07361751 0.007149 0.874843 0.442765 -0.196489 
0.015132 0.06036001 0.04989901 0.435076 -0.226814 0.871358 
0.01073204 0.0657123 0.05375205 0.536196 -0.177291 0.825265 
0.009681094 0.06382164 0.0548236 0.448348 -0.0872725 0.889588 
-0.06178904 0.1550971 -0.01795141 0.994956 0.000339374 0.100314 
0.009968326 0.05959988 0.05281872 0.496731 -0.228053 0.837407 
-0.08968783 0.1397898 0.03241975 -0.995399 0.0717772 0.0634814 
0.034377 0.112004 0.02668899 0.751297 0.523116 0.40237 
-0.05986458 0.1288488 -0.007530838 0.319877 0.177564 -0.930672 
-0.03777864 0.1608298 -0.01300681 -0.302124 -0.312906 -0.90045 
-0.07314431 0.1077009 0.03772901 -0.183836 -0.34907 0.918888 
-0.067137 0.169442 -0.057035 -0.868422 -0.0692582 -0.490966 
-0.04315251 0.07106168 -0.01765019 -0.0682007 -0.341751 -0.937312 
-0.02986093 0.1050039 -0.02230392 -0.223371 0.42432 -0.877529 
-0.01530924 0.09259869 0.05564526 -0.225049 0.550233 0.804112 
-3.371446e-05 0.1254072 -0.007701603 0.00380033 0.78237 -0.622802 
0.01749186 0.03456326 0.02190974 -0.0188888 -0.988239 -0.151746 
0.01037 0.035186 0.034574 -0.307325 -0.903233 -0.299534 
-0.03340623 0.04417476 0.04694662 -0.623388 0.593978 0.508506 
0.009771493 0.03482487 -0.007650914 -0.468327 -0.866084 -0.174839 
0.001645 0.034813 0.004066 -0.532971 -0.80306 -0.266527 
0.004077117 0.03849452 -0.004302275 -0.490758 -0.807245 -0.327891 
-0.000113 0.100278 -0.0234018 0.143295 0.66249 -0.735237 
0.06089131 0.06629872 0.01162972 0.977774 0.183271 -0.101834 
-0.05049958 0.04975957 0.03673342 -0.364897 0.789133 0.494084 
0.001394 0.097744 -0.027524 0.20753 0.843777 -0.494946 
-0.08030822 0.1154568 0.04809416 -0.277251 -0.530829 0.800845 
-0.06605736 0.1205343 0.05123888 0.679552 -0.0542034 0.731622 
-0.04862699 0.13356 0.002991 0.867599 0.389468 -0.30917 
-0.07077839 0.1556693 0.004449982 0.0890251 0.990511 0.1047 
-0.05997613 0.09183452 0.04530168 0.0556397 -0.0106006 0.998395 
-0.013487 0.123689 0.031938 -0.271813 0.770532 0.576539 
0.004323481 0.09876432 -0.02374744 0.197674 0.782526 -0.590406 
0.003192064 0.1296409 0.02590784 0.0141259 0.9227 0.38526 
-0.05081777 0.1411122 0.001954996 0.783098 -0.0541068 -0.61954 
-0.03057531 0.07176869 0.04009524 0.148926 -0.183367 0.971698 
0.010362 0.049481 -0.028102 0.205829 -0.457119 -0.865261 
-0.05134386 0.03443414 0.02884923 -0.00832379 -0.997391 0.071707 
0.01251033 0.07525028 -0.03089609 0.476612 0.0638517 -0.876792 
0.05405726 0.05237779 0.02534967 0.684777 -0.475541 0.552215 
0.022788 0.034896 0.0007870001 0.127682 -0.936026 -0.327953 
-0.01934547 0.03486396 0.04480333 0.0166578 -0.937744 -0.346927 
0.0392926 0.0490466 0.0321872 -0.112084 -0.184868 0.976351 
-0.02161 0.040833 -0.028871 0.166195 0.0280992 -0.985693 
-0.01782459 0.07410012 -0.03910426 0.0399288 -0.0578019 -0.997529 
0.0402797 0.0877231 0.03234223 0.868715 0.108212 0.483347 
0.0511688 0.04972577 -0.0009937529 0.61534 -0.538086 -0.576039 
-0.05845404 0.03475272 0.04477641 -0.22187 -0.861757 0.456233 
-0.05581114 0.148313 -0.001863909 -0.145432 -0.100161 -0.984285 
-0.03537078 0.06726822 -0.01573017 -0.423765 -0.412133 -0.806579 
-0.06362861 0.03508689 0.04163151 -0.571469 -0.664526 0.481486 
-0.0618498 0.0843397 -0.01939301 -0.300003 -0.0395409 -0.953119 
-0.01091 0.172768 -0.021218 0.634071 0.449792 0.629001 
0.02729693 0.1048069 0.03836413 0.504619 0.433979 0.746339 
-0.009907999 0.168128 -0.01876 0.870907 0.181641 0.456647 
-0.02705 0.033483 -0.026528 0.0253693 -0.987491 -0.155623 
-0.007769764 0.06845833 0.05581092 -0.233361 -0.136063 0.962824 
0.045079 0.041108 0.014412 0.466397 -0.880348 0.0863805 
0.038546 0.095496 -0.008901 0.750892 0.276896 -0.599575 
-0.07195841 0.09530383 0.04155006 -0.422902 0.179173 0.888286 
-0.03864513 0.1748675 -0.007431826 -0.591272 0.797818 -0.117829 
-0.05683534 0.1547191 -0.0006201902 -0.581743 0.273791 -0.765907 
-0.07727376 0.09021216 0.03814252 -0.651855 0.00107054 0.758343 
-0.03248684 0.05242241 0.037301 0.0956288 0.375487 0.921881 
-0.08710391 0.09565609 0.02595123 -0.862822 0.0851219 0.49829 
-0.018146 0.166773 -0.019236 -0.240697 -0.564143 -0.789815 
0.01560499 0.1184343 -0.01327829 0.349628 0.605616 -0.714835 
-0.02592925 0.1668852 -0.01769179 -0.178249 -0.438093 -0.88108 
-0.01109937 0.1011704 0.04419766 -0.0785313 0.653107 0.753183 
0.022376 0.082242 0.050019 0.477197 0.137459 0.867979 
-0.02233264 0.04699884 -0.0276173 -0.188998 0.0305673 -0.981502 
-0.03528736 0.0361842 0.04696002 -0.62567 -0.461179 0.629167 
0.03350037 0.06085719 0.03939678 0.582572 -0.224343 0.781205 
-0.01391979 0.1068256 0.04319131 -0.109646 0.227344 0.967622 
0.04105986 0.103988 0.001807857 0.872264 0.436135 -0.221229 
-0.07420077 0.1407038 -0.006736923 -0.385257 -0.0375707 -0.922044 
0.046944 0.07053099 0.0219115 0.133039 0.805964 0.576821 
0.04035052 0.106802 0.009139833 0.869766 0.49336 -0.0101642 
0.006557209 0.08914075 -0.03310042 0.313174 0.147512 -0.93817 
-0.072801 0.1421392 -0.008065553 -0.622421 -0.501734 -0.600712 
-0.03799982 0.04875325 -0.01267281 -0.343114 0.779787 -0.523646 
-0.04614193 0.03858078 -0.01763306 -0.897836 0.36181 -0.250967 
-0.03239 0.07739017 -0.03033315 -0.885042 -0.184408 -0.427427 
-0.003778166 0.07621966 0.05879681 -0.0462309 0.0993194 0.993981 
-0.0331212 0.06651362 -0.01817175 -0.850283 -0.317844 -0.419516 
-0.03463 0.079471 -0.023546 -0.924646 -0.0775843 -0.372841 
-0.05059987 0.05295567 0.01458032 -0.870336 -0.143041 0.471226 
0.013384 0.043414 -0.024368 0.229273 -0.321185 -0.918844 
-0.08957031 0.1469264 0.01065326 -0.830871 -0.0825694 -0.550306 
-0.08992279 0.1149204 0.006032857 -0.737434 -0.473363 -0.481787 
-0.02574111 0.03798989 0.02456863 0.068731 -0.996605 0.0453309 
0.001465161 0.03594159 0.04648035 0.1913 -0.46599 0.863862 
-0.008125211 0.09811296 0.05186849 -0.11851 0.79853 0.590174 
-0.08540536 0.07957522 0.01889897 -0.886603 -0.384081 0.257714 
0.007557 0.101711 0.04653701 -0.223444 0.606773 0.762823 
-0.01651919 0.1599231 -0.01035131 0.648455 -0.740962 0.174588 
0.04131 0.09572 -0.004788 0.855299 0.269561 -0.442494 
-0.06067655 0.1516746 7.188329e-05 -0.0320785 0.4251 -0.904578 
-0.08064647 0.09579199 0.03411603 -0.715324 0.081178 0.694062 
0.03398801 0.09509666 -0.01409606 0.655845 0.353519 -0.667002 
-0.03373137 0.174411 -0.001779146 0.161428 0.543364 0.823831 
-0.05348957 0.1510243 -0.002903833 -0.401478 -0.0914114 -0.911295 
0.04405158 0.08402506 0.02598132 0.923681 0.0495853 0.37994 
-0.06167598 0.03421844 0.03028122 -0.0555702 -0.998441 0.00530436 
-0.05552886 0.05399425 0.008673647 -0.873804 0.101925 0.475477 
-0.02395991 0.1266323 0.01214883 -0.197283 0.978065 0.0668405 
-0.007788121 0.1294553 0.02430886 -0.187513 0.941371 0.280463 
-0.0457569 0.1478165 0.007014029 0.64089 -0.45114 0.621074 
-0.007298815 0.1302162 0.02055679 -0.164231 0.979855 0.113637 
-0.04933297 0.1482673 0.01108089 0.781542 -0.135728 0.608909 
-0.05349741 0.1100471 -0.01840485 -0.0994261 0.330432 -0.938578 
0.008612331 0.1305083 0.002322898 0.149014 0.953987 -0.260198 
-0.035999 0.034535 -0.030824 0.0129321 -0.764251 -0.64479 
0.006486199 0.0710856 -0.03377632 0.279822 -0.259038 -0.924445 
0.02689661 0.05978993 -0.02244538 0.715239 -0.0849131 -0.693702 
0.04349827 0.09452642 0.02367256 0.925448 0.225856 0.304195 
-0.043527 0.152141 0.007104999 0.453999 -0.210608 0.865754 
-0.087938 0.126705 0.000269 -0.831424 0.144852 -0.536425 
-0.05235444 0.1548086 -0.004010066 -0.60882 0.0291068 -0.792774 
0.02434546 0.034362 0.009055727 -0.157618 -0.984717 0.0740892 
0.057767 0.05972654 0.002570616 0.83725 -0.117311 -0.534088 
0.02224 0.041649 -0.009723 0.735702 -0.624533 -0.262109 
0.038573 0.06995701 0.034642 0.831008 -0.0305992 0.555419 
-0.07269736 0.1546431 0.02997154 -0.061492 0.94858 0.310507 
-0.08172301 0.1102291 0.03160096 -0.502829 -0.862658 0.0546251 
0.02075569 0.04228243 -0.01880275 0.816448 -0.433518 -0.381411 
-0.03040184 0.1690367 -0.01705338 -0.369173 -0.0549943 -0.927732 
0.019806 0.05501867 0.04752684 0.47453 -0.323329 0.818706 
-0.03251161 0.05760703 -0.0117401 -0.7219 -0.306322 -0.620505 
-0.059743 0.093988 -0.019461 -0.44737 0.0793518 -0.890822 
0.029137 0.049558 -0.014731 0.810561 -0.505083 -0.29645 
-0.06232463 0.09719025 -0.01801579 -0.380016 0.14221 -0.913983 
-0.02943186 0.0506319 -0.0212293 -0.860607 0.223541 -0.457586 
-0.070839 0.096573 -0.015626 -0.350179 0.146754 -0.925115 
-0.01328606 0.0913387 -0.0366351 0.0667426 0.479709 -0.874886 
-0.01766949 0.09292752 -0.03521499 -0.155283 0.671126 -0.724898 
-0.08940436 0.09168706 0.02121172 -0.961718 -0.0942669 0.257318 
-0.009492001 0.110042 0.042837 -0.119205 0.347297 0.930148 
-0.01106486 0.1823405 -0.02860318 0.682714 0.558355 -0.471319 
0.01386884 0.08767231 -0.0301433 0.43286 0.199054 -0.87921 
0.02261875 0.1256454 0.01845368 0.476872 0.8729 0.103138 
-0.06291937 0.142262 -0.006872441 0.733181 -0.0877076 -0.674354 
-0.06261661 0.147901 -0.01266216 0.992812 -0.119052 -0.0122621 
0.0343393 0.04987827 0.03150507 0.327545 -0.30167 0.895382 
-0.037288 0.035383 0.024626 -0.171291 -0.951847 -0.254256 
-0.07081815 0.04103718 0.007079978 -0.803052 0.548631 0.232618 
0.014238 0.072359 -0.030886 0.37483 0.0777137 -0.923831 
-0.07225551 0.03753633 0.005148498 -0.988701 0.14983 0.00468142 
-0.03175255 0.04038106 -0.03031917 0.0130523 0.208402 -0.977956 
-0.03947931 0.1104348 -0.01879635 -0.0750093 0.507157 -0.858583 
-0.064433 0.152123 0.035449 0.161912 0.788003 0.594 
-0.02572494 0.04196193 0.05395282 -0.252339 0.339567 0.906101 
-0.062019 0.17397 -0.06184 0.0916024 0.132044 -0.987002 
-0.09014963 0.1321556 0.03592527 -0.967671 0.248783 0.0414783 
-0.09237827 0.1259145 0.03958189 -0.957805 0.264359 0.112801 
0.00410091 0.06056052 0.0559547 0.189014 -0.409351 0.892584 
-0.03126728 0.05931279 -0.01768021 -0.95286 -0.177962 -0.245739 
-0.09155001 0.128859 0.03345842 -0.961856 0.261396 0.0806513 
-0.022721 0.079744 0.055101 -0.518923 -0.296663 0.801692 
0.012489 0.114028 0.038246 0.174517 0.301821 0.937256 
-0.04124357 0.09407069 0.04213582 -0.0278158 0.0771075 0.996635 
-0.04125907 0.0886694 0.04253702 -0.0448776 0.0102374 0.99894 
0.02230298 0.1251767 0.02217884 0.485379 0.826293 0.28574 
-0.07992469 0.07078119 0.0161931 -0.774564 -0.618745 0.131168 
0.04471111 0.08747084 -0.001504368 0.959019 0.0370769 -0.280905 
-0.06996338 0.03561576 0.01162957 -0.77617 -0.0523096 0.62835 
0.017738 0.08215701 0.052098 0.32082 0.280967 0.904507 
-0.07011396 0.1088383 0.03735255 0.156979 -0.510973 0.845142 
-0.01655221 0.03550108 -0.02676289 0.253375 -0.531493 -0.80828 
0.05210867 0.06924507 0.00215024 0.151631 0.690987 -0.706785 
-0.07010954 0.08681289 -0.01696107 -0.349033 0.0728824 -0.934272 
-0.003996463 0.06782395 -0.03496308 0.219482 -0.0990509 -0.970575 
0.01755697 0.04840051 -0.02366146 0.468338 -0.45291 -0.758638 
-0.03060995 0.06448483 -0.02303925 -0.920199 -0.269251 -0.284145 
-0.006210965 0.06032983 -0.03483552 0.15392 -0.281735 -0.947066 
-0.02119 0.172692 -0.021286 -0.338443 -0.300451 -0.891732 
-0.03026824 0.1798615 -0.008423473 -0.505003 0.855238 0.116362 
-0.0727212 0.180465 -0.05102243 -0.0259932 0.960691 0.276401 
-0.02751065 0.03389458 -0.02147407 0.0483875 -0.894233 0.44498 
-0.038067 0.038519 -0.007308 0.573253 -0.818904 -0.0278835 
-0.0716351 0.06335252 0.01805819 -0.651541 -0.734555 0.189534 
-0.04620208 0.1075904 -0.01920401 -0.110156 0.401317 -0.909291 
-0.04737851 0.04953173 0.03819412 -0.215702 0.468801 0.856562 
0.007424196 0.03932036 0.03314518 -0.368848 -0.894474 -0.252721 
-0.06549126 0.1504389 0.03743141 0.292994 0.596568 0.747169 
0.05384165 0.07366377 0.01654419 0.160343 0.974861 0.154713 
-0.05280305 0.062165 0.03042506 -0.570766 -0.660348 0.488023 
-0.013701 0.059973 -0.035961 0.0551592 -0.318304 -0.946382 
0.015837 0.105055 -0.019258 0.152901 0.569582 -0.807588 
0.006476999 0.11413 0.04025 0.25869 0.330719 0.907582 
0.04906006 0.06557714 0.02842312 -0.0323929 0.534505 0.844544 
-0.06454159 0.1580034 -0.05476966 0.552358 -0.698473 -0.455012 
-0.04615906 0.1645639 0.005259689 -0.0464381 0.582618 0.811418 
-0.02745074 0.07268621 -0.03532727 -0.61545 -0.278998 -0.737144 
-0.05612604 0.1012114 0.04288627 0.042148 0.262524 0.964004 
-0.012775 0.07706899 -0.038303 0.13955 -0.0540063 -0.988741 
0.01039686 0.03650089 -0.02293939 0.254905 -0.45131 -0.855186 
-0.0535965 0.1381439 0.02866395 0.812155 0.376353 0.445829 
0.040286 0.10561 0.017163 0.905697 0.403193 0.130955 
-0.0737 0.156269 0.014514 -0.0818434 0.995704 -0.0432985 
0.012112 0.07927579 -0.03157641 0.465709 0.0382769 -0.88411 
0.007047864 0.03753506 -0.01222479 -0.468441 -0.695723 0.544547 
-0.09134381 0.1140513 0.01087178 -0.787161 -0.587458 -0.187805 
0.006726508 0.03854946 -0.008619486 -0.493211 -0.869537 -0.0254576 
-0.06887727 0.03491127 -0.005154818 -0.718608 -0.329745 -0.612267 
-0.05861256 0.0480315 0.006949965 -0.626277 0.725154 0.286232 
-0.026077 0.04977071 -0.02603571 -0.635114 0.0857426 -0.767645 
0.04400927 0.06939238 0.02537809 0.708575 0.312635 0.632599 
0.05205017 0.04531475 0.01311993 0.645097 -0.764099 0.00164401 
-0.007812392 0.1000995 0.04823836 -0.0766011 0.925644 0.370561 
-0.05301988 0.132294 -0.004289593 0.530659 0.292298 -0.79559 
-0.05315225 0.1526959 0.01578439 0.769722 0.599313 0.219891 
-0.018502 0.075788 0.055258 -0.38061 -0.278648 0.881754 
-0.05409805 0.1511628 0.02613943 0.926143 0.156286 0.343269 
-0.09100376 0.1489648 0.01422556 -0.887707 0.291999 -0.355967 
-0.035551 0.04511401 -0.026475 -0.338114 0.706513 -0.621706 
0.02995022 0.04970981 0.03622625 0.604479 -0.377678 0.701402 
-0.01953344 0.0437186 0.05300819 0.29137 0.238441 0.926417 
0.022253 0.036583 0.01398 -0.323414 -0.944861 -0.05139 
-0.03625571 0.03367875 0.004039407 0.225198 -0.95936 -0.170044 
-0.059843 0.0385 0.020723 -0.833672 0.543015 -0.100622 
-0.07409256 0.1732388 -0.03721061 -0.0281744 0.913963 0.404819 
-0.06763682 0.1580624 -0.05473909 -0.391841 -0.566244 -0.72514 
-0.04671085 0.1681045 0.0005129541 -0.460581 0.791973 0.400804 
-0.047417 0.157905 0.008679 0.404716 0.273758 0.872503 
-0.04996128 0.03634187 0.04613801 0.261666 -0.230407 0.937253 
-0.02098355 0.08891817 0.05497703 -0.46565 0.379282 0.799572 
-0.02485183 0.0876504 0.05222569 -0.753207 0.31434 0.577814 
-0.0782776 0.1523872 0.03331837 -0.264264 0.883796 0.386094 
0.00114626 0.1204867 -0.01321167 -0.109535 0.712384 -0.693189 
-0.08459936 0.103793 0.02685071 -0.831643 0.282816 0.477897 
-0.05546999 0.034519 -0.01172 -0.254197 -0.426181 -0.86819 
-0.04717537 0.16844 -0.00295734 -0.644904 0.764077 -0.0168672 
-0.0463166 0.1314247 0.02195044 0.850492 0.447804 0.275925 
-0.08929871 0.1341921 0.004841983 -0.870642 0.246749 -0.425555 
0.018427 0.09177 -0.025172 0.394217 0.447901 -0.802482 
-0.01711762 0.03879803 -0.01028226 0.024418 -0.999694 0.00397733 
-0.0535898 0.03357226 0.0218624 0.0952074 -0.993405 0.0638873 
-0.03952819 0.08092019 -0.02001328 -0.138635 -0.370657 -0.918365 
-0.02596064 0.1130564 -0.01687801 -0.107775 0.623525 -0.77434 
-0.07201333 0.08231996 -0.01610198 -0.525266 -0.265203 -0.808556 
-0.01687095 0.1165516 -0.01573042 -0.0658797 0.673901 -0.735879 
-0.05813329 0.1002167 -0.01913686 -0.289269 0.205054 -0.935028 
-0.0237704 0.1782549 -0.02003749 -0.606681 0.16388 -0.77787 
0.02922 0.08579499 -0.020938 0.524058 0.140903 -0.839946 
0.0171155 0.0348075 0.002535 -0.0150339 -0.936201 0.351142 
0.03022368 0.0821278 -0.02012466 0.525031 0.047676 -0.849747 
0.03755536 0.03799131 0.01764211 0.356621 -0.908742 0.216818 
0.01062387 0.06762154 -0.03084349 0.292734 -0.174522 -0.940132 
0.018851 0.054448 -0.027631 0.362652 -0.289932 -0.885677 
-0.01167269 0.04331394 -0.02627934 0.104016 -0.386261 -0.916506 
0.04237199 0.054773 -0.006533999 0.0120371 0.245132 -0.969415 
0.02276125 0.05502759 -0.02574771 0.640743 -0.254588 -0.724316 
-0.07267617 0.1477714 -0.02444922 -0.611823 -0.778418 -0.140491 
0.04069926 0.06098275 -0.003797299 0.444044 0.180096 -0.877719 
0.02536486 0.04036257 0.03439827 0.719463 -0.596578 0.355622 
-0.06626227 0.1794282 -0.06026106 -0.354488 0.316379 -0.879911 
-0.0727952 0.1609065 -0.03754358 -0.925498 -0.278426 -0.256774 
0.0008511064 0.09341252 0.05535272 0.147087 0.37499 0.915285 
-0.05782738 0.04747447 -0.002363616 -0.651859 0.604052 -0.458477 
0.03205651 0.1054921 0.034636 0.671057 0.368314 0.643449 
-0.07854955 0.1719806 -0.03960244 -0.775347 0.582721 0.24346 
-0.00175 0.089721 -0.035369 0.27283 0.277892 -0.921054 
0.04937937 0.04418623 0.01965849 0.538221 -0.80644 0.244891 
-0.08890169 0.1426899 0.01226615 -0.876162 -0.119623 -0.466938 
-0.05335033 0.07592507 -0.01857118 0.0547881 -0.487645 -0.871321 
0.03142306 0.05566352 0.03868559 0.571011 -0.376758 0.729383 
-0.08573187 0.1428234 0.007183323 -0.861301 0.105209 -0.497083 
0.04769682 0.07273907 0.01705432 0.230353 0.915681 0.32934 
-0.003482323 0.03799472 0.01245211 -0.431219 -0.90194 0.023543 
-0.06375742 0.1437184 -0.01018514 0.768957 -0.561913 -0.304892 
0.031993 0.088146 -0.019345 0.492812 0.114874 -0.86252 
0.0417106 0.04747322 0.03179913 0.222494 -0.414031 0.882652 
-0.02952517 0.07058536 -0.03145434 -0.786645 -0.351817 -0.507361 
-0.040498 0.098666 0.041721 0.0257512 0.183626 0.982659 
-0.05144136 0.04465748 0.04393525 0.119622 0.6994 0.704649 
-0.02705156 0.05969249 -0.02931558 -0.772365 -0.324429 -0.546076 
-0.06459644 0.1186956 0.04868896 0.797642 -0.333897 0.502276 
-0.0934342 0.1199197 0.0384104 -0.989515 -0.118169 0.0830383 
-0.08585656 0.09497766 -0.0006178312 -0.932164 0.0121165 -0.361834 
0.0257154 0.1122051 -0.01145336 0.479673 0.529864 -0.699399 
-0.08674181 0.1033493 0.006279538 -0.935463 0.234534 -0.264391 
-0.05218469 0.04493017 0.01847228 -0.707583 0.698436 0.107298 
-0.05065 0.070602 0.038872 -0.143735 -0.544617 0.826276 
0.005208862 0.03370215 0.01229293 0.131662 -0.991286 0.0042863 
-0.08382566 0.1081931 0.02511566 -0.887368 -0.0468064 0.458679 
0.01569965 0.0900002 -0.0283316 0.519297 0.389357 -0.760744 
-0.035492 0.050532 0.03854 0.354746 0.268733 0.89551 
-0.0476173 0.05397359 0.0367055 -0.672843 0.130741 0.72814 
-0.035882 0.108535 -0.019921 0.0567544 0.390503 -0.918851 
-0.08018437 0.08925743 0.03482819 -0.740803 0.02005 0.671423 
-0.070898 0.1585893 -0.04399841 -0.973082 -0.0328701 -0.228105 
-0.037932 0.035941 -0.029738 -0.305629 0.250933 -0.91849 
-0.05944367 0.1473742 -0.002011016 0.416695 0.262395 -0.870353 
-0.01310987 0.09147877 0.05642579 -0.0824201 0.272951 0.958491 
-0.01093918 0.1781284 -0.0297379 -0.122381 -0.0385302 -0.991735 
0.002218637 0.1165366 -0.01795886 -0.0615149 0.631993 -0.772529 
-0.05097727 0.1174775 0.03271624 0.489002 0.233991 0.840313 
-0.02877384 0.03495298 0.05100564 -0.13592 -0.933109 0.332917 
0.02107798 0.03453279 0.005433754 -0.24476 -0.954294 0.171511 
0.04214833 0.1000969 0.0002923411 0.903044 0.305257 -0.302208 
0.05782601 0.05522701 0.021933 0.839309 -0.288617 0.460717 
-0.02868765 0.1171446 -0.01366889 -0.00910528 0.743504 -0.66867 
-0.04827399 0.1290855 -0.001256771 0.589115 0.604936 -0.53572 
-0.08426032 0.128694 0.05071012 -0.632723 0.0659736 0.771563 
-0.08765414 0.0854535 0.00497622 -0.895542 -0.405959 -0.182213 
0.027864 0.036718 0.000104 0.238308 -0.871024 -0.429566 
-0.072972 0.170894 -0.030234 -0.209939 0.918853 0.334119 
-0.023254 0.181611 -0.01087 0.672596 0.00478073 0.739994 
0.04496374 0.07889871 -0.0005665157 0.946926 0.0144419 -0.321127 
-0.05717665 0.1393982 -0.004718364 0.473599 0.324864 -0.818637 
0.045457 0.081959 0.002214 0.911639 0.391298 -0.125696 
-0.06241208 0.1662612 -0.04575608 0.973805 0.201341 0.105668 
-0.06963198 0.153867 -0.04956259 -0.404324 -0.688421 -0.602162 
-0.01933681 0.1869109 -0.01946091 -0.53651 0.759091 -0.368697 
-0.008543 0.033753 -0.023154 0.0659854 -0.942211 -0.328457 
-0.06163627 0.158915 -0.02289824 0.948353 0.283729 0.141857 
0.007737 0.034109 0.002224 0.0623443 -0.981205 0.182618 
-0.02888879 0.03469143 0.04261485 0.122358 -0.980721 -0.152365 
-0.03818214 0.03460982 0.04127508 -0.109884 -0.971181 0.211501 
0.031873 0.038004 0.023747 0.295313 -0.869587 0.395739 
-0.005165154 0.03936658 0.03686322 -0.10168 -0.94564 -0.30891 
-0.075073 0.067582 0.018683 -0.659011 -0.722314 0.209685 
0.03289851 0.1169654 0.01583649 0.762402 0.646053 0.0368588 
-0.06834505 0.1758758 -0.04744867 0.480661 0.760555 0.436487 
-0.07259054 0.07727413 0.03737412 -0.562006 -0.431034 0.705946 
0.03428546 0.07649531 -0.01622385 0.765164 -0.189805 -0.615222 
0.03667208 0.07540829 -0.0128261 0.778512 -0.0461007 -0.625934 
-0.07576846 0.1785827 -0.05253899 -0.746634 0.516549 -0.419184 
-0.07211457 0.1500034 -0.04121722 -0.688509 -0.632115 -0.355508 
-0.02552593 0.1145843 0.03466894 -0.236022 0.6188 0.749253 
-0.064746 0.155508 0.008993999 0.0141218 0.996551 -0.081775 
-0.037494 0.109757 0.036861 -0.00284905 0.52767 0.849445 
-0.06439836 0.04318628 0.03712837 -0.822237 0.490169 0.289241 
0.05815797 0.0700971 0.01941867 0.746338 0.548558 0.376913 
-0.06585772 0.1443406 -0.01510779 0.332595 -0.883478 -0.329921 
-0.04355727 0.06020257 0.04003158 -0.387204 -0.13688 0.911777 
0.008217238 0.08298746 -0.03284034 0.344409 0.0907168 -0.934427 
0.03446612 0.1101628 -0.005010817 0.761149 0.528989 -0.375263 
0.03780881 0.1096444 0.003256438 0.816509 0.532625 -0.222764 
0.014414 0.040332 -0.022506 0.303297 -0.214293 -0.928488 
-0.05454091 0.1470697 0.02677671 0.942826 0.107797 0.315371 
-0.054892 0.105518 -0.01867 -0.212247 0.249652 -0.944788 
0.02534762 0.0382257 0.02856396 0.466558 -0.822891 0.324307 
-0.012181 0.09842902 0.04980901 -0.209308 0.843686 0.494353 
-0.01697716 0.09569661 0.05235855 -0.347112 0.750771 0.562011 
0.004182602 0.03865832 0.02631269 -0.293266 -0.891393 0.345564 
-0.06558296 0.1542556 0.002181624 0.218112 0.953113 -0.209769 
-0.068445 0.117201 0.05194801 0.48736 -0.421331 0.764827 
-0.04035557 0.07111836 0.04196594 0.0223719 -0.0837054 0.996239 
-0.06163042 0.06905806 -0.01326989 -0.247487 -0.70631 -0.663231 
-0.07887244 0.1270685 -0.006309858 -0.456414 0.0323419 -0.88918 
-0.072506 0.102685 0.038056 -0.289843 0.232693 0.928356 
0.01780154 0.07745501 0.05297646 0.408967 -0.0599738 0.910576 
-0.08106208 0.1253161 0.05210948 -0.342873 -0.278311 0.897207 
-0.08523089 0.1242393 0.04908616 -0.484392 -0.102842 0.868785 
-0.04902926 0.09177101 0.04412609 0.0850399 0.0954535 0.991795 
0.001502 0.053401 0.05350799 0.211238 -0.26575 0.940615 
-0.03109151 0.07992566 0.04120709 -0.309604 -0.171918 0.935195 
-0.06259406 0.1374574 0.03602061 0.639602 0.280195 0.715822 
-0.0406352 0.08457229 -0.02140142 -0.0666296 -0.249385 -0.966109 
-0.01497987 0.1224315 -0.007539618 -0.180526 0.77115 -0.610523 
0.044368 0.083264 0.000211 0.961877 0.146734 -0.230784 
-0.08312658 0.0758068 0.007736197 -0.828132 -0.560037 -0.0235808 
-0.07305605 0.1674714 -0.021817 -0.280835 0.873974 0.396611 
-0.01080367 0.03836169 0.02249449 0.0142745 -0.999374 0.0323613 
-0.03239491 0.03823891 0.0009469632 0.295267 -0.928341 -0.225834 
-0.03501 0.158094 0.003677 0.274796 0.362743 0.890452 
0.012883 0.035495 0.003851 0.0684699 -0.943011 0.325642 
-0.08388198 0.150077 0.004204 -0.746411 0.269639 -0.608412 
-0.06290197 0.0428869 0.02711716 -0.592123 0.676275 -0.438226 
0.004239616 0.05178401 -0.02958354 0.187414 -0.309192 -0.93235 
-0.06398556 0.1577618 -0.04565972 0.888663 -0.437327 -0.137923 
-0.002847189 0.08395962 -0.03750004 0.304327 0.093383 -0.947979 
-0.05968504 0.1188528 -0.01065933 -0.261837 0.570749 -0.778259 
-0.03621424 0.08366846 0.04374006 0.247421 -0.0986784 0.96387 
-0.049498 0.104247 0.04022801 -0.0181513 0.417924 0.908301 
-0.06639501 0.037017 0.037028 -0.967889 0.0600014 0.244113 
-0.06852476 0.06203657 0.02016045 -0.383462 -0.868497 0.314116 
-0.02969663 0.1674587 -0.007478508 0.47919 0.345504 0.806848 
-0.05571305 0.0487473 0.03766177 -0.242145 0.949478 0.199642 
0.0443346 0.09718927 0.006647547 0.953566 0.290218 -0.0805395 
0.006522455 0.0997489 0.04747182 -0.0438102 0.71189 0.700923 
0.04374675 0.09826035 0.01414771 0.938182 0.331807 0.0985831 
-0.04469862 0.1520922 -0.006376272 -0.165715 -0.524549 -0.835097 
-0.06535845 0.062612 -0.003119571 -0.396154 -0.78768 -0.471829 
0.02598544 0.04536659 0.03823243 0.685509 -0.233726 0.689528 
-0.0618447 0.06077215 -0.0004443045 -0.269011 -0.90328 -0.334243 
-0.08629423 0.1098539 0.008349 -0.898467 -0.379266 -0.221169 
-0.07941335 0.08363948 0.03510467 -0.729612 -0.219108 0.64781 
-0.06260524 0.1770466 -0.05704783 0.831141 0.483939 0.273876 
-0.06487691 0.1729578 -0.04838661 0.763322 0.539689 0.355071 
-0.09097706 0.1477939 0.02438026 -0.866074 0.41254 0.282358 
-0.0907815 0.1358967 0.01720583 -0.97716 0.203538 -0.061084 
-0.09047347 0.1396707 0.02179439 -0.973689 -0.15136 0.170351 
-0.07681707 0.09371758 -0.0130683 -0.669678 0.0891482 -0.737281 
-0.06820414 0.140088 0.04508526 0.721902 0.197124 0.663325 
0.01792413 0.06197077 0.04901092 0.447555 -0.151063 0.881405 
-0.01178666 0.1299016 0.0143767 -0.218677 0.975647 0.0170986 
-0.07384498 0.06662279 0.001898915 -0.645579 -0.694009 -0.318714 
-0.07930619 0.1404551 -0.004389666 -0.626216 0.13166 -0.768452 
-0.08324096 0.1430514 0.002638083 -0.812843 0.213016 -0.542135 
-0.09495129 0.1234661 0.02124302 -0.995124 -0.00924532 0.0981969 
-0.08955162 0.1195175 0.003487212 -0.862928 -0.116502 -0.491715 
0.03450863 0.07789164 0.04034694 0.67573 -0.0937196 0.731167 
-0.065267 0.132559 0.042478 0.805165 0.277386 0.524182 
-0.06951915 0.130355 0.04976893 0.590142 0.341604 0.731463 
-0.08915258 0.08840587 0.01169343 -0.921117 -0.389104 -0.0119048 
-0.04341859 0.03650453 0.04405227 0.270494 -0.348369 0.897481 
0.004807269 0.09615768 0.05260339 0.257728 0.643869 0.720423 
0.02361513 0.03471659 0.002756784 0.140737 -0.975451 -0.169375 
0.027542 0.034962 0.005417999 0.157672 -0.980017 -0.12127 
-0.013415 0.039353 0.038562 -0.0445434 -0.942609 -0.330914 
0.03289405 0.1167338 0.004515118 0.747825 0.654108 -0.113585 
-0.0004426188 0.1040621 -0.0224296 0.169677 0.239643 -0.955919 
-0.030349 0.0979535 -0.0232735 -0.240465 0.20622 -0.948499 
-0.006751833 0.1156826 -0.01650224 -0.0479353 0.631275 -0.774076 
-0.02505246 0.03719673 -0.029088 0.165968 -0.0548495 -0.984605 
-0.0665197 0.140922 -0.008347428 0.285327 -0.509742 -0.811635 
-0.06873793 0.1403112 -0.008188463 -0.19249 -0.442309 -0.875962 
0.026009 0.091023 -0.022351 0.410353 0.26095 -0.873794 
0.0246904 0.08467025 -0.02431554 0.496702 0.267087 -0.825804 
0.02182287 0.05160318 -0.0245638 0.524393 -0.434367 -0.73235 
-0.07445281 0.1536431 -0.02224753 -0.974867 0.195306 -0.107191 
-0.01537312 0.03943036 0.03978994 -0.0925025 -0.918266 -0.385008 
-0.04704671 0.07236866 0.04156638 -0.331303 -0.316787 0.888754 
-0.02922841 0.1712541 -0.008300322 0.722252 -0.132783 0.678765 
0.05894 0.056647 0.020176 0.927635 -0.287455 0.238461 
-0.06065737 0.03346822 0.004117229 -0.0229558 -0.99967 0.0115409 
0.06039101 0.059543 0.016169 0.967763 -0.215737 0.129974 
-0.009092649 0.1770449 -0.02902801 0.84352 0.0374431 -0.535791 
0.025433 0.040065 -0.00463 0.247844 -0.604417 -0.757135 
0.05491709 0.07220792 0.01963045 0.408824 0.835271 0.367675 
-0.09160517 0.1485905 0.01852991 -0.972427 0.231633 -0.0270646 
0.01896 0.036126 0.019186 -0.00121124 -0.975874 -0.21833 
0.023901 0.12202 -0.001472 0.544983 0.776102 -0.317268 
-0.0773884 0.06900965 0.007223632 -0.706173 -0.692918 -0.145549 
-0.055477 0.08201 0.045038 -0.188859 -0.0836349 0.978436 
-0.010499 0.036206 -0.025496 0.118792 -0.396127 -0.910479 
0.05704367 0.05171692 0.01959783 0.849456 -0.47146 0.23696 
-0.06869047 0.03345909 -0.001239344 -0.190598 -0.978328 -0.080912 
-0.01417085 0.04701314 -0.0298182 -0.0623904 -0.520885 -0.851344 
0.03366731 0.08911316 0.04173968 0.645872 0.119696 0.754004 
0.023573 0.114695 -0.011612 0.514133 0.453327 -0.728122 
-0.08193514 0.08024934 0.0298768 -0.756771 -0.461523 0.462919 
0.0448553 0.06751 0.02570623 0.219538 0.56428 0.795859 
-0.05033806 0.04481946 -0.009406881 -0.371143 0.298935 -0.879142 
-0.06018 0.155861 0.013515 0.0716515 0.997178 -0.0224216 
-0.06768731 0.1451536 -0.02057704 0.164137 -0.957554 -0.23696 
-0.080876 0.073332 0.003509 -0.732711 -0.623565 -0.272583 
-0.059354 0.1409969 0.033503 0.752382 -0.0903918 0.652496 
-0.01954857 0.06116944 -0.03521046 -0.294737 -0.337354 -0.894048 
-0.08935749 0.1127922 0.03456363 -0.590226 -0.796909 -0.128723 
-0.001075305 0.03840788 0.021156 -0.364936 -0.90716 0.20948 
-0.004535947 0.03834323 0.01615792 -0.0890258 -0.995683 0.0262634 
-0.008440752 0.07630908 -0.03769714 0.185841 -0.0878171 -0.978648 
-0.02067531 0.04683992 0.05174414 0.129193 0.575377 0.80762 
-0.060907 0.042324 0.01523 -0.530741 0.642543 0.552677 
-0.0659297 0.04355677 0.01018419 -0.555937 0.648403 0.520104 
0.01408885 0.07886968 0.05433229 0.25746 0.109135 0.960106 
-0.03043878 0.0421939 0.05138212 -0.458809 0.393009 0.796893 
-0.000499 0.04568 0.047039 -0.012488 -0.570908 0.820919 
0.0140885 0.0665715 0.05283451 0.417233 -0.206066 0.885129 
0.004525 0.082838 0.056909 0.216331 -0.148762 0.96492 
0.004462959 0.07902873 0.05596511 0.253837 -0.0612596 0.965305 
0.04751625 0.05893159 0.03148416 0.263342 0.180838 0.947601 
-0.005505121 0.03476151 -0.0178457 -0.0961575 -0.829469 0.550214 
0.031447 0.112439 -0.007180001 0.635579 0.577207 -0.51271 
0.01474188 0.1016024 -0.02243476 0.00532916 0.417693 -0.908573 
-0.003663065 0.03865419 -0.01414261 -0.0963761 -0.840133 0.533749 
-0.03597589 0.04017624 0.04622181 -0.792305 0.180501 0.582815 
-0.03933541 0.03544782 0.04254603 -0.293434 -0.318282 0.901439 
0.04538475 0.09222945 0.01194802 0.984873 0.163145 0.0583823 
-0.05472188 0.1594027 0.007489294 -0.35577 0.746025 0.562916 
-0.06902536 0.1138786 0.04957262 0.422274 -0.71632 0.555491 
0.038059 0.086971 -0.014729 0.749451 0.12463 -0.650224 
0.002786 0.039298 -0.007252 -0.139275 -0.990024 -0.0213271 
-0.053278 0.047679 0.024652 -0.773342 0.536743 -0.337415 
-0.055283 0.047883 0.028666 -0.521508 0.805209 -0.282257 
-0.08031187 0.07621486 0.02616216 -0.785785 -0.551159 0.280652 
-0.05274495 0.05000006 0.02813144 -0.875351 0.482888 0.0240889 
0.002529 0.075877 0.05641201 0.228185 -0.0491261 0.972378 
-0.0337249 0.1272523 0.01185685 0.279023 0.957974 0.0665729 
-0.03711784 0.1277672 0.01318485 0.187012 0.966818 0.17404 
0.02941238 0.04305517 -0.005404032 0.151301 -0.48458 -0.861563 
-0.065536 0.0398 0.03009 -0.891677 0.39844 -0.214842 
0.03712853 0.07174519 0.03639323 0.7339 -0.0336206 0.678425 
0.04655999 0.05486855 0.0322193 0.270767 -0.0529436 0.961188 
0.002714012 0.0482726 0.05097406 0.0165896 -0.640348 0.767905 
-0.021523 0.073947 0.052691 -0.62962 -0.3486 0.694303 
0.02411345 0.04182452 -0.006816164 0.565151 -0.642808 -0.517109 
-0.02427544 0.08307244 0.0545474 -0.681613 0.0255058 0.731268 
-0.06254874 0.1024687 -0.0183209 -0.343045 0.183172 -0.921286 
-0.01082772 0.1211394 -0.01173619 -0.228646 0.752121 -0.61809 
-0.01714185 0.1006277 0.04389113 0.00473334 0.313235 0.949664 
-0.03875932 0.04258412 0.04153384 -0.198783 0.326819 0.923945 
-0.08310998 0.077721 0.021513 -0.789104 -0.559408 0.253729 
0.02946413 0.1136481 0.03212895 0.603449 0.527627 0.597879 
-0.071663 0.145448 -0.019895 -0.467062 -0.856916 -0.218058 
-0.07791889 0.1026516 -0.008986647 -0.673111 0.268841 -0.688946 
-0.03154243 0.05170929 -0.01337486 -0.806063 0.511221 -0.298189 
-0.06575436 0.1645781 -0.0212393 0.619604 0.717195 0.318939 
0.01512354 0.03717493 -0.02064515 0.586482 -0.570176 -0.575272 
-0.0273935 0.1038186 -0.02333556 -0.106524 0.278169 -0.954607 
-0.08438949 0.08422004 -0.002820999 -0.847342 -0.291433 -0.443936 
0.03584515 0.09760309 0.03519972 0.752446 0.356104 0.55409 
0.0288875 0.1192332 0.0007240732 0.615693 0.748769 -0.245491 
-0.05670703 0.1341302 -0.005229811 0.509819 0.201877 -0.836259 
-0.05988249 0.03708264 0.04609961 -0.484546 -0.0899709 0.870126 
-0.06261469 0.05869446 0.0123209 -0.276953 -0.960514 -0.0266486 
-0.07936849 0.1689066 -0.0392894 -0.967947 -0.204171 -0.14626 
-0.02270358 0.06311385 -0.03436709 -0.574961 -0.370067 -0.729706 
0.03824461 0.1012309 -0.007697097 0.814662 0.356181 -0.45767 
0.05763539 0.06207087 0.02455415 0.811513 -0.0473951 0.582409 
0.059549 0.059474 0.020174 0.931449 -0.111279 0.346439 
-0.01589683 0.1773919 -0.02625817 -0.576298 -0.133592 -0.806247 
0.02740069 0.06130324 0.04383296 0.553947 -0.11057 0.825177 
-0.031292 0.036277 0.051314 -0.562704 -0.519967 0.64265 
0.01474532 0.1294409 0.007561001 0.355048 0.930174 -0.0933693 
-0.09102235 0.1138935 0.02052719 -0.686589 -0.692192 0.222409 
-0.06781799 0.09231199 -0.016739 -0.354527 0.0890972 -0.930791 
-0.06422589 0.09447912 -0.01853221 -0.307306 0.156754 -0.938611 
-0.0524304 0.1302406 0.03357976 0.65704 0.374577 0.654209 
-0.02334829 0.04790998 0.05075511 -0.141691 0.726671 0.672215 
-0.081595 0.074847 0.017537 -0.81435 -0.562049 0.14469 
-0.02090221 0.05016835 0.04602996 -0.179766 0.697475 0.693695 
-0.07326198 0.1437615 0.0453987 0.122769 0.595177 0.794161 
-0.0635401 0.1402831 0.03809424 0.794399 -0.134192 0.592387 
0.01231312 0.1070538 -0.01937305 0.258189 0.248174 -0.933675 
-0.060221 0.142504 0.035823 0.746468 -0.197206 0.635528 
-0.09166135 0.1454033 0.02235627 -0.984288 -0.0850992 0.154714 
-0.08936918 0.1205175 0.04642816 -0.661181 -0.073787 0.746589 
-0.01169914 0.03609883 0.05030486 0.254075 -0.468423 0.846183 
-0.04649901 0.115243 0.033257 0.0115371 0.682857 0.730461 
-0.01370511 0.1835442 -0.02793914 -0.243797 0.513825 -0.822525 
-0.08136594 0.07684955 -0.001409779 -0.817484 -0.450982 -0.358238 
-0.078642 0.073231 0.000545 -0.716751 -0.649976 -0.252583 
-0.05195979 0.1274214 -0.004493263 0.211994 0.587144 -0.78123 
0.04555683 0.07170719 0.02119292 0.829094 0.357943 0.429511 
0.01449683 0.09658735 -0.02357394 0.236558 0.547855 -0.802431 
-0.031002 0.033992 0.010953 0.484576 -0.855781 -0.181178 
-0.05253519 0.03354404 -0.01095371 0.0405398 -0.954477 -0.295518 
-0.0148607 0.1646542 -0.01820637 -0.0619882 -0.781575 -0.620724 
0.008277789 0.04046753 -0.02339471 0.129578 -0.214247 -0.968147 
0.002565959 0.04817036 -0.02964249 0.247853 -0.413299 -0.876215 
0.02148258 0.1007651 -0.02116471 0.360747 0.413174 -0.836151 
-0.03229077 0.08020023 -0.03071348 -0.888054 0.0925718 -0.450323 
0.019177 0.095995 -0.023041 0.231266 0.275103 -0.933185 
-0.0166165 0.0443055 -0.0276275 0.0409263 -0.252827 -0.966645 
-0.02630231 0.1701306 -0.01884566 -0.380562 -0.181111 -0.906847 
-0.017677 0.05107 -0.031243 -0.325531 -0.41706 -0.848582 
-0.03496734 0.03432041 0.03490648 0.357197 -0.921353 -0.153359 
0.01215 0.09199698 -0.029425 0.424138 0.511197 -0.747519 
-0.05424141 0.04367462 0.04550483 0.00133669 0.562374 0.826882 
0.020758 0.064529 0.047518 0.597528 -0.0632177 0.799352 
-0.01060108 0.03469428 0.04770824 0.0609253 -0.983818 0.168497 
0.04042213 0.03969043 0.002675291 0.421726 -0.848916 -0.318573 
-0.04868135 0.03582951 0.009825272 0.255309 -0.951537 0.17145 
-0.03830153 0.07147099 -0.01694587 -0.0857331 -0.362112 -0.928184 
0.03323363 0.08412886 0.04164219 0.622821 -0.0043349 0.782352 
-0.0656056 0.03453062 0.03392868 -0.557661 -0.82683 0.0732624 
-0.06234664 0.07802737 0.04219953 -0.240621 -0.31756 0.917201 
-0.055112 0.124257 -0.0072205 -0.0100322 0.574313 -0.818575 
-0.06053645 0.121492 -0.008818342 0.0293382 0.250381 -0.967703 
-0.03089065 0.1617642 -0.002549235 0.212264 0.749817 0.626672 
-0.002536308 0.06284236 -0.03478759 0.153191 -0.219378 -0.963538 
0.02833211 0.03542047 0.01896498 0.242335 -0.942265 0.231105 
-0.0388096 0.04415168 0.04106113 0.149224 0.30968 0.939058 
-0.03600785 0.04756061 0.0400187 -0.170069 0.468751 0.866804 
0.03630608 0.08942768 -0.01588177 0.648903 0.287252 -0.704564 
-0.09093027 0.1426707 0.01517749 -0.922089 -0.101768 -0.373356 
-0.06766712 0.1480081 -0.03115398 0.227126 -0.944555 -0.23713 
0.009864394 0.1223676 0.03499076 0.191955 0.588364 0.785482 
-0.05985375 0.04680549 0.03207674 -0.436631 0.883454 -0.169892 
-0.03595439 0.04332218 0.04511469 -0.711706 0.404566 0.574283 
-0.06583772 0.03591882 0.03883274 -0.882785 -0.296104 0.364709 
-0.06770825 0.06041793 0.0143044 -0.424304 -0.902367 0.0754951 
0.05917664 0.07071799 0.01489923 0.737677 0.669792 0.0849208 
0.01614713 0.06899082 -0.02989703 0.308138 -0.149034 -0.939596 
-0.04033322 0.04604971 -0.01973099 -0.527213 0.805623 -0.270219 
-0.05395345 0.03352959 0.001162334 0.0142743 -0.999897 -0.00118246 
-0.049929 0.033524 -0.005157 0.0637171 -0.996937 -0.0453425 
0.028985 0.06649 -0.019925 0.629151 -0.098907 -0.770965 
0.05712007 0.06585768 0.002206973 0.73163 0.249652 -0.634344 
-0.01406 0.172758 -0.018766 0.584069 0.395199 0.709 
-0.04179499 0.04351201 -0.022351 -0.667135 0.564792 -0.485737 
-0.06469196 0.08288091 0.04407614 -0.257742 -0.279336 0.924954 
-0.0011822 0.09451199 -0.0329448 0.19578 0.595906 -0.778824 
-0.05406622 0.06468555 -0.009386556 -0.57001 -0.375742 -0.730689 
-0.02507409 0.05232989 0.04016098 -0.639766 0.463961 0.612732 
-0.0494405 0.1366454 0.02018593 0.874186 0.425823 0.233395 
-0.02930052 0.05320083 0.03628508 -0.27902 0.548963 0.787901 
-0.06857655 0.06130088 0.00738252 -0.406984 -0.898455 -0.16475 
0.03443338 0.101864 -0.0122516 0.668354 0.27289 -0.691978 
-0.059847 0.1441447 -0.002893256 0.521346 0.287947 -0.803297 
-0.0445491 0.0904606 -0.02214212 -0.138673 -0.101806 -0.985092 
-0.059205 0.155872 0.010949 -0.133672 0.989551 0.0540384 
-0.077037 0.111295 -0.004682 -0.71214 0.306897 -0.631404 
-0.05624162 0.05253535 -0.001730501 -0.896787 0.105247 -0.429763 
-0.03501286 0.06655543 0.04131353 0.375169 -0.165652 0.912035 
-0.05670018 0.1561268 0.01073333 -0.0538047 0.942107 0.330966 
-0.08538568 0.1486279 0.03360171 -0.617713 0.648685 0.444565 
0.022203 0.035205 0.02431001 0.207534 -0.968967 0.134285 
-0.06577723 0.0752793 -0.01653448 -0.319851 -0.400609 -0.858608 
0.01965543 0.106533 -0.01684572 0.264365 0.529881 -0.805815 
-0.065793 0.034915 0.029607 -0.655854 -0.742865 -0.134189 
-0.06498244 0.1069245 -0.01465286 -0.453458 0.364888 -0.813162 
0.02117 0.045898 -0.019731 0.716454 -0.368227 -0.592539 
0.024387 0.048835 -0.020511 0.486601 -0.624583 -0.610832 
-0.035092 0.034498 0.018679 -0.602399 -0.797976 0.0187001 
0.02257842 0.04469583 -0.01634095 0.662522 -0.639599 -0.389842 
-0.03326461 0.07642808 -0.0277323 -0.944615 -0.114181 -0.307678 
0.02496484 0.0601937 0.04494468 0.567313 -0.167298 0.80633 
-0.07577096 0.1646786 -0.01933377 -0.649101 0.675288 0.35022 
-0.07781976 0.1631002 -0.02335417 -0.955313 0.238315 0.174882 
-0.0761029 0.1497383 -0.01476651 -0.981259 -0.13499 -0.137507 
-0.008985691 0.06667855 -0.03566583 0.217002 -0.145406 -0.965281 
0.013818 0.034673 0.033937 -0.0352038 -0.99751 -0.0611054 
0.02187637 0.1219177 0.02988549 0.456828 0.70834 0.53811 
-0.08389354 0.08255526 0.02764028 -0.90222 -0.257013 0.346328 
-0.08365746 0.09844041 -0.003900376 -0.796683 0.164091 -0.581696 
-0.05565915 0.05703082 0.01143812 -0.412728 -0.905614 0.0975611 
-0.03626154 0.03608785 0.01409933 -0.546615 -0.834919 0.0642014 
-0.06957848 0.04180965 0.0009516759 -0.760746 0.545398 -0.351862 
-0.03643203 0.169414 0.0009361702 0.632221 -0.0212144 0.774498 
-0.06932131 0.1725894 -0.05434202 -0.795128 -0.301304 -0.526296 
0.04253279 0.04147879 0.02251377 0.407339 -0.861211 0.30396 
-0.03525488 0.1005318 -0.02229169 -0.164619 0.278478 -0.94623 
-0.0555748 0.08120583 -0.02140344 -0.111526 -0.249482 -0.961936 
-0.01502735 0.03873947 0.03136888 0.0273443 -0.997308 0.0680434 
-0.03047126 0.03869046 -0.01599943 0.0633604 -0.986663 0.14994 
-0.02408939 0.0753764 -0.03809841 -0.437046 -0.109421 -0.892759 
-0.06264991 0.1522456 -0.02989982 0.898551 -0.407413 -0.163156 
0.025356 0.075473 0.047222 0.660597 -0.237861 0.712063 
0.024983 0.079579 0.04849401 0.651818 -0.0475481 0.756884 
0.001897041 0.03490137 0.01961659 -0.425975 -0.848663 0.313556 
-0.015479 0.034771 0.04393599 -0.0922767 -0.941489 -0.324167 
-0.06069969 0.04665825 0.03892024 -0.548819 0.815218 0.184982 
-0.08463761 0.1138699 0.04683995 -0.319612 -0.633346 0.704785 
-0.04943703 0.09554929 0.04469706 0.0661323 0.124771 0.989979 
0.034397 0.096843 0.037623 0.681009 0.37668 0.627964 
-0.069833 0.112058 0.046585 0.322213 -0.882343 0.343002 
-0.01652217 0.17662 -0.01854596 0.587943 0.219401 0.77858 
-0.04602182 0.04274313 -0.01156907 -0.492395 0.385487 -0.780351 
-0.028614 0.081784 -0.035589 -0.719124 0.0758248 -0.690733 
-0.005414253 0.10916 -0.02245438 0.0550822 0.349774 -0.935214 
-0.06876862 0.1563236 -0.001990795 0.509645 0.820205 0.259858 
-0.05768299 0.066048 -0.009447 -0.187347 -0.764293 -0.617056 
-0.055536 0.062984 -0.006816 -0.435457 -0.654111 -0.618478 
-0.0177898 0.1065529 0.04223856 -0.0960646 0.275232 0.956566 
-0.035662 0.1274625 0.0045555 0.261751 0.953371 -0.150233 
0.04011921 0.08238256 0.03330817 0.826683 0.00245333 0.562663 
-0.02235022 0.09364261 0.05021351 -0.554348 0.642703 0.528802 
-0.05365619 0.07382035 0.04148681 -0.0262117 -0.539895 0.841324 
-0.05519755 0.06801005 0.03736067 -0.11219 -0.651461 0.750341 
-0.07251134 0.1553964 -0.03497213 -0.985917 0.0731342 -0.150399 
-0.001146562 0.08792433 -0.03548907 0.2822 0.217672 -0.934335 
-0.012921 0.087719 -0.03822028 0.0838427 0.267488 -0.959906 
-0.07603356 0.1186526 -0.007166856 -0.373653 -0.163657 -0.913017 
-0.00367186 0.09658564 -0.03120305 0.0882782 0.829499 -0.551487 
-0.06250354 0.1646258 -0.0599389 0.20534 -0.43426 -0.877071 
-0.06295893 0.1101431 0.03757891 0.106876 0.274079 0.95575 
0.006084259 0.09587236 -0.02894777 0.261388 0.783788 -0.563341 
-0.03160098 0.1537853 -0.006301491 0.343222 -0.895142 -0.284463 
-0.03050718 0.08751049 0.04371931 -0.450642 -0.158867 0.878455 
-0.028488 0.089033 0.045392 -0.808609 0.177462 0.560944 
-0.03986918 0.1274263 -0.002010839 0.195038 0.935851 -0.293501 
-0.001511685 0.1120259 -0.01980359 0.0238433 0.493225 -0.869575 
-0.06558074 0.08434905 -0.0188974 -0.297806 -0.032827 -0.954062 
-0.009564 0.172645 -0.02278499 0.880238 0.305011 0.363524 
-0.08856572 0.1125055 0.0411987 -0.55537 -0.789445 0.261421 
-0.09099817 0.1162299 0.0428084 -0.770805 -0.431717 0.468488 
-0.08590671 0.07936054 0.01425933 -0.822451 -0.566332 0.0533115 
-0.04281096 0.05364702 -0.01120368 -0.0494219 -0.144004 -0.988342 
0.05853511 0.07005309 0.007654362 0.756947 0.562122 -0.333243 
0.009236 0.075358 -0.033337 0.460136 -0.0289125 -0.887377 
-0.022528 0.18149 -0.020027 -0.69725 0.369138 -0.614475 
0.04667207 0.04581337 0.02631634 0.46719 -0.715487 0.519434 
-0.05409786 0.09592797 0.04356318 0.0282845 0.192849 0.980821 
-0.008590261 0.06139978 0.05602933 -0.178416 -0.223536 0.958227 
-0.01875594 0.1188332 -0.01216727 -0.11705 0.767636 -0.630107 
-0.07215236 0.1094165 0.0397935 0.135409 -0.901354 0.41137 
-0.04224376 0.1574726 0.004782766 0.227332 0.538674 0.811265 
-0.06195056 0.1701524 -0.05224475 0.976158 0.132761 0.171727 
-0.02067616 0.1635516 -0.008434231 0.254523 0.744169 0.617601 
-0.03779452 0.1578424 0.004686652 0.198688 0.519413 0.831103 
0.007520181 0.05453599 -0.03058495 0.115753 -0.181922 -0.976476 
0.03968335 0.06310955 -0.007428124 0.877561 -0.228279 -0.421635 
-0.028272 0.037689 0.022621 0.437421 -0.896049 0.0758926 
0.01720335 0.03496048 -0.01509829 0.566537 -0.785982 -0.247524 
0.01054477 0.07380982 0.05517278 0.310266 -0.0346857 0.950017 
0.008508 0.067431 0.055009 0.313925 -0.0995768 0.944212 
0.04613 0.080629 0.005192 0.980196 0.17511 -0.0924785 
-0.068941 0.079144 0.040411 -0.392826 -0.40567 0.8253 
-0.06354278 0.11492 0.04112935 0.757826 -0.520873 0.392926 
-0.08344661 0.1545157 0.01735581 -0.330141 0.943237 -0.0362052 
-0.09133996 0.1174053 0.02800358 -0.888707 -0.456453 0.0430229 
-0.006489832 0.07267324 0.05818507 -0.19034 -0.212638 0.958413 
-0.05293703 0.0994437 0.04272124 0.002213 0.362602 0.931941 
-0.050912 0.055753 0.031639 -0.930319 0.0408963 0.364464 
-0.050621 0.041653 0.04559 0.262991 0.331314 0.906127 
0.018734 0.112585 -0.015332 0.375288 0.38075 -0.845097 
0.02358411 0.1144006 0.0348851 0.396782 0.522139 0.754941 
-0.05716193 0.05258451 0.002165536 -0.987127 0.159778 -0.00714846 
0.001504 0.08428598 0.05754301 0.142078 -0.044465 0.988856 
0.042499 0.052798 0.032615 -0.0247639 0.0252534 0.999374 
-0.01772883 0.1840318 -0.0245345 -0.640146 0.372834 -0.67172 
-0.012923 0.06733758 0.05397093 -0.180638 -0.151387 0.971829 
0.002925963 0.06284346 0.05677829 0.104135 -0.113704 0.988042 
-0.0285156 0.0895292 -0.0316122 -0.699221 0.51416 -0.496718 
-0.02436691 0.08907764 -0.03608178 -0.42785 0.449867 -0.783942 
-0.08299616 0.08095864 -0.0002342155 -0.868947 -0.381678 -0.315044 
-0.01977841 0.03475166 -0.02763934 0.231766 -0.51719 -0.823893 
-0.06615289 0.1555595 -0.004929566 0.707932 0.633278 0.312715 
0.05533998 0.05044376 0.00385297 0.755879 -0.531724 -0.381991 
0.06061713 0.06559729 0.01740194 0.970718 0.123646 0.205959 
0.01842382 0.04808062 0.04226588 0.452469 -0.33288 0.827323 
-0.04087511 0.1678612 0.003158303 0.152643 0.438388 0.885729 
-0.08621 0.107661 0.010358 -0.966232 0.236057 -0.103312 
0.01500549 0.04227275 0.04450467 0.15275 0.0809765 0.984942 
-0.049496 0.100168 0.04299599 0.0270951 0.456436 0.889344 
-0.074685 0.14995 -0.029403 -0.836749 -0.497125 -0.229606 
-0.06216794 0.1559404 0.0235555 0.158359 0.976527 0.146004 
0.010013 0.034958 -0.0112 -0.656433 -0.738828 0.152408 
-0.02730342 0.03897585 0.03770851 0.287922 -0.904036 -0.315942 
-0.03537022 0.1190271 -0.01169637 0.181907 0.70956 -0.680761 
-0.06219399 0.156854 -0.017593 0.941495 0.237586 0.239038 
-0.08642441 0.116035 0.04729273 -0.486766 -0.369533 0.79152 
0.045613 0.09041 0.005182 0.988051 0.120361 -0.0962785 
-0.03151581 0.03789038 0.03191621 0.473536 -0.880338 0.0277157 
-0.07571035 0.1503314 -0.008954335 -0.984879 -0.0327927 -0.170114 
-0.035736 0.07401001 -0.018766 -0.540567 -0.30201 -0.785224 
-0.09221344 0.1217126 0.04325303 -0.882746 0.0771276 0.463477 
-0.009362694 0.09481956 0.05513048 -0.0429599 0.545316 0.837129 
-0.01196523 0.09700601 -0.0307647 -0.113162 0.874722 -0.471228 
-0.08992818 0.1311566 0.04104782 -0.917319 0.255605 0.305272 
-0.04352349 0.04345089 -0.01712031 -0.79933 0.55737 -0.224525 
0.02049747 0.05936357 0.04837942 0.420175 -0.0594912 0.905491 
-0.024511 0.078239 0.052705 -0.757108 -0.329869 0.563892 
-0.08419635 0.109591 0.003167109 -0.874801 -0.0601127 -0.480739 
0.018211 0.08486801 -0.028048 0.488414 0.125979 -0.863471 
-0.07355074 0.1766413 -0.0446711 0.24581 0.862468 0.442409 
0.002309653 0.03390291 -0.02130878 0.080273 -0.957342 -0.277585 
-0.05685901 0.05625099 0.005639 -0.85955 -0.490656 0.142939 
-0.08515567 0.1341202 0.0001062617 -0.698996 0.273202 -0.660883 
0.005750176 0.06790144 -0.03253035 0.26008 -0.119479 -0.958166 
-0.06233766 0.09875287 0.04267082 -0.149784 0.257713 0.954541 
0.01414604 0.03415747 0.00134568 0.0892389 -0.991452 0.0951809 
0.01206 0.034385 -0.008385 -0.044617 -0.99884 -0.0181195 
-0.04977909 0.1424128 0.005784111 0.962158 -0.244999 -0.119277 
-0.0444476 0.1466382 0.003877085 0.561918 -0.817856 0.123933 
-0.08542199 0.088548 -0.001537 -0.935399 -0.0192887 -0.353068 
0.03684271 0.06025353 -0.01115699 0.778923 -0.330969 -0.53267 
0.02181865 0.06943818 0.04857658 0.604992 -0.271944 0.748353 
0.01760921 0.07199477 0.0513941 0.438855 -0.223586 0.870296 
0.0322129 0.04064782 0.02730817 0.272983 -0.687308 0.673118 
-0.02317431 0.07170997 0.04903606 -0.813051 -0.323903 0.483771 
0.05320566 0.06043161 0.02907936 0.560153 0.0596939 0.826235 
-0.07461536 0.07315437 0.03224279 -0.643862 -0.575536 0.504182 
0.001226 0.07970399 -0.035278 0.311717 -0.0279758 -0.949763 
0.009429 0.03603 0.004528 0.220303 -0.788002 0.574908 
-0.05400486 0.05184622 -0.005435559 -0.736722 -0.0840854 -0.670947 
0.01945451 0.07674117 -0.02759176 0.479409 0.0581696 -0.875662 
0.04198452 0.0774615 -0.006315256 0.867071 -0.0445377 -0.496189 
-0.002303205 0.1060432 0.04400263 0.124407 0.136852 0.982748 
-0.001117287 0.1137011 0.04174173 0.00720228 0.401004 0.916048 
-0.05141674 0.1484255 0.01534691 0.936335 0.0672397 0.344608 
-0.038739 0.075384 -0.018057 -0.0655735 -0.299038 -0.951985 
-0.057121 0.05764201 0.00058 -0.933845 -0.2524 -0.253431 
-0.01353306 0.1003654 0.04425643 -0.206726 0.576119 0.790791 
0.002435808 0.113722 -0.01985149 -0.015318 0.328099 -0.944519 
-0.034323 0.0423862 -0.02935586 -0.246988 0.379796 -0.891489 
-0.03651229 0.09350614 0.04419881 -0.244769 0.126904 0.961241 
-0.05828844 0.07540112 0.04246878 -0.107381 -0.442733 0.8902 
-0.04930129 0.07529057 0.04324154 0.080112 -0.445018 0.891931 
-0.036495 0.098733 0.042731 -0.223688 0.373074 0.900433 
-0.06127166 0.1135734 0.0366161 0.33799 -0.208552 0.917752 
-0.005592724 0.1269712 -0.006511257 -0.084627 0.879007 -0.469239 
-0.006174501 0.056943 -0.0331985 0.197307 -0.288139 -0.937041 
0.05518045 0.06928252 0.002934544 0.399824 0.624211 -0.671194 
-0.06363714 0.04421916 0.03132288 -0.778354 0.609506 -0.150557 
-0.005393754 0.03514265 0.04731008 0.0856291 -0.940696 0.328266 
-0.06928483 0.07480647 -0.01417403 -0.504846 -0.588028 -0.631945 
-0.0351233 0.1243875 0.02350734 0.177247 0.872865 0.454633 
-0.06123416 0.1663493 -0.05978252 0.930493 -0.28492 -0.230227 
0.006581382 0.03492705 0.006379708 0.291482 -0.595964 0.748242 
0.04828286 0.04454818 0.002476878 0.534949 -0.72453 -0.43461 
-0.06240929 0.03497776 0.02114918 -0.928915 -0.312132 -0.199225 
-0.01619859 0.1250354 -0.004177521 -0.177773 0.867471 -0.464641 
-0.09316697 0.1160215 0.01573837 -0.927565 -0.369006 -0.0588012 
-0.06522658 0.1179099 -0.009157334 -0.239032 0.30522 -0.921794 
-0.03623705 0.08841825 -0.02404593 -0.397983 -0.0843438 -0.913507 
-0.04083078 0.09364919 -0.02301933 -0.189982 0.0930515 -0.977368 
-0.007008686 0.07865922 0.0577493 -0.137668 0.0194761 0.990287 
0.060749 0.059571 0.012164 0.981088 -0.192379 -0.0213501 
-0.05578595 0.114887 0.03577879 0.351206 -0.15544 0.923305 
-0.07610767 0.1049075 0.03546984 -0.677589 -0.158269 0.718209 
-0.02090387 0.07022064 0.05219651 -0.708531 -0.280534 0.647521 
-0.07811207 0.1078808 0.03481423 -0.605325 -0.743436 0.284404 
-0.004836999 0.091012 -0.035647 0.173345 0.319893 -0.931461 
0.01928469 0.04314651 -0.02181279 0.601451 -0.281991 -0.747488 
-0.04831153 0.1177092 0.03113809 0.53578 0.442111 0.719359 
-0.003357 0.11693 -0.015922 -0.0761933 0.64371 -0.761467 
0.02269811 0.09334125 0.04742908 0.27634 0.249082 0.928221 
0.02669034 0.0942157 0.0449672 0.550203 0.241826 0.799248 
0.05935694 0.05797728 0.00686469 0.915033 -0.293359 -0.276866 
-0.044105 0.129054 0.003614001 0.285285 0.941783 -0.177924 
-0.03970878 0.06110727 -0.01225691 0.011687 -0.361538 -0.932284 
-0.08864494 0.08908928 0.006151234 -0.972634 8.53707e-06 -0.232343 
-0.03002072 0.1259471 0.01229079 0.123501 0.991558 0.0394915 
-0.05661765 0.09346714 0.04527916 0.0787021 0.235512 0.96868 
-0.050582 0.13546 0.0004400001 0.793399 0.305843 -0.526287 
-0.053832 0.138205 -0.00152 0.633739 0.271247 -0.724431 
-0.06631511 0.1563713 0.0227463 0.0271391 0.99603 0.084782 
-0.07180733 0.1563214 0.02226815 -0.0624259 0.990944 0.11888 
0.03805865 0.05626248 0.03118042 0.255864 0.0220919 0.96646 
-0.03273551 0.0532483 -0.01037188 -0.564064 0.0643533 -0.82322 
-0.06800809 0.1234302 0.05242095 0.500343 0.223568 0.836466 
0.02301767 0.04887457 0.03988403 0.496799 -0.141484 0.856255 
-0.02316015 0.05188113 0.04279775 -0.64748 0.38206 0.659394 
-0.05426536 0.09857245 -0.02163421 -0.239602 0.199971 -0.950054 
-0.01636297 0.06356154 0.05282456 -0.449135 -0.207224 0.869101 
0.007265779 0.07480335 0.05662312 0.191632 0.00795678 0.981435 
-0.03257273 0.09845263 0.04404048 -0.15881 0.333037 0.929444 
0.018238 0.089352 -0.026642 0.512242 0.34233 -0.787666 
-0.05385782 0.04905347 0.03655729 -0.137207 0.978113 0.156426 
0.01279705 0.07376597 0.05422254 0.396269 -0.134884 0.908172 
-0.01146953 0.04334404 0.0501161 0.298411 0.34848 0.888545 
0.01027001 0.05209364 0.05138227 0.476439 -0.403036 0.781388 
-0.07467481 0.1475848 0.04194678 -0.0547551 0.73279 0.678249 
0.03579805 0.07453047 0.03867278 0.692467 -0.0684675 0.718194 
-0.05091101 0.051738 0.033178 -0.807032 0.470964 0.35622 
-0.056986 0.050775 0.006706 -0.896144 0.371685 0.242437 
-0.07460072 0.1550421 -0.02113734 -0.883915 -0.394274 -0.251482 
-0.059482 0.042675 0.023697 -0.50998 0.720729 -0.469542 
-0.01095955 0.04994151 -0.03123451 -0.03962 -0.467381 -0.883168 
-0.05921 0.05959499 0.002115 -0.519761 -0.819165 -0.242522 
-0.05325436 0.1558537 0.01101584 0.168617 0.667493 0.725273 
-0.07547992 0.1079097 0.03739158 -0.224985 -0.797936 0.559178 
-0.008644236 0.1290737 0.0009863118 -0.17582 0.956689 -0.232019 
-0.018178 0.126773 0.001879 -0.241405 0.928147 -0.283315 
-0.073487 0.156859 -0.028916 -0.957756 -0.213703 -0.192442 
-0.06390129 0.1635971 -0.0243679 0.810616 0.549447 0.20251 
-0.06123962 0.1744193 -0.06118651 0.915607 0.25065 -0.314386 
-0.01265871 0.05077231 0.05047528 -0.368939 -0.44293 0.817127 
-0.03178115 0.08504099 0.04211152 -0.104211 -0.256009 0.961041 
-0.03465583 0.08756003 0.04289939 0.102594 -0.250646 0.962627 
-0.02793549 0.04715304 0.04947826 -0.432484 0.589958 0.68184 
-0.027454 0.04853 0.047961 -0.42207 0.786202 0.451379 
0.03769067 0.05591663 -0.006056789 0.538437 -0.167736 -0.825803 
-0.08776941 0.09735197 0.004003379 -0.95043 0.0458133 -0.307544 
-0.025485 0.100235 0.044206 -0.184248 0.170306 0.968013 
0.03163946 0.03527075 0.007972562 0.233625 -0.96342 -0.131309 
-0.04475953 0.1474008 -0.002466071 0.14027 -0.788103 -0.599348 
0.03238393 0.07979323 -0.01934986 0.653122 -0.0243429 -0.756861 
-0.05971555 0.044492 0.04321573 -0.480995 0.621946 0.617922 
0.007296506 0.04546495 -0.02561401 0.17009 -0.463489 -0.869625 
-0.05823269 0.04037021 0.04628786 -0.314803 0.305774 0.898555 
-0.005525889 0.1309808 0.009612405 -0.148643 0.987712 -0.0482812 
-0.002471328 0.05862135 0.05392908 -0.191305 -0.234604 0.953081 
-0.08825817 0.09354822 0.007053914 -0.967075 -0.0101772 -0.254287 
0.005692637 0.09359193 -0.03164418 0.301778 0.461201 -0.8344 
-0.01751533 0.1857699 -0.01823875 0.802803 0.19622 0.563032 
-0.08935282 0.1369371 0.01188446 -0.920212 0.273463 -0.28005 
-0.047988 0.121051 0.02875599 0.797824 0.204891 0.567007 
0.02658 0.034551 0.013049 0.0282987 -0.999211 0.0278515 
-0.007130733 0.04603024 0.04737441 0.054887 -0.282085 0.957818 
-0.03276156 0.03802757 -0.0165952 0.296612 -0.773457 0.560165 
-0.054938 0.140991 0.029301 0.789019 0.102586 0.605744 
0.007749 0.035126 -0.013682 -0.333659 -0.791163 0.512575 
-0.019818 0.158714 -0.009705 0.323603 -0.935885 -0.139282 
0.03840012 0.1068358 0.02462863 0.849235 0.456464 0.265406 
-0.02449252 0.1249974 0.01945291 -0.282796 0.906524 0.313433 
-0.07771436 0.1359243 0.05093936 -0.0898574 0.487427 0.868528 
-0.0001271198 0.05429021 -0.03108917 0.173496 -0.265041 -0.9485 
0.007482 0.118415 -0.015585 0.106985 0.592876 -0.798156 
-0.06744295 0.04455046 0.002886443 -0.59536 0.785014 -0.171172 
-0.003734748 0.05169307 -0.031519 0.15515 -0.306 -0.939304 
0.02011934 0.05299009 0.04633041 0.459601 -0.529486 0.71303 
0.028538 0.052336 -0.01877 0.793047 -0.152708 -0.589709 
-0.04454461 0.1540917 0.007936036 0.449617 0.127857 0.884023 
-0.05107404 0.09506627 -0.021943 0.0258364 0.0155602 -0.999545 
0.004473725 0.09852564 0.04985366 0.154764 0.832964 0.531243 
0.0482462 0.04295648 0.008121399 0.560851 -0.817565 -0.130511 
0.03943837 0.09948229 0.02876877 0.82759 0.307394 0.469684 
-0.00184196 0.03876676 0.002316822 -0.171208 -0.977439 -0.123699 
-0.050778 0.061337 0.03277 -0.783363 -0.303478 0.542443 
-0.05280406 0.1443795 -0.0006447516 0.309655 -0.221296 -0.924739 
-0.02524835 0.1087026 0.04012822 -0.268284 0.533477 0.802139 
-0.0246497 0.09585057 -0.02514569 -0.25627 0.564889 -0.784364 
-0.032623 0.050667 -0.011522 -0.535433 0.732879 -0.419762 
0.031415 0.038415 -0.001137 0.232967 -0.769697 -0.594385 
0.01610343 0.03652434 0.04335744 0.429199 -0.578056 0.694002 
0.005643428 0.03474906 0.03766241 -0.177302 -0.875074 -0.450343 
-0.08224093 0.1337636 0.05028368 -0.483046 0.423155 0.766555 
0.03954681 0.06509316 0.03302816 0.859059 -0.122035 0.497117 
0.01305027 0.1300467 0.01828457 0.335661 0.935985 0.106129 
-0.06438486 0.1689465 -0.04155929 0.83671 0.520956 0.168883 
-0.07057482 0.119083 0.0533696 0.214192 -0.160479 0.963519 
-0.01191876 0.05632193 0.05244704 -0.350833 -0.314497 0.882048 
-0.07292447 0.1575006 -0.00292051 -0.360124 0.871684 0.332381 
0.02389874 0.1249673 0.01215131 0.56233 0.826578 -0.0235244 
-0.005621158 0.07938522 -0.03764241 0.200642 -0.0968243 -0.974868 
-0.09035764 0.1414371 0.02841819 -0.983096 -0.0537043 0.175036 
0.05370568 0.05651867 0.02818865 0.632365 -0.198553 0.748793 
-0.01940113 0.1804808 -0.0165144 0.758902 -0.0680428 0.647641 
0.003140982 0.03962466 0.04609494 0.150388 0.0203798 0.988417 
0.02744054 0.1087046 0.03724915 0.420471 0.395629 0.816506 
-0.004257532 0.1012051 -0.02326984 0.144879 0.338261 -0.929833 
-0.08365122 0.08778825 0.02996314 -0.834592 -0.12161 0.537277 
-0.062362 0.042076 0.042052 -0.741299 0.335506 0.581302 
-0.05525845 0.141335 -0.002246001 0.605361 0.180664 -0.775176 
-0.05012399 0.144161 0.001003 0.478786 -0.743626 -0.466674 
-0.013685 0.05556601 -0.033927 -0.0111263 -0.394378 -0.918881 
0.0123164 0.1278967 0.02713356 0.274753 0.851622 0.446374 
-0.008954089 0.1686746 -0.02146537 0.985362 -0.109199 0.130906 
-0.08277666 0.1110682 0.001169509 -0.746034 -0.152908 -0.648114 
0.04158093 0.06610516 0.02843352 0.783418 0.0539407 0.61915 
-0.03457696 0.03369107 0.01214185 -0.280877 -0.945173 0.166603 
-0.03407194 0.05577789 -0.01039666 -0.0655839 -0.176636 -0.982089 
-0.04884823 0.1393588 0.01152458 0.966761 0.254676 -0.0226699 
-0.04704641 0.1334971 0.008232585 0.831942 0.538945 -0.131953 
-0.03064533 0.051945 -0.01569434 -0.943219 0.263428 -0.202345 
-0.005718523 0.0908319 0.05680827 0.0279069 0.197816 0.979842 
-0.030514 0.034809 0.021138 0.647337 -0.746554 0.153658 
-0.03291917 0.04814075 0.04291744 -0.451638 0.7149 0.533799 
0.01988417 0.0351188 0.03115393 0.239311 -0.968057 0.0748056 
-0.04737435 0.0738884 -0.01667723 -0.181429 -0.387986 -0.903632 
0.01096711 0.1220569 -0.01155509 0.240676 0.765977 -0.596116 
-0.01174354 0.1638627 -0.01419622 0.880818 -0.271023 0.388209 
-0.03049199 0.09464601 0.04483 0.00168839 0.065669 0.99784 
-0.060608 0.118309 0.040376 0.53936 -0.508277 0.671376 
-0.04290696 0.03716133 -0.02670366 -0.692361 0.308351 -0.652347 
-0.03083753 0.1197455 0.0284474 0.0975876 0.833725 0.543487 
-0.05540082 0.1209853 0.03852335 0.584062 -0.264511 0.767402 
-0.08690799 0.084709 0.013477 -0.95731 -0.288746 0.0135744 
-0.0641137 0.1541956 0.03148148 0.0543256 0.935635 0.348764 
0.007882 0.036327 0.005802001 0.219326 -0.945535 0.240541 
-0.01303292 0.06246323 0.054472 -0.400101 -0.146569 0.904675 
-0.06290063 0.1486891 -0.01803279 0.945512 -0.317098 -0.073865 
-0.082368 0.147331 0.002175 -0.754632 0.26538 -0.600087 
-0.004661202 0.03840358 0.01091623 -0.165544 -0.985203 -0.0443887 
-0.05849716 0.08784172 -0.02108419 -0.359266 -0.0370155 -0.932501 
0.01192057 0.1210609 0.03497874 0.263548 0.511222 0.818043 
0.03786531 0.1099254 0.01845009 0.844013 0.525899 0.105225 
-0.021402 0.161048 -0.013999 0.0233371 -0.714805 -0.698934 
-0.03408043 0.07898491 0.04169605 0.228262 -0.115952 0.96667 
-0.06503656 0.1466907 0.03929585 0.581741 0.285645 0.761567 
0.005543402 0.05964612 -0.03101633 0.272427 -0.212373 -0.938446 
-0.01666857 0.05423619 0.050341 -0.347835 -0.36973 0.861574 
-0.04556438 0.1689138 -0.005939465 -0.696719 0.541183 -0.470854 
-0.002958406 0.04320215 -0.02529199 0.13025 -0.478256 -0.868508 
-0.04248801 0.109818 0.03809399 0.161266 0.519442 0.83915 
-0.038493 0.105604 0.038651 0.0640642 0.432255 0.899473 
-0.0754529 0.1259202 0.05321132 -0.0403598 -0.0563425 0.997595 
-0.04427166 0.1300359 0.01376486 0.781754 0.620457 0.0624015 
-0.05091754 0.05539219 0.01606919 -0.660314 -0.717346 0.222261 
0.0427834 0.07355528 0.02815609 0.884782 -0.0493747 0.463383 
-0.05403546 0.08964307 0.04482385 -0.0172954 0.0966932 0.995164 
-0.007583736 0.09975559 -0.02493297 0.0186207 0.608461 -0.793366 
-0.05451604 0.1604485 -0.0007229234 -0.732735 0.406235 -0.545961 
0.01809632 0.09346069 0.04773759 0.402604 0.314105 0.859796 
-0.06242309 0.03422548 0.02520206 -0.164191 -0.986375 -0.0102477 
-0.004486 0.118295 0.038989 -0.0727435 0.520383 0.850829 
0.02092885 0.03486527 -0.0009985314 0.320777 -0.887635 -0.330463 
-0.077237 0.072133 0.026606 -0.712775 -0.614134 0.338807 
-0.045165 0.03892811 -0.0214397 -0.85237 0.34032 -0.397049 
0.03344332 0.04483834 0.02985197 0.0713874 -0.436593 0.896823 
-0.01100912 0.05358615 -0.03369466 0.0466434 -0.312672 -0.948715 
-0.07016313 0.03407889 0.00800964 -0.371973 -0.904542 0.208424 
-0.001881 0.037731 0.006234 -0.558792 -0.801906 -0.21142 
-0.07648545 0.1280099 -0.007724702 -0.40774 0.074561 -0.910049 
0.01804132 0.08693147 0.04999576 0.366398 0.255268 0.894758 
-0.04525355 0.1252973 -0.008651127 0.0227399 0.807062 -0.590029 
0.007976402 0.1254983 0.03202256 0.120894 0.788774 0.602677 
-0.04747071 0.0849445 -0.02180181 0.0360442 -0.154747 -0.987296 
-0.08728752 0.121372 -0.001463039 -0.715266 -0.203535 -0.668557 
0.037593 0.102015 0.029918 0.773265 0.345512 0.531679 
-0.001477709 0.05164632 0.05374978 -0.0146172 -0.576896 0.816687 
-0.05114403 0.1007026 -0.02180954 -0.0975403 0.251696 -0.962878 
-0.01271385 0.1264296 0.02793023 -0.27477 0.846044 0.456849 
-0.06671064 0.1086127 0.03786777 -0.147853 0.192786 0.970038 
-0.0520765 0.1529139 0.01233526 0.5728 0.562235 0.596483 
-0.08724652 0.08740368 0.002351412 -0.926705 -0.0486447 -0.372629 
-0.06929169 0.1024185 -0.01453078 -0.388757 0.245516 -0.888026 
-0.03171811 0.1226933 -0.005855597 0.157375 0.87107 -0.465263 
-0.02382633 0.1088323 -0.02125519 -0.0964002 0.507169 -0.856438 
-0.05231587 0.06584501 -0.01094572 -0.310748 -0.597717 -0.739033 
0.01489324 0.04677229 0.04372773 0.409129 -0.240073 0.880329 
-0.06316377 0.1529596 -0.009097944 0.922538 0.343201 0.176456 
-0.04151838 0.07652964 0.04315973 -0.00697384 -0.0904035 0.995881 
-0.007202408 0.0458138 -0.02941952 0.0406334 -0.591695 -0.805137 
-0.011116 0.125335 -0.006801001 -0.290381 0.798835 -0.526822 
-0.03020166 0.1079871 0.03910296 -0.199335 0.516111 0.833003 
-0.002402993 0.03867583 0.02566108 0.00111098 -0.997701 0.0677573 
0.01366469 0.09245978 0.05194662 0.39074 0.475265 0.788318 
-0.04960663 0.1475661 -0.002707332 -0.0874755 -0.522857 -0.84792 
0.015323 0.03624 0.003663 0.053478 -0.896001 0.440819 
-0.04089849 0.03365383 0.007087099 -0.173429 -0.852494 0.49313 
-0.04446101 0.09026902 0.04284999 0.268948 0.0536132 0.961662 
-0.08353068 0.1143093 -0.0007501311 -0.611547 -0.396024 -0.684963 
-0.03236127 0.06234789 0.03867864 0.371995 -0.153678 0.915425 
0.01749612 0.1264278 0.02484169 0.389033 0.874017 0.291114 
-0.01903809 0.0363165 0.05270663 0.254539 -0.402256 0.879432 
-0.03411 0.171131 -0.014935 -0.47606 0.184536 -0.859833 
0.02968366 0.1041603 -0.01470546 0.495213 0.437088 -0.750812 
-0.02338518 0.09583991 0.04504564 -0.379213 0.454286 0.806115 
-0.02830364 0.1219364 0.02413162 -0.0832311 0.895326 0.437567 
-0.07647399 0.1130839 -0.005045333 -0.605952 -0.105181 -0.788517 
-0.08335982 0.09717406 0.03089262 -0.755787 0.148076 0.637855 
-0.08258475 0.07602064 0.01281734 -0.818835 -0.57103 0.0585945 
-0.04715583 0.03351688 0.005668612 0.127055 -0.940433 0.315347 
-0.05787873 0.06365211 0.03128639 -0.210609 -0.826036 0.522789 
0.01265792 0.03512013 0.02995001 -0.278555 -0.960328 0.0132959 
0.027194 0.047968 -0.016703 0.661909 -0.612447 -0.432186 
0.05199979 0.06448057 0.02861609 0.325534 0.383197 0.8644 
-0.04534515 0.1122483 -0.01690174 -0.0190904 0.421271 -0.906734 
0.02370073 0.07661331 0.04894372 0.569632 -0.106058 0.815028 
-0.04984821 0.1221052 0.03253892 0.793667 -0.0113753 0.608246 
-0.05332244 0.04031062 -0.01069329 -0.282561 0.374177 -0.883261 
-0.08948726 0.09458877 0.01454268 -0.99945 0.0260918 -0.0204487 
-0.09256674 0.1232033 0.008726339 -0.938285 0.0350671 -0.344079 
-0.075154 0.17882 -0.048244 -0.180316 0.89743 0.402624 
-0.03431132 0.03500797 0.03232191 0.512497 -0.85329 0.0961402 
-0.04466889 0.1467009 -0.0003335282 0.403586 -0.902181 -0.152273 
-0.07162872 0.06851066 0.02930399 -0.523399 -0.745899 0.411932 
-0.05431801 0.038729 0.047188 0.0248399 0.0688 0.997321 
0.021475 0.11175 -0.014422 0.494558 0.328891 -0.804514 
-0.01557397 0.03841413 0.002004905 0.0226408 -0.999456 -0.023986 
3 0 789 13 
3 1353 640 1700 
3 1245 1162 1097 
3 536 594 589 
3 530 417 310 
3 1249 999 1076 
3 1810 601 1578 
3 24 605 526 
3 1516 952 948 
3 834 1324 676 
3 1683 1370 1778 
3 41 30 40 
3 88 4 1855 
3 1189 991 410 
3 436 1160 1204 
3 503 1778 1370 
3 551 564 1428 
3 541 923 1127 
3 561 646 76 
3 1002 892 894 
3 342 343 344 
3 694 1564 1224 
3 503 1265 92 
3 389 392 395 
3 177 1643 1717 
3 19 1009 1102 
3 68 78 81 
3 345 28 1 
3 1644 854 220 
3 1070 1342 123 
3 545 1163 130 
3 949 1784 1478 
3 309 1807 308 
3 1470 1273 644 
3 793 490 1055 
3 726 1086 728 
3 1389 1201 1390 
3 1747 1417 811 
3 425 1320 1819 
3 498 82 1451 
3 113 600 22 
3 503 1370 1023 
3 1048 636 656 
3 43 1611 1510 
3 161 1709 143 
3 230 1072 1126 
3 736 152 1253 
3 731 1707 729 
3 97 95 534 
3 1113 1651 1567 
3 281 1250 1482 
3 97 94 95 
3 237 588 809 
3 1069 958 1319 
3 368 1800 367 
3 406 1337 732 
3 426 472 558 
3 1639 1037 1334 
3 205 759 638 
3 295 292 893 
3 1057 407 1112 
3 769 772 771 
3 1304 194 1109 
3 104 704 732 
3 229 1195 230 
3 691 1149 1007 
3 941 1409 576 
3 130 1163 149 
3 1229 207 164 
3 101 1350 1283 
3 1612 160 1144 
3 1458 217 681 
3 1307 1305 698 
3 679 1358 1554 
3 1486 1561 1786 
3 5 115 111 
3 843 1840 812 
3 1380 1684 1853 
3 319 826 320 
3 769 1427 1300 
3 137 315 144 
3 178 1659 1032 
3 192 195 37 
3 899 1093 54 
3 20 1791 1072 
3 611 1313 1657 
3 383 464 460 
3 1495 1348 878 
3 362 779 922 
3 1398 184 181 
3 121 1325 1275 
3 73 1358 1182 
3 311 644 907 
3 98 1589 1027 
3 1787 888 112 
3 629 1000 1103 
3 917 1551 1556 
3 1216 1446 1271 
3 599 571 295 
3 465 75 586 
3 4 351 1063 
3 399 341 1843 
3 449 553 350 
3 583 668 754 
3 1593 200 581 
3 487 1057 1112 
3 798 1804 1332 
3 798 324 872 
3 389 1781 392 
3 588 1048 1134 
3 370 1851 1490 
3 34 1827 1743 
3 1096 1797 488 
3 29 3 699 
3 701 807 806 
3 570 1712 1855 
3 587 797 1536 
3 47 780 1751 
3 256 562 91 
3 997 496 960 
3 1065 518 196 
3 992 224 225 
3 229 230 227 
3 727 146 1146 
3 1390 1617 33 
3 413 70 418 
3 783 1048 1849 
3 611 1657 378 
3 1361 1342 1533 
3 297 747 62 
3 88 917 667 
3 95 185 534 
3 216 1213 1645 
3 908 1563 1793 
3 155 1591 254 
3 247 238 1141 
3 1280 1173 1821 
3 878 956 1769 
3 379 1075 1405 
3 1029 170 270 
3 641 339 259 
3 271 370 1490 
3 1101 1599 65 
3 159 1092 446 
3 94 93 1047 
3 110 1116 976 
3 1673 1773 1672 
3 1559 1105 1498 
3 12 10 860 
3 1151 1568 656 
3 553 1754 350 
3 49 51 1452 
3 118 1382 1463 
3 865 322 1502 
3 275 219 208 
3 1086 14 461 
3 1215 1545 487 
3 1263 646 1226 
3 312 300 304 
3 176 1229 164 
3 753 1585 1852 
3 1689 247 183 
3 615 484 1085 
3 1086 1425 14 
3 237 96 1473 
3 843 133 1429 
3 1488 355 119 
3 68 1081 1514 
3 727 1298 1235 
3 828 832 694 
3 550 125 1109 
3 925 1117 87 
3 930 1387 1432 
3 398 400 402 
3 343 214 344 
3 851 698 1652 
3 803 1490 46 
3 884 1090 1453 
3 94 1661 125 
3 429 1212 561 
3 1151 433 1218 
3 622 1535 830 
3 806 1822 1788 
3 831 1766 39 
3 108 106 1476 
3 1736 925 565 
3 1164 1027 1502 
3 61 1433 393 
3 212 1291 437 
3 1840 373 812 
3 991 1189 466 
3 224 457 225 
3 1589 1567 280 
3 441 447 449 
3 202 1157 21 
3 67 1016 262 
3 455 459 463 
3 1199 607 235 
3 7 1499 920 
3 395 392 150 
3 1227 468 59 
3 476 245 1522 
3 1088 1048 783 
3 635 638 642 
3 228 1095 826 
3 472 474 1786 
3 1187 1802 480 
3 1249 1076 1079 
3 1682 1335 1684 
3 1699 306 932 
3 1302 560 1396 
3 1025 1771 1698 
3 26 608 971 
3 482 147 483 
3 227 1045 1261 
3 925 210 1836 
3 350 839 692 
3 778 243 194 
3 1338 657 1278 
3 65 1779 659 
3 1200 63 1483 
3 221 8 280 
3 128 548 1264 
3 695 1299 505 
3 621 1494 1597 
3 427 979 103 
3 283 1513 1775 
3 342 69 343 
3 82 122 1451 
3 266 587 335 
3 1724 597 129 
3 1350 825 978 
3 1310 9 348 
3 228 1365 1095 
3 562 1319 1433 
3 178 931 1659 
3 436 1335 1737 
3 314 803 499 
3 1731 1584 1292 
3 1386 328 714 
3 647 1686 175 
3 1128 866 1266 
3 330 836 953 
3 1017 1292 1842 
3 658 1655 396 
3 49 1452 838 
3 1755 893 707 
3 587 1716 624 
3 1522 27 757 
3 249 1235 1298 
3 770 1101 659 
3 1561 624 239 
3 1658 1526 1307 
3 522 521 728 
3 681 1471 382 
3 414 1352 101 
3 571 938 1345 
3 1391 717 209 
3 386 1813 193 
3 529 530 1445 
3 215 74 1720 
3 977 102 1763 
3 500 272 1107 
3 1218 1217 613 
3 706 102 643 
3 1445 1529 1324 
3 184 1325 1080 
3 1327 1749 75 
3 1605 1704 1795 
3 1024 1060 1417 
3 416 1513 283 
3 1001 1605 814 
3 331 1023 1569 
3 810 1492 1054 
3 359 1267 524 
3 1508 208 158 
3 565 891 963 
3 275 687 219 
3 961 800 1414 
3 565 963 124 
3 820 818 1744 
3 447 1500 497 
3 761 951 213 
3 971 781 47 
3 925 87 210 
3 186 1204 1160 
3 476 1041 245 
3 1332 1804 1087 
3 169 1288 662 
3 480 518 1187 
3 818 1272 1744 
3 263 863 475 
3 1002 316 892 
3 1099 1314 1532 
3 218 1444 1753 
3 241 1710 884 
3 549 118 552 
3 722 1479 1172 
3 1171 895 1596 
3 227 156 1045 
3 454 486 559 
3 1057 891 1836 
3 243 1109 194 
3 275 1175 1725 
3 371 1679 1238 
3 124 1446 1736 
3 295 893 1755 
3 236 941 234 
3 16 637 15 
3 1308 622 1649 
3 1188 1615 1819 
3 781 1436 47 
3 306 935 1225 
3 1430 1495 346 
3 1029 1215 170 
3 267 1258 1317 
3 412 1654 1693 
3 580 932 1636 
3 1189 1519 1138 
3 1196 495 494 
3 455 61 393 
3 1302 1396 53 
3 315 314 329 
3 1153 1681 560 
3 24 430 1454 
3 593 321 598 
3 387 4 516 
3 1466 1183 1826 
3 56 468 674 
3 579 862 1185 
3 619 1349 792 
3 418 1202 278 
3 1039 985 1316 
3 285 1800 1493 
3 1437 768 948 
3 1421 1137 354 
3 911 1000 983 
3 120 1287 609 
3 313 723 1136 
3 348 1060 482 
3 1620 641 259 
3 338 615 1085 
3 851 1115 1658 
3 1800 1364 381 
3 1350 1674 825 
3 454 559 1070 
3 1039 339 290 
3 219 687 684 
3 1082 274 744 
3 559 1141 1503 
3 646 1276 1363 
3 326 1694 398 
3 1428 793 1055 
3 532 765 115 
3 791 1372 1374 
3 628 631 273 
3 111 115 440 
3 1113 1379 1366 
3 788 567 890 
3 522 1846 1058 
3 205 1788 1630 
3 245 1219 27 
3 989 583 754 
3 627 623 1129 
3 663 1590 506 
3 1268 1375 1377 
3 1020 217 1458 
3 104 732 1337 
3 1153 560 509 
3 1788 1799 1630 
3 668 1771 1150 
3 449 447 1415 
3 1314 543 1532 
3 1117 1736 1216 
3 1218 613 1151 
3 252 1487 1611 
3 1287 978 825 
3 1012 1095 372 
3 1141 1533 1503 
3 366 1222 496 
3 1168 655 301 
3 264 916 1029 
3 529 417 530 
3 177 365 1500 
3 233 519 1475 
3 495 1041 476 
3 1343 1439 688 
3 761 170 1112 
3 386 193 660 
3 218 215 1444 
3 832 830 982 
3 1807 1699 293 
3 330 953 1376 
3 849 859 852 
3 1324 1529 1734 
3 882 1539 139 
3 556 223 132 
3 1142 332 1569 
3 1012 1404 320 
3 833 564 551 
3 363 514 1793 
3 370 934 1577 
3 555 111 1613 
3 537 1306 542 
3 1237 867 1133 
3 515 1058 1846 
3 528 1165 291 
3 713 710 1250 
3 436 874 1335 
3 126 107 1481 
3 1218 1510 1217 
3 1670 979 544 
3 1469 1732 1253 
3 1022 57 63 
3 875 924 928 
3 892 600 1369 
3 77 1182 680 
3 338 1531 696 
3 689 127 145 
3 757 1026 1522 
3 535 347 1582 
3 929 695 505 
3 87 1623 210 
3 678 182 7 
3 826 822 827 
3 1559 1498 1358 
3 537 920 1323 
3 961 1414 1626 
3 586 959 1033 
3 10 13 860 
3 137 314 315 
3 703 708 288 
3 881 1756 174 
3 871 502 203 
3 709 710 713 
3 288 1399 262 
3 1051 1664 1809 
3 1355 730 1431 
3 753 1852 751 
3 1460 1461 1844 
3 86 1526 1713 
3 465 1406 75 
3 628 273 1648 
3 319 1606 996 
3 1011 1656 1353 
3 49 838 752 
3 596 1465 1497 
3 883 1765 1506 
3 1516 948 20 
3 1123 1056 1702 
3 113 174 1369 
3 731 1593 936 
3 256 937 1169 
3 1647 1708 250 
3 0 13 10 
3 1133 531 1718 
3 264 1230 916 
3 215 257 804 
3 517 1470 908 
3 797 624 962 
3 79 281 1482 
3 734 750 1164 
3 1759 485 363 
3 1011 1774 620 
3 1173 574 1010 
3 1182 1358 679 
3 1005 882 139 
3 650 669 1205 
3 422 1844 896 
3 174 1756 211 
3 368 1201 1389 
3 206 905 750 
3 710 1442 444 
3 766 1390 33 
3 673 733 1155 
3 1768 1855 1712 
3 37 1330 192 
3 1538 182 678 
3 756 511 183 
3 1022 203 57 
3 607 1459 452 
3 1228 59 612 
3 1529 708 1734 
3 238 242 767 
3 1641 403 950 
3 1515 1751 671 
3 762 763 761 
3 562 1433 91 
3 1581 1580 479 
3 77 1181 1182 
3 1850 47 1751 
3 191 1805 163 
3 1171 919 1036 
3 4 88 516 
3 1444 1840 1753 
3 1212 1214 1419 
3 1114 1395 890 
3 913 778 782 
3 1012 826 1095 
3 267 11 477 
3 661 954 694 
3 958 1811 1319 
3 407 1057 1836 
3 1217 1510 1670 
3 549 1148 677 
3 101 1654 412 
3 1246 902 906 
3 1748 1747 811 
3 961 748 962 
3 1456 265 1192 
3 392 1644 1233 
3 685 794 1812 
3 746 439 1105 
3 350 692 504 
3 960 337 1347 
3 1775 1198 602 
3 1143 1669 805 
3 312 910 1524 
3 1145 868 1125 
3 742 131 1504 
3 731 1051 1809 
3 355 1525 1203 
3 746 176 1523 
3 914 263 1627 
3 930 1432 1789 
3 293 202 21 
3 1307 1304 1305 
3 1462 1173 1280 
3 79 1482 1118 
3 1244 431 975 
3 608 1064 1384 
3 1682 1737 1335 
3 754 1150 458 
3 827 313 823 
3 1224 1580 1581 
3 739 866 738 
3 1118 1084 51 
3 829 832 828 
3 535 970 54 
3 771 1158 1423 
3 1786 195 192 
3 1132 1538 678 
3 847 848 846 
3 827 822 801 
3 109 108 964 
3 579 1426 862 
3 414 1671 743 
3 1443 1001 815 
3 869 1794 742 
3 877 874 436 
3 69 1046 1407 
3 401 881 879 
3 697 1779 1159 
3 1806 605 1708 
3 326 939 431 
3 588 636 1048 
3 241 884 1074 
3 330 894 777 
3 1662 1740 1795 
3 439 1497 1498 
3 1163 105 153 
3 837 1623 87 
3 1399 1801 286 
3 105 1115 1009 
3 606 1204 186 
3 942 546 1711 
3 396 1655 577 
3 902 41 906 
3 562 1069 1319 
3 121 709 1325 
3 911 955 876 
3 200 1024 1417 
3 414 412 1671 
3 509 560 1302 
3 260 1535 630 
3 171 1644 220 
3 249 1322 1394 
3 1365 1034 903 
3 784 920 537 
3 757 27 1055 
3 1556 1850 1515 
3 1128 1266 1254 
3 249 634 19 
3 1019 498 1544 
3 58 669 55 
3 1707 936 934 
3 543 1642 1532 
3 719 575 442 
3 720 682 366 
3 1190 527 1276 
3 170 487 1112 
3 1611 103 1510 
3 842 523 1056 
3 1249 693 415 
3 41 902 1227 
3 1290 758 1531 
3 798 1332 1467 
3 1215 916 603 
3 1079 180 941 
3 1429 1393 1170 
3 240 693 941 
3 1793 514 908 
3 1420 1832 44 
3 1707 934 943 
3 1165 1339 44 
3 1148 1821 470 
3 617 1521 1758 
3 499 803 1697 
3 782 55 1783 
3 813 110 976 
3 1150 904 1240 
3 324 1657 1478 
3 121 136 1442 
3 15 637 487 
3 417 1770 310 
3 86 361 1526 
3 580 1636 83 
3 1694 445 1457 
3 375 591 964 
3 129 39 705 
3 758 594 536 
3 686 969 1816 
3 785 649 1234 
3 1373 1471 217 
3 121 1442 709 
3 1437 948 952 
3 256 1201 652 
3 1514 116 353 
3 549 1382 118 
3 477 411 380 
3 1275 1325 184 
3 1291 758 1290 
3 474 1472 1241 
3 924 888 928 
3 1237 1126 867 
3 680 1465 853 
3 1554 1358 1498 
3 989 967 1829 
3 5 380 411 
3 462 602 1392 
3 463 1827 1835 
3 772 1174 771 
3 695 1365 228 
3 428 1754 423 
3 691 66 1852 
3 934 1576 1577 
3 1420 1339 885 
3 1041 1091 1397 
3 966 1379 1113 
3 76 334 71 
3 286 262 1399 
3 1591 1592 591 
3 1246 136 162 
3 9 796 1748 
3 68 1514 353 
3 583 834 668 
3 510 142 945 
3 587 624 797 
3 552 1239 1456 
3 215 804 74 
3 545 130 1252 
3 443 1514 1579 
3 1272 610 903 
3 573 1094 915 
3 369 341 367 
3 164 745 1523 
3 438 781 231 
3 1249 415 1435 
3 1443 1392 1001 
3 1389 1390 835 
3 756 1003 511 
3 995 1142 139 
3 1315 396 1184 
3 342 1006 69 
3 1692 1238 1679 
3 143 585 1036 
3 695 228 823 
3 545 1252 154 
3 237 1328 588 
3 1320 425 420 
3 155 1016 67 
3 1281 1192 1768 
3 283 1775 282 
3 297 1549 747 
3 484 696 536 
3 1215 1566 1108 
3 390 1721 1131 
3 255 1090 1035 
3 1388 128 1413 
3 1638 1130 1037 
3 1359 1830 675 
3 1418 1752 724 
3 200 1417 581 
3 933 13 935 
3 1041 1397 1260 
3 206 750 1483 
3 651 90 1492 
3 602 462 1775 
3 12 0 10 
3 787 776 752 
3 65 471 1780 
3 302 956 958 
3 364 308 858 
3 1022 1282 633 
3 1635 649 1847 
3 1210 1025 546 
3 1578 179 1331 
3 39 597 1143 
3 1103 358 629 
3 1257 965 1496 
3 728 1031 481 
3 11 957 157 
3 469 1668 1660 
3 1159 1820 1157 
3 1625 1623 1665 
3 787 427 103 
3 1468 563 1301 
3 240 223 157 
3 312 212 910 
3 220 854 1104 
3 832 258 577 
3 933 309 860 
3 1067 720 496 
3 612 1571 1061 
3 371 117 1383 
3 1038 1040 1593 
3 571 1345 138 
3 1073 280 1071 
3 1658 1115 1526 
3 1434 1437 952 
3 1043 535 54 
3 726 1450 1703 
3 1830 1359 1044 
3 176 165 1229 
3 975 450 507 
3 1154 1590 443 
3 434 1570 1448 
3 729 498 1051 
3 1338 1377 358 
3 741 1284 1285 
3 1271 1306 1585 
3 48 930 864 
3 82 209 717 
3 1620 910 616 
3 465 1412 1406 
3 317 1796 992 
3 1203 1525 1547 
3 830 829 1518 
3 409 151 1063 
3 1148 1456 1192 
3 608 864 1064 
3 1222 1447 1326 
3 437 1531 338 
3 1774 246 1223 
3 1272 1034 1744 
3 1341 1254 1256 
3 360 362 401 
3 1226 1419 25 
3 832 982 258 
3 875 1120 924 
3 879 1411 401 
3 456 1384 1064 
3 1422 1802 244 
3 935 1685 1225 
3 78 353 801 
3 972 248 974 
3 319 320 1501 
3 411 1676 1078 
3 349 592 610 
3 1156 1140 786 
3 775 1026 1640 
3 652 367 399 
3 297 62 1427 
3 532 547 765 
3 1218 433 1724 
3 522 737 521 
3 1375 897 1377 
3 655 1040 643 
3 753 1520 1152 
3 908 311 1563 
3 1338 1100 1020 
3 745 1346 170 
3 1338 1103 197 
3 611 378 377 
3 687 1725 1781 
3 1314 1292 543 
3 1648 618 1039 
3 798 872 942 
3 1132 1331 1538 
3 995 92 1265 
3 1485 1798 56 
3 225 741 992 
3 918 662 1359 
3 691 1852 740 
3 1328 1669 572 
3 442 1221 719 
3 1383 1613 1710 
3 1649 589 594 
3 255 1266 739 
3 740 990 1149 
3 132 1153 1154 
3 1011 977 490 
3 562 256 1169 
3 545 1115 1163 
3 357 197 1000 
3 1049 294 752 
3 277 413 988 
3 378 714 377 
3 659 1101 65 
3 514 344 214 
3 1137 1334 354 
3 386 472 192 
3 862 190 1185 
3 953 569 1831 
3 1395 1322 1401 
3 1420 885 926 
3 1416 724 1646 
3 727 1146 1298 
3 1581 479 1180 
3 242 1732 1469 
3 635 708 638 
3 31 1835 1827 
3 809 1191 1440 
3 852 1414 1486 
3 619 792 1186 
3 526 1806 1008 
3 1587 1144 141 
3 397 355 1203 
3 661 1655 1815 
3 1196 573 915 
3 1199 1018 43 
3 1178 374 59 
3 537 1446 124 
3 807 1236 484 
3 442 1730 1357 
3 1198 863 1683 
3 884 1035 1090 
3 789 0 938 
3 1305 1400 698 
3 775 1174 856 
3 480 1802 1422 
3 668 1698 1771 
3 770 659 1203 
3 1550 1028 1696 
3 642 759 1631 
3 448 1457 1193 
3 164 1346 745 
3 347 1170 1582 
3 1233 1232 1223 
3 633 1443 815 
3 409 1063 351 
3 683 412 1693 
3 370 1577 1851 
3 260 258 982 
3 800 1486 1414 
3 1218 1139 1510 
3 62 1664 1427 
3 1246 162 1245 
3 617 1761 774 
3 669 1783 55 
3 206 1688 905 
3 992 741 1285 
3 600 1122 1257 
3 376 458 1262 
3 356 1024 200 
3 1002 1376 123 
3 1273 14 497 
3 538 1267 1255 
3 607 452 1275 
3 851 1652 819 
3 1473 1540 237 
3 483 147 1610 
3 820 1722 54 
3 684 77 853 
3 663 1189 1136 
3 1282 42 998 
3 511 1003 566 
3 632 1624 1583 
3 1660 1668 1250 
3 1236 1209 1709 
3 1429 1692 1393 
3 1341 1128 1254 
3 583 1324 834 
3 95 1047 93 
3 1501 320 1404 
3 633 815 871 
3 840 1813 1330 
3 1648 1534 618 
3 151 1296 570 
3 1175 1301 1104 
3 277 492 413 
3 1086 557 1530 
3 304 1308 212 
3 1670 103 979 
3 199 1355 621 
3 1285 550 38 
3 1323 333 1351 
3 658 396 1315 
3 90 1318 1054 
3 788 85 648 
3 853 158 208 
3 249 1298 1322 
3 1211 836 134 
3 1803 944 374 
3 635 1734 708 
3 778 194 361 
3 1735 1786 474 
3 1458 502 657 
3 1222 1326 393 
3 1152 755 1216 
3 1329 1627 952 
3 1305 1197 1400 
3 974 453 317 
3 1146 898 1298 
3 1609 1430 1177 
3 330 1772 64 
3 660 1068 558 
3 73 1559 1358 
3 409 1293 1296 
3 1249 1435 999 
3 867 531 1133 
3 458 1333 1262 
3 632 85 60 
3 1444 215 844 
3 465 404 363 
3 472 426 1472 
3 293 1834 202 
3 301 356 1168 
3 237 805 1328 
3 297 1274 1549 
3 90 1565 1318 
3 338 1085 1750 
3 208 1468 1301 
3 1340 1128 1341 
3 1088 104 1337 
3 100 1125 1344 
3 867 1126 1072 
3 1347 1348 1495 
3 268 382 1373 
3 383 1727 809 
3 243 931 178 
3 926 885 53 
3 1144 1574 141 
3 774 419 1349 
3 1352 724 1350 
3 1356 626 1354 
3 637 1847 963 
3 772 888 924 
3 773 912 518 
3 965 1361 790 
3 1362 1363 1276 
3 1372 204 307 
3 204 513 1247 
3 758 536 696 
3 67 286 308 
3 12 860 1741 
3 1373 382 1471 
3 766 835 1390 
3 1182 679 680 
3 3 84 1159 
3 526 1116 430 
3 1198 1683 1371 
3 86 55 361 
3 1262 292 138 
3 1051 1019 1664 
3 1639 1334 1738 
3 16 1677 1687 
3 1526 361 1307 
3 1462 488 1111 
3 25 1263 1226 
3 881 1742 1496 
3 751 107 753 
3 1268 1740 1662 
3 20 296 1516 
3 533 659 1779 
3 360 1391 1511 
3 1041 915 1091 
3 368 1389 1800 
3 813 341 1552 
3 1512 269 1194 
3 42 940 1572 
3 1429 1753 843 
3 1395 702 1394 
3 1125 226 664 
3 1488 166 1808 
3 954 1439 1564 
3 1773 1202 70 
3 1085 1236 161 
3 69 1407 1408 
3 689 857 127 
3 1680 1823 1211 
3 1538 527 182 
3 607 1398 235 
3 1551 1251 868 
3 1574 1072 141 
3 967 1723 1829 
3 654 296 1696 
3 571 138 295 
3 667 671 1751 
3 284 932 525 
3 1517 1653 1286 
3 652 1843 937 
3 1173 373 574 
3 1287 825 1674 
3 929 1784 1365 
3 1619 605 266 
3 998 462 1392 
3 245 1260 1219 
3 267 477 261 
3 317 972 974 
3 1268 1377 336 
3 499 1697 779 
3 1373 909 1438 
3 1199 705 1459 
3 1219 1357 1730 
3 322 1075 940 
3 190 85 632 
3 879 1496 790 
3 148 1442 136 
3 1125 675 226 
3 229 1764 1195 
3 1044 1359 1654 
3 149 1163 153 
3 1434 1435 1437 
3 43 252 1611 
3 221 1681 222 
3 384 1440 1441 
3 1619 520 605 
3 1601 492 715 
3 784 785 1234 
3 1202 1673 278 
3 1304 1307 361 
3 774 405 419 
3 666 625 896 
3 1076 475 416 
3 1621 1542 1256 
3 231 1838 1825 
3 1444 844 1840 
3 586 1033 450 
3 713 1250 281 
3 376 1262 138 
3 861 1739 1576 
3 362 922 1756 
3 237 1540 805 
3 1241 287 491 
3 229 1111 1764 
3 1314 1731 1292 
3 818 1642 543 
3 1577 1576 1739 
3 383 391 1727 
3 541 1555 991 
3 1460 714 1461 
3 229 227 1261 
3 697 84 29 
3 1019 1300 1664 
3 247 1689 238 
3 294 1118 49 
3 1682 1464 1160 
3 1208 1210 1299 
3 1730 442 833 
3 145 1413 128 
3 538 1255 457 
3 1445 989 529 
3 229 373 1111 
3 191 1671 683 
3 331 1569 332 
3 1245 162 1162 
3 1139 705 43 
3 139 1142 584 
3 1074 1393 241 
3 349 1584 1340 
3 242 1469 1411 
3 1009 851 1102 
3 482 1060 28 
3 32 1303 570 
3 1140 1156 294 
3 549 1608 1382 
3 1291 1649 594 
3 429 1474 1475 
3 1449 799 1745 
3 164 207 1616 
3 223 576 1409 
3 869 1642 970 
3 33 1617 61 
3 690 1004 613 
3 1214 1663 1419 
3 1415 1475 1474 
3 199 1702 760 
3 807 921 1209 
3 274 1082 1213 
3 357 1558 196 
3 119 1603 1488 
3 1481 154 1480 
3 1114 890 567 
3 795 1516 296 
3 1702 1056 707 
3 992 1285 972 
3 1323 1351 740 
3 1220 821 172 
3 267 948 768 
3 678 1762 1234 
3 443 132 1154 
3 1028 712 1696 
3 526 976 1116 
3 816 1052 1853 
3 520 1708 605 
3 1199 786 1018 
3 1686 258 260 
3 1454 430 840 
3 219 853 208 
3 1299 410 1555 
3 536 589 824 
3 207 1229 299 
3 658 645 1815 
3 837 994 1508 
3 1212 1419 1226 
3 901 1127 1339 
3 984 980 575 
3 1277 643 620 
3 1302 53 509 
3 81 78 187 
3 1501 850 554 
3 918 1733 662 
3 1453 131 1147 
3 1559 1562 981 
3 314 802 803 
3 1389 835 1364 
3 703 2 701 
3 82 1509 1512 
3 99 1421 968 
3 211 1756 922 
3 835 766 354 
3 1191 588 1134 
3 312 304 212 
3 739 1266 866 
3 1662 1704 1818 
3 193 1507 1068 
3 1190 1276 424 
3 126 1388 1520 
3 204 1420 926 
3 572 636 451 
3 94 125 1284 
3 387 1457 4 
3 743 273 1776 
3 673 783 733 
3 876 1385 1558 
3 9 1309 1477 
3 672 1119 939 
3 1453 1090 1504 
3 1602 1650 471 
3 673 1155 700 
3 1102 1380 1527 
3 1151 613 1004 
3 151 1855 1063 
3 17 145 127 
3 681 382 1537 
3 261 1311 1258 
3 102 1549 1763 
3 1545 15 487 
3 1049 1018 1140 
3 1449 781 799 
3 833 575 980 
3 394 619 1186 
3 1310 1309 9 
3 1700 1721 390 
3 563 1521 1104 
3 694 577 1655 
3 18 792 1349 
3 68 353 78 
3 1296 712 32 
3 1691 1628 1 
3 587 1242 1716 
3 1606 1501 1410 
3 763 407 210 
3 1538 682 1362 
3 1056 1123 1629 
3 870 92 1539 
3 77 680 853 
3 13 789 1685 
3 722 1596 1321 
3 309 308 286 
3 1581 1653 1289 
3 892 1772 777 
3 287 1015 1295 
3 593 375 585 
3 1132 1635 1810 
3 1850 1556 1378 
3 1085 484 1236 
3 1399 1770 188 
3 449 1415 1814 
3 906 148 136 
3 483 1610 83 
3 272 730 1107 
3 709 281 1548 
3 357 1000 911 
3 296 846 1550 
3 1517 1649 1518 
3 1045 156 133 
3 746 745 1279 
3 349 590 592 
3 748 1537 962 
3 1441 406 114 
3 1505 1785 1183 
3 913 931 243 
3 80 786 235 
3 1528 760 893 
3 1071 513 1098 
3 1053 289 841 
3 1650 1757 276 
3 398 670 326 
3 321 1209 598 
3 911 876 1558 
3 1169 1008 1806 
3 1028 1550 1030 
3 311 1406 1563 
3 1146 35 1378 
3 429 561 1609 
3 795 1329 1516 
3 512 945 888 
3 159 446 1177 
3 38 972 1285 
3 795 1569 1023 
3 749 596 1497 
3 1645 1213 1043 
3 131 1582 1147 
3 25 604 1263 
3 41 1227 30 
3 1122 1361 965 
3 807 1822 806 
3 1007 25 1403 
3 666 328 1631 
3 1341 1256 1542 
3 1621 850 1542 
3 540 1528 1355 
3 818 543 1017 
3 1029 916 1215 
3 1485 56 33 
3 528 1166 1165 
3 213 1279 745 
3 716 1318 985 
3 281 181 1548 
3 794 1615 627 
3 335 773 1618 
3 1656 490 793 
3 397 1360 1124 
3 154 1252 1110 
3 1527 1380 1853 
3 1493 1477 285 
3 371 1238 1237 
3 753 1152 1585 
3 673 700 303 
3 229 1261 812 
3 1356 620 626 
3 1073 560 1681 
3 761 745 170 
3 1088 1134 1048 
3 1030 1550 846 
3 832 577 694 
3 1581 1289 1224 
3 63 57 1484 
3 1360 1 1628 
3 1426 595 648 
3 1398 607 1275 
3 1587 1612 1144 
3 1506 1765 1726 
3 973 865 6 
3 464 444 460 
3 999 1435 1434 
3 443 556 132 
3 625 666 1631 
3 86 1013 58 
3 1588 233 1415 
3 1180 422 993 
3 845 1674 1675 
3 665 1044 1283 
3 28 721 419 
3 67 1790 1592 
3 973 1405 322 
3 97 1312 1607 
3 598 254 1591 
3 969 831 1553 
3 1154 506 1590 
3 424 990 1837 
3 1593 1168 200 
3 1709 321 143 
3 1594 1385 839 
3 1230 1061 944 
3 441 1500 447 
3 395 1700 390 
3 1152 1216 1271 
3 199 621 1597 
3 949 725 1722 
3 740 1792 1323 
3 89 1326 1447 
3 1066 840 711 
3 603 916 34 
3 595 153 648 
3 1599 1602 65 
3 973 6 1405 
3 1712 1303 848 
3 330 64 134 
3 218 1753 744 
3 452 1459 1766 
3 1220 172 719 
3 45 112 772 
3 409 1296 151 
3 1245 968 354 
3 474 1241 1735 
3 251 1666 1604 
3 829 828 1289 
3 524 1267 1031 
3 746 1105 176 
3 1218 1724 1139 
3 929 505 872 
3 1246 1245 766 
3 380 117 1311 
3 1710 1541 305 
3 1388 1413 1520 
3 319 1501 1606 
3 1274 1640 1549 
3 387 516 1193 
3 1013 1713 154 
3 416 283 232 
3 653 197 1103 
3 1530 1595 1425 
3 835 1037 1364 
3 897 450 1033 
3 1591 591 375 
3 225 1284 741 
3 34 31 1827 
3 673 303 704 
3 274 216 1719 
3 727 1235 48 
3 317 992 972 
3 1064 1789 457 
3 1205 1007 1403 
3 99 686 1120 
3 267 957 11 
3 176 981 984 
3 1280 1281 1096 
3 1485 1178 1798 
3 1277 620 1356 
3 1079 1076 180 
3 1593 1040 1168 
3 1244 507 870 
3 408 1093 688 
3 1269 1386 324 
3 51 303 1452 
3 500 1832 272 
3 11 157 1579 
3 770 1203 1547 
3 267 1317 948 
3 344 485 298 
3 288 262 1016 
3 19 1102 1527 
3 1723 967 467 
3 265 1768 1192 
3 913 1783 501 
3 747 1038 62 
3 1155 733 1004 
3 314 499 329 
3 159 1177 1430 
3 1840 843 1753 
3 111 873 1613 
3 1233 171 1232 
3 190 632 1583 
3 742 1504 1099 
3 658 1315 169 
3 1706 957 1841 
3 225 457 1614 
3 1027 905 98 
3 1652 698 1207 
3 1451 927 1544 
3 389 395 390 
3 1692 156 946 
3 264 1029 1616 
3 1387 1204 606 
3 357 196 1438 
3 1448 650 1336 
3 341 399 367 
3 677 1720 74 
3 751 1839 107 
3 909 197 1438 
3 711 1116 110 
3 330 134 836 
3 1068 1243 558 
3 606 186 1607 
3 856 1473 96 
3 1123 1494 1629 
3 8 6 1589 
3 1215 603 1566 
3 14 1425 1588 
3 655 1277 301 
3 1245 1097 968 
3 477 1676 411 
3 1733 257 1546 
3 234 180 232 
3 886 568 17 
3 1234 649 1635 
3 1145 100 1146 
3 433 656 636 
3 1246 674 902 
3 1152 1271 1585 
3 810 1479 1833 
3 739 738 1504 
3 355 1021 1525 
3 24 526 430 
3 1638 1639 861 
3 136 121 162 
3 396 577 1184 
3 1139 43 1510 
3 173 168 564 
3 427 1452 421 
3 126 753 107 
3 1766 1459 39 
3 448 1193 1046 
3 1634 504 839 
3 828 1224 1289 
3 17 127 1573 
3 1634 839 1385 
3 510 508 569 
3 19 1527 1052 
3 7 920 784 
3 905 1688 966 
3 865 973 322 
3 591 189 964 
3 360 1511 362 
3 1294 1165 44 
3 319 801 822 
3 1731 1340 1584 
3 1034 1784 1744 
3 1710 1613 1541 
3 1438 196 912 
3 897 870 507 
3 736 1135 511 
3 1167 1023 1370 
3 831 39 1143 
3 820 54 1642 
3 405 1845 419 
3 151 570 1855 
3 775 1274 1158 
3 914 1627 1329 
3 619 774 1349 
3 1210 546 942 
3 177 1327 907 
3 327 1252 1817 
3 421 690 1083 
3 1016 254 986 
3 242 790 767 
3 709 713 281 
3 205 701 806 
3 1086 1530 1425 
3 1118 1482 1084 
3 465 586 1042 
3 681 1537 748 
3 279 189 1790 
3 111 440 873 
3 610 372 903 
3 716 290 289 
3 227 1126 946 
3 408 1645 1043 
3 848 1303 1030 
3 1686 260 175 
3 378 1231 714 
3 140 1064 457 
3 1268 336 1740 
3 495 493 494 
3 750 1200 1483 
3 292 1107 1270 
3 1277 1695 301 
3 251 1667 1666 
3 1741 529 1829 
3 1603 166 1488 
3 1210 904 1025 
3 1622 1761 1758 
3 1418 1416 60 
3 1071 280 1248 
3 757 1641 1026 
3 12 1723 0 
3 82 729 1509 
3 11 1579 1676 
3 643 1040 808 
3 32 570 1296 
3 793 1428 168 
3 483 1310 348 
3 989 754 967 
3 369 1552 341 
3 628 1648 1624 
3 1196 494 1767 
3 456 140 1407 
3 592 590 1161 
3 1011 490 1656 
3 785 124 963 
3 977 1011 102 
3 469 1660 114 
3 27 1428 1055 
3 454 508 486 
3 352 1678 276 
3 1723 467 1345 
3 368 652 1201 
3 139 1539 995 
3 1603 1622 1758 
3 1146 146 35 
3 481 1031 453 
3 609 845 1297 
3 137 802 314 
3 652 399 1843 
3 1667 284 525 
3 41 148 906 
3 1711 546 1804 
3 318 52 927 
3 1775 1513 1198 
3 426 558 1243 
3 1187 518 1065 
3 204 926 513 
3 876 1634 1385 
3 1042 404 465 
3 1842 1584 349 
3 1570 501 1448 
3 18 1695 1277 
3 1629 1494 1243 
3 1209 921 598 
3 821 1690 1061 
3 1455 1802 423 
3 1025 904 1771 
3 900 1476 1596 
3 526 1008 976 
3 1599 1650 1602 
3 1187 423 1802 
3 661 1705 954 
3 689 145 128 
3 7 1762 678 
3 74 918 1608 
3 629 959 983 
3 1027 1164 905 
3 348 1782 1060 
3 541 1127 1208 
3 909 1100 197 
3 1041 1196 915 
3 400 388 1006 
3 772 924 686 
3 18 1024 1695 
3 261 1258 267 
3 1022 63 1282 
3 622 1518 1649 
3 351 584 409 
3 527 1362 1276 
3 1180 1286 1653 
3 30 1228 573 
3 1319 1811 1433 
3 28 1060 721 
3 1198 1513 863 
3 242 1689 1732 
3 402 342 344 
3 50 406 1441 
3 1741 1829 12 
3 5 532 115 
3 1146 100 898 
3 621 1355 287 
3 532 81 187 
3 149 153 595 
3 1805 1184 163 
3 408 1043 1093 
3 650 1205 1403 
3 1395 1401 1752 
3 1843 1008 937 
3 21 858 293 
3 288 310 1770 
3 631 628 632 
3 241 1692 1679 
3 704 51 732 
3 1620 1524 910 
3 302 1069 1647 
3 707 893 760 
3 311 907 1406 
3 537 1323 1306 
3 942 872 505 
3 650 1783 669 
3 89 1677 1108 
3 623 1615 1188 
3 675 868 1463 
3 1107 291 500 
3 1604 842 425 
3 929 872 1478 
3 1387 1402 1204 
3 1208 1127 901 
3 1574 1575 20 
3 985 1565 1316 
3 309 286 860 
3 248 1450 481 
3 572 1669 597 
3 635 880 1734 
3 827 801 313 
3 255 739 1090 
3 1404 1161 1542 
3 479 1580 1460 
3 699 1 1360 
3 715 1600 1480 
3 1195 141 1072 
3 1049 1140 294 
3 789 198 1666 
3 205 1630 759 
3 963 1847 649 
3 75 1406 907 
3 1053 1318 716 
3 1284 125 550 
3 775 771 1174 
3 142 1211 1823 
3 40 494 391 
3 350 1754 839 
3 359 1255 1267 
3 936 581 934 
3 1464 1682 1207 
3 816 1335 874 
3 680 679 1554 
3 76 646 1363 
3 1189 410 1519 
3 369 1800 285 
3 1377 897 358 
3 65 1602 471 
3 637 891 1057 
3 311 1470 644 
3 1355 199 540 
3 804 257 1733 
3 440 947 1541 
3 770 1547 1466 
3 882 326 431 
3 152 927 1451 
3 381 1493 1800 
3 1005 1694 326 
3 530 1529 1445 
3 539 1491 1757 
3 976 1843 341 
3 1149 990 604 
3 1449 1436 781 
3 763 1623 1625 
3 319 822 826 
3 528 291 1333 
3 248 972 1703 
3 503 331 1265 
3 914 1329 1167 
3 1281 1821 1192 
3 520 244 1708 
3 651 1492 1491 
3 1351 1837 990 
3 1248 307 1247 
3 878 1348 956 
3 66 1839 751 
3 1102 851 819 
3 684 687 77 
3 765 547 947 
3 764 1260 1397 
3 840 1242 1454 
3 252 776 1487 
3 1594 1558 1385 
3 288 708 310 
3 1545 167 15 
3 1150 1771 904 
3 1209 321 1709 
3 601 1106 1578 
3 961 1484 748 
3 265 1855 1768 
3 1078 1676 1081 
3 974 481 453 
3 195 239 37 
3 1386 1269 328 
3 815 657 871 
3 951 735 749 
3 954 1705 408 
3 1028 32 712 
3 1714 1823 1739 
3 1625 596 735 
3 1658 1307 698 
3 1088 783 673 
3 1221 1357 764 
3 975 1598 450 
3 137 1194 269 
3 351 445 584 
3 541 1208 1555 
3 1155 421 700 
3 1598 1119 404 
3 510 512 508 
3 392 1233 150 
3 1502 322 940 
3 1011 643 102 
3 1566 34 1743 
3 266 1242 587 
3 1715 276 106 
3 899 688 1093 
3 1474 1177 446 
3 1151 1004 1568 
3 572 1724 433 
3 1133 1718 371 
3 520 1422 244 
3 300 1524 883 
3 1005 139 584 
3 638 759 642 
3 599 1755 523 
3 1121 1750 1560 
3 797 962 1537 
3 1086 1703 557 
3 1105 1559 981 
3 336 1014 1740 
3 101 1044 1654 
3 1485 36 1178 
3 928 888 945 
3 8 236 234 
3 387 1193 1457 
3 206 1414 1688 
3 1220 1221 718 
3 1315 1184 1805 
3 493 495 1522 
3 758 696 1531 
3 35 47 1850 
3 1435 415 1841 
3 1638 855 1130 
3 1309 685 1477 
3 897 507 450 
3 448 388 1457 
3 498 1451 1544 
3 479 1460 1844 
3 1508 158 1665 
3 392 1781 1644 
3 586 450 1042 
3 553 446 1092 
3 1453 1147 1074 
3 1017 610 1272 
3 155 67 1592 
3 1688 1489 1379 
3 177 1717 1327 
3 695 410 1299 
3 442 1357 1221 
3 1155 690 421 
3 1800 1389 1364 
3 1638 1576 855 
3 340 642 1631 
3 799 781 438 
3 1075 322 1405 
3 1368 325 1058 
3 1011 246 1774 
3 865 1027 1589 
3 221 280 1073 
3 883 1534 1765 
3 969 99 1097 
3 400 398 388 
3 16 167 1677 
3 1353 1700 150 
3 42 1729 1586 
3 360 1206 1391 
3 1484 57 253 
3 1692 946 1238 
3 551 1219 1730 
3 869 1532 1642 
3 845 1752 1401 
3 738 1314 1099 
3 670 672 939 
3 144 209 1194 
3 1187 428 423 
3 650 1448 501 
3 501 931 913 
3 887 1777 1059 
3 663 506 466 
3 1011 620 643 
3 1721 173 1131 
3 849 1735 1241 
3 1657 1313 1478 
3 1488 23 355 
3 842 1056 1629 
3 1699 580 1834 
3 608 1384 781 
3 869 970 1794 
3 1600 1481 1480 
3 1745 1436 1449 
3 938 0 1345 
3 1215 1108 1545 
3 168 1428 564 
3 113 1742 174 
3 1745 47 1436 
3 186 1160 1607 
3 701 921 807 
3 1520 755 1152 
3 37 1242 1330 
3 593 585 321 
3 1851 1739 1680 
3 895 1036 585 
3 104 673 704 
3 512 888 1787 
3 949 1744 1784 
3 1351 990 740 
3 106 1678 722 
3 1465 1554 1498 
3 278 987 988 
3 837 1179 994 
3 211 1772 1369 
3 672 298 1119 
3 697 29 1360 
3 1230 34 916 
3 1175 1104 854 
3 1327 578 1749 
3 993 1799 589 
3 441 449 350 
3 641 1750 1121 
3 459 1743 463 
3 847 160 488 
3 553 1092 1754 
3 717 1391 1206 
3 175 630 883 
3 1540 1473 686 
3 510 836 142 
3 1464 1400 1607 
3 1714 875 1823 
3 1162 452 1097 
3 667 917 1515 
3 1723 12 1829 
3 615 696 484 
3 1621 1632 554 
3 567 648 153 
3 869 742 1099 
3 1741 188 529 
3 803 271 1490 
3 448 69 1006 
3 418 70 1202 
3 173 1721 168 
3 561 1226 646 
3 1638 1037 1639 
3 1161 1404 1259 
3 8 234 232 
3 991 466 53 
3 685 285 1477 
3 1119 1759 404 
3 1624 1316 1583 
3 1461 896 1844 
3 860 1801 1741 
3 535 1582 1794 
3 211 46 1772 
3 1585 1306 1792 
3 1598 404 1042 
3 457 1789 185 
3 76 1363 1362 
3 377 714 1460 
3 1345 467 376 
3 272 1431 730 
3 1605 1701 1704 
3 1011 1353 246 
3 72 71 334 
3 263 1683 863 
3 761 213 745 
3 246 1353 150 
3 211 922 1697 
3 54 970 1642 
3 805 1540 1816 
3 681 748 253 
3 650 1403 1336 
3 199 760 540 
3 515 1846 1470 
3 325 1408 1407 
3 532 187 547 
3 1131 173 73 
3 1564 1439 1381 
3 1640 950 1763 
3 725 949 1313 
3 126 1520 753 
3 427 1083 979 
3 1201 91 1617 
3 414 743 1776 
3 1352 1646 724 
3 710 114 1660 
3 1043 1213 535 
3 439 1279 1497 
3 914 1683 263 
3 18 1277 1186 
3 1082 744 1170 
3 623 1507 1129 
3 1229 165 323 
3 18 1349 1024 
3 850 1501 1404 
3 779 362 329 
3 1172 841 1171 
3 685 1636 284 
3 365 907 644 
3 45 1059 1777 
3 1187 1065 428 
3 1060 811 1417 
3 330 1376 894 
3 876 955 1634 
3 464 383 384 
3 313 801 723 
3 1651 1062 307 
3 1748 811 1782 
3 1649 1291 1308 
3 1012 372 1259 
3 794 1667 1615 
3 220 619 394 
3 1230 1848 1061 
3 565 1836 891 
3 892 777 894 
3 238 1689 242 
3 343 515 214 
3 255 1035 478 
3 611 725 1313 
3 602 1701 1392 
3 645 1546 1815 
3 1076 232 180 
3 357 1438 197 
3 1298 898 1297 
3 351 1457 445 
3 798 1467 1269 
3 791 1374 1295 
3 491 1366 859 
3 1682 1160 1737 
3 1210 1208 904 
3 128 1264 1785 
3 498 1019 1051 
3 820 1744 1722 
3 273 489 1776 
3 1518 829 1289 
3 611 899 725 
3 1416 1418 724 
3 260 982 1535 
3 1443 998 1392 
3 344 298 672 
3 1355 1528 730 
3 955 578 1327 
3 28 419 1691 
3 1151 656 433 
3 249 19 1235 
3 552 118 1239 
3 381 1633 1493 
3 1361 1122 1342 
3 1198 1701 602 
3 135 456 1064 
3 545 154 1713 
3 1258 1791 1317 
3 22 1496 1742 
3 857 1637 127 
3 1726 743 1671 
3 177 1500 1746 
3 999 263 475 
3 582 473 1785 
3 1352 1350 101 
3 1622 1124 405 
3 775 856 1026 
3 45 1777 1787 
3 609 1287 1674 
3 259 1534 883 
3 849 1786 1735 
3 616 1750 641 
3 1639 1738 861 
3 749 735 596 
3 1274 1423 1158 
3 296 1575 846 
3 1600 548 1388 
3 101 1283 1044 
3 144 1391 209 
3 1712 570 1303 
3 1704 1662 1795 
3 1281 1280 1821 
3 119 397 1622 
3 867 1072 1791 
3 1476 900 108 
3 1280 1096 488 
3 273 1646 489 
3 1374 1372 307 
3 42 1586 734 
3 238 767 1141 
3 176 984 165 
3 1733 1546 169 
3 813 976 341 
3 464 384 1441 
3 772 112 888 
3 294 49 752 
3 1747 1576 581 
3 183 1135 1732 
3 960 393 1811 
3 82 1512 209 
3 3 1760 699 
3 38 1703 972 
3 441 350 504 
3 1088 50 432 
3 626 1774 1223 
3 1376 1070 123 
3 67 308 1790 
3 381 1364 1130 
3 56 1798 468 
3 782 778 55 
3 42 734 940 
3 191 1726 1671 
3 248 1703 1450 
3 230 1195 1824 
3 1061 1848 821 
3 699 1760 1610 
3 828 694 1224 
3 512 1787 1777 
3 1291 594 758 
3 42 1572 998 
3 966 1113 1567 
3 161 1236 1709 
3 1043 54 1093 
3 567 702 1395 
3 932 284 1636 
3 130 149 1176 
3 798 1269 324 
3 1026 1641 1640 
3 951 1279 213 
3 875 928 1823 
3 748 1484 253 
3 492 327 413 
3 1485 61 1835 
3 9 1477 385 
3 1366 1062 1113 
3 904 1166 1240 
3 617 619 220 
3 1336 1419 434 
3 1675 1350 724 
3 934 802 269 
3 842 198 523 
3 1149 604 1007 
3 521 359 524 
3 1267 1796 453 
3 110 813 1552 
3 212 1308 1291 
3 714 1231 1386 
3 258 1686 163 
3 516 1367 1193 
3 161 919 1560 
3 1124 1360 1628 
3 276 1820 471 
3 1086 461 728 
3 1768 1712 1797 
3 723 801 353 
3 1352 489 1646 
3 821 1848 299 
3 293 858 1807 
3 287 1355 1015 
3 334 1362 682 
3 681 253 1458 
3 925 1836 565 
3 774 1761 405 
3 1228 612 1094 
3 1665 158 596 
3 1673 1491 539 
3 13 1685 935 
3 795 1023 1329 
3 1648 1039 1624 
3 1570 931 501 
3 155 1592 1591 
3 164 270 1346 
3 1039 618 339 
3 9 385 1633 
3 490 1763 950 
3 481 1450 726 
3 109 364 108 
3 737 1058 325 
3 1421 1120 1714 
3 96 809 1727 
3 1648 273 1765 
3 1132 1234 1635 
3 87 889 886 
3 809 588 1191 
3 1680 1739 1823 
3 895 900 1596 
3 1015 791 1295 
3 523 1755 707 
3 89 459 1326 
3 699 1360 29 
3 504 692 839 
3 663 1136 1590 
3 7 182 1499 
3 290 641 289 
3 987 1599 1101 
3 154 1110 1480 
3 788 1418 60 
3 1372 1832 204 
3 159 346 1092 
3 1676 1514 1081 
3 1463 868 1251 
3 913 782 1783 
3 1747 581 1417 
3 720 334 682 
3 365 644 497 
3 305 1541 947 
3 1587 141 1195 
3 133 1692 1429 
3 856 1174 1473 
3 483 83 1309 
3 1457 388 1694 
3 631 1416 1646 
3 895 585 375 
3 429 1475 1212 
3 1305 1304 1661 
3 1082 1170 347 
3 631 632 60 
3 429 1609 1177 
3 593 1591 375 
3 24 1454 605 
3 678 1234 1132 
3 815 1014 1278 
3 34 1803 31 
3 560 1098 1396 
3 1724 129 1139 
3 356 200 1168 
3 767 790 1361 
3 457 185 1614 
3 685 1812 285 
3 464 114 444 
3 1272 903 1034 
3 1125 664 1344 
3 313 1136 1519 
3 690 544 1083 
3 287 1295 491 
3 376 467 1728 
3 1468 166 563 
3 174 211 1369 
3 832 829 830 
3 1054 1479 810 
3 1154 1153 506 
3 445 1005 584 
3 1327 1717 1643 
3 252 1018 1049 
3 1719 257 218 
3 250 1769 302 
3 66 669 58 
3 1068 420 1243 
3 97 534 1312 
3 622 830 1518 
3 78 801 187 
3 826 827 228 
3 1143 1553 831 
3 1613 873 1541 
3 699 345 1 
3 994 1179 1808 
3 359 737 1255 
3 722 1833 1479 
3 368 367 652 
3 700 421 303 
3 762 761 1112 
3 731 1809 1038 
3 1354 626 1223 
3 1578 1331 1810 
3 1018 252 43 
3 1127 923 1339 
3 1365 1784 1034 
3 298 1759 1119 
3 1503 1533 1070 
3 72 720 1067 
3 703 288 986 
3 731 1038 1593 
3 1419 1403 25 
3 709 1442 710 
3 757 403 1641 
3 1031 1267 453 
3 711 110 1066 
3 435 1179 886 
3 756 486 1003 
3 107 1839 1481 
3 788 60 85 
3 592 1259 372 
3 710 444 114 
3 849 491 859 
3 360 1469 1206 
3 1812 794 627 
3 728 481 726 
3 172 821 299 
3 330 777 1772 
3 169 645 658 
3 622 300 630 
3 587 1536 268 
3 847 846 160 
3 1375 1077 92 
3 1398 1275 184 
3 1675 1674 1350 
3 1600 126 1481 
3 1068 1507 1320 
3 1619 266 1618 
3 118 1463 1251 
3 171 1233 1644 
3 483 1309 1310 
3 914 1370 1683 
3 736 1253 1135 
3 486 1777 887 
3 807 484 1822 
3 196 1558 1065 
3 486 508 1777 
3 118 1251 1239 
3 978 226 665 
3 855 1576 1747 
3 1164 1502 734 
3 451 636 588 
3 258 1184 577 
3 327 1601 1110 
3 1372 272 1832 
3 667 780 1367 
3 1232 1186 1354 
3 769 771 1423 
3 1677 1106 601 
3 1008 1843 976 
3 1641 950 1640 
3 1208 1299 1555 
3 223 1409 132 
3 400 1006 342 
3 682 1331 639 
3 848 1797 1712 
3 166 1758 1521 
3 1227 59 1228 
3 661 1543 1705 
3 650 501 1783 
3 37 239 1716 
3 1155 1004 690 
3 1010 470 1821 
3 82 717 122 
3 1688 1379 966 
3 145 568 1413 
3 216 1645 1543 
3 160 1111 488 
3 1295 1366 491 
3 654 1696 712 
3 456 1407 1838 
3 1103 1338 358 
3 1511 315 329 
3 465 363 1412 
3 995 1265 1142 
3 1455 1092 346 
3 355 23 1021 
3 1166 901 1339 
3 336 1278 1014 
3 593 598 1591 
3 525 932 306 
3 768 1841 957 
3 49 1118 51 
3 953 836 569 
3 413 1817 70 
3 7 784 1762 
3 508 1831 569 
3 39 1459 705 
3 788 890 1418 
3 22 1257 1496 
3 468 1227 902 
3 697 1360 1779 
3 1387 877 1402 
3 454 953 1831 
3 1493 1633 1477 
3 534 185 1432 
3 0 1723 1345 
3 1683 1778 1371 
3 1340 1731 1128 
3 731 729 1051 
3 555 117 380 
3 1380 1682 1684 
3 1185 1491 1672 
3 240 941 576 
3 455 1326 459 
3 254 703 986 
3 710 1660 1250 
3 1511 329 362 
3 1634 1746 1500 
3 522 728 461 
3 1378 1556 1551 
3 985 1318 1565 
3 36 374 1178 
3 997 1347 1495 
3 723 353 116 
3 458 1240 1333 
3 440 1541 873 
3 651 1583 1565 
3 1147 1582 1170 
3 152 736 566 
3 889 568 886 
3 241 1383 1710 
3 1123 1597 1494 
3 244 250 1708 
3 1595 1570 1663 
3 743 1765 273 
3 408 1543 1645 
3 1156 786 80 
3 550 1032 38 
3 473 1183 1785 
3 773 518 1618 
3 969 452 1766 
3 477 380 261 
3 394 1186 1232 
3 1291 1290 1531 
3 1729 63 1200 
3 867 1258 531 
3 1280 488 1462 
3 1217 544 613 
3 918 1359 1608 
3 295 138 292 
3 1052 1235 19 
3 1060 1782 811 
3 460 444 1557 
3 1477 1633 385 
3 1741 1801 188 
3 157 957 1706 
3 1181 390 1131 
3 1255 737 325 
3 349 1340 590 
3 537 542 1446 
3 1220 719 1221 
3 998 1572 462 
3 1476 1321 1596 
3 627 1129 1812 
3 1501 554 1410 
3 148 1557 1442 
3 1651 307 1248 
3 511 566 736 
3 715 1264 548 
3 456 1838 1384 
3 1337 50 1088 
3 431 1119 1598 
3 557 1032 1659 
3 1231 324 1386 
3 360 1411 1469 
3 1609 1067 1430 
3 225 1614 93 
3 855 796 1130 
3 386 192 1813 
3 611 688 899 
3 495 476 1522 
3 83 1760 1834 
3 318 566 1003 
3 346 1495 878 
3 364 109 308 
3 856 96 1727 
3 98 905 966 
3 373 1173 1462 
3 165 984 575 
3 125 1661 1304 
3 1587 1195 1764 
3 1651 1248 280 
3 911 983 955 
3 1426 648 1828 
3 694 954 1564 
3 127 1637 1573 
3 58 1013 1839 
3 227 230 1126 
3 37 1716 1242 
3 312 1524 300 
3 1271 542 1306 
3 1718 117 371 
3 573 1228 1094 
3 51 704 303 
3 992 1796 224 
3 1181 77 1781 
3 994 1808 166 
3 383 809 384 
3 1490 1680 64 
3 799 1825 1745 
3 1020 1100 217 
3 987 1466 1826 
3 778 361 55 
3 1393 1692 241 
3 513 1248 1247 
3 251 1604 1819 
3 550 178 1032 
3 1585 1792 1852 
3 1132 1810 1331 
3 853 1465 158 
3 1605 1001 1392 
3 1005 445 1694 
3 1136 1138 1519 
3 454 1070 953 
3 915 1094 1091 
3 20 1575 296 
3 920 1499 1323 
3 929 1478 1784 
3 1820 276 1715 
3 35 146 26 
3 1193 1367 1046 
3 1185 651 1491 
3 819 1207 1682 
3 454 1831 508 
3 1195 1072 1824 
3 1191 432 1440 
3 860 286 1801 
3 1237 1238 946 
3 297 1423 1274 
3 402 344 672 
3 393 1433 1811 
3 991 53 923 
3 722 1678 1833 
3 275 208 1301 
3 733 1849 1004 
3 301 1695 356 
3 722 1172 1596 
3 184 1080 181 
3 600 1342 1122 
3 83 1834 580 
3 1246 906 136 
3 1722 725 54 
3 1244 1539 431 
3 395 150 1700 
3 610 592 372 
3 1323 1499 333 
3 604 25 1007 
3 1167 1329 1023 
3 1350 665 1283 
3 871 657 502 
3 1315 1288 169 
3 1293 584 1142 
3 998 1443 633 
3 88 1855 265 
3 653 1103 1000 
3 99 968 1097 
3 997 960 1347 
3 1603 1758 166 
3 369 285 1552 
3 1807 933 1699 
3 30 573 1767 
3 997 1495 1067 
3 1412 1793 1563 
3 1445 1324 583 
3 1551 917 1251 
3 1600 1388 126 
3 1180 1653 1581 
3 557 1703 38 
3 94 1284 93 
3 161 143 919 
3 113 1369 600 
3 1265 331 332 
3 1015 1431 791 
3 1156 281 79 
3 45 201 1059 
3 757 1055 403 
3 934 269 943 
3 1806 1708 1647 
3 379 282 1075 
3 233 1475 1415 
3 35 26 47 
3 528 1240 1166 
3 199 1123 1702 
3 651 1565 90 
3 1282 998 633 
3 1610 1760 83 
3 177 907 365 
3 800 1561 1486 
3 120 664 1287 
3 377 1460 1580 
3 865 1502 1027 
3 97 1197 94 
3 1387 930 874 
3 1281 1768 1096 
3 1490 1851 1680 
3 1219 1428 27 
3 191 683 1805 
3 513 1396 1098 
3 625 1630 1799 
3 273 631 1646 
3 147 345 699 
3 1566 1743 459 
3 1545 1108 167 
3 1407 1046 1838 
3 462 282 1775 
3 855 1747 1748 
3 725 899 54 
3 929 1365 695 
3 993 422 896 
3 1799 1788 824 
3 625 1799 896 
3 1373 1438 773 
3 1504 738 1099 
3 1225 525 306 
3 612 59 1571 
3 1217 1670 544 
3 304 300 622 
3 1622 397 1124 
3 1466 1505 1183 
3 987 1826 988 
3 1261 1045 133 
3 120 1344 664 
3 653 1000 197 
3 1426 1828 862 
3 497 644 1273 
3 625 1631 1630 
3 195 1786 1561 
3 1300 1050 201 
3 1161 1259 592 
3 376 1728 458 
3 1033 959 629 
3 1056 523 707 
3 219 684 853 
3 1517 1518 1289 
3 1073 1098 560 
3 1413 755 1520 
3 884 1453 1074 
3 373 1462 1111 
3 1298 1401 1322 
3 521 524 1031 
3 36 1803 374 
3 1199 43 705 
3 1185 1672 1773 
3 844 1720 1010 
3 302 1769 956 
3 377 1381 1439 
3 622 630 1535 
3 732 469 406 
3 706 747 1549 
3 706 808 747 
3 667 1751 780 
3 1251 1456 1239 
3 1677 167 1108 
3 1814 1474 446 
3 89 1566 459 
3 1635 1687 601 
3 1191 1134 432 
3 1166 1339 1165 
3 1729 1282 63 
3 590 1542 1161 
3 80 235 1398 
3 1706 1841 415 
3 320 826 1012 
3 205 638 701 
3 1094 612 1690 
3 1666 525 1685 
3 360 401 1411 
3 1463 1382 675 
3 1169 1647 1069 
3 676 546 1698 
3 240 415 693 
3 1483 1626 1089 
3 1159 1779 1780 
3 493 1026 856 
3 772 686 1174 
3 1012 1259 1404 
3 1085 1560 1750 
3 1323 1792 1306 
3 40 148 41 
3 444 1442 1557 
3 668 834 1698 
3 960 1222 393 
3 1175 854 1725 
3 1277 1356 1354 
3 1773 1817 1176 
3 441 1634 1500 
3 1190 424 1837 
3 366 639 1222 
3 834 676 1698 
3 1620 259 1524 
3 1220 1690 821 
3 1595 233 1425 
3 1604 1666 198 
3 716 1039 290 
3 68 81 1081 
3 1241 1472 1494 
3 119 1622 1603 
3 1266 1256 1254 
3 383 460 391 
3 666 896 1461 
3 1621 478 1632 
3 869 1099 1532 
3 1851 1577 1739 
3 1415 447 1588 
3 969 1553 1816 
3 35 1850 1378 
3 1392 1701 1605 
3 651 1185 190 
3 1048 656 1568 
3 991 1555 410 
3 567 105 702 
3 407 1836 210 
3 1024 1349 721 
3 463 1835 1424 
3 1230 944 1803 
3 1118 294 79 
3 1560 919 841 
3 1430 1067 1495 
3 451 588 1328 
3 728 521 1031 
3 15 167 16 
3 120 100 1344 
3 716 289 1053 
3 237 809 96 
3 874 930 48 
3 67 262 286 
3 1657 1231 378 
3 568 755 1413 
3 784 537 124 
3 120 1297 898 
3 424 604 990 
3 857 689 128 
3 1621 1256 1266 
3 318 1059 1050 
3 1304 361 194 
3 259 618 1534 
3 264 1616 207 
3 1620 616 641 
3 1176 1817 130 
3 1251 917 1456 
3 45 769 201 
3 535 1213 1082 
3 587 268 335 
3 579 1185 1773 
3 281 80 181 
3 468 1798 59 
3 283 379 232 
3 1673 1202 1773 
3 949 1722 1744 
3 53 885 923 
3 170 1346 270 
3 823 313 1519 
3 904 901 1166 
3 1295 1374 1366 
3 202 1760 3 
3 691 740 1149 
3 400 342 402 
3 522 461 1846 
3 781 1384 231 
3 1825 1838 1046 
3 582 492 473 
3 993 589 1286 
3 1085 161 1560 
3 1199 235 786 
3 183 1732 1689 
3 1505 1637 1785 
3 995 1539 92 
3 16 1687 1847 
3 766 33 56 
3 1667 1819 1615 
3 116 443 1590 
3 533 397 1203 
3 1157 1820 1715 
3 1364 1037 1130 
3 154 1839 1013 
3 789 1666 1685 
3 1849 1048 1568 
3 2 817 921 
3 842 1629 425 
3 954 408 1439 
3 1265 332 1142 
3 21 1715 108 
3 9 1633 796 
3 344 514 485 
3 152 1451 122 
3 221 236 8 
3 1427 1664 1300 
3 436 1737 1160 
3 1071 1098 1073 
3 241 1679 1383 
3 787 103 1487 
3 461 1273 1846 
3 1063 1855 4 
3 308 1807 858 
3 398 402 670 
3 304 622 1308 
3 960 1811 337 
3 635 642 880 
3 1781 1725 1644 
3 1594 1065 1558 
3 402 672 670 
3 406 50 1337 
3 258 163 1184 
3 1339 923 885 
3 469 114 406 
3 199 1597 1123 
3 315 1391 144 
3 875 1714 1120 
3 229 812 373 
3 1137 1738 1334 
3 580 1699 932 
3 1320 1188 1819 
3 662 1693 1654 
3 88 265 917 
3 500 44 1832 
3 115 765 440 
3 289 1121 841 
3 1568 1004 1849 
3 1263 1276 646 
3 226 675 1830 
3 205 806 1788 
3 1206 1469 1253 
3 1571 59 374 
3 1726 1765 743 
3 810 352 1757 
3 1736 565 124 
3 793 640 1656 
3 495 1196 1041 
3 479 1844 1180 
3 547 1410 947 
3 142 928 945 
3 857 1785 1637 
3 323 299 1229 
3 9 1782 348 
3 222 1409 236 
3 5 1078 532 
3 221 222 236 
3 485 514 363 
3 480 1618 518 
3 1096 1768 1797 
3 837 1508 1665 
3 176 164 1523 
3 117 1718 1311 
3 844 215 1720 
3 391 493 1727 
3 242 1411 790 
3 1169 1806 1647 
3 1584 1842 1292 
3 1704 1371 1818 
3 765 947 440 
3 1282 1729 42 
3 1382 1608 1359 
3 455 1835 61 
3 1419 1663 434 
3 511 1135 183 
3 1277 1354 1186 
3 1636 1309 83 
3 550 243 178 
3 318 1003 887 
3 206 1089 1414 
3 1143 597 1669 
3 442 575 833 
3 1435 1841 1437 
3 177 1746 1643 
3 250 244 1769 
3 731 936 1707 
3 1261 133 843 
3 1050 1019 52 
3 1467 340 1269 
3 993 896 1799 
3 275 1301 1175 
3 962 624 1561 
3 87 886 1179 
3 849 1241 491 
3 143 1036 919 
3 324 1478 872 
3 1448 1336 434 
3 827 823 228 
3 817 598 921 
3 944 1061 1571 
3 94 1197 1661 
3 533 1779 1360 
3 974 248 481 
3 309 933 1807 
3 427 421 1083 
3 209 1512 1194 
3 1447 179 1106 
3 449 1814 553 
3 1572 1075 282 
3 1050 1300 1019 
3 1573 1505 1021 
3 240 157 415 
3 73 1182 1131 
3 1387 874 877 
3 1222 179 1447 
3 1263 424 1276 
3 1223 150 1233 
3 709 1548 1080 
3 955 983 578 
3 994 1468 1508 
3 835 1334 1037 
3 1454 1242 266 
3 632 628 1624 
3 582 1785 1264 
3 299 1848 207 
3 528 1333 1240 
3 300 883 630 
3 962 1561 800 
3 991 923 541 
3 134 1680 1211 
3 195 1561 239 
3 1455 878 1769 
3 202 1834 1760 
3 365 497 1500 
3 1140 1018 786 
3 1594 428 1065 
3 1224 1564 1381 
3 227 946 156 
3 785 963 649 
3 212 437 614 
3 113 22 1742 
3 5 111 555 
3 862 1828 85 
3 30 1227 1228 
3 999 475 1076 
3 706 643 808 
3 288 1016 986 
3 208 1508 1468 
3 1338 1278 1377 
3 1465 1498 1497 
3 1494 1472 426 
3 1670 1510 103 
3 1374 307 1062 
3 216 1546 257 
3 1208 901 904 
3 1268 1662 1818 
3 1068 1320 420 
3 810 1757 1491 
3 337 1348 1347 
3 579 595 1426 
3 1773 70 1817 
3 814 1740 1014 
3 654 712 1293 
3 193 1068 660 
3 1429 1170 1753 
3 98 966 1567 
3 1053 1054 1318 
3 328 1461 714 
3 1593 581 936 
3 756 559 486 
3 363 1793 1412 
3 1270 1528 893 
3 1598 1042 450 
3 1572 940 1075 
3 460 1557 40 
3 843 812 1261 
3 856 1727 493 
3 418 278 988 
3 1114 567 1395 
3 240 576 223 
3 1691 1845 1628 
3 676 1087 1804 
3 259 339 618 
3 955 1643 1746 
3 72 1067 1609 
3 466 509 53 
3 323 165 575 
3 110 1129 1066 
3 1684 1335 1853 
3 288 1770 1399 
3 1458 253 502 
3 516 667 1367 
3 1601 1480 1110 
3 555 380 5 
3 222 1681 132 
3 1814 446 553 
3 763 951 761 
3 912 196 518 
3 547 1606 1410 
3 239 624 1716 
3 534 1432 606 
3 795 654 1569 
3 799 438 1825 
3 862 85 190 
3 48 864 146 
3 1309 1636 685 
3 435 17 1573 
3 423 1754 1092 
3 1136 723 1590 
3 654 795 296 
3 212 616 910 
3 691 1007 1205 
3 343 1408 515 
3 147 699 1610 
3 189 1592 1790 
3 1816 1540 686 
3 494 493 391 
3 274 1213 216 
3 1852 66 751 
3 1530 1659 931 
3 997 1067 496 
3 1421 354 968 
3 416 475 863 
3 1638 861 1576 
3 1439 408 688 
3 333 1499 1837 
3 193 1066 1507 
3 328 666 1461 
3 21 108 364 
3 617 1758 1761 
3 382 268 1536 
3 1625 1665 596 
3 45 772 769 
3 889 1216 755 
3 1624 1039 1316 
3 81 532 1078 
3 431 939 1119 
3 996 1606 547 
3 838 1452 427 
3 1159 471 1820 
3 292 291 1107 
3 600 1257 22 
3 732 1084 469 
3 589 1799 824 
3 655 643 1277 
3 1714 1739 861 
3 89 1447 1106 
3 1650 1599 1757 
3 140 456 135 
3 1351 333 1837 
3 515 1368 1058 
3 1054 1053 1479 
3 707 760 1702 
3 386 660 558 
3 955 1746 1634 
3 308 109 1790 
3 517 214 515 
3 274 1719 744 
3 1133 371 1237 
3 1471 681 217 
3 617 1104 1521 
3 1406 1412 1563 
3 1240 458 1150 
3 1216 1736 1446 
3 279 964 189 
3 1000 629 983 
3 1052 48 1235 
3 1143 805 1553 
3 611 1343 688 
3 398 1694 388 
3 703 701 638 
3 750 1586 1200 
3 788 648 567 
3 464 1441 114 
3 252 1049 776 
3 1605 1795 814 
3 851 1009 1115 
3 617 220 1104 
3 1490 64 46 
3 1156 80 281 
3 40 1767 494 
3 1033 358 897 
3 1494 426 1243 
3 316 1342 600 
3 1268 1077 1375 
3 1258 1311 531 
3 172 299 323 
3 1619 1422 520 
3 703 638 708 
3 97 1607 1197 
3 204 1832 1420 
3 1066 1813 840 
3 44 1339 1420 
3 709 1080 1325 
3 1262 291 292 
3 1669 1328 805 
3 305 1632 478 
3 62 1038 1809 
3 95 93 185 
3 1455 1769 244 
3 715 548 1600 
3 900 375 964 
3 206 1483 1089 
3 762 1112 407 
3 530 310 1529 
3 937 1008 1169 
3 909 217 1100 
3 837 1665 1623 
3 439 1498 1105 
3 1578 1106 179 
3 1574 20 1072 
3 19 634 1009 
3 503 1023 331 
3 1373 773 268 
3 590 1341 1542 
3 510 569 836 
3 1145 1146 1378 
3 746 1523 745 
3 503 1077 1778 
3 790 1496 965 
3 1080 1548 181 
3 95 94 1047 
3 1025 1698 546 
3 1588 1425 233 
3 1772 46 64 
3 204 1247 307 
3 1763 1549 1640 
3 1270 730 1854 
3 999 1627 263 
3 463 1743 1827 
3 663 466 1189 
3 1342 1070 1533 
3 544 979 1083 
3 665 226 1830 
3 538 1796 1267 
3 606 1312 534 
3 120 898 100 
3 498 729 82 
3 955 1327 1643 
3 877 436 1402 
3 1128 1731 866 
3 8 232 6 
3 698 1400 1207 
3 1621 1266 478 
3 455 393 1326 
3 1626 1414 1089 
3 176 1105 981 
3 1249 1079 693 
3 1813 1066 193 
3 1324 1734 1087 
3 768 1437 1841 
3 499 779 329 
3 430 711 840 
3 897 1375 870 
3 1391 315 1511 
3 892 1369 1772 
3 816 1853 1335 
3 849 852 1486 
3 555 1613 1383 
3 275 1725 687 
3 1587 1764 1612 
3 512 510 945 
3 1482 1668 1084 
3 844 1010 1840 
3 770 1466 987 
3 845 724 1752 
3 1704 1701 1371 
3 3 1159 1157 
3 677 470 1720 
3 999 1434 1627 
3 221 1073 1681 
3 533 1360 397 
3 16 1847 637 
3 416 863 1513 
3 549 677 74 
3 686 99 969 
3 1171 1036 895 
3 852 1489 1414 
3 182 1190 1499 
3 65 1780 1779 
3 327 1817 413 
3 848 1030 846 
3 1421 1738 1137 
3 971 47 26 
3 472 1786 192 
3 718 764 1397 
3 677 1148 470 
3 285 1812 1552 
3 473 1826 1183 
3 680 1554 1465 
3 1479 1053 1172 
3 1071 1248 513 
3 289 641 1121 
3 1029 270 1616 
3 582 715 492 
3 1262 1333 291 
3 1020 657 1338 
3 833 551 1730 
3 448 1046 69 
3 1214 1475 519 
3 40 30 1767 
3 579 1773 1176 
3 549 552 1148 
3 1214 519 1663 
3 807 1209 1236 
3 1033 629 358 
3 425 1819 1604 
3 1255 140 457 
3 1485 1835 31 
3 73 1562 1559 
3 134 64 1680 
3 1163 1115 105 
3 1719 218 744 
3 1745 1046 1367 
3 462 1572 282 
3 818 1017 1272 
3 1483 63 1626 
3 1456 917 265 
3 738 866 1731 
3 1538 1331 682 
3 1374 1062 1366 
3 947 1410 554 
3 810 1491 1492 
3 516 88 667 
3 1560 841 1121 
3 125 1304 1109 
3 1200 1586 1729 
3 466 506 509 
3 941 693 1079 
3 1271 1446 542 
3 879 881 1496 
3 455 1424 1835 
3 140 135 1064 
3 175 883 1506 
3 947 554 1632 
3 1621 554 850 
3 59 1798 1178 
3 522 1058 737 
3 603 34 1566 
3 662 1288 1693 
3 29 84 3 
3 1421 1714 1738 
3 435 1808 1179 
3 590 1340 1341 
3 631 60 1416 
3 1349 419 721 
3 98 1567 1589 
3 793 168 640 
3 254 817 2 
3 556 443 1579 
3 401 1756 881 
3 1467 880 340 
3 1094 1690 1091 
3 45 1787 112 
3 551 1428 1219 
3 1595 519 233 
3 557 38 1032 
3 676 1324 1087 
3 1299 942 505 
3 216 1543 1815 
3 327 1110 1252 
3 850 1404 1542 
3 798 942 1711 
3 306 1699 933 
3 1405 6 232 
3 108 900 964 
3 377 1580 1381 
3 1091 718 1397 
3 927 52 1544 
3 572 597 1724 
3 340 1631 1269 
3 394 171 220 
3 149 595 1176 
3 1230 264 1848 
3 496 1222 960 
3 1440 432 50 
3 1745 1367 780 
3 598 817 254 
3 1245 354 766 
3 867 1791 1258 
3 1263 604 424 
3 277 1826 473 
3 900 895 375 
3 670 939 326 
3 606 1607 1312 
3 1022 871 203 
3 460 40 391 
3 951 749 1279 
3 1315 1805 1288 
3 1244 870 1539 
3 1745 1825 1046 
3 132 1681 1153 
3 1088 432 1134 
3 394 1232 171 
3 302 958 1069 
3 562 1169 1069 
3 634 702 1009 
3 662 1733 169 
3 1691 419 1845 
3 417 188 1770 
3 637 963 891 
3 805 1816 1553 
3 1537 382 1536 
3 84 697 1159 
3 106 722 1321 
3 847 488 1797 
3 767 1361 1533 
3 845 1675 724 
3 509 506 1153 
3 568 145 17 
3 1525 1021 1505 
3 583 989 1445 
3 170 1215 487 
3 922 779 1697 
3 820 1642 818 
3 572 433 636 
3 370 271 802 
3 819 1652 1207 
3 75 959 586 
3 769 1423 1427 
3 1721 1700 640 
3 297 1427 1423 
3 266 335 1618 
3 278 539 1599 
3 1842 349 610 
3 386 558 472 
3 941 180 234 
3 173 1562 73 
3 32 1030 1303 
3 969 1766 831 
3 1275 1162 162 
3 490 950 1055 
3 744 1753 1170 
3 1316 1565 1583 
3 958 956 1348 
3 72 1609 561 
3 886 17 435 
3 1651 280 1567 
3 86 1713 1013 
3 1791 20 1317 
3 1629 420 425 
3 621 287 1241 
3 47 1745 780 
3 245 27 1522 
3 838 427 787 
3 1189 1138 1136 
3 1611 1487 103 
3 283 282 379 
3 1010 1720 470 
3 473 492 277 
3 23 1573 1021 
3 1387 606 1432 
3 1246 766 674 
3 267 768 957 
3 1432 185 1789 
3 798 1711 1804 
3 1091 1690 718 
3 733 783 1849 
3 181 80 1398 
3 563 1104 1301 
3 272 1372 1431 
3 1329 952 1516 
3 647 1726 191 
3 531 1311 1718 
3 1338 197 1100 
3 892 316 600 
3 236 1409 941 
3 756 247 1141 
3 63 1484 961 
3 428 839 1754 
3 99 1120 1421 
3 155 254 1016 
3 1049 752 776 
3 1677 601 1687 
3 647 1506 1726 
3 691 1205 66 
3 215 218 257 
3 1005 326 882 
3 249 1394 702 
3 63 961 1626 
3 1399 188 1801 
3 880 1087 1734 
3 323 575 719 
3 1102 819 1380 
3 337 1811 958 
3 154 1481 1839 
3 857 128 1785 
3 917 1556 1515 
3 224 538 457 
3 944 1571 374 
3 1810 1635 601 
3 1270 1854 1528 
3 754 668 1150 
3 1230 1803 34 
3 1400 1197 1607 
3 1237 946 1126 
3 305 947 1632 
3 552 1456 1148 
3 255 478 1266 
3 996 187 801 
3 137 144 1194 
3 1074 1147 1393 
3 647 191 1686 
3 1224 1381 1580 
3 500 1294 44 
3 61 91 1433 
3 48 816 874 
3 1113 1062 1651 
3 1044 665 1830 
3 841 1172 1053 
3 50 1441 1440 
3 609 1674 845 
3 1095 903 372 
3 414 101 412 
3 327 492 1601 
3 1287 664 978 
3 647 175 1506 
3 734 1586 750 
3 526 605 1806 
3 938 523 198 
3 296 1550 1696 
3 121 1275 162 
3 380 1311 261 
3 789 938 198 
3 535 1082 347 
3 1174 686 1473 
3 318 927 566 
3 651 190 1583 
3 803 46 1697 
3 1673 1672 1491 
3 306 933 935 
3 948 1317 20 
3 1131 1182 1181 
3 1111 160 1764 
3 490 977 1763 
3 1422 1619 1618 
3 1430 346 159 
3 1489 859 1366 
3 599 295 1755 
3 1332 1087 1467 
3 880 642 340 
3 157 223 1579 
3 1232 1354 1223 
3 21 1157 1715 
3 645 169 1546 
3 142 1823 928 
3 1604 198 842 
3 545 1713 1115 
3 1038 808 1040 
3 515 1408 1368 
3 563 166 1521 
3 316 123 1342 
3 613 544 690 
3 884 1710 1035 
3 1288 1805 1693 
3 1719 216 257 
3 117 555 1383 
3 1551 868 1145 
3 1692 133 156 
3 338 616 614 
3 579 1176 595 
3 74 804 918 
3 108 1715 106 
3 686 924 1120 
3 435 1573 23 
3 1255 325 1407 
3 803 802 271 
3 1821 1148 1192 
3 1582 742 1794 
3 833 980 1562 
3 130 1817 1252 
3 1173 1010 1821 
3 1159 1780 471 
3 833 1562 564 
3 28 1691 1 
3 582 1264 715 
3 815 814 1014 
3 1528 1854 730 
3 76 1362 334 
3 661 694 1655 
3 1648 1765 1534 
3 110 1552 1129 
3 819 1682 1380 
3 1002 894 1376 
3 249 702 634 
3 142 836 1211 
3 1124 1845 405 
3 18 1186 792 
3 980 981 1562 
3 1815 1546 216 
3 517 515 1470 
3 561 76 71 
3 1314 738 1731 
3 1834 293 1699 
3 557 1659 1530 
3 787 1487 776 
3 658 1815 1655 
3 890 1395 1752 
3 930 1789 864 
3 529 188 417 
3 1464 1607 1160 
3 256 652 937 
3 913 243 778 
3 1171 841 919 
3 984 981 980 
3 533 1203 659 
3 338 1750 616 
3 1129 1507 1066 
3 561 1212 1226 
3 1589 280 8 
3 1706 415 157 
3 164 1616 270 
3 855 1748 796 
3 75 907 1327 
3 1028 1030 32 
3 769 1300 201 
3 1455 423 1092 
3 1343 377 1439 
3 1359 675 1382 
3 36 31 1803 
3 1201 1617 1390 
3 549 74 1608 
3 1848 264 207 
3 187 996 547 
3 137 269 802 
3 596 158 1465 
3 1573 1637 1505 
3 1141 767 1533 
3 192 1330 1813 
3 1794 970 535 
3 472 1472 474 
3 865 1589 6 
3 1414 1489 1688 
3 556 1579 223 
3 804 1733 918 
3 502 253 203 
3 683 1671 412 
3 1244 975 507 
3 352 810 1833 
3 1296 1293 712 
3 1129 1552 1812 
3 89 1106 1677 
3 191 163 1686 
3 371 1383 1679 
3 756 183 247 
3 1736 1117 925 
3 224 1796 538 
3 1165 1294 291 
3 1656 640 1353 
3 1220 718 1690 
3 1840 1010 574 
3 726 1703 1086 
3 317 453 1796 
3 943 269 1707 
3 173 564 1562 
3 951 1625 735 
3 729 1707 1509 
3 1530 931 1570 
3 881 174 1742 
3 168 1721 640 
3 1644 1725 854 
3 362 1756 401 
3 1199 1459 607 
3 253 57 203 
3 251 1819 1667 
3 1622 405 1761 
3 1055 950 403 
3 346 878 1455 
3 72 561 71 
3 66 1205 669 
3 276 1757 352 
3 389 390 1181 
3 278 1673 539 
3 367 1800 369 
3 1095 1365 903 
3 648 85 1828 
3 1145 1378 1551 
3 1313 949 1478 
3 1595 1663 519 
3 879 790 1411 
3 409 584 1293 
3 1117 889 87 
3 21 364 858 
3 756 1141 559 
3 739 1504 1090 
3 335 268 773 
3 336 1377 1278 
3 1814 1415 1474 
3 1482 1250 1668 
3 1778 1077 1818 
3 352 1833 1678 
3 1180 993 1286 
3 550 1109 243 
3 1144 1575 1574 
3 809 1440 384 
3 1707 1512 1509 
3 81 1078 1081 
3 763 1625 951 
3 933 860 13 
3 1393 1147 1170 
3 1144 846 1575 
3 716 985 1039 
3 775 1158 771 
3 514 214 517 
3 623 1188 1507 
3 734 1502 940 
3 1022 633 871 
3 934 581 1576 
3 608 781 971 
3 448 1006 388 
3 1198 1371 1701 
3 815 1278 657 
3 152 566 927 
3 611 377 1343 
3 1654 1359 662 
3 837 87 1179 
3 1395 1394 1322 
3 514 517 908 
3 1453 1504 131 
3 1180 1844 422 
3 202 3 1157 
3 838 787 752 
3 172 323 719 
3 1629 1243 420 
3 683 1693 1805 
3 11 1676 477 
3 887 1059 318 
3 1635 1847 1687 
3 319 996 801 
3 1268 1818 1077 
3 58 55 86 
3 291 1294 500 
3 574 373 1840 
3 1024 721 1060 
3 497 1588 447 
3 9 1748 1782 
3 1507 1188 1320 
3 109 964 279 
3 926 53 1396 
3 1206 1253 122 
3 914 1167 1370 
3 1219 1260 1357 
3 1455 244 1802 
3 245 1041 1260 
3 816 48 1052 
3 482 28 345 
3 599 523 938 
3 1517 1289 1653 
3 503 92 1077 
3 1526 1115 1713 
3 959 75 1749 
3 414 1776 489 
3 882 431 1539 
3 1630 1631 759 
3 794 284 1667 
3 1144 160 846 
3 766 56 674 
3 1305 1661 1197 
3 641 290 339 
3 667 1515 671 
3 961 962 800 
3 1017 1842 610 
3 496 720 366 
3 1388 548 128 
3 623 627 1615 
3 540 760 1528 
3 808 1038 747 
3 232 1076 416 
3 279 1790 109 
3 775 1640 1274 
3 626 620 1774 
3 438 231 1825 
3 723 116 1590 
3 1210 942 1299 
3 303 421 1452 
3 485 1759 298 
3 105 1009 702 
3 749 1497 1279 
3 1064 864 1789 
3 1015 1355 1431 
3 1544 52 1019 
3 639 1331 179 
3 370 802 934 
3 1594 839 428 
3 1499 1190 1837 
3 1035 305 478 
3 256 91 1201 
3 521 737 359 
3 66 58 1839 
3 1357 1260 764 
3 26 146 608 
3 612 1061 1690 
3 89 1108 1566 
3 175 260 630 
3 989 1829 529 
3 1649 1517 589 
3 682 639 366 
3 430 1116 711 
3 1139 129 705 
3 994 166 1468 
3 847 1797 848 
3 1470 1846 1273 
3 404 1759 363 
3 815 1001 814 
3 1035 1710 305 
3 1017 543 1292 
3 355 397 119 
3 637 1057 487 
3 599 938 571 
3 889 755 568 
3 1214 1212 1475 
3 357 911 1558 
3 559 1503 1070 
3 1190 182 527 
3 469 1084 1668 
3 617 774 619 
3 148 40 1557 
3 414 489 1352 
3 278 1599 987 
3 408 1705 1543 
3 379 1405 232 
3 222 132 1409 
3 1117 1216 889 
3 717 1206 122 
3 536 824 1822 
3 1685 525 1225 
3 259 883 1524 
3 1231 1657 324 
3 1298 1297 1401 
3 484 536 1822 
3 849 1486 1786 
3 969 1097 452 
3 527 1538 1362 
3 1223 246 150 
3 468 902 674 
3 482 345 147 
3 1052 1527 1853 
3 890 1752 1418 
3 1269 1631 328 
3 1168 1040 655 
3 770 987 1101 
3 773 1438 912 
3 1666 1667 525 
3 337 958 1348 
3 608 146 864 
3 908 1470 311 
3 572 451 1328 
3 1778 1818 1371 
3 715 1480 1601 
3 381 796 1633 
3 277 988 1826 
3 310 708 1529 
3 497 14 1588 
3 435 23 1808 
3 1284 550 1285 
3 1650 276 471 
3 676 1804 546 
3 784 1234 1762 
3 120 609 1297 
3 1107 730 1270 
3 79 294 1156 
3 746 1279 439 
3 1275 452 1162 
3 1822 824 1788 
3 62 1809 1664 
3 1454 266 605 
3 152 122 1253 
3 1376 953 1070 
3 338 696 615 
3 138 1345 376 
3 1612 1764 160 
3 292 1270 893 
3 967 1728 467 
3 959 1749 983 
3 455 463 1424 
3 411 1078 5 
3 840 1330 1242 
3 1253 1732 1135 
3 661 1815 1543 
3 1059 201 1050 
3 978 664 226 
3 48 146 727 
3 212 614 616 
3 1373 217 909 
3 441 504 1634 
3 706 1549 102 
3 621 1241 1494 
3 1375 92 870 
3 1124 1628 1845 
3 1530 1570 1595 
3 413 418 988 
3 1122 965 1257 
3 225 93 1284 
3 1002 123 316 
3 797 1537 1536 
3 794 685 284 
3 33 61 1485 
3 343 69 1408 
3 1707 269 1512 
3 1403 1419 1336 
3 1379 1489 1366 
3 754 458 1728 
3 859 1489 852 
3 1222 639 179 
3 1020 1458 657 
3 1350 978 665 
3 1466 1525 1505 
3 1467 1087 880 
3 1676 1579 1514 
3 830 1535 982 
3 1466 1547 1525 
3 437 338 614 
3 4 1457 351 
3 1627 1434 952 
3 784 124 785 
3 1517 1286 589 
3 437 1291 1531 
3 381 1130 796 
3 230 1824 1072 
3 493 1522 1026 
3 1221 764 718 
3 1599 539 1757 
3 254 2 703 
3 1592 189 591 
3 701 2 921 
3 480 1422 1618 
3 1273 461 14 
3 325 1368 1408 
3 1372 791 1431 
3 1714 861 1738 
3 443 116 1514 
3 1321 1476 106 
3 720 72 334 
3 1515 1850 1751 
3 750 905 1164 
3 61 1617 91 
3 845 1401 1297 
3 431 1598 975 
3 695 823 410 
3 567 153 105 
3 429 1177 1474 
3 835 354 1334 
3 1003 486 887 
3 926 1396 513 
3 814 1795 1740 
3 1384 1838 231 
3 740 1852 1792 
3 823 1519 410 
3 754 1728 967 
3 763 210 1623 
3 1255 1407 140 
3 1196 1767 573 
3 129 597 39 
3 687 1781 77 
3 1570 434 1663 
3 389 1181 1781 
3 851 1658 698 
3 1145 1125 100 
3 23 1488 1808 
3 732 51 1084 
3 93 1614 185 
3 318 1050 52 
3 1293 1569 654 
3 1293 1142 1569 
3 143 321 585 
3 106 276 1678 
3 1647 250 302 
3 211 1697 46 
3 512 1777 508 
3 436 1204 1402 
3 578 983 1749 
3 762 407 763 
3 1024 356 1695 
3 482 483 348 
3 1172 1171 1596 
3 1054 1492 90 
3 1088 673 104 
3 1125 868 675 
3 1485 31 36 
3 131 742 1582 
3 1464 1207 1400 
