OFF
4052 8100
0.1872234 -0.2885275 0.1316861
0.1847241 -0.3135312 0.1534803
0.1649326 -0.3134298 0.1589328
0.1458567 -0.3120199 0.163344
0.1164578 -0.313088 0.1774266
0.1133818 -0.2883139 0.154762
0.1062684 -0.311833 0.1742064
0.09097346 -0.3136007 0.1821262
0.07122467 -0.3136327 0.1873811
0.05168949 -0.3132642 0.1922783
0.06249312 -0.2890722 0.1641023
0.008031756 -0.3140119 0.1836161
0.01226668 -0.291705 0.1560116
-0.01061691 -0.3149037 0.1710395
-0.02584773 -0.3159131 0.1498808
-0.03214405 -0.3138997 0.1374057
-0.01158352 -0.2953632 0.1257209
-0.001292586 -0.2932804 0.1450371
0.03007691 -0.3132161 0.1876214
0.07381476 -0.2881323 0.165603
0.08224724 -0.289163 0.1586818
0.09359559 -0.2882231 0.1601878
0.127395 -0.2890989 0.1487487
0.1531944 -0.2880682 0.1435311
0.1729859 -0.288175 0.1380732
0.2018508 -0.2983164 0.1337902
0.1258409 -0.3123617 0.1691276
0.02935062 -0.2901403 0.1582065
-0.1056386 -0.30755 0.002170812
-0.12684 -0.3201693 0.01877945
-0.1140337 -0.3130666 0.00542311
-0.1336116 -0.32316 0.0486109
-0.1285489 -0.3207995 0.06653861
-0.1241217 -0.3197154 0.08540623
-0.08022365 -0.318642 0.0936785
-0.06343879 -0.3176647 0.09633268
-0.03880353 -0.3116354 0.06754261
-0.04318266 -0.3059265 0.02306245
-0.03682758 -0.3076461 0.03553761
-0.05557236 -0.3053284 0.01036832
-0.07517697 -0.3080466 -0.0008091293
-0.0976654 -0.3094779 -0.004104156
0.2042433 -0.3069091 -0.02307324
0.1959817 -0.305323 -0.01626958
0.1801474 -0.3177662 0.001700856
0.1871006 -0.3116941 -0.0122803
0.1813917 -0.3188396 0.01263799
0.1937708 -0.316116 0.04180189
0.1971672 -0.3132482 0.04959354
0.2099949 -0.3129545 0.06163079
0.2248038 -0.3157208 0.0671581
0.2551426 -0.3063965 0.05520629
0.2472922 -0.3143002 0.07045313
0.2729795 -0.3068343 0.01058194
0.2540959 -0.3051628 -0.01461406
0.222689 -0.3097662 -0.02668869
0.182871 -0.3194751 0.02321731
0.2727285 -0.3039559 0.02740419
0.2357196 -0.3057877 -0.02769269
-0.06969239 -0.3177395 -0.07824489
-0.04940422 -0.2936169 -0.08628218
-0.04261658 -0.2944072 -0.07435708
-0.02830964 -0.2947116 -0.05166039
-0.01593061 -0.2952991 -0.03893422
0.005473703 -0.2960521 -0.004862491
0.01194093 -0.297761 0.03661638
-0.005271181 -0.3162175 0.04007695
-0.01167431 -0.3177929 0.0112388
-0.03426419 -0.3192188 -0.02101185
-0.04712388 -0.3195018 -0.03304376
-0.06651485 -0.3185245 -0.05729451
-0.3130917 0.09054455 0.04535326
-0.01505479 -0.2263546 -0.118629
-0.02702263 0.06517234 -0.1570852
0.0654784 0.1855929 -0.0127289
-0.2147376 0.4110859 -0.2163262
-0.2054025 0.4084744 -0.2281338
-0.2626676 0.332566 0.05340658
-0.3405627 0.1273293 0.007799588
-0.3167605 0.04004046 0.06681632
-0.0372014 -0.03364635 -0.1759528
-0.223592 0.3316101 -0.01842176
-0.2869718 -0.09949881 -0.007046714
-0.3183626 -0.03219911 -0.001978677
-0.1699851 -0.2672086 0.1830928
0.4739814 -0.1296987 0.02297166
-0.3039809 -0.07624137 0.01954846
0.003882259 0.1508216 0.08246367
0.005665958 0.1482208 0.09100832
-0.2880559 -0.09190479 0.01962323
-0.07403412 0.4017508 -0.03470997
-0.008587569 0.1418978 0.1020202
-0.2325745 0.2863449 -0.1693467
-0.3006912 0.08238974 -0.01861401
-0.2184278 0.331765 -0.0321626
-0.3011879 -0.06893039 0.06210075
-0.1376009 0.3149106 0.09016986
-0.1433258 0.3196903 0.09575059
-0.156084 0.3206196 0.1145862
-0.3032173 0.2656936 -0.008851767
-0.3026512 -0.07637486 0.008873012
0.07033283 0.498161 -0.1720596
-0.1331577 -0.2000585 0.01480085
-0.1605752 -0.249126 0.1165621
-0.191085 0.4148669 -0.292288
-0.2428761 0.438183 -0.2727154
-0.3305868 0.1056846 0.01331622
-0.2270258 0.4067548 -0.1901209
0.09716831 0.1954887 0.02201573
-0.2446331 0.3915187 -0.1659876
-0.2031489 0.3120321 -0.2870063
-0.3255561 -0.01021272 0.02988213
-0.3323384 0.2442252 0.0498926
-0.3225655 0.3095168 0.02835478
0.466633 -0.1295065 0.05739585
0.005051821 0.05075327 -0.1719742
0.01036017 0.05839005 -0.1706391
-0.3094442 0.07587448 0.02940684
-0.3240341 0.2661475 0.02313187
0.1126822 0.1950134 0.06629296
-0.300985 0.06849942 0.07223682
-0.238513 0.462594 -0.3168592
-0.3313879 0.222148 0.04463765
-0.0004167557 0.46614 -0.09972396
-0.07983914 0.4016868 -0.0367767
-0.1042982 -0.3183002 -0.1239854
0.05670413 0.4939368 -0.1401882
-0.1978299 0.3251108 -0.06352141
0.05657062 0.1584744 0.1089734
-0.3290274 0.3027399 0.02824263
-0.06071518 0.4266584 -0.06816222
-0.1750531 0.3299865 0.09202299
-0.2504274 0.412971 -0.221987
0.03890993 0.1807545 0.0163282
-0.1833093 0.3172017 -0.09699502
0.1073738 0.1882418 0.08772931
-0.2830466 -0.1069593 -0.001679614
-0.2332314 0.3982956 -0.1692933
-0.2474635 0.4556461 -0.3048967
-0.08376433 0.3829847 -0.02144977
-0.1511975 0.3330787 0.01525478
0.1096275 0.1954726 -0.01189579
-0.04373805 0.1499565 0.1049895
0.130957 0.2008077 0.02666721
-0.1078495 0.2817949 0.004141416
-0.2155813 0.313394 -0.2967152
-0.3395106 0.1134014 0.05054413
-0.2288202 0.2774264 -0.1535018
-0.2260966 0.4661721 -0.3279458
0.132933 0.1940308 -0.04166851
-0.223592 -0.3052697 -0.05344942
0.0168808 0.1666292 0.05570295
-0.3379565 0.127922 0.1199746
0.1653438 0.2038198 0.008712795
0.08186274 0.1612248 0.123307
0.09888792 0.1752112 0.1081296
-0.2147589 0.3316474 -0.007468607
-0.2295305 0.3358931 0.05714485
0.09153954 0.377137 -0.1412455
0.09626045 0.3820234 -0.1500358
0.2366808 0.139201 0.1390025
-0.09771344 0.2165032 0.008296244
-0.05568986 -0.2421195 -0.1166477
-0.2443341 0.3334098 0.0753556
0.2256422 0.190458 0.06890441
0.2512761 0.1788053 -0.03570329
-0.3241303 0.004184991 0.02982339
-0.3492728 0.1709923 0.04491001
-0.2086388 0.1229608 -0.09428744
-0.3225228 0.2365617 0.01798373
-0.3425012 0.1853953 0.01817598
0.3772454 0.04981872 -0.0302721
-0.3069502 0.3081978 0.09855963
-0.08613548 0.2837815 -0.0507098
0.15995 0.1973899 -0.03919056
0.1067971 0.4066052 -0.1687433
0.1543106 0.2011174 -0.01832563
-0.117286 -0.1717597 0.1277502
-0.03987695 0.426808 -0.05307025
0.2309613 0.191179 0.0556175
-0.2066682 0.2931165 0.1656991
-0.1941771 0.4060872 -0.2623391
0.1547965 0.2016462 0.05068298
0.1282921 0.1992323 0.04869101
0.03394336 0.479176 -0.1087332
0.03338262 0.4871972 -0.1129414
0.001206726 0.1699723 -0.02076085
0.1053658 0.4067281 -0.1794347
0.1875332 0.1709442 0.1242843
0.2087078 0.1880175 0.09336343
-0.2294237 -0.3153042 -0.04488343
0.315457 0.1087126 0.117502
-0.2453007 0.3288705 -0.03397299
-0.1887245 0.4007041 -0.2681761
0.139256 0.1973525 0.06816743
0.3805351 0.03494033 -0.04086745
0.3755899 0.05742875 0.001674157
0.05246386 0.1836277 0.03680862
-0.1999927 0.3603041 -0.3541565
0.08719245 0.1745864 0.103916
-0.02629098 -0.3093978 0.1253524
-0.03035502 -0.3135152 0.1186021
-0.3052573 -0.06912798 -0.007169545
0.1216754 0.1810056 0.1082845
-0.1553577 0.3159894 0.1226341
-0.1995495 0.3251963 -0.04074996
-0.1843988 0.3549956 -0.1465646
0.01844019 0.1745116 0.008942433
-0.09625018 0.2101962 0.06099528
-0.3063734 -0.05486912 -0.01266481
-0.1425087 -0.2067713 -0.0009586625
-0.1939474 0.3413777 -0.100995
0.1086074 0.161417 0.1332615
-0.005490124 0.02004597 -0.1731384
-0.2231167 0.3398236 -0.05728383
-0.009068191 -0.3134298 0.06563074
-0.3175562 0.04702029 0.002961189
-0.1361429 0.3214527 0.04409292
0.3966471 -0.06163004 -0.03543092
-0.03472346 0.3213031 -0.08904851
-0.3261596 0.2293308 0.02337219
-0.3220582 0.2142976 -0.02465934
0.2231963 0.02171221 -0.1716858
0.2180162 0.01728502 -0.1776724
-0.2935672 -0.05634841 0.1038626
-0.1641693 0.3212177 0.1194299
0.09294406 0.1885943 0.07475214
0.3977205 -0.109747 0.06325427
-0.3268325 0.2143616 -0.01399457
-0.2761681 0.1657534 0.2304354
-0.2814551 0.1734809 0.2315409
-0.285076 0.1872965 0.2310015
-0.1808314 0.32141 -0.2213462
-0.2810973 0.211056 0.2257038
0.1493867 0.1934006 0.08728606
-0.3056258 0.2582811 -0.008798365
-0.3340046 0.1060264 0.02932139
-0.3384532 0.1130917 0.02393293
-0.3091131 0.08308938 0.02402371
0.3424688 -0.05035648 -0.1422389
-0.006985441 0.1727653 0.02319595
-0.2139312 0.3505097 -0.08516604
-0.1542843 0.3306167 0.03743345
-0.03648046 -0.1910332 -0.1060684
0.1068291 -0.04272503 -0.2498692
-0.3204774 0.03993896 0.008328289
-0.2707904 0.158138 0.2264888
-0.2758531 0.1962524 0.2341042
-0.2237201 -0.2879027 -0.04382069
0.2563015 0.01332775 -0.1703027
-0.1789623 -0.3093016 -0.09359853
-0.2266253 0.438183 -0.2820184
-0.1255369 0.2231252 0.1109333
-0.2341179 0.4669304 -0.3392461
-0.3247177 0.01859877 0.01907317
-0.2759973 0.3004382 0.146244
-0.325444 0.1123868 -0.01351393
0.07302972 0.1755583 0.0910991
-0.1104183 0.3592787 -0.007313736
-0.1471175 0.3359465 0.008878347
-0.125334 0.3228572 0.01705984
-0.1826578 0.4052007 -0.3014788
-0.3220528 -0.02464244 0.02994622
-0.3065069 0.07562885 0.008061271
0.05543312 -0.2939587 -0.05495542
-0.1455688 0.3141256 0.1105969
-0.1304287 -0.2598976 0.06319553
-0.1351656 -0.2369019 0.1501425
-0.2653485 0.1812726 0.2372925
-0.265215 0.218634 0.2275623
-0.2651402 0.2408821 0.2139015
-0.265215 0.2634293 0.1962515
0.007844836 -0.106687 0.1823024
-0.2701709 0.2880752 0.1677712
-0.3367817 0.2588845 0.04979113
-0.3095136 -0.06139508 0.03012779
-0.0203311 -0.2287418 -0.1087866
-0.1941343 0.3972436 -0.2240057
-0.2726275 -0.122094 0.01442702
-0.2722216 0.3154233 0.1215821
-0.213333 0.3997963 -0.1852237
-0.002969459 -0.2734355 0.228155
0.2023047 0.1583676 0.1363216
-0.1330776 -0.10493 -0.1395633
-0.1277906 -0.09687132 -0.144877
-0.1549732 -0.01982009 -0.1613895
-0.02083842 0.1705971 0.05756675
-0.2601042 0.1659243 0.23239
-0.2599761 0.1888452 0.2375488
-0.2599707 0.2038785 0.2343446
-0.2593139 0.3388677 -0.1161617
-0.2553513 0.3289666 -0.006315079
-0.3495185 0.1784849 0.06626091
-0.3482101 0.1349553 0.04513431
-0.3251289 0.244583 0.1299665
-0.3305868 0.2294696 0.04462697
-0.284339 -0.09946144 0.02499567
-0.05017859 0.3021151 -0.06125174
-0.1946684 0.3757164 -0.3632298
-0.3182612 -0.003563911 -0.007505987
-0.2476451 0.4578304 -0.3303437
-0.1201805 0.2636535 -0.04313178
-0.3083707 -0.06869537 0.02485682
-0.2090447 0.2088183 -0.09272805
-0.2356078 -0.01790822 0.1727217
0.0870536 -0.1846194 0.2382163
-0.2546891 0.1736145 0.2350762
-0.2546464 0.2188102 0.2278613
-0.254641 0.241069 0.2147453
-0.2545182 0.2855438 0.1777791
-0.2828704 0.1055991 -0.05495007
-0.02009077 -0.3172161 0.07640233
-0.170722 0.4153582 -0.3725755
-0.1172967 -0.2386856 0.05765219
-0.04635485 0.1454171 0.1098386
-0.3330808 0.1128033 0.002603386
0.1327781 0.2006849 0.004339013
-0.3203332 -0.01791355 -0.00737248
-0.03739366 -0.02596685 -0.1763747
-0.2409963 0.2163857 -0.0875265
-0.2493487 0.12844 0.2327211
-0.2014133 0.3315674 -0.3267336
-0.2494074 0.1435427 0.2360909
0.0395935 0.3607366 -0.1220148
-0.1556888 -0.2813553 0.1995893
-0.249322 0.2038411 0.2330842
-0.2439015 0.2929243 0.1709594
0.1063378 0.1118207 -0.1392696
0.001196042 -0.2350487 -0.1728073
-0.0005021989 -0.2278018 -0.1669702
0.08536604 -0.03516304 -0.2529186
-0.200687 0.2501156 -0.08947574
-0.03938028 0.3071671 -0.05048016
-0.0276688 0.3154447 -0.05031461
-0.3316388 0.1997877 -0.008579407
0.2038321 0.1993925 -0.0152549
0.3383246 -0.2998652 0.05650935
-0.1300869 0.3552146 -0.008077409
-0.1928313 0.1085417 -0.1110189
-0.07333986 -0.3144605 0.166607
-0.04167666 -0.229201 -0.1046959
-0.1975949 -0.03642339 -0.1469758
-0.2439388 0.1812352 0.2346703
-0.2385664 0.1812513 0.2335969
-0.2439762 0.2632583 0.1992528
-0.2386091 0.2857895 0.1792904
-0.3095136 0.05385605 -0.01313477
0.3942973 -0.09915701 -0.04083541
0.002904981 -0.2980494 0.07355056
0.001174673 -0.2978358 0.06336642
0.3547677 0.03923938 -0.09395099
0.2615457 -0.3124471 -0.06637853
0.1234057 0.1921456 0.08563054
-0.3387202 0.1859294 0.1090055
0.1527351 0.1750297 0.1196435
-0.2970651 0.2877227 -0.0197355
0.1361158 0.1883753 0.0979722
-0.04173008 -0.2141037 -0.1033448
-0.2386786 0.1436174 0.2387824
-0.2385771 0.1586453 0.238681
0.1939684 -0.1997274 0.234884
0.1779472 -0.1314664 0.2503391
-0.2123504 0.2899123 -0.2135972
0.3374755 0.09882215 0.0952753
-0.264446 0.4394487 -0.293842
-0.1750798 0.3467554 -0.1945748
-0.3140369 0.2658752 0.006790254
0.1994316 -0.1540082 0.2473965
-0.01754875 0.1403811 0.1067518
-0.2218029 0.4226639 -0.2495221
0.4695489 -0.1226227 0.03363643
-0.3209527 -0.03195345 0.01929747
-0.1832399 0.3755776 -0.365147
0.2074902 0.1966583 -0.02904381
-0.1812907 0.2966198 -0.1411334
-0.006862611 0.3591879 -0.1226022
-0.2510843 -0.13874 -0.01763138
-0.2333222 0.04905501 0.1559796
0.00904642 0.3912196 -0.14006
-0.2307855 0.2555628 -0.08901647
-0.04427743 0.3749314 -0.1210642
-0.1275075 -0.1457146 -0.107286
-0.06474718 0.3996894 -0.1051445
0.16191 -0.2141411 0.2384994
-0.1088802 0.2650313 -0.01842176
-0.1107761 0.2572985 -0.01307068
-0.2211087 0.2856292 -0.1896242
-0.2331246 0.2241346 0.2184355
0.3726046 0.05708167 -0.03558046
-0.3206056 0.04732475 0.03488608
-0.1765751 0.3798232 -0.349521
0.1027384 0.4556195 -0.2007215
0.1002284 0.4524098 -0.2052769
0.4569081 -0.1757757 -0.0411131
-0.3172037 0.258671 0.01255788
0.1910311 0.0251995 -0.175392
0.3797447 -0.1417787 0.1003487
0.1829938 0.02230498 0.2236104
-0.1581774 -0.2418524 -0.01126029
-0.1063115 0.2165191 0.08077611
-0.0203578 0.4521161 -0.08425817
0.1856854 0.2019292 -0.01425091
-0.2000248 0.286142 -0.1853999
-0.3413691 0.1561193 0.002256256
-0.2334183 0.07147399 0.1524763
0.03246406 0.3396207 -0.08205259
0.008763388 0.4228294 -0.1465005
-0.2279284 0.1361248 0.2378585
0.1939417 -0.1844698 0.2386115
0.1779899 -0.1608012 0.2543283
0.1725267 0.1250489 0.1637392
0.1566443 -0.09343746 0.2629584
-0.2280993 0.2484922 0.2049403
0.4125775 -0.239273 -0.0614707
-0.2281206 0.2705747 0.1910339
-0.1096599 0.2573304 0.002923805
0.3974802 -0.01649836 -0.01958063
0.4363156 -0.2146217 -0.05646141
0.02557497 0.3459384 -0.104776
-0.0170788 -0.1960852 -0.1134221
0.3596595 -0.2029423 0.120263
-0.05234677 0.4340229 -0.08045581
0.08504561 0.1927972 0.03301694
0.1602224 0.1923112 0.0912326
-0.216329 0.2602304 -0.1022606
-0.1819903 0.2850471 -0.1198519
-0.2233997 -0.03250885 0.1761716
0.08874117 0.4151445 -0.1848125
-0.1315822 -0.1653726 0.1155261
-0.1276464 -0.1728278 0.1079854
-0.2226307 0.07900932 0.1518194
0.2045637 0.02226755 0.2146919
0.1245646 -0.2382583 0.2211591
-0.2265665 0.1140797 0.2272365
0.20929 -0.253158 0.2002622
0.09391601 0.4272459 -0.1960594
0.1939684 0.06539664 0.1774373
0.1992393 0.08008811 0.1698699
0.4331006 -0.2003148 -0.06463221
0.4290099 -0.1442513 0.09910436
-0.1042768 0.2328768 0.008264203
0.4409617 -0.1325826 0.08724868
0.3538918 0.08640572 -0.03562852
0.4002412 -0.06873277 -0.01952722
-0.1634431 -0.2866477 0.05754539
-0.1876671 0.3460452 -0.3014254
0.02373786 0.1561994 0.08944358
0.1665828 0.2036595 0.03969244
-0.01088393 0.0275279 -0.1699502
0.1858029 0.2016996 0.05434114
-0.2172422 -0.01759848 0.1782437
-0.2225666 0.005039483 0.1774693
-0.08112083 -0.1630388 0.1670876
-0.2194585 0.2998667 -0.2660346
-0.1794162 0.3991394 -0.3740709
-0.172762 0.3997802 -0.3713472
-0.2171941 0.1435907 0.2366356
0.3710346 -0.1584835 0.1116116
0.1245379 -0.0123542 0.2556154
0.01734006 -0.3088851 0.2365288
0.2152872 -0.006250113 0.2343606
0.1834264 -0.1767637 0.2486515
0.1725961 -0.2378792 0.2271404
0.1725961 -0.263465 0.1977148
-0.2333916 0.2728176 -0.1321829
0.4025162 -0.09097016 0.01780749
-0.02785037 -0.3181293 0.0659939
0.3786286 -0.2805756 -0.03508914
-0.1870156 0.3377729 -0.2747822
0.399093 -0.03889063 -0.008921191
0.2046492 0.07264355 0.1732825
0.3594352 -0.2405761 0.1236168
-0.3270942 0.2078945 0.1301694
-0.328488 0.2222922 0.07139304
0.1792235 0.2039426 0.00621349
-0.324392 0.2445403 0.1192964
-0.2119071 0.01264951 0.1781849
-0.212014 0.07919088 0.1532079
0.2260268 0.1170917 0.1513121
0.1079292 0.4226639 -0.1905
-0.1335956 0.238746 -0.05537197
0.1298889 -0.2553743 0.2040485
0.1512345 -0.02731797 0.2549211
0.1779205 0.1468697 0.1442094
-0.1025732 0.2729191 -0.01814406
-0.3517935 0.1638041 0.06097926
-0.1818407 0.3630063 -0.3280847
-0.3509925 0.1494011 0.06105937
-0.3027259 -0.05448461 0.06743046
0.3701641 -0.2326242 0.1261695
-0.3227257 -0.02478665 0.008643374
0.03206889 0.1626773 0.07670674
0.04278706 0.1734275 0.06468549
-0.03292376 0.4459266 -0.0963328
0.171058 0.1986929 0.07195912
0.2031538 0.201534 0.007329632
-0.1762654 0.4111659 -0.3769119
-0.2065668 -0.002303571 0.180257
-0.1996669 0.325741 -0.317217
0.451525 -0.2207845 -0.03017597
0.1565589 -0.1459869 0.2539865
0.1566123 -0.1312154 0.2537516
0.4769079 -0.1665261 -0.003703624
0.140543 -0.06400117 0.2597969
0.1459689 -0.1756582 0.2510493
0.1299317 0.1324186 0.1609622
-0.0962128 0.2744251 -0.02520406
0.2205155 0.02223554 0.2120858
0.1942461 0.04385343 0.2012715
-0.08587913 0.2810312 -0.03320398
0.1832929 -0.2219915 0.2361603
0.1779098 -0.2217992 0.2372337
0.1779311 -0.2785677 0.1976827
0.3861105 -0.1073278 -0.06216495
0.3970369 -0.1373782 0.08851434
-0.184559 0.3594122 -0.3516892
0.1566176 -0.2302638 0.2327852
0.1458888 0.09571943 0.179237
0.4678132 -0.2117166 0.01777011
-0.1285008 -0.2371956 0.1378543
-0.1425888 -0.2414519 0.159563
-0.2312608 0.300593 -0.2624298
-0.2012905 -0.0168348 0.1878671
-0.2013225 0.02766135 0.1758459
-0.2012317 0.07935646 0.1559101
-0.1977925 0.2709592 -0.1267304
0.1673945 -0.09411031 0.2540079
0.1565642 -0.1913216 0.2442724
0.1671649 0.09567669 0.1784894
0.1405163 -0.04913354 0.2600319
0.1351118 -0.2628348 0.2033169
0.2124728 -0.2215055 0.224107
0.2100643 -0.2144402 0.2299494
0.1887988 0.03670803 0.2034504
0.1566764 -0.07147774 0.2591187
-0.1982838 0.2845611 0.165651
0.3947566 -0.08413982 -0.04613842
-0.1187279 0.2477551 -0.03806374
0.3913708 -0.07697836 -0.05678717
0.4648226 -0.1823978 -0.03015461
0.3670613 0.03433689 0.09776925
0.01916115 0.1744208 0.0248675
0.001057193 0.1638094 0.05768958
-0.1767513 -0.254632 0.1540303
-0.1959073 -0.05447927 0.187034
0.01777798 0.01323697 0.186831
-0.1958593 0.05001095 0.1720649
0.1726121 -0.1240166 0.2511775
0.1189251 -0.2696866 0.2116158
0.2776203 -0.01036757 0.2075945
0.1673732 -0.07914653 0.2558824
0.2365153 0.04417387 0.2026974
0.1405644 -0.1841654 0.2418211
0.1352026 -0.1917915 0.239984
0.188628 0.02937564 0.2096399
0.1886333 -0.0940516 0.2544031
0.1886386 -0.1089246 0.2543711
0.1886013 -0.01310188 0.2439893
-0.1113902 0.2572611 0.01890761
0.3900303 -0.03961694 -0.06219165
0.3675526 0.07230178 -0.008744959
0.3921986 0.01317826 -0.01429897
-0.014211 0.1539297 0.08382015
-0.01218699 0.3239093 -0.08322214
-0.1905242 -0.03156897 0.1923637
-0.1905029 0.02027026 0.1794293
-0.1904868 0.04273733 0.1766843
0.04831971 -0.2981829 -0.1419291
0.2686645 -0.01525939 0.2103448
0.182353 -0.2912885 -0.0915852
0.2829127 -0.2759882 -0.0834678
0.3874189 0.02786967 -0.01428295
-0.0365766 0.3344245 -0.1029389
0.1991966 -0.2225522 0.2287745
0.2123714 -0.198734 0.2335435
0.1884784 -0.2538736 0.211226
0.1885746 -0.2711819 0.1953917
0.1352187 -0.1685341 0.2501254
0.1298783 -0.160892 0.2526568
0.2045797 0.001007468 0.2317064
-0.149761 -0.198921 -0.01714006
-0.1557849 -0.1912842 -0.01186375
-0.2968141 -0.06230295 0.07296311
0.08693612 0.1865649 -0.03664319
0.1923609 -0.02922451 -0.2230711
-0.2514207 0.1537001 -0.08680554
0.1863369 -0.3132802 0.07647175
-0.1852052 -0.08535206 0.1753919
-0.2791054 0.1285522 0.2126786
-0.1851838 -0.06188104 0.1867723
-0.1851464 -0.01643428 0.1935973
0.1458781 0.01641986 0.2394286
0.4005296 -0.08366987 -0.01420285
0.2685844 0.01429972 0.2035465
0.3328347 -0.2569284 0.1133632
0.1619206 -0.04920295 0.2600479
-0.1974293 0.2789484 -0.1535018
0.1297821 -0.08575797 0.265132
0.1992821 -0.2386001 0.220091
-0.03705722 -0.08103704 -0.1515739
-0.01241128 0.3909953 -0.1342496
-0.007364616 0.1731498 0.007324293
-0.1797847 0.005829841 0.1895493
0.3382552 -0.2332704 0.1209359
0.1726228 -0.1533033 0.2549905
0.1565429 0.05088678 0.1879899
-0.08909404 0.1449258 0.09964374
0.1461932 -0.2970775 0.053727
0.1087196 0.03593901 0.2069643
-0.3300527 0.2442893 0.06587107
-0.330966 0.1933258 0.1622599
-0.3303198 0.244097 0.03914771
0.01238951 0.1380154 0.1152377
0.2898445 -0.2943165 -0.06347869
-0.2569694 0.1772192 -0.08776148
-0.2570709 0.1850429 -0.08726481
0.2513295 -0.3119718 -0.09916855
-0.1854295 -0.1710174 -0.05750278
-0.1744977 -0.02375594 0.1954932
-0.1745297 0.02796581 0.1809673
-0.174519 0.03545305 0.180225
-0.1745244 0.05758896 0.1721236
0.2160776 -0.01850635 0.2402884
0.1830953 0.01566687 0.2308306
0.4344571 -0.151573 0.1019454
0.1780807 0.05061439 0.1878564
0.1245379 -0.1760747 0.2496662
0.1940111 -0.02756363 0.2500186
0.1297981 -0.2141411 0.2401282
0.4291007 -0.1660402 0.1100682
0.2260054 0.1319807 0.1458489
0.1459208 -0.08582208 0.2652388
0.03254952 0.3694628 -0.1292991
0.07157713 -0.3158383 -0.1509704
-0.231939 0.4312832 -0.2608758
-0.2565368 0.06819502 -0.09137158
-0.06444278 0.08004001 -0.1515045
-0.1691733 -0.06975278 0.1828364
-0.1691893 -0.00881353 0.1944999
-0.1744656 0.1016473 0.1480117
0.1458781 -0.2214628 0.242008
0.1885318 0.1248619 0.1596858
0.1778938 0.06546071 0.1780301
0.1810072 0.04310581 -0.1625484
0.140527 -0.1532926 0.2555887
0.2633348 -0.03727248 0.2169936
-0.2083451 0.2442572 -0.08930485
0.1346739 0.04062787 0.1880113
0.1619527 -0.2459272 0.2192366
-0.2021075 -0.1403101 -0.08186033
-0.163881 -0.03135002 0.1931701
-0.1638543 -0.01634881 0.1940513
-0.1638436 0.07957539 0.159312
-0.02984768 0.3125662 -0.06053079
0.1512292 -0.213575 0.2450521
0.09361161 0.4749837 -0.1994452
0.0891417 0.4788449 -0.1983023
0.1940378 -0.2638762 0.1954451
-0.1971409 0.3032152 -0.2330042
0.1724679 0.008879215 0.2398772
0.1512292 -0.2381515 0.2245876
0.1352507 0.1542822 0.1447167
0.3730532 0.034417 -0.06213825
-0.2449589 0.3014689 -0.2042782
-0.2439762 0.3086037 -0.2068149
0.3756433 -0.1662911 0.1077985
0.3704364 -0.1807903 0.1137317
0.3808502 -0.2173614 0.1269225
0.1076942 0.4146532 -0.1795522
0.103016 0.4075505 -0.1839687
0.003268123 0.1693528 0.04270443
-0.2011516 -0.2870215 -0.07868814
-0.2564621 0.04543427 -0.1014329
-0.1585085 -0.09241208 0.1808124
-0.1584925 -0.04690126 0.1875574
-0.1584391 -0.02419385 0.191333
-0.1585032 0.005979389 0.1921394
-0.1585085 0.04304174 0.1803905
0.1245325 -0.1386706 0.2528544
0.1779899 -0.0794563 0.2514392
0.1832662 0.07289454 0.1748365
0.1565215 0.1396656 0.1561772
0.1512078 -0.1607158 0.2557168
0.1245966 -0.2219221 0.2352364
0.1673838 -0.1165667 0.2527956
0.3839209 -0.2848159 -0.007783689
0.1511277 -0.2930561 0.2028469
0.007273421 -0.2401542 0.2088762
-0.1574672 -0.2603943 0.1855066
-0.2124839 0.3409558 -0.06914485
-0.2839331 0.2077769 -0.06541725
-0.1531521 -0.1080007 0.1725455
-0.1531307 -0.04680511 0.188839
0.01216522 0.3307075 -0.07428765
0.3658116 0.04923663 -0.06197803
-0.2200886 0.3212764 -0.3088219
-0.06851749 -0.198483 -0.1084181
0.05787902 0.3523095 -0.1027627
-0.2786301 0.2234777 -0.06468028
-0.1478277 -0.09232134 0.1814212
-0.147833 -0.06918135 0.1903931
-0.1478544 0.005990058 0.1916214
-0.147833 0.02059069 0.1832103
-0.147817 0.1015137 0.1444764
-0.1424927 0.1092039 0.1418222
0.1458727 -0.005203426 0.2510173
0.3569786 0.06368771 -0.05685126
0.4784459 -0.151573 0.03906228
0.1458888 -0.2061252 0.2456876
0.2046064 0.1469872 0.1442948
-0.02579431 -0.1987127 -0.1047279
-0.2457759 0.02326623 -0.1183833
0.3810211 -0.1662377 0.1063085
-0.1424019 -0.2642447 0.1932342
-0.1107173 0.2886893 -0.06164693
-0.1423805 -0.06135768 0.1932662
-0.1425194 -0.008824199 0.1944037
-0.1424713 0.03569868 0.1827563
-0.142482 0.04304704 0.1803905
-0.1464446 0.1172519 0.1455231
0.215378 0.0513781 0.2007054
0.2313244 0.08004537 0.1706123
0.1672557 -0.1916687 0.241239
0.2526273 0.007058114 0.2064944
-0.1946043 -0.2539057 -0.01691577
0.3566902 -0.2995394 0.01096111
-0.1876511 0.2720166 -0.1132405
-0.2570762 0.2083484 -0.08236233
-0.1995976 0.3155729 -0.2740185
-0.1371469 -0.06894642 0.1921715
-0.1371469 -0.02404967 0.1924331
-0.1371523 0.0206174 0.1837657
-0.1371469 0.07982638 0.1615336
0.2311482 0.01476434 0.2122887
0.1993301 -0.1922455 0.2356049
0.1192295 0.1028756 0.1743879
0.2366648 0.1095884 0.154495
0.2525098 -0.01139826 0.2086466
0.1245539 0.09562328 0.1785695
0.3863615 -0.1518507 0.09859169
0.3919101 -0.1374156 0.08861582
0.4560697 -0.2277805 -0.008841086
-0.1318172 -0.2710804 0.19764
-0.05808236 -0.2532381 -0.1610638
-0.05101168 -0.2552621 -0.1699395
-0.1370134 -0.2436521 0.1675255
0.391814 -0.1300459 0.08439156
-0.04733215 -0.1592952 -0.1207171
-0.2026255 0.4633523 -0.3426853
0.06920066 0.07314554 -0.1622066
-0.2396986 0.3352148 0.03025596
-0.2517519 0.2318355 -0.08015141
-0.2777542 0.1216257 -0.06592993
-0.1317852 -0.1000969 0.1772771
-0.1317638 -0.03879982 0.1955039
-0.1318066 -0.01656243 0.1917602
-0.1318066 0.005696326 0.1869379
-0.1318226 0.02798179 0.1810848
-0.1318172 0.08706263 0.1548207
0.1245539 -0.02714175 0.2573563
0.1351919 -0.09310099 0.2667608
0.1191814 0.1326109 0.1581157
0.140559 -0.1310979 0.2557222
0.204035 -0.1045722 0.2506702
0.3086801 -0.1442406 -0.153662
0.3157027 -0.1284972 -0.1530585
-0.0747444 0.2898802 -0.02869134
0.1568579 -0.2707653 0.1995412
-0.1320896 -0.2394226 -0.08117676
-0.1264662 -0.07697302 0.1862062
-0.1264768 0.03539428 0.1789753
-0.1264875 0.05742344 0.1699928
-0.1264395 0.07245126 0.1649888
-0.03107597 -0.2065203 -0.1026879
0.2205902 0.04427001 0.2058963
0.2634523 0.0945445 0.1540997
0.005788788 -0.2932911 0.1274458
0.1512238 -0.2553743 0.2039524
-0.102664 0.2286419 0.03068319
0.2153193 0.08004537 0.1680863
0.1726121 -0.03455958 0.2569985
0.2741544 0.06681719 0.1650155
-0.1160951 -0.2371796 0.1519956
-0.2024066 0.418696 -0.2730626
-0.3355534 0.2809938 0.07102455
0.0665892 0.3551024 -0.1019616
-0.06009568 0.3429264 -0.1046692
-0.1211151 -0.0541161 0.1918671
-0.05540682 0.3054101 -0.03231213
-0.08481638 0.2882995 -0.06111289
0.2633722 0.07983705 0.1640543
0.167245 -0.02010843 0.2510867
0.1672664 0.0364944 0.1997975
0.1672931 0.0433515 0.1900673
0.1993141 -0.08684206 0.2517115
0.1618726 0.1031372 0.1766255
0.2153086 0.09482756 0.1624788
-0.1211204 0.3436794 0.003708843
-0.08742251 0.2817949 -0.02250716
-0.1157853 -0.2507388 0.1739928
-0.1155771 -0.2308939 0.1466072
-0.2918956 0.1106084 -0.05143075
-0.03135902 -0.1513006 -0.126426
-0.1068028 0.08789572 -0.1460466
-0.06042679 0.3587767 -0.1099134
-0.11578 -0.107739 0.175974
-0.11578 -0.09990469 0.1808017
-0.1157747 0.02086839 0.1877549
-0.1158067 0.08699319 0.1553708
-0.1886337 0.2811914 -0.1379932
-0.1858513 0.2678458 -0.09820729
0.3937152 -0.001694798 0.03368983
0.1245806 0.1615291 0.1359691
0.1779952 -0.04193464 0.257821
0.3970797 -0.2105951 0.1256515
0.3968821 -0.1875192 0.123307
0.3968767 -0.1802403 0.1205781
-0.115796 0.3359785 0.007174764
0.2663307 -0.3080413 -0.05625313
0.2738073 -0.3026048 -0.05900344
-0.1021406 0.1326803 0.1160334
0.3216572 -0.2941723 -0.05332659
-0.2142836 -0.07666326 0.1685562
-0.1072781 -0.2152199 0.1417581
-0.2073465 0.3044221 -0.2640159
-0.2583045 0.3139013 0.1343296
-0.1103114 -0.1559148 0.1432
-0.154327 -0.1127216 -0.1366688
-0.1189202 0.2774745 -0.0520983
-0.2352127 -0.3097342 -0.01279298
-0.110445 -0.08442822 0.1870126
-0.1104877 -0.04626039 0.1947776
-0.1104183 -0.009203374 0.1888284
-0.110445 0.006059438 0.1916908
-0.1104396 0.03561321 0.1823611
-0.1104503 0.05739668 0.1675789
0.049799 0.1461221 0.1260787
0.1618298 0.08077696 0.1805988
0.3595099 -0.2563569 0.1171122
-0.2777703 -0.1143184 0.03575657
0.2691291 0.1021119 0.1490905
0.01455772 -0.220133 0.1639688
-0.1051099 -0.06184366 0.1883317
-0.1051419 -0.03138736 0.1950606
-0.1049817 -0.009262115 0.1878778
-0.1050565 0.01352003 0.1901154
-0.1051473 0.07981035 0.1615656
-0.1049924 0.1235322 0.1238144
-0.1747113 0.4052755 -0.3441272
-0.09978554 -0.2721058 0.1875039
-0.09984961 -0.2369553 0.1586284
-0.09996176 -0.2150543 0.150041
0.1023645 0.3904719 -0.1527968
-0.09977484 -0.1156642 0.1720221
-0.0997695 -0.1002358 0.1784253
-0.09976417 0.04260382 0.1758993
-0.09978017 0.0871267 0.1574001
-0.02023497 -0.2809174 -0.2078617
-0.09933692 0.3439517 -0.0009052604
-0.09872279 0.3787979 -0.02070745
-0.1097774 0.2655494 -0.002432611
-0.0945092 -0.2652006 0.1830287
-0.09455194 -0.2296069 0.1566097
-0.2228656 0.3956788 -0.1657099
-0.09440774 -0.1077871 0.1760114
-0.09443444 -0.06204659 0.1855921
-0.09444512 -0.04667157 0.191098
-0.0944825 -0.02427396 0.1896294
-0.09418344 0.005648285 0.1857737
-0.09440774 0.02798179 0.1810741
-0.09443979 0.05768511 0.172914
-0.09443444 0.1161197 0.130351
-0.1386903 0.289688 0.0990029
0.09332857 0.4692855 -0.2035626
0.2525471 0.05822977 0.1873704
-0.01489991 -0.2883833 -0.2091647
-0.3275695 0.2953168 0.01772739
-0.09445581 0.3671878 -0.012809
-0.3102345 -0.04694393 0.02471797
-0.288857 -0.09184068 0.0463359
-0.08909404 -0.2722179 0.1861902
0.3261005 -0.07199043 -0.1508903
-0.1198921 -0.3066368 0.1999845
-0.08902997 -0.07763523 0.1791195
0.1672504 -0.1680855 0.2553377
0.167261 -0.1758451 0.2522562
0.06892296 0.3781035 -0.1415446
0.2699622 0.03202984 0.1965613
-0.3248726 0.2807161 0.01228552
-0.0837857 -0.2651579 0.1819499
-0.08376968 -0.2438925 0.1659821
-0.08372694 -0.2217886 0.1596698
-0.08374831 -0.0776566 0.1779713
-0.08373229 -0.06255928 0.1795574
-0.08355072 -0.01725134 0.1815814
-0.08365753 0.02047852 0.1813838
-0.08373229 0.05782929 0.174452
-0.202241 0.2574427 -0.09497635
-0.3355801 0.2882087 0.04965761
-0.07838656 -0.1226601 0.1773198
-0.07837053 0.05775985 0.1736937
-0.2109779 0.2750286 -0.1535979
-0.01950333 0.4390748 -0.06283784
-0.07810885 0.3595884 -0.01665409
0.0004003197 -0.3038491 0.237442
-0.08124366 -0.2974086 0.1904679
-0.07303013 -0.2727146 0.1810047
-0.07308888 -0.2290355 0.1632532
-0.07309957 -0.1911507 0.166623
-0.07854676 -0.1837703 0.1654374
-0.07304615 -0.1380137 0.1732825
-0.07299808 -0.0922412 0.1823451
-0.07306752 -0.06271413 0.1775067
-0.07301411 -0.04752606 0.1804065
-0.07299276 0.06509754 0.1690422
-0.07301411 0.08714804 0.1561825
-0.07691795 0.1520072 0.09305368
0.06950507 -0.2919774 -0.103505
0.3102715 -0.1742056 -0.1529677
0.4022919 -0.1058111 -0.01484903
-0.07308353 0.3752518 -0.02103321
-0.06773245 0.3989632 -0.03143097
-0.1837472 0.2546122 -0.08456792
-0.08047464 -0.3084579 0.1877229
-0.07373506 -0.3056167 0.1865907
-0.06770577 -0.2802339 0.1815921
-0.06773779 -0.2437536 0.1669861
-0.06776984 -0.2139862 0.1635469
-0.06773779 -0.1303663 0.1755094
-0.06773245 -0.03255692 0.1796963
-0.06774314 -0.02496824 0.180209
-0.06773779 0.005092889 0.1778325
-0.06762564 0.09459791 0.1484763
-0.06772713 0.1162372 0.1330693
-0.06776451 0.1381168 0.1127277
0.3027362 -0.2201063 -0.1527488
-0.1684844 -0.2478497 0.1486739
-0.1773174 0.4297452 -0.3775047
-0.1729703 0.430605 -0.3715341
0.4644488 -0.1330792 -0.01863538
-0.3044722 0.3108253 0.000440523
0.1192295 0.07359412 0.1877923
-0.06778586 0.3831876 -0.02476615
-0.06915835 0.3677699 -0.02360728
-0.06661631 0.2972126 -0.06666157
-0.3084455 -0.03961161 0.07799377
-0.3098126 -0.04695463 0.04606887
-0.1759503 -0.2925648 0.07940362
-0.0623707 -0.2582528 0.1741797
-0.06235467 -0.1679894 0.1731116
-0.06238672 -0.08469525 0.1833278
-0.06228526 -0.05471957 0.183253
-0.06239741 -0.002351612 0.1796696
-0.06238672 0.02759197 0.1755521
-0.06228526 0.04994157 0.1684868
0.3195691 -0.3052643 -0.03132416
0.183341 0.09311864 0.1743879
0.3878248 0.02804592 0.007019892
0.1017771 0.3926562 -0.1667513
-0.05704097 -0.2659536 0.1733733
-0.05704097 -0.1833697 0.1691223
-0.05704097 -0.1452767 0.1758619
-0.05699292 -0.06981155 0.1818858
-0.05728664 0.04275331 0.1713172
-0.05704632 0.1310301 0.1204339
-0.05345224 0.1531714 0.1013206
0.2101765 0.0653806 0.1858484
0.04751331 -0.2985941 0.2379066
0.1459155 -0.1006043 0.2658529
-0.05692351 0.3991234 -0.03243496
-0.05165786 -0.26621 0.1716803
-0.05169524 -0.2587601 0.1698219
-0.05171128 -0.1076749 0.1772557
-0.05170593 -0.07737353 0.1815067
-0.05163652 -0.06194514 0.1858057
-0.05175398 -0.02458906 0.1853197
-0.05167922 0.06464365 0.1591571
0.3876539 0.02045718 0.03901955
0.4127751 -0.2689603 -0.003228329
0.006071821 0.3296715 -0.06540123
0.16191 0.002000779 0.2465687
-0.2017871 0.316422 -0.2972759
0.2205849 0.1096312 0.1569943
-0.04640825 0.414995 -0.04288612
-0.04632281 -0.2141518 0.1612452
-0.04633884 -0.1681176 0.1727805
-0.04640292 -0.1528226 0.1750608
-0.04637086 -0.0469386 0.1873758
-0.04628009 -0.01697901 0.1852823
-0.04617327 0.005589515 0.1858698
-0.04634418 0.0868223 0.1495978
-0.04655777 0.399102 -0.03789285
0.262758 -0.3133817 -0.05524914
-0.04105718 -0.2440099 0.1641664
-0.04103582 -0.1151836 0.1772718
-0.04110524 -0.046976 0.1865801
-0.04093435 -0.001689404 0.188791
-0.04100911 0.02794978 0.1809459
-0.04100378 0.1160183 0.1277663
-0.03550316 0.4230591 -0.04908632
-0.1191498 0.1248726 0.1288183
-0.0356527 -0.2294627 0.1585643
-0.03567939 -0.1606944 0.1712585
-0.03574882 -0.08522925 0.1765081
-0.03583427 -0.0621641 0.1831462
0.4612339 -0.2198126 -0.003538072
-0.03032832 0.1308806 0.1196595
0.3908314 -0.05466083 -0.04612774
0.1458941 0.1105817 0.1746389
-0.03569542 0.4151125 -0.04632533
-0.03531626 -0.2468724 0.1691383
-0.03023754 -0.1841174 0.1620035
-0.03037639 -0.1304624 0.1738966
-0.03037106 -0.1003052 0.1759633
-0.03034969 -0.03991601 0.1806469
-0.03037106 -0.03223118 0.1816402
-0.03044581 0.06477711 0.1623507
-0.1722814 0.3964532 -0.3666317
0.4509322 -0.2356949 -0.00347399
0.04088054 0.4784443 -0.1171871
0.1191814 0.009439915 0.2453618
-0.03032298 0.415198 -0.05141473
-0.03009334 0.4233101 -0.05159631
0.04931302 -0.3167515 -0.1545271
-0.0908457 0.1698174 0.0850057
0.2357676 -0.3144444 -0.1202044
-0.02498257 -0.07044706 0.1748205
-0.02496657 -0.0165464 0.1898964
-0.02496657 0.01344529 0.1896721
0.4076643 -0.1877008 0.1214753
0.4076163 -0.1802723 0.1200547
-0.204767 0.3158025 -0.3019755
-0.03005061 0.4310056 -0.05553218
-0.3140743 0.2363 -0.0141441
0.06641831 0.4988393 -0.1585698
-0.2173597 0.2549113 -0.09242363
-0.01965287 -0.2224668 0.1523214
-0.01953538 -0.2150276 0.1514242
-0.01967958 -0.1692818 0.1590236
-0.01961014 -0.1310018 0.1679527
-0.01965821 -0.04012424 0.1788952
-0.01968491 0.02837166 0.1870874
-0.0197116 0.07962349 0.1581585
-0.01975434 0.101706 0.1414964
-0.01969026 0.123607 0.1245033
0.4441713 -0.2361222 -0.02464332
0.1833463 -0.07212925 0.2508197
-0.01965821 0.431139 -0.06001811
-0.01384252 0.4472457 -0.06958276
-0.2299523 0.3064621 -0.2760586
0.1671008 0.1622501 0.1329091
0.1373975 -0.296474 0.03203965
-0.01431246 -0.2000798 0.1509543
-0.01434985 -0.1159739 0.1677819
-0.0144086 -0.07820129 0.1723906
-0.01443529 -0.05542982 0.1757871
-0.01430178 0.006022125 0.1909592
0.007054463 0.3432041 -0.1070243
0.05454127 0.357511 -0.1157238
-0.178252 0.338339 -0.1412082
-0.1637688 -0.2714222 0.07929683
-0.009169668 0.454765 -0.07744917
0.2707366 -0.2994806 -0.06670429
0.06485357 0.1843219 0.05687249
-0.009522125 -0.07047376 0.1769139
-0.008859918 -0.03964898 0.1840861
-0.00883323 -0.03194278 0.1867509
-0.008897305 -0.01677069 0.1879312
-0.008998781 0.03581616 0.18454
0.146348 0.04015258 0.1900727
-0.09472282 0.2895544 -0.004878514
-0.1002662 0.2162842 -0.00764484
0.1937174 0.009087473 -0.2010473
0.1245272 -0.05678099 0.2572549
0.1988815 0.002769798 -0.2050259
0.1989029 0.202789 0.02099571
-0.01097472 -0.220101 0.1509009
-0.003679737 -0.2079676 0.1465805
-0.003615662 -0.1161395 0.1658059
-0.004320592 -0.09357631 0.1724494
-0.2051729 0.3448916 -0.3411366
-0.1957525 0.3425098 -0.3384878
0.2325314 0.1902017 -0.01993843
-0.003348634 -0.05390248 0.1916267
0.2191537 0.1966369 0.04365502
-0.003599629 0.00622502 0.1933517
-0.003653035 0.03571472 0.1837603
-0.003717124 0.07987443 0.1603747
-0.1137079 0.2736775 0.01352983
0.4627559 -0.1455704 -0.03045901
0.1884784 0.1101759 0.1676964
0.3573792 -0.2895849 -0.04005037
-0.005997464 0.4389788 -0.07260008
0.3616034 0.07938316 0.04440801
0.00166066 -0.1852709 0.1490958
0.001692697 -0.1622645 0.1536512
0.2257277 0.189358 -0.03757242
0.3771707 -0.2415587 0.1239052
0.2320774 0.1926957 0.002726212
0.001762122 0.05037943 0.1787831
0.100976 0.3985466 -0.1474404
0.4711136 -0.174478 -0.0197355
0.4252983 -0.2606453 0.007313613
0.003145292 0.4673149 -0.08987093
0.2520612 -0.2605438 -0.1687165
-0.17626 0.3791129 -0.3605756
0.4001824 -0.07909846 0.05462418
0.01235214 -0.2330835 0.1990339
-0.1436729 -0.1949157 0.01179421
-0.2165747 0.279082 -0.1726791
0.00696367 -0.2001386 0.1503882
0.007123888 -0.169693 0.1541906
-0.2626249 0.4165705 -0.2499173
0.006248057 -0.1161235 0.1714721
0.2117412 0.1994994 0.03332669
0.006862208 -0.008877635 0.1927055
0.007038444 -0.001465112 0.191803
0.135961 0.125129 -0.1322844
-0.1932318 0.2165886 -0.09037827
0.3957179 -0.2261303 0.1231041
0.09035397 0.1244507 -0.1313177
0.09562494 0.423326 -0.1605671
0.3553445 -0.1993268 0.1209199
0.01241088 -0.2605972 0.2259334
0.01249099 -0.2463651 0.2193007
-0.08764145 0.3023714 -0.07350262
0.01180741 -0.1464836 0.1650583
-0.1789035 0.3213458 -0.2107027
-0.3440606 0.1426454 0.1625429
0.1902408 0.1902925 0.09437276
0.01233612 0.006235749 0.1912582
0.01237884 0.01323697 0.1864839
0.01246428 0.04319665 0.1847269
0.1147863 0.03591767 -0.1763159
0.01336147 0.4761479 -0.1036385
0.0180984 0.4717582 -0.09490693
0.01787411 -0.2272891 0.1845614
0.01610643 -0.273505 0.2396956
-0.04743895 -0.1359043 -0.1297851
-0.3200021 0.01101002 -0.007554054
-0.1626901 0.3253137 0.1042044
0.01409845 -0.001876354 0.1955306
0.01778866 0.03597108 0.188823
0.01762311 0.08016816 0.1670342
0.01756436 0.1092787 0.1414003
0.01760174 0.1163921 0.133865
0.3568932 -0.1323903 -0.1154942
0.02970309 0.4705512 -0.1053047
0.01807705 0.4630907 -0.09374806
0.02277659 0.478754 -0.1029229
0.02876851 -0.220085 0.1790127
-0.3388644 0.1632541 -0.0030788
-0.2830359 0.08236304 0.1041991
0.02307031 0.06546602 0.1769193
-0.3441407 0.1497909 0.1571705
0.3846579 -0.04076514 0.0990189
0.1404683 0.06612822 0.1884545
0.08300024 0.3679354 -0.1263832
-0.06394078 -0.05023366 -0.1607273
0.02843741 -0.2456762 0.2251858
0.02845342 -0.2392356 0.2160751
0.08303229 0.04062787 0.1861635
-0.1834322 0.2966839 -0.1623134
0.2420533 -0.3102362 -0.1361081
-0.2068231 0.3119253 -0.2911184
0.2036131 0.1968025 0.06845582
-0.1845323 0.33812 -0.1199053
-0.03091043 0.1597988 0.08560917
0.284723 -0.2907171 0.1306661
0.08500289 0.385265 -0.1536566
0.02939868 0.3534843 -0.05921705
0.1993248 -0.1392153 0.2465153
0.04805268 0.3482721 -0.09908311
0.0342264 -0.226894 0.1882516
0.03416765 -0.2116365 0.187819
-0.2641309 0.4319508 -0.2789904
-0.002905384 0.3452602 -0.1113073
-0.3235321 0.2224363 0.1087224
0.4746009 -0.1370845 0.006897062
-0.1233687 -0.2081332 0.07885891
-0.2358108 0.4133181 -0.2087161
0.03372974 0.05828854 0.1824359
0.03369769 0.09503052 0.16289
0.03362294 0.1096846 0.1521131
0.03354817 0.1316015 0.1331974
0.3921932 -0.01696828 -0.05156426
-0.3358257 0.266265 0.06043988
0.03526777 0.345383 -0.06961481
0.2472441 -0.03698409 0.2214315
0.3604285 0.04125807 -0.08360665
0.04049603 -0.2037967 0.1979498
-0.3204187 0.2723477 0.1203912
0.003385603 0.1720978 0.01129221
0.03908616 0.0436025 0.1886361
-0.02685173 -0.3191814 0.01904646
0.04429305 -0.2597748 0.2350495
0.04435714 -0.2526774 0.2313539
0.04436781 -0.2459645 0.2243313
0.04436781 -0.2329927 0.2004651
0.04435179 -0.2258633 0.1963637
-0.1902091 0.3130736 0.1420572
-0.2713084 0.06007758 0.1232483
-0.2700481 -0.1223664 -0.001599509
0.4783125 -0.1811908 0.01770603
0.1023645 0.4168001 -0.1918458
0.4129139 -0.1585796 0.1096944
-0.04672334 -0.2819268 -0.1996428
0.4656557 -0.1675728 -0.03025608
-0.06028262 -0.3070854 0.181245
0.04971355 -0.2254948 0.200401
-0.1977872 -0.3060066 0.1602252
-0.1971944 -0.310343 0.1551678
0.04978831 -0.06414539 0.2580453
0.04975627 -0.05670086 0.2586968
0.4128872 -0.1442567 0.1002632
0.2423844 0.002785832 0.2127694
0.116319 0.04051039 0.1904518
0.05265611 0.4997524 -0.1516593
0.05707796 0.5006764 -0.1479317
-0.005356625 0.3233325 -0.07166018
0.3548799 0.08589843 0.06359606
0.05508064 -0.09458566 0.2478451
0.05515542 -0.04198804 0.2578743
0.05510736 0.06563696 0.1807323
0.05506463 0.1026138 0.1635363
0.05508599 0.1390354 0.1368343
0.1510903 -0.278055 0.2026173
0.178054 -0.05693585 0.2566621
-0.04756713 -0.1122624 -0.1406634
0.06044775 -0.2398124 0.2084543
0.06059728 -0.2164001 0.2153327
-0.2190206 0.4693923 -0.3405865
-0.2218563 0.4689544 -0.3490885
0.06049581 -0.07137629 0.2589531
0.06042638 -0.04917622 0.2602135
0.06041037 -0.03466105 0.2557061
0.06601778 -0.005422384 0.2478718
0.0603623 0.08796516 0.1722251
0.06043173 0.1172465 0.1552426
0.0657561 -0.2325281 0.2058268
0.06561726 -0.2008649 0.2242512
0.06041037 -0.3082175 -0.1917016
-0.1910956 0.3051538 0.1497847
-0.1385247 -0.3072189 0.2014958
-0.0543067 0.3193592 -0.08984423
0.3851973 -0.06230828 0.09935001
0.0658095 -0.1018219 0.2496395
0.06579348 -0.06400117 0.2598984
-0.1151872 0.2567858 -0.03278209
0.05888835 0.0337548 0.1871942
0.06581485 0.05083868 0.1853945
0.06569202 0.05830458 0.1810527
0.3246212 -0.24558 0.1229759
0.0710965 -0.2468564 0.2145638
0.07123535 -0.2081278 0.2236317
0.06577212 -0.1855006 0.2278079
0.06596971 -0.1699974 0.2333192
0.07103775 -0.1623125 0.2375755
0.0659003 -0.1549161 0.2359681
0.07117127 -0.1318456 0.2449559
0.07114456 -0.08665517 0.2541361
0.07110184 -0.04202011 0.2565126
0.07113922 -0.01259452 0.252299
-0.2553086 0.3944238 -0.1887804
0.07124603 0.09524414 0.1718085
0.07093628 0.1247071 0.1516539
0.07110184 0.1394893 0.1438088
0.4166682 -0.2612808 -0.02452583
0.2543042 -0.3126234 -0.07768948
0.07646894 -0.2397857 0.2084436
0.0765437 -0.2159355 0.220513
0.07646894 -0.06423613 0.2568063
0.07110718 0.009034067 0.2377304
0.07689083 0.03359988 0.1922622
0.07652768 0.07328442 0.1820834
0.07647962 0.1174228 0.159296
-0.2219578 0.2968014 -0.2536556
0.2794093 0.07961276 0.1600062
0.06712324 0.4864442 -0.1544844
0.08181468 -0.2472088 0.2095865
0.08190546 -0.200443 0.2262218
-0.1137934 0.2705533 -0.04189815
0.07645292 0.3668193 -0.1022874
0.08059707 0.3666217 -0.1104421
0.07500567 0.3764694 -0.1058601
0.002659321 -0.2943592 -0.05542003
0.08173457 -0.1397921 0.2403578
0.08128598 -0.1167857 0.2454205
0.08181468 -0.09392342 0.25608
0.08180933 -0.01977736 0.2562082
0.08156902 0.001995474 0.2451108
0.2374659 0.1906931 0.01992229
0.08695748 -0.2310328 0.2208387
0.08724586 -0.2230382 0.224326
0.006787449 0.4550534 -0.08325417
0.08172923 -0.1693512 0.2420775
0.08711769 -0.1396586 0.2414099
0.08735267 -0.11654 0.2486461
0.0871444 -0.04924566 0.2593857
0.08716042 -0.005112618 0.2523203
0.3882146 -0.1280593 -0.04602627
0.3866125 -0.02493083 -0.06750534
0.09223379 -0.26166 0.2174849
0.09247945 -0.2473049 0.2083422
0.08727256 -0.1615382 0.2454793
0.09248479 -0.02736071 0.2542696
0.09251683 -0.01251441 0.2540026
0.09251149 0.002059489 0.2489933
-0.1780704 0.4136333 -0.3281701
0.0924741 0.04353836 0.1878564
0.08241814 0.05554363 0.1855227
0.09253285 0.0733805 0.1833758
0.3677876 0.07224301 0.007025231
0.0976543 -0.1999303 0.2344621
-0.1241164 0.3064354 0.03496084
0.09779848 -0.1392207 0.2465207
0.09784121 -0.1088498 0.2547876
0.09779848 -0.08619055 0.2607208
0.09783053 -0.06383562 0.2625472
0.09215903 0.03735957 0.1924331
0.09785723 0.1397136 0.1510985
-0.1080525 0.3027826 -0.06885113
0.2844133 -0.2827064 0.1518515
0.09351549 -0.274541 0.2202726
0.1031816 -0.2306536 0.223856
-0.1425034 -0.238285 0.146196
0.1031923 -0.1684861 0.2508037
0.1031656 -0.07862851 0.2625365
0.1031496 -0.03447947 0.2583817
0.1032136 0.01625964 0.2380935
0.1031709 0.05091879 0.1857416
0.1031976 0.08834431 0.181512
0.1032777 0.1249367 0.1623453
-0.3253265 -0.01012725 0.04587128
-0.332472 0.2587937 0.03385539
0.1084526 -0.2549204 0.207477
0.1083938 -0.2476681 0.2072848
0.1085327 -0.1836581 0.2469265
0.1084472 -0.1315252 0.2505046
0.1084099 -0.09375787 0.2590653
0.1085273 -0.04916021 0.2600212
0.1121107 0.02680156 0.2267879
-0.1867058 -0.05910936 -0.1494164
0.3625166 0.05222723 0.09562241
-0.06961763 0.02686033 -0.1625644
0.4274345 -0.1814418 0.1130214
0.1139211 -0.2381943 0.221063
0.1138037 -0.1609294 0.2531107
-0.110979 0.132488 0.122004
-0.1345302 0.2709859 -0.05254155
0.1139158 0.06612822 0.1877229
0.1138731 0.1177699 0.1679047
0.1150426 -0.2736278 0.2138161
0.1191708 -0.1992467 0.2400267
0.1192242 -0.1156214 0.262371
0.1192348 -0.1080755 0.2642668
0.1191868 -0.07135493 0.2604698
-0.291447 -0.09199554 -0.02315335
0.126909 0.04762378 0.1866975
0.2112606 -0.2761217 0.1935226
-0.09540105 0.1998198 0.07725679
0.2784855 -0.2663061 0.1689674
0.3016094 -0.1759039 0.1845774
-0.01356481 0.3607259 -0.05567103
0.1981606 -0.04727507 0.251797
0.2604777 -0.1980558 0.209469
0.2355273 -0.0749757 0.2401229
0.2505285 -0.1764539 0.2138695
0.3640226 0.01708743 0.1166369
0.03454149 0.368384 -0.08012471
0.3104691 0.03213128 0.1706176
0.2575351 -0.1473915 0.2149269
-0.01831242 0.3449397 -0.03449101
-0.03545509 0.3755883 -0.05941999
-0.01682246 0.3757271 -0.06984978
0.4738372 -0.1297361 0.03390345
0.001409665 0.3528756 -0.04354298
0.08176127 -0.3082015 0.2222806
0.07443424 -0.3048477 0.2267452
0.2970594 -0.2290622 0.1584629
0.2539036 -0.2056018 0.2091433
0.3747942 0.002353221 0.1040122
0.2964132 0.06005093 0.1596271
-0.03224552 0.38346 -0.06415692
0.05764937 0.3996681 -0.1218118
0.231223 -0.1474075 0.2332071
0.441218 -0.181303 0.104904
0.4408068 -0.1670228 0.104386
0.2152605 -0.2615211 0.1902756
0.2253645 -0.08242023 0.2439145
0.05970009 0.470642 -0.146618
0.04881637 0.4627329 -0.1341962
0.3658864 -0.1699547 0.1178011
0.3646421 -0.1621737 0.1255553
0.1694346 -0.293462 0.1986654
0.4353169 -0.2185897 0.09600158
0.3943027 -0.0317986 -0.04626659
0.4750121 -0.1889024 0.007025231
0.3728716 -0.2878653 -0.02421609
0.05113409 0.4863855 -0.1305647
0.3066828 -0.08177936 0.1926895
0.2194741 -0.2375374 0.2058375
0.2177118 -0.03257829 0.2426916
0.2114314 -0.1771695 0.2324167
0.4493248 -0.1669908 0.09796152
0.4351567 -0.2033161 0.1053313
-0.03212804 0.004622906 -0.1736991
0.4358242 -0.2296176 -0.04587674
-0.1161538 -0.2536867 -0.09474137
-0.000715822 -0.00180158 -0.1818272
-0.001111001 -0.008770794 -0.1893198
0.04838913 0.3463389 -0.08757456
0.3069071 -0.19059 0.1732878
-0.0873691 0.2893996 -0.0130867
0.2340053 -0.1913697 0.2179762
0.2299787 -0.04702407 0.2321123
-0.1330028 -0.1206467 -0.1297477
0.3394354 -0.05318689 0.1651437
-0.2302888 0.3710543 -0.1143834
0.3425435 0.08563676 -0.06810347
0.2346995 -0.1769773 0.2192259
0.2249694 -0.09685528 0.2435247
0.2838953 -0.2134629 0.1773465
0.217135 -0.1986967 0.2311296
-0.1946684 0.460052 -0.3691043
-0.1950155 0.4503431 -0.3714113
-0.2800453 0.07412818 0.1088452
0.2134074 -0.09725046 0.24549
0.3003491 -0.1329083 0.1830394
0.01189286 0.3604963 -0.05656287
0.3354515 -0.2219488 0.1295767
0.1071015 0.431059 -0.1951675
0.3969462 -0.00901112 0.007009212
-0.102146 -0.3088851 -0.1181377
-0.227891 0.1939827 0.225864
0.2113674 -0.1406092 0.242008
0.02425054 0.4309949 -0.113625
0.2937644 -0.2284747 -0.1579129
-0.2116348 0.1265762 0.2301684
-0.1721853 0.2398193 -0.08221281
-0.02591714 -0.17498 -0.1155636
-0.1126559 0.2898588 0.01620003
-0.08911006 0.1522315 0.09218854
-0.08593786 0.3520103 -0.01035776
-0.1504392 -0.228165 -0.01144186
-0.2146468 0.1567174 0.2355248
-0.2186948 0.1940468 0.2203741
-0.1935949 0.309047 -0.2374902
-0.1909301 0.2881553 -0.1703934
-0.04799436 -0.02627128 -0.1727592
-0.2132209 0.1109769 0.2183608
-0.2194798 0.2242093 0.209955
0.2555378 0.1163173 0.1475524
-0.04398905 0.3914278 -0.04354833
-0.2034907 0.09250984 0.1566097
0.2598368 -0.1254317 0.2184943
-0.2177496 0.1067847 0.2160057
-0.20144 0.134261 0.2263981
-0.2007137 0.1418177 0.2274982
-0.2027217 0.1642367 0.2246784
-0.2124145 0.2015874 0.2105851
-0.05218655 -0.3168743 0.09799355
0.3440335 -0.190873 0.142415
-0.02466215 0.3913585 -0.07190584
0.198246 -0.009363562 -0.2138696
0.2827845 -0.1617304 0.1949484
0.3137855 -0.1184572 0.17442
0.2419198 -0.1255706 0.230131
0.2375567 -0.1111676 0.2332818
-0.2190473 0.09911057 0.2015278
-0.1971516 0.1492409 0.2233594
-0.3250915 0.1212465 0.1898324
0.3435475 -0.01730475 0.1618807
0.338095 -0.003099293 0.1635843
0.4495224 -0.2190062 0.07896037
-0.194679 0.1341489 0.2175864
-0.2119926 0.254404 0.1927322
-0.03032298 -0.275545 -0.2043957
-0.02958602 -0.2681806 -0.2007215
0.361534 -0.003884345 0.1319371
0.1526817 0.02268413 0.2332124
0.3546502 0.04547694 0.1125194
-0.2000942 0.1108007 0.2001767
-0.2085 0.10271 0.1971167
0.4230393 -0.2500606 0.07720339
-0.2069673 0.2468473 0.1904785
-0.2112022 0.2694852 0.1845293
0.3646314 -0.0609251 0.135921
0.3459027 -0.1539975 0.1549596
0.2987469 -0.04577443 0.2002568
-0.1891357 0.1638789 0.206927
-0.1917899 0.1788961 0.2029751
0.05990303 0.3533241 -0.09012727
0.4558401 -0.1529775 0.08871728
-0.1263647 -0.2629897 0.1912048
-0.1158708 0.2653998 0.02960977
0.3057963 0.1097647 0.1264312
0.3489253 -0.118329 0.1499823
0.3468479 -0.1036162 0.1566364
-0.188623 0.1261063 0.1986066
-0.1854188 0.1413157 0.2033436
-0.2014506 0.2619286 0.1797443
-0.1278867 0.1172305 0.134901
0.08171321 0.4705298 -0.1709862
-0.04830943 0.04228875 -0.1623668
-0.194663 0.2085941 0.1795948
0.2677192 -0.2889654 0.1723479
0.0172386 0.4072247 -0.1051658
0.06088032 0.368555 -0.08879751
0.07880269 0.4232726 -0.1474725
0.2464858 -0.08183277 0.237159
0.2264113 -0.02536875 0.2365448
0.4795621 -0.1588787 0.01230689
-0.1785564 0.4385942 -0.3496812
-0.1800731 0.1559591 0.1917923
-0.1936003 0.2312053 0.1722091
0.2512014 -0.1620188 0.2150818
0.3038951 -0.003109962 0.1891862
0.3027576 0.00393936 0.1875841
0.2922797 0.04592553 0.1724921
-0.07321171 0.2974262 -0.02062734
-0.1939848 0.1009797 0.1611437
-0.1846978 0.1176364 0.1755682
-0.1796351 0.1785276 0.1827029
-0.1899848 0.2158516 0.1677819
0.2349025 -0.2140717 0.2096773
0.3435422 -0.08193424 0.1614428
-0.03761262 0.03489229 -0.1664629
0.2296208 -0.01837283 0.2318292
0.08075728 0.3842076 -0.1163593
0.2590464 -0.1034667 0.2270176
-0.1860116 0.1087874 0.1633867
-0.1740117 0.1633342 0.1814373
-0.1881851 0.2616349 0.1611491
-0.1890289 0.2769351 0.1602145
-0.007524818 0.3682506 -0.06582846
0.4600376 -0.1254104 -0.01589575
-0.1652214 0.3075676 0.1384684
0.2976148 -0.1686089 0.1882302
0.3634939 -0.1401926 0.1334164
0.2719061 -0.2447576 0.1689567
-0.1798648 0.08681163 0.1544309
0.2640183 0.1380901 0.1317983
-0.1868286 0.09300116 0.1526098
-0.1861344 0.1006967 0.1536565
-0.171977 0.1404987 0.1749433
-0.1846177 0.2232855 0.1567059
-0.1846711 0.2769351 0.1571438
0.02613035 0.3916682 -0.1017106
0.002141297 0.4552883 -0.07902458
0.01207978 0.4638757 -0.08842902
-0.04834148 0.05728456 -0.1556806
0.2912383 -0.1258643 0.1886575
0.2062192 -0.1622965 0.2438612
0.000459075 0.4229843 -0.09182018
0.3445248 0.0176321 0.1450798
0.312883 -0.2056552 0.1629595
0.285225 -0.1906807 0.1888924
0.09247945 0.3772384 -0.1274086
-0.1697821 0.1324933 0.1683693
-0.1655525 0.1557134 0.1748152
-0.1675872 0.1784689 0.1719954
-0.1756459 0.2082789 0.1603854
-0.1823854 0.2460676 0.1506712
-0.1708555 0.2923689 0.1490638
0.2214287 -0.06138971 0.2384727
0.3532777 0.06671569 0.1010162
-0.136191 -0.2924954 0.2047481
0.3375823 0.01785639 0.1536672
-0.1965268 0.2946171 -0.2074184
0.2817218 0.05300155 0.1760328
0.2864 -0.1402567 0.1909645
0.09446074 0.3921381 -0.1339612
0.293006 -0.2745143 0.1413896
-0.172463 0.1164775 0.1549062
-0.1788982 0.230762 0.146196
-0.1800196 0.2382866 0.1445351
0.4116109 -0.2536173 -0.04520919
0.2561893 -0.190654 0.212716
0.06248777 0.3616178 -0.08650114
0.2390146 -0.01818058 0.226617
-0.1706579 0.1086058 0.1480438
-0.1707754 0.2694425 0.1490905
-0.1925963 0.07042727 -0.1255715
-0.188388 0.348176 -0.3389738
0.3365836 -0.07452711 0.1703025
0.2892998 -0.09626785 0.2049296
0.03349476 0.454829 -0.1187732
0.2337276 -0.2456441 0.1888497
0.0294414 -0.269724 0.2400214
-0.1512082 0.1635158 0.1674614
-0.1549038 0.186063 0.1621905
-0.1677154 0.2617043 0.1440545
-0.165905 0.2847801 0.1467834
-0.119059 -0.2988611 0.2014744
0.04227438 0.4917525 -0.121892
-0.03861661 0.1722099 -0.06684314
0.2498129 -0.2376762 0.1840113
0.2727712 -0.08893546 0.2187666
-0.1588183 -0.1763524 0.07822341
-0.1542682 -0.183562 0.06849854
0.2872277 -0.1760908 0.1919311
-0.1468344 0.1559324 0.1643693
-0.167427 0.2383027 0.1347408
-0.1632882 0.2999896 0.1412668
-0.03242709 -0.319427 0.0181386
-0.1164476 -0.2768801 0.1962141
-0.2049967 0.3676685 -0.3516412
0.2378237 -0.2529444 0.1853731
0.001356259 -0.2950909 0.2398399
0.04391388 0.3763146 -0.09469331
-0.237023 0.2791674 -0.1265862
-0.1541508 0.215905 0.1445671
-0.1630853 0.2536562 0.1316648
-0.1083889 -0.3062095 0.1983663
0.2795162 0.1167445 0.1353817
-0.3313184 0.2734852 0.03374323
0.02202359 0.3368277 -0.06905406
0.2588008 -0.2209768 0.1974798
0.2733854 -0.06011873 0.2198668
0.2321362 -0.004268855 0.2261204
-0.1765057 0.3851475 -0.3680896
-0.1419426 0.1328832 0.1524336
-0.1440788 0.1935448 0.1497099
-0.1590052 0.2613252 0.1281347
-0.1579531 0.2844597 0.1299505
-0.1565112 0.2998935 0.1323804
-0.1537449 0.3074341 0.12704
-0.1065785 -0.3124311 0.1902275
0.4602993 -0.1672631 0.08557713
0.3383406 -0.1107617 0.1630983
0.2913024 0.0179579 0.1898591
0.2637727 -0.2054309 0.2047107
0.2647446 -0.1547132 0.2065104
0.2514577 -0.2739375 0.1860941
-0.3039115 -0.07610252 0.04087801
0.2768994 -0.237265 0.1668419
0.2874947 0.09543636 0.1468261
-0.3382503 0.207323 0.02873395
0.2943838 -0.06014544 0.2032848
-0.1162339 -0.261174 -0.09757178
0.2666245 -0.175968 0.2091593
0.2158693 0.1513397 0.1371226
-0.131139 0.1554358 0.1497527
-0.1496542 0.2767909 0.1232429
0.4079047 -0.2035725 0.1220948
0.3004612 -0.02457303 0.1934745
0.2937804 -0.2594437 0.1534375
0.3195371 0.102678 0.1180948
0.3215451 0.08134839 0.1305486
0.2504591 -0.02541682 0.2150337
0.235052 -0.2747065 0.1906014
-0.1326557 0.1247979 0.1375178
-0.1287411 0.1708695 0.1436806
-0.1380014 0.2159104 0.1303777
-0.1447997 0.2384522 0.1203431
-0.1478918 0.2920057 0.1163378
0.02996476 0.454514 -0.1567167
0.2973851 -0.2595505 0.1492881
0.4546865 -0.1324971 0.07780151
0.3129203 -0.2608055 0.1246849
0.3024585 0.08154598 0.1497367
-0.2353515 0.2913061 -0.1804975
0.35096 -0.08785671 -0.115649
0.3488185 -0.09551486 -0.1155369
-0.1419052 0.2690741 0.1156275
0.04077907 0.4073049 -0.1180896
0.338095 -0.1539121 0.1623934
0.3241352 -0.1325559 0.1705428
-0.2940745 0.3021471 -0.02480353
-0.1268133 -0.2838173 -0.1055396
-0.1207733 0.163206 0.1364925
-0.139502 0.2536243 0.1092244
-0.1390855 0.2766467 0.1103619
-0.2112182 0.286708 -0.1971435
0.4783445 -0.1441926 0.02298768
0.348466 -0.3011949 0.03051764
-0.1331416 -0.08908504 -0.149929
0.08889604 0.3844106 -0.1233178
0.03761221 0.4231178 -0.1225595
0.2894813 -0.0457691 0.2059016
0.2747846 -0.1179765 0.2119843
0.2848619 -0.0315209 0.2086092
-0.1195877 0.132456 0.128295
-0.1204261 0.1933686 0.1276381
-0.1351977 0.2646095 0.09920582
-0.2104225 0.33255 -0.05265904
0.08261574 0.3996894 -0.1325941
-0.03354323 0.3590918 -0.1190722
0.2899673 0.003982097 0.1972715
0.2651932 0.05979457 0.180241
0.001377612 -0.2383705 -0.174639
0.01165788 -0.2293292 -0.184663
-0.1143595 0.1782926 0.1270133
-0.1309467 0.238308 0.1026931
-0.002109662 0.3372442 -0.04870181
0.04182579 0.3532333 -0.06942255
0.3267787 0.06011495 0.1380412
0.4300513 -0.2422049 0.07862927
0.2474951 -0.3130025 -0.1194247
0.4441125 -0.1960478 0.09948887
0.3848021 -0.09838802 0.09857032
0.3241993 -0.1110073 0.1707992
0.04613549 0.3609075 -0.07259475
0.06883752 0.454749 -0.1522201
0.298245 -0.0817847 0.1992261
0.2939993 -0.1037337 0.1929779
-0.1355502 0.3062432 0.0936785
-0.109708 0.1477989 0.1239319
-0.1109149 0.1629123 0.1222069
0.3521883 0.0936794 -0.02163134
0.246347 -0.1113064 0.2273753
0.3845351 -0.09126389 0.09806298
0.2126117 -0.1260726 0.2439786
0.331067 -0.1830653 0.161352
0.3245518 -0.02419385 0.1814159
0.3234943 -0.05303201 0.1796536
0.3283862 -0.01711249 0.1776029
0.3130432 -0.0389654 0.1834346
0.3087388 -0.05332574 0.1865213
0.2903411 -0.2518603 0.1579929
0.2869287 -0.2294948 0.162607
-0.1088909 0.1856838 0.1160227
-0.1116412 0.2005995 0.1123432
-0.03678487 -0.1355785 -0.1331922
0.3166373 0.03898302 0.1609248
0.3112274 0.05311373 0.1529676
0.3133903 -0.1036429 0.1834399
-0.1040578 0.1704156 0.1133152
-0.187133 0.0248737 -0.1397663
0.3281138 -0.08892483 0.1766469
0.350239 -0.1761495 0.1422227
0.2161737 -0.169944 0.2299601
0.300851 -0.1184786 0.1838778
-0.1023863 0.1471367 0.1063139
-0.1015158 0.1928399 0.09853293
0.3745005 0.01185915 -0.07282438
-0.1733922 -0.2628669 0.100605
0.3101914 -0.1399042 0.178452
0.360279 -0.03941935 0.1389544
0.3539132 -0.08223861 0.1483054
-0.2405797 0.0462887 -0.1131978
0.2879113 -0.3134458 -0.03016529
-0.220094 0.2653678 -0.1150509
0.3026935 -0.3032349 -0.04669916
0.3144103 -0.161426 0.1750128
0.4082197 -0.2498096 0.09386542
0.3599212 -0.1041984 0.1377582
0.2755857 -0.3129652 -0.04305167
0.3598838 -0.1257255 0.1377475
0.290261 0.1310461 0.1157077
-0.2087296 0.05500957 -0.1257637
0.3521616 -0.003467798 0.1464737
0.2398904 -0.2892484 0.1878137
-0.03386365 -0.3061401 0.2047748
0.3422551 -0.146772 0.1590717
0.3105492 0.08154598 0.1427461
0.2873078 -0.07434016 0.2117226
0.3704204 -0.0397718 0.1254272
0.4630282 -0.1746596 0.08008187
0.05802321 0.4390215 -0.1398944
-0.1836671 0.2691168 -0.09195903
-0.1825991 0.2626121 -0.08494174
0.3865004 -0.1276534 0.09151031
-0.2341392 0.2693304 -0.1167972
-0.2334129 0.2675414 -0.1028855
0.2820475 -0.08889279 0.213517
0.206812 -0.06163538 0.2454205
0.4061583 -0.2185042 0.1195581
-0.2463794 -0.1461685 0.003185488
0.2648034 -0.2591446 0.1773198
0.4009354 -0.05371559 0.001748919
0.4046897 -0.1065428 -0.003303096
-0.07073911 0.3269639 -0.09255181
0.03060027 -0.2769815 0.2415007
0.2736204 -0.2694783 -0.1152378
-0.00693205 0.3915026 -0.08380958
-0.008224413 0.3992996 -0.08566804
-0.008603588 0.4071767 -0.08622344
0.2556126 -0.07455912 0.2316316
0.36814 -0.01849568 0.1226021
0.3945804 -0.06908524 0.07645573
0.4596157 -0.2275455 0.02850965
-0.2607931 0.3761543 -0.1750716
-0.1818461 0.04059586 -0.1445406
0.08794011 0.4828341 -0.1884119
-0.2265238 0.3070817 -0.2806352
-0.04018134 -0.3152562 0.1274725
0.4627025 -0.2043895 0.06987637
0.2211777 -0.2539805 0.1895707
0.4649668 -0.1462967 0.07374815
-0.1250136 0.3132444 0.02668323
-0.1801425 0.4503218 -0.3694834
0.3503726 0.01738647 0.1346714
0.3848234 0.01266554 -0.04625057
0.1028131 0.4226692 -0.1689355
-0.112971 0.3054368 0.01578348
0.03823704 0.01981631 0.1929084
0.4066229 -0.233719 0.1106823
0.3733256 -0.1413461 0.1100041
0.3753496 -0.1194185 0.1130481
0.3136306 -0.2367951 0.1448449
-0.04945228 0.3590384 -0.115398
0.4695649 -0.1893617 -0.01427761
0.0144242 0.3452334 -0.05283528
0.139507 -0.2929333 0.08730207
0.383248 -0.04764354 -0.0781808
0.1047303 0.4382311 -0.2010473
0.04068828 -0.3053604 0.2384513
0.05187641 -0.2686559 0.2348893
-0.1214782 -0.2533556 0.05249337
0.3787835 -0.2497562 0.1172297
0.3056841 -0.06034303 0.1913704
0.2510732 -0.08898354 0.2343766
0.3333954 -0.03132331 0.1753919
0.0575853 -0.2832832 0.2337304
0.2317837 -0.3166927 -0.03842155
-0.2249537 0.08614942 0.164113
-0.3261009 0.1064803 0.1345432
-0.2345397 -0.06063673 -0.1306288
0.2270308 -0.1402033 0.2365982
-0.1216812 0.2982593 0.03501425
0.3286211 -0.1612872 0.1674561
0.3236492 -0.1979757 0.159862
0.1780219 0.01687375 -0.1987296
0.203533 0.1617481 -0.09733681
0.3687755 0.05698016 -0.04630931
-0.01652339 0.1520393 -0.08442372
0.2271482 -0.1258056 0.2368172
0.3323274 -0.04584917 0.173699
0.2379198 -0.1988195 0.2142647
-0.02165017 0.04268393 -0.1666391
-0.08701129 0.3209933 -0.002688948
-0.0891528 0.3287797 -0.005615488
0.006434977 -0.2449018 -0.1843532
-0.02827226 0.4145838 -0.1270134
0.3482738 -0.2864608 -0.0528246
0.396049 -0.1201234 0.07047983
0.4686036 -0.1598132 0.07107262
-0.2899517 -0.08426264 0.0676334
-0.08674961 0.3363791 -0.01161275
-0.07856278 0.3131697 -0.009311043
-0.08240788 0.344176 -0.01469416
0.2486166 -0.06057265 0.2309694
-0.07306218 0.3289239 -0.01051263
-0.07699271 0.3367956 -0.01595449
0.09458891 -0.3038384 0.2209295
0.09910154 -0.2966075 0.2185637
-0.3262878 0.2514134 0.0285951
0.09699742 0.3827818 -0.1361348
-0.09442911 -0.2796945 -0.1126477
-0.100672 -0.2826103 -0.109796
0.3827727 -0.07019603 -0.07287779
-0.06988463 0.3444537 -0.02460594
0.06834085 0.05884394 -0.1687433
0.3737528 -0.06862062 0.1206956
-0.3331876 0.2954342 0.03363109
-0.1965108 -0.164641 -0.06241061
-0.05808236 0.3369131 -0.01688372
-0.2320244 -0.3029359 -0.003004033
0.2580264 -0.237783 0.1771276
0.2572521 -0.2451314 0.1759046
0.2695777 -0.2131531 0.1942168
0.2986508 -0.2824821 0.1202577
0.3729304 -0.104647 0.1193765
-0.06242409 0.3521492 -0.03270732
-0.06294747 0.3598501 -0.0335244
-0.3020264 0.1841564 -0.06147604
-0.05233075 -0.2364266 -0.1094114
-0.04871529 0.3443149 -0.02251785
-0.1308079 -0.2099329 0.01443236
-0.04360989 0.3369344 -0.02414666
0.1259584 -0.2953792 0.2105157
-0.1820917 0.09372208 -0.1251709
-0.1162393 0.2240866 -0.04490479
-0.03846709 0.3211856 -0.03580475
-0.03307861 0.3449611 -0.02761792
-0.04492362 0.3602025 -0.04485139
-0.2979463 -0.07683948 -0.02301984
0.07575867 0.4930129 -0.1779554
0.07192426 0.4949141 -0.1786016
0.08570249 0.3743065 -0.1149761
0.2265127 0.03889224 -0.1683374
-0.04275009 0.3676578 -0.05122782
-0.03696643 0.3131804 -0.04317984
-0.02451263 0.3523468 -0.03434682
-0.03960992 0.383476 -0.05595407
-0.05255504 -0.1909104 -0.1070189
-0.1768154 0.3634869 -0.2052876
-0.07837053 0.4157266 -0.0741488
-0.3169688 -0.006527841 0.08034888
-0.343345 0.2003004 0.05544662
-0.3248192 0.02593645 0.04033329
-0.1744603 0.3467288 -0.215947
-0.1932478 -0.2664823 0.01043775
-0.3364879 0.1858867 0.1249359
-0.2629881 0.1293532 0.225832
-0.3119274 0.3149747 0.06861068
-0.1670051 -0.3031869 0.1963049
-0.1608903 -0.3084525 0.1977094
-0.1603349 -0.3011842 0.2003316
-0.3212731 0.00395003 0.01378617
0.1828336 -0.2935368 -0.07941443
0.08368915 -0.3141828 0.1998937
-0.3478256 0.156381 0.02901699
-0.0964798 0.0722644 -0.1503296
-0.005511492 0.06529519 -0.1646525
-0.06303291 -0.2291102 -0.1066878
-0.3336468 0.1135937 0.1413896
-0.3506614 0.15668 0.07709124
-0.2982507 -0.08378199 0.03561237
-0.3483169 0.1785276 0.07697375
-0.187085 0.380432 -0.19858
0.2807124 -0.1762136 -0.1815282
-0.02337512 -0.3130025 0.2038082
-0.1760944 0.3634709 -0.2266545
0.3017536 -0.174964 -0.1639209
-0.3427522 0.1203921 0.03453895
-0.3275267 0.2517124 0.07648243
-0.3327123 0.2663451 0.07645573
0.09909086 -0.2912618 -0.1182071
-0.1815951 0.3801436 -0.2320109
-0.1844415 -0.2615158 0.1219399
-0.3370647 0.1999106 0.007447127
0.2722692 -0.2618362 -0.1367703
-0.03736696 -0.04926702 -0.1676912
-0.05258709 -0.1753591 -0.1112432
-0.326683 0.2517765 0.1032538
-0.3408617 0.2001615 0.03942008
0.2991154 -0.2431555 -0.1364552
0.3241031 -0.2963672 0.07956384
-0.3190622 -0.031836 0.05131848
-0.3146137 0.2437712 0.001903787
0.103251 0.4308827 -0.1997443
0.1426632 -0.3116461 0.2006947
-0.1759823 0.3550704 -0.23733
0.1868336 -0.02114451 -0.2240057
0.1049172 0.39852 -0.1579183
-0.130637 -0.2446989 0.0843969
-0.3198633 0.04014722 0.05618893
-0.3301596 0.2884329 0.02301438
-0.3189821 -0.01744363 0.07245043
-0.1124743 -0.2167099 0.0416043
-0.1145197 -0.2092974 0.04160964
0.01164719 0.151879 -0.08445577
0.2418717 -0.3113203 -0.03135086
0.1728471 -0.3166714 -0.140311
0.3247547 -0.2031612 -0.1209467
0.24867 -0.3024392 -0.1363751
0.1748444 0.02662 -0.1769675
0.1510476 0.09488097 -0.1536192
0.1944009 -0.3170612 -0.1356969
-0.34766 0.1420207 0.02910777
-0.1781078 0.3135115 -0.1304473
0.02390341 0.4830798 -0.1212458
0.3687862 -0.06371814 -0.1047386
0.3688129 -0.04880241 -0.110079
0.3574913 -0.05722958 -0.1261856
0.3413793 -0.1036536 -0.1262337
0.3126266 -0.2117112 -0.1369145
-0.3251556 0.3097625 0.04418372
-0.2919704 0.2654746 -0.03037357
0.2334446 -0.3037423 -0.1571279
-0.2106415 0.3248331 -0.3177297
-0.3159648 -0.03960091 -0.0179518
-0.2031702 0.04747424 -0.1315153
-0.2558159 0.3498689 -0.1115102
-0.2391859 0.2941419 -0.1960167
0.1828336 -0.3065246 -0.1732078
0.3479427 -0.2684956 0.1080068
-0.1258734 -0.164924 0.1204659
-0.3185442 -0.02524593 -0.01801055
0.2893425 -0.2069049 -0.1629115
0.2948858 -0.1831828 -0.1691224
-0.02622691 0.0960879 -0.1435953
-0.03474483 -0.3176861 0.08336622
0.03360691 -0.01690957 -0.239589
-0.1751545 0.3300881 -0.1785482
0.377176 -0.03319243 -0.09419665
-0.1787807 0.2969188 -0.1090697
0.3119431 -0.1893296 -0.1424578
0.1939043 -0.3006075 -0.1107946
0.1921419 -0.2969813 -0.1044342
-0.308296 0.09022948 -0.002640888
0.2558208 -0.2706265 -0.1630397
0.2611612 -0.2700444 -0.1576459
0.3094918 -0.2346643 -0.1259239
0.02399954 0.03492966 -0.1754455
0.3045306 -0.1218483 -0.1687646
0.1507806 -0.3137555 -0.1737686
-0.1329975 -0.2368111 0.1271575
-0.3423624 0.1424212 0.1305326
0.3394514 -0.1414636 -0.1316756
-0.2662777 0.4012329 -0.2306545
0.002680674 -0.3123083 0.2270816
0.3026187 -0.2557321 -0.08570541
-0.3177538 0.2439421 0.1636911
-0.3381808 0.1710297 0.1709487
-0.317113 0.2807054 0.001989234
0.3760706 -0.0857366 -0.08359063
0.3794937 -0.09294614 -0.07825556
0.374383 -0.01085889 -0.09412722
-0.261669 -0.1274184 -0.007639498
-0.2577384 -0.123883 -0.02849375
0.09209494 0.03574142 -0.1762145
0.09470105 0.04619256 -0.1763266
-0.1877472 -0.2540499 -0.006042719
-0.1804896 -0.3181774 -0.09583615
0.2527127 -0.3019319 -0.1256676
-0.3274627 0.2079265 0.1461906
0.2971341 -0.2509364 -0.12045
0.2760075 -0.2619644 -0.1261643
0.3571388 -0.03486398 -0.1259133
0.01307309 0.07395729 -0.1631145
-0.3380473 0.1786771 0.1569943
-0.1057988 0.2139398 -0.03128143
-0.124127 -0.2227338 0.1110829
0.447226 -0.1131649 -0.005140193
-0.1317798 -0.2370087 0.1057959
-0.1191551 -0.2389099 0.03380732
-0.2971078 0.3092605 -0.01408002
0.3553551 -0.1774953 -0.099254
0.3410482 -0.1639734 -0.1211016
-0.1239294 -0.1996846 0.05243462
0.3245411 -0.2782633 0.1023139
-0.2892575 0.3187664 -0.00253408
-0.3368671 0.1272064 -0.0028545
-0.3126217 0.003234416 -0.01852857
-0.3126751 -0.003969759 -0.02356456
-0.1752346 0.2805399 -0.07183641
-0.3223999 0.2445616 0.1511892
0.3601188 -0.1395731 -0.1100309
-0.3142986 0.02504995 -0.02358058
0.4482941 -0.159119 -0.04565244
-0.1780063 0.3549903 -0.2533832
0.1546043 0.1228486 -0.1407008
-0.3427308 0.1494118 0.09850623
-0.3035056 0.05170384 0.08770795
-0.2524995 -0.04444999 -0.1195689
-0.1349253 -0.2670217 0.0525628
-0.2517465 0.1020692 -0.07758801
-0.2564888 0.1063896 -0.07177766
0.2384645 0.06171176 -0.1500999
-0.3256843 0.1194681 -0.0190359
-0.05292353 0.1819027 -0.04867511
-0.3222237 0.229208 0.007233508
-0.05173261 -0.3145085 0.1712638
0.06291501 -0.31861 -0.1601506
0.1571677 0.1757827 -0.07988439
0.2049642 0.1538123 -0.1102552
0.4369831 -0.2520739 0.02326003
0.334549 -0.08920789 -0.1369092
0.1690607 0.03169343 -0.1717179
0.2988751 -0.1373142 -0.1684549
-0.005639657 0.05813369 -0.1678354
-0.3447442 0.1350568 0.08247435
-0.1832132 -0.2614677 0.1541639
0.324744 -0.02858901 -0.1505646
-0.3130863 0.1047233 -0.01882229
0.3593925 -0.1096936 -0.1099508
-0.05015722 -0.2690617 -0.1878726
-0.1780864 0.371866 -0.2586969
0.1134512 -0.3140546 -0.1778807
-0.3357777 0.1859027 0.1356273
0.1082657 -0.3190692 -0.1709061
0.1194004 0.1530379 -0.1085623
0.3466022 -0.08060983 -0.1261055
0.05303528 -0.320447 -0.1804601
0.04431974 -0.2944447 -0.05677115
0.2325634 -0.3138303 -0.1415553
-0.02125499 -0.03309631 -0.1829113
0.2726591 -0.2769015 -0.09917924
0.347916 -0.1781842 -0.1099508
-0.3435426 0.1354039 0.1572613
0.09017774 0.02164808 -0.2041501
-0.1831918 -0.3085914 0.05396732
-0.2582992 0.07336447 0.1380412
0.03297675 0.0141128 -0.1858058
-0.1781345 0.3551666 -0.1678781
0.2117092 -0.3056221 -0.1677553
-0.2738184 -0.1045455 0.06464277
-0.05415183 -0.3118811 0.1781529
0.2676658 -0.2993151 0.1570263
0.1677577 -0.00262934 -0.2210952
-0.03773545 0.08029631 -0.1536406
-0.19587 -0.3016275 -0.0864424
0.3649198 -0.1541364 -0.09406314
-0.304814 0.08271554 -0.002710309
0.329796 -0.2099969 -0.1046318
-0.3195535 0.0254291 -0.007660858
0.3206906 -0.2260715 -0.104792
0.219127 -0.3144711 -0.15269
0.3256305 -0.2832565 0.09730999
-0.1817339 0.3464136 -0.26408
-0.1793201 0.380165 -0.2640426
-0.305316 0.2509167 -0.02493704
0.3777474 -0.1080969 -0.08339303
-0.1556728 -0.1789959 -0.05137201
-0.01390126 -0.2189368 -0.1187518
0.3053904 -0.2501834 -0.09374272
-0.3076178 -0.05418554 0.05139858
0.3651387 -0.1241714 -0.1048935
0.3756914 -0.06320012 -0.08876546
-0.1162286 -0.2168647 0.0302346
-0.1753041 0.3467341 -0.1732452
-0.3096792 -0.04711482 0.003383081
-0.03100121 -0.3133497 0.193357
-0.1764416 0.3217357 -0.1731811
-0.2873883 0.08950314 0.1044127
-0.3399592 0.1713661 0.1463936
-0.1338038 -0.2594971 0.04197279
0.06351314 -0.2934567 -0.1332563
0.1798163 -0.3177822 -0.1582547
0.1414455 -0.3181614 -0.165272
0.2512868 -0.02214852 -0.1895334
-0.3220101 0.2880111 0.007212147
-0.1388452 -0.01946759 -0.1660837
0.3482952 -0.20675 -0.08330224
-0.0256608 -0.2217565 -0.1020257
-0.3403757 0.2004393 0.0821753
-0.1887192 -0.2900869 0.09350762
-0.3344052 0.14154 -0.0082216
0.1345618 0.08501729 -0.1641131
0.02574584 0.1143521 -0.1308157
0.2365901 -0.2960788 -0.1581159
-0.02053402 -0.1826648 -0.1142178
-0.2353195 0.3082405 -0.2549426
0.3250217 -0.1728438 -0.1421427
-0.315073 0.06143937 0.01882751
0.130204 0.09827211 -0.1570531
-0.04868327 -0.3073844 -0.2060673
0.2817057 -0.1994497 -0.1794828
-0.3126591 0.09068874 0.01339098
0.3086694 -0.2497295 -0.08817802
0.1918642 0.09667 -0.1528983
0.009126529 0.1258766 -0.1214807
-0.1146158 -0.2390006 0.04707821
-0.1757847 0.3301201 -0.1464845
0.2665337 -0.269788 -0.1472855
-0.2124465 -0.1597385 -0.04638942
-0.1800837 0.3632626 -0.2854416
0.3190565 -0.233719 -0.09392963
0.273097 -0.2843513 -0.088413
0.3757288 -0.1306921 -0.08340905
0.1280091 0.02924749 -0.1905214
-0.3339673 0.280855 0.0443279
-0.1216171 -0.2532702 0.04717967
-0.1798434 0.3886081 -0.2853829
0.3434461 0.06093743 -0.09580411
0.2542721 -0.2865889 -0.1472749
0.4377041 -0.1743979 -0.06263491
-0.05299295 -0.09674317 -0.1436861
-0.1475928 -0.1774045 -0.06587653
0.08376392 -0.3114538 0.216513
0.3290911 -0.0821265 -0.1475953
-0.1790904 0.2803796 -0.08244778
-0.3331181 0.2883261 0.08160387
-0.2054292 0.4601321 -0.3651844
-0.3290381 0.2956799 0.08157717
0.32978 -0.1196855 -0.1422122
0.1442439 -0.2940174 0.06024762
-0.1816324 0.302804 -0.07271758
0.259463 -0.3010774 -0.08827949
0.05305129 -0.2922497 -0.106549
0.1138731 0.1370327 -0.1235475
-0.1663536 -0.1757436 -0.05276585
0.3154357 -0.08644688 -0.1603214
0.3597396 0.01066288 -0.09478943
-0.1791118 0.3885547 -0.2960583
0.2669449 -0.2542101 -0.1526259
0.3062929 -0.2198286 -0.1474938
0.3234035 -0.1428255 -0.1471894
-0.0742958 -0.2438497 -0.1074782
-0.3406748 0.1276657 0.08255981
-0.2153517 0.08604798 0.1564655
-0.06909426 -0.3179104 -0.1967643
-0.05988207 -0.3178142 -0.2050419
-0.03351654 -0.3150906 0.05249871
0.3284342 -0.1574742 -0.1421908
-0.2434155 0.3011592 -0.2133195
-0.3252357 0.259205 0.1138385
-0.3406588 0.1567121 0.114426
-0.3193453 0.01858804 0.07233294
0.02566575 0.08724955 -0.1557447
-0.2079018 0.2968441 -0.2368547
0.2841249 -0.2385254 -0.1567914
-0.05164717 -0.3192722 -0.205357
-0.05314784 -0.06558192 -0.1563268
0.0002614707 -0.08188084 -0.2350656
-0.2565529 0.1301863 -0.08245312
0.1952714 -0.3117369 -0.1203219
0.2808619 -0.3159451 0.000611417
0.3827087 0.005183667 0.08713119
0.3574753 0.07187453 0.08729674
0.4640162 -0.2195456 0.03382334
-0.1292378 0.256946 0.08843958
0.1473734 0.001771182 -0.2258268
0.3722255 -0.1712737 -0.06687518
-0.0532226 -0.04981712 -0.1644923
-0.1339213 0.2815492 0.08305646
0.0950375 -0.2945034 0.0216419
-0.3140049 0.121615 0.2011647
0.09425246 -0.03585196 -0.2517864
-0.2738451 0.2427993 -0.06750534
0.3732668 -0.1534475 -0.07280302
0.3893361 -0.01699498 0.07644505
0.3865484 0.005391926 0.07639699
0.3720973 0.04231545 0.07651448
0.3603911 0.07179442 0.07645039
0.420727 -0.2582474 0.06429565
-0.1798274 0.371631 -0.3174146
-0.1262152 0.2487858 0.07776412
-0.1313366 0.3064248 0.07775879
0.3599906 -0.2662474 0.1084981
-0.03649114 -0.3112028 -0.2132288
-0.3313505 0.222196 0.05532912
-0.2931773 -0.06948042 0.08891489
-0.1177987 0.2325671 0.07776947
0.3951945 -0.03912562 0.0657696
0.3839797 0.02032366 0.06576426
0.4262436 -0.2608856 0.02331878
-0.2555862 0.3235087 -0.04668314
0.4544622 -0.2279353 0.06055203
0.4686517 -0.1968062 0.06049329
0.471904 -0.1817089 0.06048261
-0.177782 0.3968911 -0.3227763
0.3960703 -0.04653808 0.06047726
0.09580652 0.4541081 -0.2063076
0.4614261 -0.2197058 0.05515823
0.4746703 -0.1592952 0.05515289
0.03665628 -0.2952457 -0.008931875
-0.1099483 0.2325244 0.05624767
-0.1274808 0.2733463 0.05625835
-0.2694553 0.07618424 0.1236435
0.4512847 -0.2357911 0.04990862
0.4752364 -0.1444222 0.04975375
0.422532 -0.130174 0.08826868
-0.1240737 0.2899604 0.05098738
0.4345319 -0.2523837 0.04461628
0.3844016 0.02779493 0.04437596
0.3690319 0.06467566 0.04440267
-0.1247198 0.2733143 0.04548677
0.4764006 -0.1813404 0.03909431
-0.1637635 -0.2864554 0.06333972
-0.2582298 0.3253511 -0.02291837
-0.2132102 0.3356421 0.04737727
-0.1714857 0.3329718 0.06994045
-0.203763 0.3338103 0.0197781
-0.3215829 0.1701538 -0.02962591
-0.2143424 0.3097946 0.1495711
-0.1987537 0.3295167 -0.07174562
-0.2090287 0.4420121 -0.306376
-0.1857179 0.453008 -0.3520737
-0.2376852 0.4232833 -0.2401817
-0.04685685 0.4310483 -0.06318496
-0.01475571 0.1724502 0.04395942
-0.1698248 -0.2539431 0.1674561
-0.1630746 -0.2475613 0.1605777
-0.3060156 0.3133406 0.08637285
-0.1179963 -0.2230222 0.1299291
-0.1442764 0.3263765 0.05624767
-0.1882225 0.3152792 -0.05686194
-0.1854348 0.3109801 -0.06657612
-0.1425408 -0.2141091 -0.000857193
-0.3344853 0.1277351 0.1092404
-0.2265719 0.3320907 -0.02728682
0.4599468 -0.120321 0.05499267
0.4496559 -0.1255546 0.07478953
-0.1864976 0.3212284 0.1271147
-0.149056 0.327263 0.07027689
0.4657145 -0.1220192 0.001903787
0.2329105 0.04584548 -0.1651972
0.4637972 -0.1167536 0.03281935
0.2569743 0.1470246 0.1263724
-0.2132476 0.4574138 -0.3234225
-0.2486117 0.3291535 0.09741679
0.4521125 -0.1133091 0.05215693
0.009430945 -0.3205111 -0.1889246
0.01029608 -0.3154484 -0.2023771
0.4412341 -0.1141796 0.06408738
0.4325666 -0.1204972 0.07619406
-0.2464755 0.06500682 0.1475738
0.4571752 -0.116257 -0.001284424
0.4543875 -0.111472 0.01342837
0.4458855 -0.1078832 0.04202619
-0.2117256 0.3624562 -0.1076438
-0.2432446 0.3214153 0.1232483
-0.2397093 0.2717068 -0.09994292
0.4344091 -0.1090955 0.05348135
0.422313 -0.1182863 0.07239703
-0.2265452 0.3532921 -0.08197248
0.4425051 -0.1071089 0.01699041
0.4354558 -0.1058913 0.03807963
0.4253677 -0.1108685 0.05790319
-0.234497 0.3414204 -0.06142263
-0.2482165 0.3357008 -0.06612218
-0.2393194 0.3377729 -0.05509961
0.01746824 -0.2941402 -0.09209788
-0.1915442 -0.2682233 0.1326955
-0.03695574 -0.1040809 -0.1474725
0.4052452 -0.1245185 0.07395108
-0.1425941 0.3266115 0.0340423
-0.1879608 -0.2685063 0.1165728
0.4329992 -0.1082517 0.005460497
0.4039314 -0.1208017 0.06557201
-0.2658452 0.316139 -0.04093153
-0.3440606 0.1712272 0.09840477
0.4333143 -0.1124867 -0.008275006
0.4139446 -0.1089567 0.03793011
0.4067244 -0.1142543 0.05083785
-0.2179739 0.3351721 0.07674946
-0.2837248 0.3268144 0.03060842
-0.3308271 0.2591248 0.09784937
0.4146442 -0.1073599 0.02220264
0.1518647 0.04098567 0.1937148
0.4111196 -0.1085775 0.0127715
0.4057418 -0.104241 0.03470985
-0.1322231 0.3317597 0.0143309
0.09523509 0.4703322 -0.1933999
0.1280572 -0.01328343 -0.2376237
0.2865335 -0.05303201 -0.1787885
-0.1319721 0.2018224 -0.07272291
0.4038139 -0.1013573 0.02620794
0.4017258 -0.09526923 0.04123581
-0.1764576 0.3184566 0.1307409
-0.2395117 -0.0928607 -0.1046905
-0.1918807 0.3311508 0.0007769689
-0.1919608 0.3245127 -0.03416525
-0.2034213 -0.2599724 -0.009754296
-0.2937274 0.07549533 0.0881245
-0.281861 -0.09961095 0.04639997
-0.08637579 0.3921488 -0.08919804
-0.1894081 0.3732171 -0.1686845
-0.3100423 0.06866494 0.04539598
-0.3082906 0.07602933 0.04548143
-0.2940478 0.08270487 0.08822063
-0.2043665 0.4274061 -0.289276
-0.1972424 -0.09032932 -0.1384525
0.0652007 -0.3107275 -0.1469437
-0.2090554 0.3690782 -0.1221109
-0.1965001 0.3351721 -0.08645308
-0.07207954 0.1902978 -0.0006756224
-0.04264863 0.1832111 -0.02130023
-0.2458988 0.3722932 -0.1296515
-0.08164954 0.1898759 -0.02795437
-0.1846551 0.4524312 -0.3714807
-0.1848954 0.4566502 -0.3670108
-0.2351966 0.3666538 -0.1083113
-0.2627638 0.2986331 0.1574215
-0.08798324 0.1938599 -0.02221878
-0.2700213 0.3280213 0.082453
-0.1921583 0.4314274 -0.3157537
-0.03916667 0.1805943 0.03504096
-0.04527074 0.1786985 0.04860022
-0.3029983 0.3206997 0.05544128
-0.06001559 0.1844395 0.02748429
-0.03372481 0.1822819 0.005492538
-0.07170571 0.1898439 0.01524944
-0.2362807 0.4477583 -0.2933027
-0.1948819 0.3282135 0.1083486
0.03179651 -0.1278456 0.2118615
-0.07162027 0.1828801 0.03905693
-0.07854676 0.1924607 0.02063791
-0.224393 0.269576 -0.1271042
-0.08544655 0.1925782 0.0573104
-0.07823168 0.1797559 0.052472
-0.07761221 0.1627735 0.07669605
-0.200703 0.3770622 -0.1498115
-0.2165533 0.3704135 -0.1171657
-0.1847993 0.3031778 -0.1954826
-0.08263217 0.1764609 0.05869891
-0.07901672 0.1721725 0.06031705
-0.1650665 -0.2486294 0.1272269
-0.04222138 0.1722367 0.06553462
-0.03047252 0.1795423 -0.02455254
-0.251848 0.3352896 -0.0773744
-0.2534608 0.4574032 -0.3189953
-0.07534787 0.1899667 -0.009903826
-0.01214427 0.1673929 -0.04145489
-0.1223754 -0.2381195 0.06831697
-0.02364214 0.1785757 0.02492624
-0.3343624 0.295541 0.06025831
-0.08269091 0.1967117 0.003281616
-0.04892357 0.1849628 0.01570871
-0.003316596 -0.2543383 0.2170737
-0.04851237 0.1577641 0.09507769
-0.2649961 0.4088697 -0.2398186
-0.3340741 0.2516537 0.0604559
-0.01455279 0.1723808 -0.02656052
-0.2444142 0.4270056 -0.2505902
-0.194898 0.4641961 -0.3640149
-0.1622895 0.3330947 0.01121744
-0.1674964 0.333036 0.0249209
0.02242413 0.1730163 -0.02075017
-0.01453675 0.4542203 -0.1114728
-0.07855745 0.1852245 0.04436529
0.05424755 0.02674821 0.1912048
-0.1435287 0.352192 -0.01262209
-0.08418088 0.1974753 0.02629872
-0.2825553 0.3187824 0.1020896
-0.1877792 0.3335539 0.07969736
0.1313201 0.0406439 -0.1708153
-0.1728849 0.3309425 -0.01575156
-0.305316 0.3178479 0.02324402
-0.3222665 0.2369943 0.0872914
-0.1764629 0.327514 -0.02668335
-0.199715 -0.297713 0.1532132
0.04787112 -0.3085326 0.2336396
0.07757974 0.4866631 -0.1905374
-0.05658172 0.1714516 0.0682422
-0.2358855 0.3127905 0.1421373
-0.2144972 0.328502 0.1092778
-0.2001316 0.3858418 -0.1726204
0.3568825 0.08904925 0.01076351
-0.2044092 0.3335327 0.08937949
-0.20552 -0.2666692 -2.730638E-06
0.3490268 0.09819737 0.04617569
-0.1954908 0.3355086 0.06913405
-0.2490924 0.3500825 -0.09569196
-0.2656903 0.424063 -0.2699438
0.03642664 0.4919021 -0.1238839
0.2815295 0.1523116 -0.05511563
0.3332406 0.1143467 0.07848509
-0.1194809 -0.2012601 0.03517447
-0.1937017 -0.2765971 0.1468689
-0.1651573 0.335562 -0.01301728
-0.1399507 0.2552637 -0.05812227
0.3321404 0.1200022 0.05528107
0.3186346 0.1224695 0.09582534
-0.1491575 0.3523629 -0.0215993
-0.08904599 -0.3113257 -0.1669809
0.3251338 0.1283759 0.05260018
-0.1853173 -0.2764261 0.09521654
-0.1893547 -0.2835236 0.09521654
-0.1961851 0.390237 -0.1941582
0.3373046 0.1143841 -0.01926554
0.3316278 0.1232277 0.009358983
0.3109764 0.1359806 0.08530477
0.3098283 0.1400767 0.07726213
0.3331444 0.1136418 -0.04389011
0.2509184 0.08000794 -0.137582
0.29401 0.1396976 0.1018279
0.3276331 0.124173 -0.03034153
0.3251606 0.1290648 -0.0160079
0.3191045 0.1367657 0.01220541
-0.06396748 -0.03482658 -0.1618648
-0.3085096 0.03933552 -0.02386896
0.3082208 0.1459992 0.03858163
0.2804347 0.1451928 0.1121189
-0.213552 0.4670746 -0.3568908
0.05698182 0.3913104 -0.1499824
0.1614507 0.02968541 0.2202726
-0.03716402 -0.06477553 -0.1658594
0.3136733 0.1297217 -0.05143075
0.2862397 0.1607281 0.06844513
0.2653161 0.1536948 0.1141376
0.1804304 -0.3175632 -0.02806652
0.129435 -0.2945408 0.03834132
-0.04169802 -0.3069145 0.1946013
0.3025653 0.1502609 -0.009246957
0.1476404 0.0302141 0.223338
0.3018497 0.1453851 -0.03226941
0.2825335 0.1659937 0.05182582
0.2730489 0.1668321 0.07877347
0.003038481 -0.2802979 0.2377464
0.1467058 0.03440097 0.2149002
0.03490997 0.4891785 -0.1390133
0.2854654 0.1649043 0.007292252
0.2670624 0.1725517 0.06892578
0.2469611 0.1624583 0.1074995
0.2756871 0.171505 0.02646962
0.2562854 0.1723647 0.08024742
0.2466727 0.1681993 0.09962772
-0.2078164 0.4681854 -0.3569068
0.2798793 0.1665117 -0.01003199
0.2629396 0.1770857 0.05217829
0.2278371 0.1621753 0.1233978
0.121152 0.03435293 0.2138802
0.2794948 0.1622928 -0.032969
0.2628221 0.1783033 0.03688873
-0.2291032 0.2950924 -0.2435302
0.2484244 0.1807438 0.06208472
0.238032 0.1798787 0.08879204
-0.02116953 -0.3189464 0.04889394
0.266304 0.1698922 -0.03785546
0.2552708 0.1823994 0.01125482
0.2227371 0.1819668 0.09849556
0.0888373 0.02632633 0.2187453
0.2371081 -0.02210045 -0.2004438
0.2559437 0.1802579 -0.01130835
0.2060216 0.1749068 0.1154246
-0.0537246 0.07253143 -0.15418
-0.1013609 -0.1634607 0.1494002
0.2625017 0.1687119 -0.04681665
-0.2610708 0.4421456 -0.3148352
0.1050561 -0.2926396 -0.04612774
0.03436525 0.01260146 0.1975279
0.03465897 -0.1588947 0.1950339
-0.2640401 0.4427224 -0.3091049
-0.2646275 0.4423966 -0.3040476
0.03114499 -0.1124493 0.2195303
-0.1864602 -0.2962871 0.1776776
-0.2595649 0.4472884 -0.2993213
0.02421848 -0.128604 0.196855
-0.1791492 -0.2746211 0.1773198
-0.02244055 -0.2458844 0.1870019
-0.04409587 -0.2889387 0.19411
0.01445624 -0.2807893 0.2411643
-0.09583896 -0.1483634 0.1586231
0.0009076595 -0.2133347 0.1473655
-0.03097451 -0.2291476 -0.1047119
-0.2302514 0.1856677 -0.09494965
0.006445661 -0.04532585 0.2119256
0.0347017 0.005423993 0.2125024
-0.03668338 -0.266712 0.1935866
-0.04524404 -0.2744395 0.1872369
0.03010361 -0.1670708 0.1845988
-0.01084121 -0.2877051 0.2289187
0.01905967 -0.1059019 0.2011647
-0.1340655 -0.17349 0.09921117
0.02294748 -0.02983865 0.2327264
0.05550788 -0.1878183 0.2201979
-0.3251129 0.2146554 0.1641985
-0.01792791 -0.2530459 0.1972342
0.02249889 -0.05874088 0.2415594
-0.1892639 -0.2756144 0.1578541
0.0229902 -0.08149633 0.2342111
0.01685943 -0.06653786 0.2323472
0.3367706 -0.0496088 -0.1456514
0.01390085 -0.09047887 0.2058589
-0.2509668 -0.007547826 -0.1215662
-0.1712614 -0.2958331 0.1927482
0.0536334 0.006379932 0.2311938
-0.1278386 -0.08132541 -0.1519744
0.001751438 -0.02385208 0.1951567
-0.0274552 0.4273367 -0.1230348
-0.268259 0.398114 -0.2340082
-0.06075256 0.3907496 -0.1101431
0.03254952 -0.073459 0.2470067
0.04513149 -0.1345959 0.2289027
-0.2744005 0.128878 0.2148628
0.05900051 0.01334915 0.2256771
0.03746802 -0.03665301 0.248566
0.1011309 0.06635794 -0.1688394
0.05209537 -0.1577893 0.2226491
-0.102632 -0.1333249 0.163312
-0.02997051 -0.3183269 0.02729204
0.2888138 -0.03751281 -0.1733841
0.02593811 0.01244125 0.1908951
0.08969177 0.45194 -0.2032475
-0.2531724 0.3574362 -0.1143887
0.01095828 0.4459426 -0.1443003
-0.1602174 0.1588483 -0.09088026
-0.1468451 0.3542694 -0.0361946
-0.004219115 -0.2325388 0.1829967
0.02054964 -0.04434854 0.2355942
-0.01383716 -0.2730617 0.2239842
-0.06584196 0.3747071 -0.1085036
-0.1998432 0.4294355 -0.3648854
0.04651999 -0.007798851 0.238729
-0.01109755 -0.01791888 -0.1802251
-0.2436985 0.257229 -0.08331293
-0.2138778 -0.03962761 0.1819553
-0.092576 -0.1853617 0.1564442
-0.1251631 -0.1963843 0.09121124
0.00052315 -0.0683803 0.1959418
-0.02587444 -0.2733875 0.2132874
-0.1496488 -0.1716369 0.09210309
-0.03363936 -0.2532061 0.1827296
0.01673126 -0.03016442 0.2238827
0.01074468 -0.0660679 -0.2447638
-0.2575676 0.3646245 -0.1402202
-0.2519922 0.3722452 -0.13857
-0.2215306 -0.04712021 0.1748793
-0.021773 -0.2394759 0.1780461
-0.1299214 -0.1812176 0.08839151
0.03336659 -0.001160741 0.2214902
-0.05511311 -0.2821404 0.1760274
-0.02872619 -0.2667601 0.2007428
-0.04887018 -0.2678708 0.1758191
-0.1619424 -0.2885275 0.1982969
0.01716383 -0.008979082 0.2077868
-0.2352767 -0.3094458 -0.04172191
-0.1239615 -0.1983068 0.06766544
0.08100294 -0.2941296 0.08602571
-0.2999703 0.3014635 0.1218972
-0.2270311 0.0251247 0.1704307
-0.1065572 -0.2006246 0.1405565
-0.02083842 -0.2876517 0.2238347
-0.1816752 0.002289146 -0.1478463
-0.1623162 -0.1810627 -0.03595962
-0.2721575 0.1196924 0.2121926
-0.01959945 -0.2595078 0.2066279
0.06592165 -0.2950802 0.06453063
-0.1273794 -0.1896981 0.07851179
0.05361738 0.07579443 -0.1649569
-0.09417276 -0.3132161 -0.1464044
-0.1385888 -0.06553924 -0.1615871
-0.2546944 0.335076 -0.08946506
0.0307765 -0.05122161 0.2481388
-0.1371042 -0.1818958 0.0800872
-0.1813014 -0.08223861 -0.1447649
-0.007092252 0.406915 -0.1388424
-0.03589834 -0.2813393 0.2008336
-0.1180016 -0.2015805 0.1217102
-0.2779091 0.2523318 0.1992582
0.04728367 -0.1269378 0.2340669
0.08086943 -0.3193309 -0.1760382
-0.2240459 0.3303391 -0.297858
-0.1256544 -0.1803684 0.1062605
-0.2024974 -0.2995447 0.1328343
-0.1955015 -0.2858146 0.1271949
-0.2835379 0.1505226 0.2157653
-0.2920505 0.1577855 0.2162513
0.01637346 -0.2129449 0.1619341
0.001986429 -0.1079633 -0.2316531
0.0768481 -0.2945995 0.008322947
-0.3038795 0.1648242 0.2128174
-0.2890866 0.1843379 -0.07170824
0.0129022 -0.1907769 0.1572079
0.3016895 0.1325254 -0.06599402
-0.2521417 0.003405303 0.158575
-0.2461444 0.03918597 0.1515043
0.03894731 -0.1044173 0.2341363
-0.2353889 0.003720373 0.1718673
-0.02833636 -0.287892 0.2160858
-0.1947805 0.4370188 -0.3716837
-0.1960996 -0.2867758 0.113438
-0.2039446 -0.3001696 0.126303
-0.2038859 -0.3080627 0.1199319
-0.1974721 -0.3128637 0.1108586
0.1998962 -0.3149678 0.07107262
-0.3040023 0.1434412 0.2138214
-0.1931356 0.2010587 -0.09321402
-0.2900799 0.2233762 0.212262
-0.3010117 0.2374161 0.1925346
-0.234182 -0.08417186 -0.1182124
-0.1260549 -0.1529135 0.1375712
-0.1927138 0.1386081 -0.0943355
-0.1320201 -0.1903069 0.06765475
-0.2885632 0.129161 -0.06175908
0.1171094 0.08166346 -0.1679635
-0.1690238 0.266014 -0.06750534
-0.2098938 0.3446727 -0.3377188
-0.2082864 -0.006340921 -0.1366475
-0.2515916 -0.03972906 0.1592319
-0.2309083 -0.08404902 0.1551625
-0.3006432 0.2159478 0.2078615
-0.3005684 0.2015127 0.21576
-0.3020637 0.1868853 0.2176932
-0.2246974 -0.2839668 -0.03215192
-0.2574928 -0.02534205 0.1571812
-0.2611243 -0.01836747 0.1531438
-0.2955645 0.2590715 0.1789433
-0.2894017 0.129177 0.21427
-0.2329643 -0.06177956 0.1640489
-0.1883667 0.3599302 -0.3549255
-0.2334663 -0.2965541 -0.01650456
-0.2325478 -0.3053284 -0.02612261
-0.2305451 -0.3142896 -0.02686493
-0.2253596 -0.2903379 -0.02475013
-0.1873947 0.1310194 -0.09773733
-0.2012264 -0.3017183 0.1097211
-0.05373529 -0.3048531 0.1824733
-0.09619677 -0.004087269 -0.1629756
-0.3077299 0.2012724 0.207728
-0.207747 -0.2807786 -0.05649345
-0.2302407 -0.2889013 -0.01238711
-0.02037916 -0.2140183 -0.1033821
0.211378 0.09119073 -0.1496139
-0.3089582 0.2227674 0.1932716
-0.02344988 -0.1738158 -0.1251923
-0.2559227 0.06093743 0.1386767
-0.07401276 -0.1671456 -0.1176677
-0.1119616 -0.05018023 -0.1629382
-0.1915228 -0.297243 0.08488289
-0.2252368 -0.2880308 -0.002528738
-0.21956 -0.274055 -0.008542024
-0.05813043 -0.1435784 -0.1266876
-0.2422086 0.01788315 0.1632639
-0.2016589 -0.3055634 0.1477661
-0.05823724 -0.1200433 -0.1377476
-0.2134826 -0.3101988 0.02064325
-0.3144695 0.01543722 0.08469063
0.3308054 -0.2702687 0.106159
-0.2217495 -0.3106314 0.01022947
-0.1606447 0.3346914 -0.03601837
-0.310101 -0.02069056 0.089011
-0.3311048 0.2789644 0.09345421
-0.2172048 -0.3023217 0.01260595
-0.05843483 -0.07344303 -0.1520492
-0.2250712 0.3150015 -0.2933454
-0.321412 0.1358792 0.2008176
-0.2993241 -0.04246336 0.0939135
-0.305268 -0.01295766 0.09905095
-0.3062025 0.008788437 0.09926991
-0.3034576 0.03754112 0.09566514
-0.2116615 -0.3018304 0.02208515
-0.2005268 -0.2736438 0.01032026
-0.02304402 0.3909579 -0.1313872
-0.3145816 0.1864207 0.1999097
-0.2064973 -0.2943485 0.02426404
-0.0856121 -0.3177982 -0.1702332
-0.2931026 0.05932459 0.09975588
-0.1325275 -0.1773565 -0.09218332
0.02253093 -0.3041375 -0.2025693
0.3862387 -0.2650244 -0.04758033
-0.05879264 -0.003344953 -0.1715042
-0.2566063 0.03189632 0.1470344
-0.1973813 -0.2802659 0.02244829
-0.2382193 -0.1192743 -0.0827415
-0.2945551 -0.0198628 0.1111256
-0.2963068 0.01648393 0.1117825
-0.3359058 0.1275589 0.09325129
-0.203512 0.1620471 -0.09523803
0.01969518 0.383177 -0.1369946
-0.2901653 -0.04132584 0.1151042
0.05030099 0.4985402 -0.1390506
-0.3111958 0.2871299 0.1259345
-0.1346049 0.2866867 -0.05612496
-0.1595499 -0.2468991 -0.001113534
-0.1829675 -0.3195071 -0.089668
-0.1885429 -0.3197474 -0.09055451
-0.2303529 0.2087009 -0.09033555
-0.2813056 -0.07817993 0.1073125
-0.2839117 -0.06295979 0.1170214
-0.1552722 -0.1786488 -0.05651481
-0.3168727 0.2726628 0.1318463
-0.3047179 0.29427 0.1268477
-0.276275 -0.07761386 0.1162897
-0.1944441 0.3910647 -0.366589
0.01494756 -0.311849 -0.2021688
-0.2395704 0.07958606 0.1557393
-0.2850866 0.02404061 0.1229706
-0.07443465 -0.08111715 -0.1511894
-0.2655514 0.3907336 -0.2126146
-0.2591857 -0.06207865 0.1449837
0.1971833 0.0424383 -0.1604283
-0.189376 -0.308789 0.04537462
-0.1878914 -0.3012964 0.04376716
0.1442279 -0.02839142 -0.2371324
0.144543 -0.02017787 -0.2361391
-0.3263358 0.1169849 0.09717648
-0.3362476 0.1279754 0.1779767
-0.339062 0.1424318 0.1803371
-0.3393344 0.1496254 0.1802944
-0.3102452 0.09743902 0.07215138
-0.3275321 0.1930641 0.1747938
-0.2455036 -0.02269322 -0.1261696
-0.06490204 -0.2523997 -0.1397609
-0.1713789 -0.2732967 0.03407969
-0.1455794 -0.2396148 0.007388376
-0.2054133 -0.2825463 -0.06985512
0.02859229 -0.293665 -0.09031418
0.001078561 -0.06256461 -0.2373139
-0.2788383 0.002705723 0.1324445
-0.04022941 -0.3185833 -0.2105052
-0.3131611 0.2585268 0.1587406
-0.2989556 0.2873008 0.1438569
-0.1501722 -0.2532755 0.01994365
-0.272793 -0.05481568 0.1358196
-0.1414139 -0.2465199 0.01854447
0.1597845 0.1116818 -0.1501533
-0.0441546 -0.2397643 -0.1181644
-0.2717089 -0.03307495 0.1415872
-0.2705447 -0.0043917 0.1394778
-0.2708171 0.01733837 0.1390292
-0.04524404 -0.3103644 0.08425805
-0.1454139 0.2946759 -0.05698477
-0.3288832 0.1643168 0.1922676
-0.2997033 0.2732609 0.1600276
-0.1091366 0.3837537 -0.03260051
-0.09595111 0.3991661 -0.04618648
-0.1743161 -0.3006182 0.06035978
-0.1311924 -0.2248326 0.01525478
-0.1713949 0.1464478 -0.0956706
-0.2669453 -0.04733378 0.1447327
-0.1031927 0.3583922 -0.08403921
-0.3262557 0.1501487 0.197656
-0.3169955 0.2080173 0.1864626
-0.1656967 -0.2937183 0.06341448
-0.1546901 -0.05819616 -0.1596325
-0.1442924 -0.01183084 -0.1649195
-0.1509519 0.2414214 -0.07287779
0.1128691 0.0221394 -0.2044171
-0.3303091 0.1057861 0.05701135
0.0789629 0.1247124 -0.1315581
-0.00174652 -0.2745517 -0.2053356
-0.0171589 0.08072892 -0.1486687
0.115331 0.03186432 -0.1826123
0.1073525 0.1033241 -0.151654
0.4511993 -0.1261741 -0.02595172
0.2121524 0.177561 -0.07185777
-0.1758862 0.4370241 -0.3755501
0.2976094 0.1249261 -0.07906197
-0.1247732 -0.2152572 0.09499758
-0.2046496 0.4055639 -0.3518441
-0.2108124 0.4206719 -0.3464503
-0.2302995 0.4581133 -0.3462474
0.01462714 -0.2068889 -0.1935814
0.289711 -0.2853606 -0.0719806
-0.210022 0.3528915 -0.341174
-0.2210713 0.4280843 -0.3358389
-0.2388655 0.4505354 -0.3358015
-0.2156882 0.337586 -0.3246508
-0.2544648 0.4502364 -0.3248217
-0.2165373 0.3754281 -0.3194813
-0.2197362 0.3300774 -0.3140661
-0.2282861 0.4128963 -0.3145094
-0.2385557 0.4276464 -0.3147283
-0.2194211 0.3452655 -0.3085281
-0.2249751 0.3979752 -0.3089874
-0.2600348 0.4352351 -0.3090568
0.2511106 0.03638759 -0.1671999
-0.2226627 0.3679568 -0.2979755
-0.2301499 0.3979378 -0.298328
-0.2429456 0.412672 -0.2932065
-0.2663044 0.4277799 -0.2929128
-0.223875 0.3529076 -0.2872093
-0.2646917 0.4198441 -0.2878074
-0.07457884 -0.2511127 -0.1132458
-0.2693484 0.4123355 -0.26659
-0.2250445 0.3453776 -0.2817941
-0.2449268 0.4051047 -0.2825471
-0.2307267 0.3156102 -0.2762882
-0.2305612 0.3755135 -0.2767261
-0.2662297 0.4125651 -0.2770412
-0.2289858 0.3380506 -0.2604219
-0.2401899 0.3829794 -0.2608117
-0.2467532 0.3901889 -0.2610413
-0.2695674 0.405393 -0.2607957
-0.1413445 -0.2436094 0.1058333
0.1889003 0.1502182 -0.1169628
0.2283979 0.1655824 -0.08024754
-0.338576 0.1209101 0.152001
-0.2690494 0.3979164 -0.2501042
-0.3324079 0.2077556 0.1034621
0.2154901 0.1311369 -0.1285194
0.2136264 0.116862 -0.1344526
0.1842862 0.002022177 -0.2150979
0.186385 0.177278 -0.08203123
0.2543042 0.0701656 -0.1378651
-0.2387587 0.3681171 -0.2446143
-0.05616516 0.4305249 -0.08987626
-0.01389058 0.130464 -0.1153927
0.2930701 0.1059516 -0.1014596
0.001714066 0.09537759 -0.1427889
0.06137697 0.1015137 -0.1495766
0.1705721 0.0736315 -0.1561132
0.2187745 -0.008023143 -0.2043957
0.1535736 0.03991762 -0.1697526
0.1569541 -0.3138944 0.03232803
-0.2460643 0.3753266 -0.2395035
-0.2680347 0.3906054 -0.2393059
0.2127772 0.09934023 -0.1474618
0.2053968 -0.3125593 -0.08745708
0.2685737 0.09746572 -0.1242738
0.2798152 0.1290809 -0.09432482
0.003727391 -0.0475741 -0.2374421
-0.0005289018 -0.04720563 -0.2321872
0.01085147 -0.02934733 -0.2344088
0.2278158 0.09554318 -0.1435419
-0.2334236 0.3307503 -0.2336664
-0.2360885 0.3531586 -0.2338053
0.0201598 -0.005230129 -0.2195571
0.2683547 -0.000364989 -0.1697205
-0.009233758 -0.08442283 -0.2266385
-0.1170457 0.3633267 -0.07077901
-0.2667691 0.3831663 -0.2285984
0.3077669 0.09075281 -0.1064956
0.3065172 0.0722644 -0.1187144
-0.2366332 0.3233699 -0.222959
0.3456249 -0.01578274 -0.131777
0.0007421076 -0.1304411 -0.2153916
-0.009164333 -0.1071516 -0.2156693
-0.0167477 -0.08377665 -0.2158242
-0.0152417 -0.0687381 -0.2157922
-0.004507497 -0.03162235 -0.215963
-0.0006196946 -0.02409241 -0.2160912
0.00493966 -0.01686683 -0.2160538
0.02229595 -0.2949787 -0.06070702
-0.267992 0.3832144 -0.2178909
0.0173721 -0.1845286 -0.2096507
0.01385812 -0.1766942 -0.2098323
-0.01119903 -0.04635116 -0.2105212
-0.2951319 -0.06211603 0.09421788
-0.2472819 0.3605123 -0.212652
-0.2659467 0.3756523 -0.2126093
0.2014235 0.02860132 -0.1683427
-0.001351327 -0.1377414 -0.2047322
-0.02043256 -0.06831089 -0.2049351
-0.01844594 -0.05338448 -0.2050579
-0.3207818 0.02586171 0.06169487
-0.127342 -0.2299754 0.1004128
0.4420298 -0.1768491 -0.06003947
0.2052686 0.138496 -0.125737
0.002920985 -0.1681977 -0.1991675
-0.008544847 -0.1294851 -0.1992156
-0.02080105 -0.090826 -0.1996214
-0.3234681 0.004297167 0.06176964
-0.2385611 0.3383656 -0.2016775
0.1517632 -0.2935368 0.07101387
-0.323452 -0.01010591 0.06184441
0.09794801 0.1808721 -0.06330779
0.1613332 0.02266815 -0.1942436
0.009185284 -0.1913002 -0.1935975
-0.006002814 -0.1523474 -0.1938965
-0.02449661 -0.09058034 -0.1941742
-0.02232306 -0.07562724 -0.1941689
-0.3208459 0.2370851 0.09796152
-0.2477679 0.3531692 -0.1965133
-0.2653645 0.3681598 -0.1965614
-0.07698737 -0.3043084 -0.1880274
0.1652584 0.1432116 -0.1197932
-0.06864566 -0.2977504 -0.1927644
0.1720887 0.1294173 -0.1371815
-0.02116953 -0.1059553 -0.1888018
-0.0270867 -0.082762 -0.1887964
-0.0177784 -0.03825513 -0.1890581
-0.0773612 -0.3162922 -0.1899126
-0.07739325 -0.2966182 -0.1824948
-0.06696878 -0.2826317 -0.1823559
0.006589845 -0.2060664 -0.1828312
-0.02574092 -0.05275428 -0.1835575
-0.2953776 0.08996245 0.093545
-0.2405317 0.3235835 -0.1855869
0.1191601 0.1040932 -0.1525458
0.07585479 0.08617082 -0.1546446
-0.06200221 -0.2757159 -0.1768393
-0.002985492 -0.1675034 -0.177651
-0.01276375 -0.1441499 -0.177854
-0.0154286 -0.1288336 -0.1778913
-0.02765812 -0.09770977 -0.1780355
-0.2646542 0.3606885 -0.1805722
0.05800185 -0.007387638 -0.2384835
-0.08133981 -0.2961589 -0.1705109
-0.0001710951 -0.1903176 -0.1721771
-0.007076234 -0.1595889 -0.1723587
-0.02559139 -0.1053733 -0.1726417
-0.03104928 -0.07491696 -0.1729995
0.09781985 -0.3059692 -0.1834133
-0.2445423 0.3383656 -0.1750449
-0.2618773 0.3535111 -0.1750182
-0.08638646 -0.2957531 -0.1661371
-0.06931321 -0.2669523 -0.1666178
-0.0009988546 -0.1902482 -0.1669115
-0.01458482 -0.1438721 -0.1671038
-0.03111336 -0.08233476 -0.1674242
0.09565698 0.1506294 -0.1056838
0.09452482 0.1700149 -0.0835746
-0.2623472 0.3685122 -0.1697633
0.0622261 0.01146933 -0.2149377
0.05604192 0.4883935 -0.1711998
0.08592144 -0.3129758 -0.184396
-0.004272521 -0.212539 -0.1614429
-0.02966078 -0.1049941 -0.1619716
-0.0310546 -0.09735197 -0.1619877
0.1644413 -0.296944 -0.05009566
-0.2460483 0.3162672 -0.1641452
-0.2443981 0.3310708 -0.1642947
-0.2638212 0.3535644 -0.1643428
0.3373794 -0.2217458 -0.0841033
-0.3216683 0.2296726 0.09267452
-0.08727296 -0.2880201 -0.1556326
-0.009607583 -0.2345948 -0.1559904
-0.00479053 -0.2275028 -0.1559583
-0.007054865 -0.182809 -0.1563055
0.0678442 0.0268977 -0.1776457
-0.2505289 0.308876 -0.1587781
0.05515542 0.4985082 -0.1598942
-0.07516095 -0.266493 -0.150399
-0.00479053 -0.2274921 -0.150634
-0.007086918 -0.2047153 -0.1508102
-0.1423431 -0.3149785 -0.109844
0.1184338 0.1184962 -0.1357716
-0.2597411 0.33859 -0.1536299
0.1086448 -0.007734776 -0.2376237
0.03358021 0.469905 -0.1542067
-0.03092645 -0.2409446 -0.1451333
-0.01625638 -0.2340288 -0.1399158
-0.09335567 -0.3024125 -0.1448556
-0.02174629 -0.1433168 -0.1459024
-0.2457973 0.3233538 -0.1481881
0.1357153 0.1777853 -0.0820419
-0.08126502 -0.2733821 -0.1396915
-0.0139066 -0.1814739 -0.1402522
-0.02322559 -0.1507399 -0.140594
0.1199184 0.1698014 -0.09457048
0.3624846 -0.1918449 -0.07471488
-0.2516611 0.3015756 -0.1426981
-0.2615194 0.3387181 -0.1429224
-0.1234488 -0.3108504 -0.1137906
-0.09254394 -0.2874274 -0.1342016
-0.01020037 -0.2269153 -0.1345968
0.153093 0.03372273 -0.1738807
0.08448488 -0.0272913 -0.2500722
0.04490719 0.02638504 -0.1772665
0.2797779 0.1131932 -0.1092672
-0.0845921 -0.3124098 0.1810421
-0.06522247 -0.3150533 0.1314084
-0.2516557 0.3090202 -0.1374111
-0.2588172 0.3313698 -0.1375233
-0.08119561 -0.2658148 -0.1290427
-0.009554178 -0.2194174 -0.1293044
-0.01029114 -0.2042934 -0.1293899
-0.02127634 -0.1656877 -0.1295928
0.03748938 0.1366589 -0.1116918
0.01997823 0.01060948 -0.1821957
0.08122724 -0.0005946457 -0.2345743
0.08062377 -0.01277608 -0.2434821
-0.2464114 0.3163899 -0.1321562
-0.2461124 0.0915325 -0.08833824
-0.1001273 -0.3016115 -0.1235101
-0.01849934 -0.1809506 -0.124167
0.1713731 0.1120931 -0.1505966
0.3058764 -0.07642829 -0.1651919
0.0740177 0.03350374 -0.1739181
0.4394557 -0.1545316 -0.05062969
-0.2530496 0.301629 -0.1267036
0.005249411 0.4618891 -0.1274193
0.2865335 0.07221094 -0.1293258
0.05688036 0.02179763 -0.1830502
0.2018401 0.1794728 -0.07391916
0.09490399 0.1061599 -0.1438944
0.01717986 -0.2965274 -0.2026281
-0.2450657 -0.05232707 -0.1252083
0.4410418 -0.1348736 -0.0385337
-0.2489375 0.3155836 -0.1214167
-0.2344543 -0.06854051 -0.1258599
0.03299811 -0.2927678 -0.1299987
-0.2575729 0.006924659 -0.1142125
-0.007781163 0.1096846 -0.1364872
-0.09182833 -0.2713421 -0.1090697
-0.2025828 -0.3189357 -0.08439702
0.1937868 0.1908105 -0.05383393
0.07694423 0.4797473 -0.1944252
-0.2630575 -0.007302165 -0.1092352
0.1187061 0.1777105 -0.08174819
-0.2521898 0.2943288 -0.1106024
-0.2578239 0.3239733 -0.1107893
0.2495672 0.05061975 -0.1596165
0.146818 0.01692185 -0.2094691
0.2743146 -0.03265306 -0.1785642
-0.2497919 -0.07401976 -0.1039375
-0.2667317 -0.03619373 -0.1036652
-0.004881322 0.08802924 -0.1456727
0.3155372 0.05713508 -0.1238679
-0.2487132 0.3094313 -0.1055396
0.1276139 -0.3059799 0.2115037
0.08152629 0.1561407 -0.08978014
0.2878365 0.02612868 -0.154965
-0.2671642 -0.05822822 -0.09856509
0.2539357 0.1019249 -0.1291335
0.2353404 0.1522315 -0.09792959
-0.007295191 0.1583996 -0.06990319
-0.25235 0.3017786 -0.09999098
-0.1294942 -0.1130314 0.1684975
-0.04938819 0.4305356 -0.1004236
0.2207184 0.1514998 -0.1078307
0.1553413 0.08676359 -0.1553923
0.04819688 -0.3140119 -0.1948151
-0.274283 -0.04289058 -0.09285087
0.2332683 0.01394722 -0.1741798
0.1938455 0.1330595 -0.1304846
-0.1605646 0.03332219 -0.1489144
-0.2524087 0.2869163 -0.09458651
0.1477098 0.007832497 -0.2214369
0.312899 -0.007590562 -0.1512695
0.06972936 0.1496895 -0.09340093
0.03712623 0.08216545 -0.1610905
-0.2832442 0.001247793 -0.0876333
-0.2763123 0.02271619 -0.08776681
0.4302969 -0.133923 -0.03959109
0.3272273 -0.01282415 -0.1457048
0.0190116 0.1443864 -0.09818059
0.0994807 -0.03126454 -0.2458693
-0.2383795 0.2643585 -0.08928348
-0.2521097 0.3018213 -0.08939563
-0.2569374 0.3167211 -0.08939029
-0.005153686 -0.3130933 0.2169242
0.3218281 0.1011452 -0.08559862
0.2790248 0.03669736 -0.1553228
-0.2623525 -0.09470314 -0.08232495
-0.2771027 -0.05727762 -0.08232495
-0.2822669 -0.03516838 -0.08250118
-0.2763444 0.04462251 -0.08249584
0.04344927 0.09995434 -0.1478837
0.04433043 0.1121679 -0.1394031
0.06715529 0.1709335 -0.06261888
-0.2572097 0.2942807 -0.0846053
-0.08134513 0.407684 -0.0844077
-0.1350321 -0.2228353 -0.07586307
0.3156173 0.1213907 -0.0646162
-0.1358439 -0.207738 -0.07604464
-0.03740434 -0.2504718 -0.1747672
-0.2758317 -0.07186761 -0.07691513
-0.2923709 -0.02002835 -0.07704864
0.04254139 0.1462289 -0.1003702
0.07746759 0.1052146 -0.142821
0.3100472 0.008809775 -0.1471787
-0.2532258 0.2794771 -0.07861337
-0.1416543 -0.2369393 -0.07063482
0.3124023 -0.06373951 -0.1567808
-0.1399773 -0.2000264 -0.07080571
-0.2191861 -0.1357654 -0.07221024
-0.2973855 -0.0123916 -0.0716228
-0.2774605 0.06647542 -0.07176699
-0.269733 0.0805954 -0.07171358
-0.2575195 0.09503582 -0.0722583
0.06178284 0.1237511 -0.1303939
-0.2605849 0.3020029 -0.07343853
-0.258155 0.3167959 -0.07335842
0.3425488 0.07539383 -0.07911537
-0.09425285 0.400106 -0.07374293
-0.1850236 -0.317873 0.03329998
-0.193878 -0.2692433 -0.06485117
-0.263709 -0.1094747 -0.06646397
-0.2913028 -0.05635372 -0.0663358
-0.2947848 0.03106853 -0.06639989
0.2286008 0.06993601 -0.1480279
0.287954 0.09627482 -0.1124181
-0.1562763 0.2162254 -0.07929695
0.1832235 0.1289153 -0.1367116
-0.2704806 0.2574961 -0.06737184
-0.2606169 0.2797175 -0.06779907
-0.2607077 0.2871459 -0.06787918
0.2086758 0.03708717 -0.1665857
-0.1595072 -0.2499912 -0.05978847
-0.1520734 -0.2431661 -0.05993266
-0.1450133 -0.221639 -0.06002345
-0.2064386 -0.1578052 -0.06073372
-0.2289858 -0.1339764 -0.06083519
-0.2722323 -0.1008926 -0.06050943
-0.2769799 -0.09330928 -0.06077645
-0.2979676 -0.04841793 -0.06079247
-0.2973375 0.0239605 -0.06108619
-0.2943629 0.04563716 -0.06123572
-0.282582 0.07404271 -0.0611663
-0.2724459 0.09515867 -0.05690466
0.3281672 0.01059887 -0.1276756
0.2373751 -0.01053312 -0.1909273
-0.2635595 0.2945264 -0.06265093
-0.1172326 0.3770782 -0.06290193
-0.2340431 0.2928549 -0.2130205
-0.199464 -0.2688375 -0.05405823
-0.1921317 -0.3142201 0.03816509
-0.3022987 -0.0264422 -0.05546275
-0.3037246 -0.004669368 -0.05559626
0.1311493 0.01409146 -0.217218
0.2188813 0.00831309 -0.1895174
-0.2992867 0.1447977 -0.06322235
-0.3101598 0.155174 -0.05651481
-0.2996659 0.1761831 -0.06510751
-0.2591323 0.3166997 -0.05733189
-0.1305035 0.3616338 -0.05732121
-0.1064557 0.3925921 -0.05778582
-0.2113411 -0.2746104 -0.04890475
-0.150829 -0.2284854 -0.04925187
-0.1483724 -0.2064349 -0.04939072
-0.2497118 -0.1243851 -0.04973785
-0.2880078 -0.07056987 -0.04988204
-0.3035697 -0.04073307 -0.05004759
-0.3043441 0.009915262 -0.05031461
0.003139943 0.1305548 -0.1156383
0.365331 -0.29343 0.03668579
0.0131532 0.1011506 -0.1382122
-0.3113507 0.1407016 -0.05109965
0.05681095 0.1776945 -0.03721996
-0.2838957 0.2429755 -0.05136667
-0.2790787 0.2651809 -0.05167641
-0.2783363 0.2799257 -0.05162835
-0.2014987 -0.2610137 -0.03814919
-0.1511602 -0.1914925 -0.04415713
-0.2660908 -0.1082411 -0.04434405
-0.2810706 -0.09281266 -0.04447221
-0.2855886 -0.08524528 -0.04452028
-0.3039222 0.0316774 -0.04514511
-0.2867261 0.08900651 -0.04536406
-0.3168887 0.1482048 -0.0456471
-0.3157352 0.1773314 -0.045818
-0.3079115 0.1991362 -0.04571119
-0.3002427 0.2210318 -0.04565778
-0.1421242 0.3540718 -0.04671518
-0.1308132 0.3695215 -0.04696084
-0.1134836 0.3848698 -0.04710503
-0.1596887 -0.2423651 -0.03850699
-0.1559238 -0.2352944 -0.03850699
-0.2424115 -0.1400164 -0.03949497
-0.3054602 -0.04771832 -0.03934544
-0.30475 -0.004498482 -0.03948428
-0.2903149 0.09638694 -0.04036011
-0.2777008 0.302035 -0.04098494
-0.2729639 0.3090576 -0.04079268
-0.2128043 -0.2667868 -0.03293696
-0.151064 -0.2134789 -0.03315057
-0.2953936 -0.06290638 -0.03400504
-0.3124508 -0.03286669 -0.03402106
-0.2939357 0.08211204 -0.0347794
-0.3107472 0.1189448 -0.03506778
-0.3215668 0.1411609 -0.0348328
-0.3163867 0.1994673 -0.03520129
-0.3098821 0.2212882 -0.0351372
-0.3030891 0.2433333 -0.0353882
-0.2859891 0.2874824 -0.0356392
-0.2050287 -0.2601166 -0.02755918
-0.1500547 -0.2062213 -0.02780484
-0.2780213 -0.1077017 -0.02851511
-0.309818 -0.04729643 -0.02864328
-0.3119168 0.003255755 -0.02935889
-0.3136951 0.01781902 -0.0289103
-0.3026191 0.06070772 -0.02923606
-0.2954737 0.08941242 -0.02960989
0.2511426 -0.04609483 -0.197042
0.2837191 0.1363118 -0.08075488
0.1492532 0.0587211 -0.1667513
0.2666725 0.08291313 -0.1301535
0.2595217 0.04265723 -0.1617313
0.2492788 0.1568723 -0.08162536
0.3127281 0.1000879 -0.09516326
0.3000286 0.04926333 -0.1368878
0.2718527 -0.01530746 -0.1751624
0.2649262 0.06885722 -0.1363537
0.3257907 0.08182368 -0.09686151
0.2285848 -0.005566567 -0.1961662
0.03226113 0.01798996 -0.179125
0.02986864 0.008163601 -0.2011114
0.255714 0.1266403 -0.1131123
0.4553007 -0.1454956 -0.03810646
0.05779891 0.003047496 -0.2277546
0.2522961 -0.009235412 -0.181683
0.3026989 0.03276148 -0.1405673
0.03835453 -0.2958812 0.05960678
0.07310449 0.1346082 -0.1205729
0.05409802 0.1359539 -0.1110189
0.2927871 -0.01322469 -0.1666178
0.2421067 0.1697961 -0.06344665
0.4233491 -0.1640055 -0.0628592
0.2690223 0.1459939 -0.08066408
0.2309933 0.1388965 -0.1156063
0.3843054 -0.1520163 -0.05354021
-0.01891054 0.1632381 -0.06437054
0.2456901 0.1238366 -0.120669
0.2801197 0.05470517 -0.1426073
0.1473894 0.1415561 -0.1178439
0.3491229 -0.02547023 -0.1322523
0.3402899 0.02817407 -0.1143353
0.04511012 0.005589515 -0.2197174
-0.03596778 -0.258397 -0.1886416
0.3345222 0.0927662 -0.07647187
0.3337319 0.04827532 -0.1144101
0.2903678 0.009253055 -0.1583989
0.1714853 0.1916329 -0.05436797
0.3902707 -0.1400751 -0.04409839
0.3883802 -0.1662537 -0.06075509
0.3870451 -0.1855967 -0.07332104
0.1469889 0.1620471 -0.09706978
0.09815629 0.004820496 -0.2293247
-0.03069681 0.1093268 -0.1360066
0.2774708 -0.04823101 -0.1835735
0.06877343 0.1637827 -0.0763704
0.3987352 -0.1126308 -0.02944968
0.3953868 -0.1470444 -0.04787405
0.09205756 0.01475367 -0.2181846
0.08126996 0.08014682 -0.1589863
0.08512572 0.06619766 -0.1679956
0.12818 0.1846531 -0.0679219
0.22443 -0.3132963 0.1132564
0.01050435 0.1657053 -0.04474992
0.3419614 0.009098142 -0.1154835
0.4014962 -0.1237923 -0.02853113
-0.1849648 0.3162618 -0.04713707
0.1257234 0.164712 -0.09985213
0.1408154 0.1021867 -0.1505218
-0.179571 0.3049187 -0.05642936
0.1758751 0.1682527 -0.09349705
0.1858082 0.1970855 -0.03883276
-0.07427979 -0.3079719 -0.1946121
-0.1752293 0.3241175 -0.03417593
-0.1745457 0.314462 -0.04543349
0.03345738 -0.0006961226 -0.2240804
0.2675964 0.02563742 -0.1649729
-0.1683135 0.3206142 -0.0416151
-0.01146069 -0.2599404 -0.1978484
-0.1634697 0.3084541 -0.04979659
-0.1662094 0.2878188 -0.05909422
-0.07820497 0.08809331 -0.1455446
-0.07507551 0.07247266 -0.1548155
0.2312176 0.08590379 -0.1436968
0.1141882 0.1428164 -0.1190348
0.3727008 -0.2829628 0.06779361
-0.1534992 0.3263818 -0.04853092
-0.1609224 0.2867722 -0.05797274
-0.1637314 0.2702222 -0.06157216
0.4013574 -0.2378097 -0.07111011
-0.02479032 -0.3104124 -0.2129137
-0.1404633 0.3341468 -0.05670172
0.07231411 0.05197087 -0.1718674
0.3589546 -0.2784876 -0.05742268
0.2287664 0.1079703 -0.1356755
0.4064628 -0.1191728 -0.0225125
-0.1548931 0.2498539 -0.07146792
-0.149526 0.2600327 -0.06094734
0.04739582 0.1550939 -0.08848777
0.1927454 0.1096685 -0.1479798
0.4067137 -0.191925 -0.07672288
0.2252684 0.122854 -0.1302764
0.2321522 -0.3062523 0.1856081
0.1671809 0.05523923 -0.1645083
-0.1397157 0.2248289 -0.06536919
-0.1495847 0.1466454 -0.09921128
0.04435714 0.1652834 -0.06699801
0.2102512 0.05643544 -0.1554029
-0.1433311 0.1642046 -0.08583359
-0.1302899 0.2159905 -0.06650669
0.003780797 0.4489066 -0.1368183
-0.1366076 0.176824 -0.07789242
-0.1375314 0.1643114 -0.08579621
-0.1368532 0.1331235 -0.1175716
0.4101316 -0.1127911 -0.007751644
-0.1263914 0.2072696 -0.06773499
-0.1399186 0.1849308 -0.07733168
-0.1245276 0.1887971 -0.0693638
-0.1254675 0.1223306 -0.1277771
-0.1199242 0.1815983 -0.07224762
0.4244172 -0.1236908 -0.02874475
-0.113238 0.20555 -0.05491803
-0.1146211 0.1917665 -0.06154013
-0.1122767 0.1535025 -0.1070884
-0.1126986 0.1361409 -0.1210268
-0.1232512 0.08732966 -0.1463082
0.4121663 -0.1637865 -0.06312622
-0.1096706 0.1849628 -0.06504343
-0.1081326 0.1771338 -0.07839976
0.4109006 -0.1774312 -0.0708965
-0.1055425 0.1882685 -0.0572411
-0.103951 0.1151531 -0.131243
0.05600454 0.1181064 -0.1350721
-0.1012915 0.19041 -0.04938004
-0.09477089 0.1649844 -0.09800436
0.06082158 0.4777714 -0.1807752
-0.09716871 0.1928078 -0.04082473
-0.09068549 0.1780042 -0.07959601
-0.09497382 0.09401581 -0.1409839
-0.02470489 -0.3200679 -0.2060566
-0.08375365 0.1699135 -0.0925625
-0.08515817 0.1239434 -0.1297957
-0.09604725 -0.3136594 0.1796482
0.1651142 0.09664866 -0.1554457
-0.07774036 0.1544157 -0.1084021
-0.07843462 0.1368672 -0.1220735
-0.08354004 0.09997568 -0.1366635
0.4186656 -0.151055 -0.05440535
-0.07564159 0.1796384 -0.07056005
0.4222863 -0.1777089 -0.06962548
-0.06687799 0.1481408 -0.1125783
-0.07010359 0.1147793 -0.1308264
-0.16818 -0.2806344 -0.08918202
-0.06124388 0.1588375 -0.1024369
-0.1674003 -0.2676626 -0.07966009
-0.05682737 0.1670778 -0.08974276
-0.05811974 0.1269768 -0.1223512
-0.05083011 0.1516814 -0.1056358
-0.05400229 0.096921 -0.1442842
-0.04675539 0.1646692 -0.08720607
-0.04698502 0.1159595 -0.1322256
-0.1416382 -0.2549791 -0.08141174
0.3099351 -0.04114428 -0.1590718
-0.04209855 0.1679964 -0.08010335
-0.04120137 0.1214334 -0.1272804
-0.01139662 -0.2981722 0.1091176
-0.03641103 0.1413104 -0.1052833
-0.03659794 0.1301276 -0.1149601
-0.1499265 0.0412313 -0.1503189
-0.2300218 0.1462235 -0.09265862
-0.1548771 -0.03534997 -0.1599423
-0.2299096 0.1148594 -0.08873877
-0.2083772 0.009082168 -0.1361134
-0.1121058 -0.0195317 -0.1630771
-0.213787 0.03182688 -0.1287544
-0.1350268 0.326259 -0.06175374
-0.2412366 0.2476858 -0.0831634
-0.1652962 -0.0740892 -0.1508048
-0.1601641 -0.04316831 -0.158447
-0.246342 0.1929733 -0.08979616
-0.2140487 0.1464051 -0.0951152
-0.1285596 0.07961807 -0.1475258
-0.1489065 -0.1285132 -0.124984
0.417213 -0.2071879 -0.07313412
0.4171596 -0.1995191 -0.0743998
0.3163489 -0.2531794 -0.08212736
-0.223389 -0.124839 -0.08301386
-0.1651627 0.002609581 -0.151184
-0.123091 0.04196832 -0.1616512
-0.1373979 -0.2842872 -0.1019616
-0.2626142 0.2473653 -0.07538778
-0.116784 -0.1370471 -0.1179561
-0.1165918 -0.1530256 -0.1083647
0.3907086 -0.2217886 -0.08095247
0.3908154 -0.1993749 -0.07914741
-0.1768047 0.1541807 -0.09445299
-0.2144438 0.232284 -0.09085356
-0.239282 -0.1003853 -0.09906709
0.3855872 -0.2456334 -0.07276563
-0.1765484 0.01752535 -0.1441294
-0.1296063 0.3104995 -0.06403943
-0.07422639 -0.1197816 -0.1417636
-0.1347918 0.3025957 -0.06097404
-0.1980275 0.08547649 -0.1175662
-0.06429325 0.04211786 -0.1609623
0.3802521 -0.2538523 -0.06828505
0.3801292 -0.2291797 -0.08292842
0.380172 -0.2068141 -0.08214872
-0.1545299 -0.09721312 -0.1462014
-0.1492429 -0.0815177 -0.1522735
-0.1541614 -0.1466011 -0.09770529
-0.1498838 0.08683833 -0.1411815
-0.1552028 0.0108979 -0.1596058
0.1011416 0.08141783 -0.1651972
-0.1282499 0.003528148 -0.1637073
-0.1498998 0.09441635 -0.1384846
-0.222636 -0.3166767 -0.004034728
0.3691708 -0.2368164 -0.08088838
-0.2124358 -0.3104124 -0.0770967
-0.1767086 0.05617377 -0.143622
0.3642789 -0.2293559 -0.08294444
-0.2246013 0.1227418 -0.09004717
-0.2179739 -0.1150981 -0.1031258
-0.1765751 0.04845157 -0.1454164
0.3576195 -0.1992574 -0.07776959
0.3588477 -0.1920853 -0.07707
-0.26749 0.1768827 -0.08080293
-0.2129539 -0.09870309 -0.1258171
-0.1665779 0.1852672 -0.08756922
0.3536142 -0.2696332 -0.06737184
0.3534967 -0.2218526 -0.08284831
-0.2187001 -0.06005996 -0.1383831
-0.1761425 -0.03611895 -0.1502227
-0.09602588 -0.0347572 -0.1646685
-0.166674 0.2087009 -0.08567872
-0.2248416 0.09994367 -0.09805241
-0.2678745 0.2237234 -0.07250396
0.3429601 -0.252875 -0.07952124
-0.2188176 -0.037155 -0.1384899
-0.1925322 0.009776384 -0.1439905
-0.07490994 0.0117043 -0.167045
-0.1372804 -0.1544622 -0.09516861
-0.1082073 0.3185902 -0.0754305
-0.117537 0.003501445 -0.1630237
-0.1280149 -0.04273573 -0.162228
-0.2244891 0.03916457 -0.1233018
0.2297383 -0.03016979 -0.2080165
0.3320336 -0.2293399 -0.08393241
-0.2244197 0.01641455 -0.1307036
0.3268535 -0.2451421 -0.08053058
-0.2242061 -0.01429814 -0.1344152
-0.1809489 -0.1476798 -0.08903249
-0.07374574 -0.2138794 -0.1071044
-0.106995 0.03442237 -0.1641719
-0.1810023 -0.1135814 -0.1294059
-0.07466964 -0.02699757 -0.1637607
-0.1980381 0.1232652 -0.0985918
0.320744 -0.05679166 -0.151702
-0.1068936 0.01141056 -0.165523
-0.1806338 -0.1639948 -0.07044791
-0.171459 0.1315054 -0.1042259
-0.1001487 -0.2984019 -0.1131871
-0.1010832 -0.08936808 -0.1445512
-0.1008216 -0.1128818 -0.1325514
-0.1008696 -0.1443047 -0.1229974
0.3107949 -0.2683515 -0.07662675
-0.09060004 -0.05013216 -0.1614109
-0.08970284 -0.2220342 -0.1017319
-0.1390695 0.01881769 -0.1622654
-0.1426956 -0.1629641 -0.08365471
0.3056521 -0.2772326 -0.07245056
-0.2460483 0.1381862 -0.088162
-0.09477089 -0.245329 -0.09996428
-0.1692961 -0.2930668 -0.0935024
-0.1338733 0.02658793 -0.1637073
-0.1916937 -0.1058111 -0.1320761
-0.08545724 -0.01932341 -0.1650317
-0.09050925 -0.06588635 -0.1541426
-0.09088841 0.003725737 -0.1643321
-0.186113 -0.1301633 -0.1102926
0.2942343 -0.1078298 -0.1780676
-0.335281 0.117316 0.07550514
-0.0903437 -0.09713835 -0.141881
-0.1005118 -0.1832095 -0.1103941
-0.1392297 0.04166391 -0.1569944
-0.2233303 -0.1073706 -0.1086157
-0.0855961 0.02672681 -0.1623615
-0.1065037 -0.07353914 -0.1541426
0.2835108 -0.1535062 -0.1742652
0.2836123 -0.1380031 -0.1792265
0.2833239 -0.09979784 -0.1845295
-0.2194798 0.1698281 -0.09441561
0.2789714 -0.2221197 -0.1706444
0.2780155 -0.06966734 -0.1835362
-0.1392564 0.06418434 -0.1469598
0.2731077 -0.2053775 -0.1864093
0.2731878 -0.1902161 -0.1873385
0.2729101 -0.1601283 -0.1858165
0.2728887 -0.1446252 -0.1906816
0.2727072 -0.09199554 -0.1881716
-0.08017559 -0.01144633 -0.1669542
-0.08453335 -0.1907288 -0.1102926
-0.1063809 -0.09712765 -0.1417208
-0.219592 0.1854862 -0.09606045
-0.1054303 -0.3061295 -0.113828
-0.08479503 -0.1436639 -0.1289787
-0.09229828 0.3424992 -0.09137692
-0.08491252 -0.2595719 -0.1072966
0.2626939 -0.2208914 -0.1846843
0.2623575 -0.1749372 -0.1899393
0.262208 -0.128903 -0.1989646
-0.1062688 -0.1131916 -0.1308318
-0.2229778 -0.2975741 -0.05170311
0.2572948 -0.2454732 -0.1646632
0.2572627 -0.2125069 -0.1928017
0.2567073 -0.09150955 -0.1949753
0.256483 -0.06890368 -0.194751
-0.07971631 -0.08901027 -0.1479104
0.2518583 -0.2045925 -0.1968284
0.251682 -0.1592311 -0.1983023
-0.1541561 -0.3198596 -0.1030724
0.2461333 -0.1284758 -0.2049885
-0.1921744 -0.0362792 -0.1488823
-0.170236 -0.1292555 -0.1212458
0.2412255 -0.2282451 -0.185715
-0.07956678 -0.1198831 -0.1411921
-0.1112033 -0.1759199 -0.1077292
0.2361521 -0.2443731 -0.179109
0.2358317 -0.2203199 -0.1923104
0.2357516 -0.1817569 -0.1996321
0.2357676 -0.1742376 -0.2002196
0.2353992 -0.09825984 -0.2058857
0.2351909 -0.07552576 -0.2077442
0.2308652 -0.2839347 -0.1674455
0.2306355 -0.2356522 -0.1898805
0.2301282 -0.1432794 -0.208887
0.2299252 -0.1128978 -0.2121981
0.2298024 -0.0529252 -0.207883
-0.1164369 -0.2154602 -0.09165463
0.2253645 -0.2674757 -0.1773894
0.2250655 -0.2040851 -0.2033383
0.2250067 -0.1585636 -0.2079631
-0.1060872 -0.1602778 -0.1134007
-0.1705137 -0.09740537 -0.1415766
0.2200508 -0.2518497 -0.1818646
0.2197037 -0.1963789 -0.2054478
0.2197091 -0.1739813 -0.203803
0.2193513 -0.09786999 -0.2119257
0.2192498 -0.07499173 -0.2153863
0.2191857 -0.05279168 -0.2108096
0.2141604 -0.1431886 -0.2110712
0.2139681 -0.1199632 -0.2183235
0.2138506 -0.0824095 -0.2171913
0.2136798 -0.02986535 -0.2134157
-0.2285852 -0.2948185 -0.0434789
-0.2725474 0.1453744 -0.07614611
0.2094875 -0.298984 -0.1704415
0.2093701 -0.2673795 -0.1795041
0.2092259 -0.2350754 -0.1973304
0.2087399 -0.1355625 -0.2122995
0.2087559 -0.1123959 -0.2193862
0.2079655 0.07357278 -0.1527381
-0.1055692 -0.2227979 -0.09517928
0.2039923 -0.2517749 -0.1846416
0.2040617 -0.1739226 -0.2087962
0.2032126 -0.09688199 -0.2252874
-0.1189308 0.3264352 -0.0724826
0.1987854 -0.2835503 -0.1722252
0.1983902 -0.1960478 -0.2104731
0.1982834 -0.157864 -0.217437
0.1977493 -0.1193651 -0.2242246
0.1979149 -0.06681558 -0.2243528
-0.1707113 -0.05884239 -0.1521827
0.1933329 -0.2517535 -0.1860141
0.1930818 -0.2112947 -0.2097255
0.1926333 -0.09658292 -0.2296184
0.1925745 -0.08154437 -0.2289936
0.1919817 0.05848619 -0.1599476
0.187624 -0.1734793 -0.2125238
0.187389 -0.1349377 -0.2211699
0.1870846 -0.05912539 -0.2275731
0.1870525 -0.04451942 -0.2242674
-0.1594912 -0.3196673 -0.1043167
-0.1686766 -0.319897 -0.09618329
0.1826574 -0.2596093 -0.1838299
0.1820913 -0.2270008 -0.2032582
0.1824117 -0.1885125 -0.2118883
0.182102 -0.1498267 -0.2231405
0.1819364 -0.1191995 -0.2292233
-0.2731027 0.200199 -0.07318219
0.1773597 -0.267716 -0.179125
0.1770446 -0.2037914 -0.2103823
0.176831 -0.1572605 -0.2245397
0.1721048 -0.2984072 -0.1779074
0.1720353 -0.2755663 -0.1761557
0.1719446 -0.2506053 -0.1972183
0.171763 -0.2421301 -0.2036641
0.171763 -0.2191557 -0.2069431
0.1713464 -0.1347508 -0.2238294
0.1711916 -0.09624651 -0.2349054
0.1709993 -0.05141389 -0.2308895
0.1709726 -0.03659427 -0.2276745
0.1708872 -0.02146494 -0.2263127
0.1663211 -0.1801335 -0.2225905
0.1659099 -0.111472 -0.2335543
0.16097 -0.1955138 -0.2190284
0.1608579 -0.1567959 -0.230569
0.160436 -0.07367262 -0.2356531
0.1561316 -0.3061508 -0.1778913
0.1557899 -0.2340074 -0.2107722
0.1557258 -0.2113321 -0.2110125
0.154898 -0.03612429 -0.2349855
0.150647 -0.2752406 -0.1800649
0.1504708 -0.2419432 -0.2079525
0.1502786 -0.1956473 -0.2192687
0.1501985 -0.172203 -0.2279736
0.1496858 -0.05811608 -0.243135
0.145312 -0.2675451 -0.181635
0.1451571 -0.2500927 -0.2016828
0.1450663 -0.2186911 -0.2128923
0.1447619 -0.156812 -0.2314502
0.1446605 -0.1343182 -0.2307132
0.3649145 -0.2772326 0.09024997
-0.06332664 -0.1752149 -0.112338
0.1400944 -0.3060707 -0.1791891
0.1393842 -0.164139 -0.2336718
0.1392934 -0.1189004 -0.2364007
0.1391225 -0.09591541 -0.2409027
0.1388288 -0.04300809 -0.2449347
0.1332587 0.05123392 -0.1714241
0.1385511 0.06638995 -0.1668527
0.1346846 -0.2674703 -0.184711
0.1343909 -0.2261356 -0.2140298
0.1336646 -0.06550184 -0.2458265
-0.1713468 0.07132986 -0.1387302
0.12818 -0.05025497 -0.248924
0.1239985 -0.2902364 -0.1845508
0.1238383 -0.2580926 -0.1996748
0.1236033 -0.1952361 -0.2246145
0.1234698 -0.1794071 -0.2324969
0.1233897 -0.1639788 -0.2366304
0.1232401 -0.1261153 -0.2400963
0.1229731 -0.08030006 -0.2488545
0.1186421 -0.2825249 -0.1853732
0.118359 -0.2180716 -0.220999
0.1182255 -0.1952147 -0.224481
0.117825 -0.1109326 -0.242147
0.117622 -0.06534165 -0.2487157
0.1171681 0.06642732 -0.1689248
0.1131041 -0.2498683 -0.2072849
0.1127463 -0.1716956 -0.2352472
0.1123778 -0.08791015 -0.2484113
0.1078331 -0.2579804 -0.2001822
0.1073151 -0.1489562 -0.2373246
0.1073471 -0.1414636 -0.2377198
0.1071655 -0.1105534 -0.247669
0.1023485 -0.2339807 -0.2132394
0.1022417 -0.2100504 -0.2269322
0.1021669 -0.187343 -0.2291752
0.1017183 -0.09530658 -0.2503659
0.1016276 -0.06531489 -0.2500935
0.09724309 -0.2748027 -0.1867778
-0.1282659 -0.318925 -0.1085623
0.09153954 -0.2179275 -0.2244115
0.09131524 -0.1560856 -0.2426544
0.09124582 -0.1410578 -0.2426544
0.09118173 -0.1254798 -0.2495435
-0.119278 -0.31916 -0.1163486
0.08656229 -0.2899694 -0.1884226
0.08655161 -0.2671018 -0.1883425
0.08625789 -0.2262638 -0.2169136
0.0856651 -0.08774459 -0.2518078
0.04243459 0.05844876 -0.1693574
0.2182939 -0.3156941 -0.09203379
0.08106702 -0.250114 -0.2050259
0.08080534 -0.2025791 -0.2284382
0.0807199 -0.179044 -0.2393006
0.08037811 -0.1101529 -0.253442
0.08020721 -0.06489301 -0.2565501
0.02090745 -0.2951336 0.1034514
-0.1972531 -0.319128 -0.08315805
0.07564652 -0.2340021 -0.2138162
0.0754062 -0.186809 -0.2364702
0.07526735 -0.1558133 -0.2467024
0.07492022 -0.07249242 -0.2561869
0.1952073 -0.3171681 -0.03537752
0.1943368 -0.3119184 0.08655442
0.07268794 0.438904 -0.1865802
0.07253841 0.4546101 -0.1914399
0.07051974 -0.2818573 -0.1940087
0.06990025 -0.1481712 -0.2488652
0.06968663 -0.1025482 -0.2553325
0.06959051 -0.08021462 -0.2532176
0.06518468 -0.2666158 -0.1937096
0.06511526 -0.2588135 -0.1958831
0.06467734 -0.1869745 -0.2351564
0.06453849 -0.1481658 -0.2486516
0.06412728 -0.05734706 -0.2577303
-0.2157522 -0.3158489 -0.0720073
0.06193772 0.4467116 -0.1805402
0.05948648 -0.2265896 -0.2141046
0.05870678 -0.03521109 -0.2530681
0.05870144 -0.0278734 -0.2502911
-0.1804042 -0.3133924 0.06809802
0.05674686 0.4230057 -0.1690049
0.05448787 -0.2663702 -0.1963264
0.05368681 -0.1101475 -0.2548465
0.05345717 -0.06503722 -0.2559893
0.07166258 -0.2941028 -0.05155892
0.04867751 -0.1797009 -0.2322299
0.04847992 -0.1565182 -0.2406463
0.04839447 -0.1254905 -0.2515568
-0.1916617 -0.3112402 0.08265059
0.04362015 -0.2511447 -0.1961502
0.04294193 -0.102639 -0.2556689
0.1796508 -0.3125433 -0.05268575
0.04072566 0.4229202 -0.1609302
0.0384827 -0.2812592 -0.2014372
0.03822102 -0.2274707 -0.2036908
0.03765494 -0.1257362 -0.2495595
0.03744132 -0.06516537 -0.2550868
0.03746802 -0.05773154 -0.254227
0.03735054 -0.04292798 -0.2510815
-0.185611 -0.09688735 0.1704788
0.03565229 0.3992515 -0.1497421
0.03309958 -0.251337 -0.1944626
0.03303014 -0.2436308 -0.1948738
0.03284324 -0.2122186 -0.2057095
0.03265632 -0.1727584 -0.2260884
0.03243737 -0.1494476 -0.2357973
0.0299701 0.4387278 -0.1581372
0.0277485 -0.2660925 -0.2001875
0.0272198 -0.1576237 -0.2275143
0.0268887 -0.0955202 -0.2515354
0.02643476 0.05090281 -0.1738273
0.03616497 -0.2937557 -0.1384258
0.0215483 -0.08829463 -0.2480802
0.01945487 0.4149524 -0.1513175
0.01705702 -0.2589043 -0.1972076
0.01729201 -0.2445386 -0.18799
0.01685408 -0.2366776 -0.1875201
0.01642686 -0.1190447 -0.2390549
0.01635742 -0.1036536 -0.2438453
0.01609576 -0.0362685 -0.2419654
0.2276823 -0.3141561 0.1339825
0.2099789 -0.313841 0.1781956
0.2133593 -0.3109839 0.1859285
0.2118907 -0.307032 0.1917229
0.1925692 -0.30606 0.1964651
0.2235168 -0.3150853 -0.03159652
0.2687072 -0.3081 0.04977512
0.02726786 -0.3131414 0.2239415
0.1726175 -0.2918866 0.09313913
0.09262899 -0.2967517 -0.1344259
0.05205798 -0.3135419 0.2204916
0.1229464 -0.3115072 0.2060191
0.1000147 -0.3140065 0.2032474
0.1324043 -0.2922978 -0.04091017
0.1569647 -0.3105993 0.04872305
0.09111765 -0.292725 -0.1284393
0.1085541 -0.2933232 0.09095491
0.3009739 -0.3126127 -0.01832029
-0.02538845 -0.3101828 0.2101633
0.06375346 -0.3118544 0.221581
0.06627412 -0.3135206 0.2143768
0.2864373 -0.3157101 0.001519281
0.1877735 -0.3115766 0.1907883
0.1373441 -0.2965167 0.00295585
0.0622795 -0.2946903 -0.01390379
0.1966439 -0.3150105 0.1668793
0.2829928 -0.3117956 0.02685413
0.2092686 -0.3114164 0.1373843
0.2171724 -0.31006 0.118506
0.1948869 -0.3141026 -0.01836301
0.1317153 -0.2934887 -0.01063546
0.01449363 -0.2966769 0.07468805
0.2606218 -0.3131254 0.08178546
0.06426079 -0.2920735 0.1288076
0.2692412 -0.3141507 -0.01332702
0.06874672 -0.2935528 0.1022445
0.02166045 -0.2966235 0.05685114
0.3946284 -0.2797906 0.02971124
0.2767712 -0.3139264 -0.03196501
-0.2288522 0.2881766 -0.1978377
0.280141 -0.3137395 0.04747339
0.06869332 -0.2907598 0.1477447
0.1966546 -0.3149037 -0.06703539
0.2291776 -0.315662 -0.08989763
0.1802969 -0.308789 0.1963316
0.1659793 -0.3140546 0.05368428
0.1673945 -0.3081267 0.06796984
0.2097492 -0.3172214 -0.04236276
0.217386 -0.3128957 0.1018013
0.1062737 -0.291171 0.1270613
0.1349943 -0.291438 0.11394
-0.2869664 0.09184226 0.1168825
-0.3316014 0.1127499 0.1663827
0.1474054 -0.291454 -0.04857364
0.1079239 -0.3061562 0.2170417
0.2958364 -0.3148076 0.02243228
0.2724615 -0.311315 0.08257049
0.2616472 -0.311347 0.109438
0.2465659 -0.3127409 0.1462227
0.2362803 -0.3119184 0.1722892
0.1727296 -0.2927037 -0.1122472
0.139288 -0.3145085 0.1929565
0.08184138 -0.2928318 0.1139079
0.1921419 -0.3158917 0.06063747
0.1486604 -0.3091254 0.02634679
0.3137588 -0.3122175 -0.006128166
0.1098624 -0.29398 0.04353752
0.2108173 -0.308335 0.1060041
0.160954 -0.3077636 0.200919
-0.3253158 0.1155109 0.1082631
0.2564189 -0.3111441 0.1371707
0.2615244 -0.3151654 -0.02389033
0.1438434 -0.2978251 -0.01396253
0.1790847 -0.3142522 0.1817737
0.04535045 -0.293478 0.1165942
-0.1833681 -0.3066795 0.1819179
0.05829023 -0.2955608 0.02477137
0.1938135 -0.2970401 -0.09404178
0.3952479 -0.2678655 0.07828215
0.1825666 -0.2935795 0.09669583
0.1597738 -0.3152401 -0.004691601
0.1626736 -0.3134084 -0.02554051
0.1788283 -0.3170559 0.04929981
-0.3190249 0.1027848 0.1295767
0.1574561 -0.2900015 0.1172831
0.2019896 -0.2945782 0.1208558
0.29103 -0.3103644 0.0661007
0.168767 -0.2894567 -0.08598312
0.1481584 -0.2933178 -0.03683011
0.2021178 -0.3160038 -0.1250802
-0.3041304 0.1006753 0.1057371
0.1638378 -0.2959239 -0.1210909
0.1295899 -0.2941296 0.008921072
0.2497488 -0.307016 0.170671
-0.3174548 0.09844837 0.1523908
-0.3220315 0.1032867 0.1665376
-0.3250381 0.1113454 0.1784627
0.2465606 -0.2995875 0.1826389
0.1694773 -0.2943111 0.0850057
0.2073621 -0.3126341 -0.107067
-0.2655301 -0.128604 0.03063513
0.1594854 -0.3143536 -0.1350133
0.1351866 -0.2917317 -0.1206156
0.1362226 -0.2966342 -0.1259026
-0.3112706 0.09621605 0.1651117
-0.3151904 0.1024109 0.1782811
0.04786578 -0.2951816 0.08018333
0.1489542 -0.2895902 -0.1098227
0.1005328 -0.2942844 -0.006534036
0.08792944 -0.2941402 -0.01891308
0.158914 -0.3085753 -0.1304473
0.02801552 -0.3023271 0.2419493
0.04974559 -0.3114645 0.22737
-0.2966966 0.08977017 0.154543
0.1678538 -0.3171467 0.01807985
0.1155393 -0.2909948 -0.1151791
0.1321105 -0.314626 -0.1401561
-0.01322302 -0.3055901 0.2267826
0.01936407 -0.2916997 0.1384097
-0.2815726 0.08815202 0.1306127
-0.3038902 0.1067527 0.1963904
0.3260951 -0.3095473 -0.006085444
0.1232188 -0.3178409 -0.1489891
-0.3045844 0.1216845 0.207226
-0.283399 0.08775684 0.1496085
-0.2962427 0.09718803 0.1867403
0.1448207 -0.2903219 -0.09996963
-0.2869771 0.09088632 0.1748472
-0.2937434 0.1054977 0.1997174
-0.2794685 -0.08835873 0.08716322
0.1257501 -0.3095259 -0.1361295
-0.2690494 0.08081433 0.1393977
-0.2890011 0.111308 0.2056453
-0.2695193 -0.1230126 0.04385795
0.1844197 -0.2980227 -0.1150562
0.2847124 -0.2987383 0.102848
-0.2764298 0.1008782 0.1977255
0.1679393 -0.3147542 0.1799366
-0.2501498 -0.1403315 0.01583154
-0.2656903 -0.1166254 0.06737171
-0.2706622 0.1086538 0.2024891
-0.2310151 -0.1542485 -0.0257114
-0.1832559 -0.315897 0.08846629
-0.2515916 0.0796341 0.1537686
-0.2653592 0.09425077 0.196134
-0.2431111 -0.1471672 0.02310517
-0.256649 -0.1263503 0.06826357
-0.2652364 -0.09600618 0.1060362
-0.2458614 0.07320961 0.1505591
-0.2564835 0.08695045 0.1848337
-0.2615301 0.1053054 0.2071406
-0.2334023 -0.1592472 0.007324293
-0.2470309 -0.138409 0.05252007
-0.2585876 -0.1141048 0.09483203
-0.2369322 0.08352193 0.1635095
-0.2488841 0.09502515 0.1992314
-0.2540375 0.1128835 0.2219068
-0.2351165 -0.1561925 0.0421864
-0.2545235 -0.09361368 0.1248771
0.4116483 -0.2679189 0.05186854
-0.2391538 0.08959398 0.1867403
-0.2481257 0.1068702 0.2185049
-0.2489749 0.1122693 0.2235516
-0.213034 -0.171717 -0.007212266
-0.2265719 -0.1635942 0.03162844
-0.232959 -0.1558987 0.0518632
-0.2494555 -0.1076963 0.1192377
0.08574521 -0.2951923 0.05902468
-0.240019 0.0981386 0.2082621
0.3159003 -0.3111922 0.0329849
-0.1922278 -0.1693886 -0.04283806
-0.2392607 -0.1315465 0.09518984
-0.2444355 -0.1146976 0.1170214
-0.2322327 0.09574613 0.2023769
-0.2138617 -0.3198756 -0.05684058
-0.2238109 -0.3184604 -0.03131348
-0.2111328 -0.174777 0.01568201
-0.2228923 -0.1637918 0.05140392
-0.2246333 -0.1604274 0.05751335
-0.2282755 -0.1475196 0.07373746
-0.2417653 -0.1069593 0.1295767
-0.1843934 -0.1750441 -0.03618926
-0.2319283 -0.1315892 0.1061323
-0.1917098 -0.1788197 -0.005428575
-0.2076509 -0.1752523 0.03603426
-0.1555873 -0.1829211 0.06322223
-0.2181073 -0.1457466 0.09315515
-0.1963666 -0.3211039 -0.04254967
0.3977098 -0.2594917 0.09078935
-0.1980915 -0.1777249 0.04029591
-0.206476 -0.1670335 0.06704595
-0.2122009 -0.1514929 0.08997762
-0.2207402 -0.1279952 0.124076
-0.2237521 -0.1138698 0.1392855
-0.2249324 -0.1027404 0.1482574
-0.1766552 -0.321216 -0.0770967
-0.1821451 -0.1846941 0.01139368
0.3127494 -0.3069893 0.05775901
-0.2051035 -0.3178676 0.01014936
-0.1660652 -0.1848063 -0.01408002
-0.2088791 -0.1392314 0.1175661
-0.2148497 -0.1108578 0.1479156
0.2982663 -0.2940067 0.1012939
0.1934664 -0.2902471 0.115227
-0.2025561 -0.3166767 0.01913725
-0.176009 -0.1868623 0.02419995
0.1954209 -0.2933018 0.1087064
-0.16065 -0.1882882 -0.0002163462
-0.1808207 -0.1794606 0.05488587
-0.1866524 -0.1705742 0.07422879
-0.1902412 -0.1640962 0.08671464
-0.1476088 -0.3211146 -0.0908322
-0.1690345 -0.3207514 -0.03732676
0.2487128 -0.3155552 -0.03608245
-0.1583483 -0.1909211 0.02184483
0.3352646 -0.3090346 0.01526012
-0.1592241 -0.1894097 0.03953756
-0.1819315 -0.1526785 0.1161562
-0.1859154 -0.1403956 0.1327649
0.2383524 -0.3151173 -0.06852002
-0.1850449 -0.1091596 0.162372
-0.1219535 -0.3206019 -0.0959216
-0.1577075 -0.3201533 -0.006699588
-0.1646286 -0.1669694 0.09452763
-0.1766872 -0.1367694 0.1409197
-0.1275075 -0.3207728 -0.06755875
-0.1627167 -0.3197795 0.02057916
-0.1751118 -0.316602 0.05315024
-0.08510478 -0.3200786 -0.1580892
-0.09580159 -0.3194217 -0.1311148
-0.1325275 -0.3201373 -0.04011979
-0.1584818 -0.1625529 0.1108639
-0.1643456 -0.1471832 0.133833
-0.09823146 -0.3203883 -0.1110029
-0.112752 -0.3202922 -0.07479499
-0.1683882 -0.3177555 0.06501126
-0.1914 -0.3153523 0.1235954
-0.1974774 -0.3132535 0.1390345
-0.1565486 -0.1559041 0.1242897
-0.1631974 -0.12211 0.1594402
-0.1644577 -0.1111676 0.1685295
-0.0632572 -0.3203562 -0.1833386
-0.1124636 -0.3198222 -0.04597287
-0.1270696 -0.3203402 -0.009919848
-0.1483778 -0.3203669 0.04310495
-0.1709997 -0.316901 0.1012726
-0.1873734 -0.3152615 0.1429276
-0.1248694 -0.3196727 -0.0004513264
-0.06480058 -0.3191921 -0.1350453
-0.1161752 -0.3202708 -0.007746305
-0.1407891 -0.3198329 0.05370031
-0.1565539 -0.3166287 0.09473057
-0.1856911 -0.3131574 0.1690636
-0.1875176 -0.3102682 0.1752584
-0.04512656 -0.3202014 -0.1699555
-0.1344661 -0.1388255 0.1517767
-0.134402 -0.1254104 0.1591624
-0.06749748 -0.3171627 -0.09795095
-0.07959883 -0.3192722 -0.06903804
-0.08684039 -0.3192615 -0.05095012
-0.1017188 -0.3201907 -0.01449657
-0.1327304 -0.3184871 0.0636548
-0.1365916 -0.31916 0.072883
-0.04642962 -0.3154431 -0.1348531
-0.0515831 -0.311379 -0.1198145
-0.09277892 -0.3203776 -0.0221814
-0.09567876 -0.3190639 -0.01428829
0.3158736 -0.2948719 0.08624467
-0.1220923 -0.1424783 0.1481452
-0.0286461 -0.319945 -0.1669275
-0.03181295 -0.3189624 -0.158495
-0.03675282 -0.3144284 -0.1437716
-0.1678809 -0.3141294 0.1827617
-0.1166024 -0.1222809 0.1603373
-0.03892635 -0.2946636 -0.1128293
-0.01750068 -0.3194911 -0.1651652
-0.02148995 -0.3132001 -0.1518409
-0.02679831 -0.2958866 -0.1291068
-0.1236891 -0.3159077 0.1010269
-0.1371149 -0.3150799 0.134901
-0.1509465 -0.3152668 0.1692238
-0.1595819 -0.3125219 0.1922409
0.2125423 -0.3168529 -0.1222498
-0.01782645 -0.2961749 -0.1369732
-0.07365496 -0.3185245 -0.01031504
-0.01424839 -0.2928105 -0.1294166
-0.003989488 -0.2975421 -0.1429011
-0.140976 -0.3143803 0.1887643
0.00500375 -0.3181453 -0.1619663
0.003481731 -0.3141294 -0.1560171
-0.05790079 -0.3195445 -0.00619759
-0.1186905 -0.3146367 0.1477767
0.00810118 -0.2953472 -0.1425379
0.005874231 -0.2926396 -0.1355046
-0.1010726 -0.314845 0.1330159
-0.1217132 -0.3149624 0.1843478
0.02441075 -0.3193256 -0.1670343
0.02066714 -0.3125753 -0.1540571
-0.08871488 -0.3148717 0.1169092
-0.0397274 -0.3194591 0.007051937
-0.07813555 -0.3183056 0.1032645
0.00437358 -0.2946957 -0.07445855
-0.07469633 -0.3154644 0.1109494
-0.1400468 -0.1932655 0.04348412
3 8 3758 9
3 8 10 19
3 11 13 12
3 7 19 20
3 0 3775 1
3 23 2 3
3 4 6 5
3 9 27 10
3 8 9 10
3 11 12 27
3 13 14 17
3 14 15 16
3 7 20 21
3 6 21 5
3 26 5 22
3 3 22 23
3 24 1 2
3 0 25 3775
3 23 24 2
3 9 18 27
3 18 11 27
3 13 17 12
3 14 16 17
3 24 0 1
3 6 7 21
3 7 8 19
3 3 26 22
3 26 4 5
3 28 29 30
3 2177 37 38
3 29 32 31
3 33 34 4048
3 34 2767 35
3 36 37 2177
3 36 41 40
3 28 34 32
3 28 32 29
3 34 36 2767
3 36 40 39
3 36 39 37
3 28 36 34
3 32 34 33
3 41 36 28
3 43 44 45
3 43 46 44
3 48 51 49
3 54 58 1945
3 55 42 3753
3 43 56 46
3 49 51 50
3 50 51 52
3 55 43 42
3 43 47 56
3 48 54 53
3 48 53 51
3 54 55 58
3 55 47 43
3 51 53 57
3 55 48 47
3 48 55 54
3 70 59 60
3 65 66 67
3 65 215 66
3 68 4038 69
3 63 64 67
3 64 65 67
3 70 60 61
3 63 67 68
3 69 70 61
3 62 68 69
3 62 63 68
3 61 62 69
3 72 276 2098
3 394 1848 118
3 238 2087 263
3 2115 1669 1998
3 74 133 197
3 133 492 197
3 492 151 491
3 151 87 88
3 88 87 91
3 2045 1033 228
3 1901 166 254
3 313 1179 1942
3 97 265 96
3 1945 58 55
3 2087 238 1983
3 1879 101 1034
3 877 859 258
3 257 491 128
3 112 274 611
3 115 2054 116
3 2128 263 216
3 104 783 193
3 3508 125 3671
3 211 2340 1166
3 75 107 280
3 76 75 280
3 1314 96 2212
3 153 474 401
3 107 137 863
3 262 371 878
3 275 878 2105
3 108 422 183
3 202 275 209
3 133 541 492
3 226 492 257
3 1786 145 1164
3 492 491 257
3 317 1901 299
3 141 176 149
3 119 1063 226
3 190 150 3702
3 176 153 401
3 155 199 154
3 2399 2258 172
3 316 141 108
3 2109 2063 2181
3 176 401 174
3 213 448 115
3 2301 2260 217
3 151 88 446
3 15 1787 201
3 485 167 1904
3 302 275 202
3 87 562 91
3 119 226 135
3 194 183 119
3 100 202 82
3 187 175 958
3 1686 94 205
3 293 487 1952
3 173 944 297
3 447 143 182
3 119 135 352
3 480 537 1874
3 88 91 612
3 356 352 203
3 84 688 2256
3 2252 2351 1513
3 2294 2296 2265
3 316 143 153
3 316 153 176
3 195 388 171
3 439 2236 1214
3 135 199 155
3 204 1627 265
3 448 2054 115
3 286 1167 562
3 83 1971 1964
3 208 399 1360
3 2482 179 164
3 2244 291 2265
3 99 1961 2095
3 278 136 3206
3 222 3062 223
3 3275 401 373
3 2396 1193 1797
3 2296 192 2265
3 423 234 356
3 1952 487 1904
3 2656 372 1105
3 2376 2502 138
3 1214 2236 514
3 108 74 197
3 2173 2055 146
3 148 253 121
3 3115 3127 3358
3 356 203 354
3 354 203 812
3 94 2327 205
3 260 797 2317
3 2285 241 211
3 440 161 1071
3 269 233 247
3 269 270 233
3 1396 469 1007
3 2145 1616 274
3 449 447 494
3 447 182 494
3 81 2247 156
3 1990 2018 2831
3 106 236 237
3 3431 2337 3479
3 452 2492 2563
3 246 287 229
3 287 268 230
3 229 287 230
3 268 288 247
3 230 268 247
3 288 289 247
3 289 269 247
3 226 257 199
3 487 1909 485
3 98 1140 204
3 401 474 335
3 389 117 2128
3 1552 1681 1633
3 487 485 1904
3 287 306 268
3 289 307 269
3 308 270 269
3 307 308 269
3 308 344 270
3 344 271 270
3 3526 341 2644
3 940 2020 1669
3 2393 133 74
3 2298 2056 1922
3 192 2244 2265
3 262 490 371
3 879 89 296
3 2888 643 2737
3 1891 1928 170
3 306 342 268
3 342 288 268
3 344 309 271
3 1185 1794 571
3 352 135 203
3 401 335 373
3 3407 338 1873
3 672 3011 1741
3 3423 1751 1583
3 2020 2305 3192
3 342 325 288
3 288 325 289
3 289 325 307
3 344 345 309
3 492 541 151
3 241 689 211
3 330 2995 2202
3 1396 1185 416
3 332 653 333
3 542 562 87
3 902 2254 1032
3 254 389 245
3 1997 1128 2745
3 148 2274 748
3 203 155 812
3 773 357 243
3 3435 3526 1342
3 318 1406 2560
3 3150 2618 3430
3 322 358 306
3 358 359 306
3 359 342 306
3 342 343 325
3 307 344 308
3 2763 1868 340
3 562 368 91
3 2215 122 1928
3 135 155 203
3 3275 373 3034
3 2306 1895 353
3 262 111 490
3 3200 334 221
3 1971 490 317
3 2184 362 1276
3 322 320 358
3 604 367 361
3 307 412 344
3 171 560 196
3 166 1892 254
3 2343 109 2572
3 109 2347 137
3 2347 109 2343
3 571 196 957
3 173 766 509
3 340 3456 357
3 496 938 312
3 1061 400 1048
3 400 2254 1048
3 474 495 335
3 423 356 354
3 294 1191 2180
3 198 298 372
3 2561 379 3380
3 320 407 358
3 734 408 360
3 2458 2506 2663
3 412 414 344
3 344 414 345
3 391 1807 392
3 1093 1220 2240
3 1418 137 2347
3 2888 2052 643
3 2052 2888 395
3 1048 2254 902
3 234 182 194
3 402 1569 1448
3 430 404 377
3 357 1887 243
3 433 407 320
3 550 534 411
3 388 1826 1710
3 508 625 533
3 631 503 1073
3 242 2260 2301
3 2260 242 2269
3 612 91 1044
3 194 119 352
3 2215 295 122
3 474 1075 495
3 426 450 451
3 364 1175 2502
3 304 426 451
3 243 1887 1926
3 3413 2597 2533
3 456 358 407
3 456 1445 359
3 358 456 359
3 359 1445 342
3 1445 1434 343
3 342 1445 343
3 1445 1446 1434
3 367 604 409
3 828 2719 714
3 1081 515 1584
3 393 1207 539
3 1826 442 1710
3 141 316 176
3 477 430 377
3 1438 407 433
3 454 455 1621
3 459 3859 904
3 738 1008 735
3 1008 795 681
3 641 483 410
3 462 511 383
3 576 463 767
3 2426 1349 301
3 512 576 767
3 417 539 499
3 1577 1267 467
3 508 966 436
3 966 470 436
3 627 557 791
3 2119 473 2215
3 491 151 446
3 422 1063 119
3 497 476 451
3 450 497 451
3 546 377 2586
3 546 524 377
3 524 477 377
3 418 1058 1172
3 385 384 860
3 1432 2218 2226
3 561 571 957
3 1407 417 499
3 2706 1577 467
3 489 667 420
3 209 275 2105
3 183 194 182
3 497 523 476
3 693 418 1172
3 489 1097 667
3 733 507 431
3 531 532 598
3 408 461 722
3 575 510 462
3 510 511 462
3 657 575 463
3 657 463 576
3 416 561 1432
3 1407 499 1045
3 2000 536 513
3 2393 207 133
3 207 541 133
3 267 519 520
3 474 447 1075
3 476 523 451
3 523 546 451
3 526 550 411
3 1486 535 180
3 1407 1045 1577
3 2000 538 536
3 1364 1046 1767
3 541 670 151
3 670 542 151
3 151 542 87
3 1063 492 226
3 143 183 182
3 170 1923 1151
3 2056 2256 543
3 544 564 2562
3 564 590 522
3 2562 564 522
3 602 497 522
3 565 523 497
3 566 546 523
3 679 550 526
3 527 885 504
3 666 1122 420
3 885 884 504
3 461 885 722
3 552 504 577
3 1354 762 1355
3 408 722 360
3 573 360 510
3 555 1046 679
3 860 1088 558
3 196 560 1312
3 1167 368 562
3 587 589 544
3 590 602 522
3 602 565 497
3 566 523 565
3 532 573 598
3 708 553 628
3 759 705 458
3 682 501 762
3 2103 2423 102
3 583 74 141
3 544 589 564
3 566 621 546
3 621 524 546
3 621 1541 524
3 504 884 682
3 549 593 568
3 605 642 1156
3 980 1480 591
3 510 360 511
3 1148 1294 1092
3 245 389 2128
3 1983 2132 106
3 587 637 589
3 564 618 590
3 1580 1528 1415
3 553 1353 628
3 517 528 1008
3 2100 878 275
3 631 1073 597
3 1008 738 517
3 680 470 437
3 982 736 478
3 721 982 779
3 724 398 3185
3 658 2184 1447
3 674 564 589
3 564 674 618
3 638 590 618
3 638 602 590
3 619 565 602
3 619 620 565
3 620 566 565
3 296 2330 879
3 2212 96 1707
3 241 214 689
3 2380 240 601
3 100 86 302
3 1409 2560 213
3 637 674 589
3 650 618 674
3 618 651 638
3 676 619 602
3 677 566 620
3 677 621 566
3 621 652 1541
3 1543 1541 639
3 578 644 678
3 642 680 837
3 360 383 511
3 507 551 774
3 837 528 517
3 499 539 1005
3 645 568 1650
3 568 737 1650
3 481 777 660
3 794 1767 1046
3 2451 397 792
3 413 417 1407
3 369 75 76
3 1607 298 198
3 673 700 637
3 587 673 637
3 651 618 650
3 676 602 638
3 702 619 676
3 677 620 619
3 1541 703 639
3 1358 941 1350
3 533 793 792
3 1156 837 517
3 663 664 3143
3 427 669 1169
3 660 432 481
3 143 108 183
3 123 400 1103
3 2602 406 3741
3 673 3727 3988
3 674 675 650
3 675 651 650
3 702 717 619
3 717 677 619
3 652 703 1541
3 669 187 958
3 659 623 1480
3 712 665 666
3 1435 367 1553
3 968 760 1355
3 547 501 500
3 648 516 660
3 554 533 792
3 533 625 793
3 552 527 504
3 641 709 483
3 780 627 791
3 541 240 670
3 341 3442 2644
3 2602 2535 2551
3 700 692 674
3 637 700 674
3 674 692 675
3 651 716 638
3 638 716 676
3 701 702 676
3 677 732 621
3 732 652 621
3 648 462 516
3 667 816 420
3 397 554 792
3 1786 695 145
3 713 688 324
3 214 2294 2265
3 1167 142 368
3 448 1831 2054
3 2918 2070 2560
3 3399 2714 2633
3 3988 691 673
3 406 2602 2551
3 699 673 691
3 673 699 700
3 700 715 692
3 692 730 675
3 675 730 651
3 651 730 716
3 718 677 717
3 732 703 652
3 703 704 1581
3 528 410 795
3 684 526 411
3 367 1171 361
3 736 630 478
3 534 595 529
3 1355 760 597
3 2033 2894 2150
3 1188 645 1650
3 742 713 324
3 1567 742 324
3 1103 400 1061
3 600 3741 378
3 2081 1208 2998
3 3056 699 691
3 699 729 700
3 715 730 692
3 676 716 701
3 702 731 717
3 677 718 732
3 552 577 1353
3 575 462 648
3 397 2451 623
3 816 666 420
3 722 885 527
3 654 527 708
3 609 1186 2387
3 558 2231 778
3 369 2253 107
3 2253 1180 107
3 2256 688 520
3 753 699 3056
3 700 729 715
3 729 754 715
3 715 754 730
3 716 756 701
3 701 756 702
3 731 757 717
3 732 758 703
3 683 640 628
3 774 551 720
3 574 734 360
3 547 526 684
3 556 763 555
3 514 740 739
3 2193 2208 1220
3 742 1494 713
3 743 744 2944
3 737 593 723
3 2517 3865 904
3 1609 2517 904
3 649 3431 3483
3 727 3440 751
3 801 752 310
3 769 699 753
3 769 729 699
3 787 754 729
3 730 755 716
3 716 755 756
3 702 756 731
3 731 756 757
3 757 770 718
3 717 757 718
3 770 771 718
3 771 772 732
3 718 771 732
3 1502 719 704
3 968 631 760
3 644 762 678
3 411 534 631
3 1358 1156 941
3 1088 1495 558
3 552 1353 553
3 432 660 640
3 435 1204 427
3 782 267 745
3 600 378 375
3 787 729 769
3 831 754 787
3 732 772 758
3 703 758 704
3 1226 512 767
3 461 409 884
3 507 733 723
3 721 736 982
3 530 463 777
3 1227 595 679
3 1893 1977 2107
3 848 1308 2225
3 1922 103 1737
3 440 415 558
3 1494 799 745
3 745 799 782
3 478 630 1642
3 609 784 1186
3 2455 1542 1750
3 2637 177 826
3 3150 3559 752
3 753 806 769
3 755 730 754
3 832 756 755
3 832 833 756
3 807 757 756
3 772 808 758
3 1171 556 547
3 332 788 766
3 463 575 648
3 658 1447 2369
3 579 431 623
3 424 1765 1743
3 798 506 509
3 197 492 1063
3 1970 177 2637
3 402 1674 1569
3 3383 615 727
3 806 830 769
3 833 807 756
3 834 770 757
3 807 834 757
3 770 835 771
3 771 835 772
3 835 808 772
3 551 874 720
3 722 527 654
3 941 517 738
3 471 489 420
3 1020 980 591
3 992 818 819
3 820 871 606
3 347 592 3260
3 1675 2235 707
3 186 601 1192
3 121 2376 138
3 295 112 611
3 301 828 1281
3 829 2657 2659
3 830 842 769
3 842 787 769
3 842 866 787
3 866 831 787
3 831 843 754
3 843 832 755
3 754 843 755
3 834 855 835
3 770 834 835
3 846 808 835
3 128 836 1225
3 500 501 682
3 708 527 553
3 1214 712 816
3 774 720 508
3 858 877 797
3 817 858 797
3 877 258 797
3 1421 1813 1510
3 1494 861 799
3 850 782 799
3 850 800 782
3 851 823 800
3 136 296 89
3 225 2324 1537
3 494 182 423
3 854 806 805
3 854 830 806
3 866 843 831
3 844 833 832
3 833 845 807
3 845 834 807
3 856 808 846
3 871 847 1000
3 808 871 1000
3 1244 944 789
3 463 648 777
3 706 1419 442
3 507 774 431
3 274 1186 2145
3 849 861 1494
3 861 850 799
3 862 800 850
3 862 851 800
3 2184 453 824
3 280 107 863
3 854 865 830
3 865 842 830
3 843 867 832
3 867 844 832
3 868 833 844
3 833 868 845
3 845 869 834
3 870 835 855
3 870 846 835
3 856 871 808
3 795 410 681
3 557 579 623
3 1008 505 735
3 737 568 593
3 1874 537 1248
3 861 890 850
3 890 862 850
3 3275 174 401
3 153 143 447
3 182 234 423
3 853 864 854
3 866 842 865
3 867 894 844
3 845 868 869
3 834 869 855
3 595 813 780
3 642 837 1156
3 838 471 594
3 1963 321 498
3 1156 517 941
3 679 595 534
3 594 471 603
3 880 889 861
3 849 880 861
3 861 889 890
3 194 352 356
3 864 883 854
3 883 865 854
3 883 893 865
3 893 866 865
3 867 843 866
3 894 868 844
3 868 895 869
3 869 900 855
3 896 870 855
3 846 915 856
3 856 915 871
3 2684 1969 594
3 623 431 554
3 814 815 667
3 577 626 1353
3 858 1443 877
3 877 139 859
3 888 1940 2115
3 720 874 721
3 763 1427 794
3 410 483 681
3 907 862 890
3 907 891 862
3 97 204 265
3 474 153 447
3 910 899 853
3 853 899 864
3 864 911 883
3 911 892 883
3 892 893 883
3 893 913 866
3 913 867 866
3 895 900 869
3 855 900 896
3 896 915 846
3 870 896 846
3 934 606 871
3 978 1102 2220
3 1029 1030 816
3 815 1029 816
3 1205 1214 816
3 1443 920 877
3 920 139 877
3 1931 1333 262
3 1940 876 2115
3 1910 302 86
3 1030 1205 816
3 605 793 642
3 863 137 1418
3 899 911 864
3 911 912 892
3 867 913 894
3 894 931 868
3 1771 443 469
3 432 640 683
3 1214 739 712
3 1214 514 739
3 1452 630 736
3 920 942 139
3 942 921 139
3 1088 1441 1821
3 1448 1569 2369
3 515 1105 390
3 506 1281 173
3 889 906 890
3 890 906 907
3 907 927 891
3 927 908 909
3 891 927 909
3 1564 1242 535
3 910 452 909
3 910 928 899
3 892 912 893
3 912 913 893
3 913 929 894
3 929 930 894
3 894 930 931
3 931 895 868
3 931 953 895
3 953 900 895
3 900 914 896
3 896 914 915
3 932 933 915
3 933 871 915
3 662 694 1826
3 195 662 1826
3 2379 313 1810
3 516 462 383
3 943 903 1842
3 332 333 1884
3 948 926 906
3 926 907 906
3 960 949 909
3 908 960 909
3 909 949 910
3 950 911 899
3 962 912 911
3 950 962 911
3 912 929 913
3 953 954 900
3 954 914 900
3 2210 390 2225
3 604 361 500
3 640 708 628
3 903 943 920
3 947 2433 2243
3 99 355 1961
3 949 928 910
3 961 972 928
3 972 899 928
3 972 950 899
3 962 951 912
3 951 975 929
3 912 951 929
3 929 952 930
3 952 931 930
3 952 953 931
3 954 915 914
3 933 964 871
3 964 934 871
3 2426 301 537
3 86 879 1910
3 653 1219 979
3 948 971 926
3 926 971 907
3 907 984 927
3 960 908 927
3 984 960 927
3 949 961 928
3 962 974 951
3 963 954 953
3 915 990 932
3 964 314 934
3 314 965 934
3 685 978 2220
3 779 470 966
3 528 1090 410
3 548 530 1335
3 501 684 762
3 942 969 921
3 969 983 90
3 921 969 90
3 178 90 983
3 2181 2306 2036
3 435 1933 1204
3 970 971 948
3 959 970 948
3 971 993 907
3 907 993 984
3 985 949 960
3 985 986 961
3 949 985 961
3 961 994 972
3 972 1003 950
3 973 962 950
3 1003 973 950
3 962 973 974
3 974 987 951
3 951 987 975
3 929 975 952
3 975 996 952
3 996 989 952
3 989 953 952
3 989 963 953
3 963 976 954
3 954 976 915
3 976 990 915
3 932 998 933
3 933 998 964
3 409 682 884
3 980 659 1480
3 598 510 575
3 577 644 578
3 796 779 982
3 204 225 1537
3 219 572 1176
3 993 1001 984
3 1011 960 984
3 1011 985 960
3 975 988 996
3 997 963 989
3 932 990 998
3 2008 1775 2071
3 529 595 780
3 503 529 1073
3 409 604 682
3 779 796 437
3 969 991 983
3 1012 961 986
3 994 1003 972
3 1004 974 973
3 1003 1004 973
3 1004 987 974
3 1004 995 987
3 987 995 975
3 1015 988 975
3 1016 976 963
3 1016 990 976
3 998 1006 964
3 1006 314 964
3 1006 142 314
3 282 188 1050
3 528 795 1008
3 791 980 705
3 1009 983 991
3 1052 1011 984
3 1002 985 1011
3 1002 986 985
3 1002 1012 986
3 1012 994 961
3 995 1015 975
3 1015 1027 988
3 988 1027 996
3 1028 989 996
3 997 1016 963
3 1042 990 1016
3 505 1320 761
3 709 282 483
3 983 1009 999
3 1022 1021 1047
3 108 197 422
3 1037 984 1001
3 1037 1052 984
3 1013 1003 994
3 1012 1013 994
3 1026 1004 1003
3 1026 1014 1004
3 1014 995 1004
3 1014 1015 995
3 1028 1041 989
3 1041 997 989
3 1595 184 1019
3 1172 1058 697
3 577 504 644
3 720 721 966
3 579 460 431
3 1021 1022 999
3 1009 1021 999
3 3206 136 82
3 1036 1037 1001
3 1095 1011 1052
3 1039 1002 1011
3 1039 1012 1002
3 1039 1053 1012
3 1053 1013 1012
3 1056 996 1027
3 1056 1028 996
3 1041 1016 997
3 1043 1044 990
3 1044 998 990
3 1044 1006 998
3 1176 1057 563
3 682 762 644
3 1164 1031 981
3 721 779 966
3 779 437 470
3 354 812 1050
3 2433 2432 2243
3 2029 2642 1762
3 1038 1039 1011
3 1013 1054 1003
3 1054 1026 1003
3 1054 1055 1026
3 1055 1014 1026
3 1055 1040 1014
3 1040 1066 1015
3 1014 1040 1015
3 1015 1066 1027
3 1087 990 1042
3 1087 1043 990
3 574 360 573
3 780 791 482
3 777 481 530
3 557 460 579
3 361 1171 547
3 2717 1595 126
3 789 1125 1244
3 1032 1047 902
3 74 108 141
3 257 128 154
3 194 356 234
3 1077 1052 1037
3 1095 1038 1011
3 1054 1013 1053
3 1067 1027 1066
3 1067 1056 1027
3 1056 1085 1028
3 1085 1041 1028
3 1068 1016 1041
3 1068 1042 1016
3 1828 1467 1421
3 1787 2046 2999
3 1060 266 2243
3 554 431 533
3 243 2125 710
3 966 508 720
3 1140 225 204
3 83 490 1971
3 818 351 1062
3 1053 1039 1038
3 1095 1053 1038
3 1078 1054 1053
3 1054 1064 1055
3 1064 1065 1055
3 1055 1065 1040
3 1040 1065 1066
3 1087 1042 1068
3 1144 1044 1043
3 605 647 1069
3 1432 811 2218
3 1101 1207 1089
3 1388 657 576
3 1328 759 458
3 968 1355 762
3 902 1092 1048
3 135 226 199
3 86 100 89
3 1077 1094 1052
3 1094 1095 1052
3 1095 1078 1053
3 1079 1054 1078
3 1035 331 646
3 1067 1116 1056
3 1056 1116 1085
3 1085 1068 1041
3 1086 1099 1068
3 1099 1087 1068
3 2432 1060 2243
3 874 1690 790
3 684 411 968
3 529 482 705
3 525 596 809
3 1048 1549 1061
3 1079 1064 1054
3 199 257 154
3 444 266 2039
3 1848 394 169
3 2173 146 2785
3 2350 2354 2399
3 2532 2559 1236
3 1115 1067 1066
3 1067 1115 1116
3 1085 1130 1068
3 1144 1043 1087
3 626 578 1347
3 2225 390 848
3 980 557 659
3 1075 447 449
3 1094 1077 2509
3 1110 1111 1095
3 1094 1110 1095
3 1111 1113 1078
3 1095 1111 1078
3 1078 1113 1079
3 981 498 445
3 2490 1129 188
3 1129 354 188
3 145 1963 1031
3 1116 1130 1085
3 1130 1131 1068
3 1068 1131 1086
3 1131 1132 1086
3 1132 1099 1086
3 1143 1087 1099
3 1132 1143 1099
3 1143 1144 1087
3 1145 1044 1144
3 3023 327 2790
3 383 722 654
3 331 1118 646
3 460 733 431
3 598 573 510
3 640 654 708
3 2324 1200 1242
3 1124 687 2384
3 181 76 277
3 750 2311 77
3 2619 1126 1111
3 1111 1126 1113
3 2121 403 1151
3 127 1686 2261
3 1963 498 1031
3 1141 1130 1116
3 1131 1142 1132
3 1060 1938 266
3 2363 901 1743
3 837 956 528
3 529 705 759
3 802 747 1138
3 482 791 705
3 1205 624 439
3 380 1835 2699
3 471 420 603
3 1159 1124 1123
3 1160 687 1124
3 1160 1107 687
3 1228 2299 1724
3 2167 3268 3245
3 1129 423 354
3 740 514 2300
3 495 1114 1098
3 345 326 309
3 545 1131 1130
3 545 1142 1131
3 361 547 500
3 508 436 625
3 1137 1159 1123
3 1159 1160 1124
3 1173 1107 1160
3 1107 1173 1136
3 1150 841 1136
3 839 296 136
3 337 259 2317
3 1135 1148 1147
3 335 1098 1082
3 179 1084 164
3 1082 2489 165
3 1142 1153 1132
3 1153 1143 1132
3 1183 1144 1143
3 1184 612 1145
3 1178 939 2270
3 1185 1736 1794
3 1969 838 594
3 642 436 680
3 360 722 383
3 1358 605 1156
3 383 654 516
3 1589 1159 1137
3 1173 1150 1136
3 1251 1273 1161
3 495 1075 1114
3 449 494 1165
3 1084 1165 164
3 750 163 157
3 901 1109 402
3 1797 1193 1142
3 1181 1153 1142
3 1182 1183 1143
3 1153 1182 1143
3 1183 1145 1144
3 1183 1184 1145
3 1146 1958 1664
3 1804 1187 1170
3 436 642 625
3 679 534 550
3 1219 563 693
3 405 1172 1411
3 1196 1159 1589
3 2817 2419 1175
3 134 2250 2262
3 1033 235 2095
3 2426 480 3308
3 76 280 2434
3 1193 1181 1142
3 1224 1182 1153
3 1184 836 612
3 2059 1146 1664
3 604 500 682
3 504 682 644
3 553 527 552
3 1335 530 481
3 88 836 128
3 1196 1197 1159
3 1159 1197 1160
3 1198 1173 1160
3 1198 1199 1173
3 1199 1150 1173
3 494 423 1129
3 1165 1129 189
3 2469 2476 160
3 1098 1114 1291
3 277 76 2434
3 1224 1153 1181
3 1223 1224 1181
3 1973 1916 918
3 505 681 661
3 775 1452 736
3 461 884 885
3 860 384 484
3 434 598 575
3 434 575 657
3 577 578 626
3 1150 1199 1174
3 188 354 1050
3 111 166 317
3 2372 1990 103
3 140 242 2301
3 2396 1249 1193
3 1249 1250 1181
3 1193 1249 1181
3 1181 1250 1223
3 1224 1183 1182
3 1225 836 1184
3 790 736 721
3 790 775 736
3 458 705 980
3 431 508 533
3 684 968 762
3 411 631 968
3 2143 513 1300
3 529 780 482
3 184 1595 185
3 791 557 980
3 555 794 1046
3 623 554 397
3 1197 1229 1160
3 1160 1229 1198
3 1209 1199 1198
3 1209 1230 2521
3 1199 1209 1190
3 1075 449 1165
3 207 1192 541
3 1221 1212 2538
3 2542 1213 1222
3 1225 1184 1183
3 1238 1225 1183
3 723 733 1215
3 1008 681 505
3 2262 2250 127
3 2311 750 291
3 1114 1075 1165
3 373 1082 1096
3 373 335 1082
3 859 124 2772
3 1176 375 323
3 1212 1234 1213
3 1234 1222 1213
3 164 1165 189
3 1237 1224 1223
3 1238 1183 1224
3 1265 1225 1238
3 1185 1396 559
3 1138 1228 1724
3 612 836 88
3 631 534 503
3 1046 1227 679
3 1196 1253 1197
3 1197 1253 1229
3 1229 1239 1198
3 1198 1239 1209
3 1209 1239 1230
3 1240 1230 1254
3 279 2585 255
3 1096 1082 165
3 1221 1233 1212
3 1233 1247 1212
3 1212 1247 1234
3 1234 1235 1222
3 1235 2542 1222
3 1235 1236 2542
3 1251 1237 1223
3 1237 1264 1224
3 1264 1238 1224
3 1852 538 2000
3 1713 556 1171
3 874 790 721
3 1364 813 595
3 739 740 396
3 1239 1254 1230
3 335 495 1098
3 1259 1246 1221
3 1246 1260 1221
3 1221 1260 1233
3 1262 1236 1235
3 189 1129 2490
3 1250 1251 1223
3 1264 1265 1238
3 1973 918 1980
3 571 171 196
3 1852 1007 538
3 1364 595 1227
3 816 712 666
3 767 463 530
3 556 555 526
3 1492 697 785
3 1253 1269 1229
3 1229 1269 1239
3 1254 1255 1240
3 1256 1257 1258
3 1259 1287 1246
3 1246 1288 1260
3 1271 1247 1233
3 1260 1271 1233
3 1271 1261 1234
3 1247 1271 1234
3 1261 1289 1235
3 1234 1261 1235
3 1289 1262 1235
3 1272 2532 1236
3 1274 1237 1251
3 1266 1225 1265
3 1266 154 1225
3 1398 1267 685
3 513 536 347
3 777 648 660
3 1803 1101 1397
3 780 813 627
3 815 816 667
3 760 631 597
3 1195 1302 1253
3 1253 1279 1269
3 1269 1270 1254
3 1239 1269 1254
3 1254 1280 1255
3 1165 494 1129
3 1257 1286 1258
3 1286 1259 1258
3 1299 1236 1262
3 1290 1272 1236
3 1299 1290 1236
3 1273 1251 1250
3 1264 1237 1274
3 1275 1265 1264
3 1275 1266 1265
3 458 980 1020
3 723 593 551
3 547 684 501
3 526 555 679
3 1302 1279 1253
3 1292 1270 1269
3 1270 1280 1254
3 1282 1283 1284
3 1257 1296 1286
3 1286 1287 1259
3 1297 1288 1246
3 1287 1297 1246
3 1288 1317 1260
3 1298 1261 1271
3 1318 1298 1271
3 1298 1289 1261
3 1299 1262 1289
3 1310 1274 1251
3 876 940 1669
3 1332 1266 1275
3 1097 814 667
3 528 956 1090
3 1569 2184 658
3 505 761 735
3 781 1277 790
3 790 1277 775
3 557 623 659
3 547 556 526
3 1030 629 1205
3 1352 1809 1323
3 1279 1303 1269
3 1269 1303 1292
3 1292 1293 1270
3 1270 1293 1280
3 1293 1313 1280
3 1296 1287 1286
3 1297 1316 1288
3 1317 1271 1260
3 1306 1299 1289
3 1307 1290 1299
3 453 110 824
3 1098 1291 2485
3 1332 1320 1266
3 559 1301 1185
3 1302 1303 1279
3 305 1280 1313
3 2763 340 2510
3 1287 1296 1297
3 1316 1317 1288
3 1317 1318 1271
3 1298 1305 1289
3 1305 1306 1289
3 1329 1290 1307
3 1290 1329 1341
3 1309 1311 1310
3 1311 1274 1310
3 1264 1332 1275
3 2118 340 773
3 505 661 1320
3 470 680 436
3 410 1090 641
3 774 508 431
3 1302 1335 1303
3 1303 1324 1292
3 1292 1324 1293
3 1114 1165 1084
3 305 1326 1295
3 1295 1326 1304
3 1296 1338 1297
3 1317 1327 1318
3 1328 1305 1298
3 1306 1307 1299
3 1330 1311 1309
3 1320 212 1266
3 212 154 1266
3 1185 1301 1736
3 2684 594 1252
3 503 534 529
3 660 516 640
3 627 622 557
3 1335 1336 1303
3 1336 1346 1303
3 1303 1346 1324
3 1324 683 1293
3 1293 683 1313
3 1337 1326 305
3 519 1325 520
3 1326 1347 1304
3 1347 1315 1304
3 1315 1338 1296
3 1338 1354 1297
3 1297 1354 1316
3 1316 1339 1317
3 1318 1340 1298
3 1305 1328 1306
3 1020 1329 1307
3 608 1309 1319
3 1330 1331 1311
3 1331 1274 1311
3 1331 1264 1274
3 1331 1332 1264
3 1848 611 1334
3 793 625 642
3 723 551 507
3 1313 1337 305
3 1339 1327 1317
3 1356 1318 1327
3 1318 1356 1340
3 1328 1298 1340
3 1330 1350 1331
3 1351 1332 1331
3 1736 662 195
3 1794 1736 195
3 1205 439 1214
3 516 654 640
3 1302 548 1335
3 1346 432 1324
3 683 1353 1313
3 1313 1353 1337
3 678 1315 1347
3 1354 1355 1316
3 1355 1339 1316
3 1339 1356 1327
3 1340 759 1328
3 458 1306 1328
3 1306 458 1307
3 1216 1309 608
3 941 1331 1350
3 735 1331 738
3 1331 735 1351
3 1351 761 1332
3 761 1320 1332
3 661 212 1320
3 661 812 212
3 1335 481 1336
3 481 432 1346
3 1336 481 1346
3 432 683 1324
3 628 1353 683
3 626 1326 1337
3 1326 626 1347
3 1315 678 1338
3 597 1339 1355
3 597 1356 1339
3 1356 1073 1340
3 1073 759 1340
3 458 1020 1307
3 3206 82 1357
3 1331 941 738
3 735 761 1351
3 622 460 557
3 626 1337 1353
3 1347 578 678
3 678 762 1338
3 1338 762 1354
3 597 1073 1356
3 1073 529 759
3 706 3112 1419
3 468 232 1447
3 1362 1538 1557
3 1608 1388 1651
3 1755 1497 1667
3 124 2254 130
3 1368 1343 1481
3 1403 1553 408
3 1743 525 424
3 922 331 1761
3 1565 1415 1402
3 1468 1813 1421
3 1422 1862 1860
3 2151 2690 2299
3 1388 1789 434
3 1127 2107 1162
3 1679 1760 1391
3 665 1392 1122
3 1700 1386 1405
3 1789 1401 434
3 1525 531 1401
3 1403 1435 1553
3 2577 925 1208
3 2187 599 2690
3 802 3005 1440
3 2187 2452 599
3 886 1157 1058
3 1730 1829 1400
3 160 630 1452
3 502 939 1178
3 1413 484 798
3 1830 1414 1423
3 814 1097 1119
3 1716 1719 1812
3 351 818 992
3 3417 2543 3264
3 387 325 343
3 794 1565 1767
3 1718 1715 1517
3 1281 789 173
3 1431 391 479
3 125 3508 1433
3 1434 387 343
3 1587 1147 1554
3 1501 535 1486
3 498 1584 445
3 1489 1719 1646
3 1438 456 407
3 425 2155 810
3 1434 1446 387
3 1388 434 657
3 1206 1477 2130
3 2126 1049 521
3 1446 1451 387
3 1451 412 387
3 1789 1608 1588
3 1045 499 1018
3 1438 1457 1458
3 1445 1459 1446
3 1476 412 1451
3 2369 1447 232
3 453 1164 110
3 409 1553 367
3 1730 1400 1727
3 524 1454 477
3 1721 1422 1636
3 1449 318 80
3 1450 1457 1438
3 1458 1470 1445
3 1445 1470 1459
3 1446 1460 1451
3 1032 1022 1047
3 1568 1697 1726
3 665 712 396
3 1585 1526 1417
3 1516 1467 1385
3 2753 2880 4049
3 1463 1886 1383
3 1467 1828 1385
3 1414 1420 1403
3 1482 1450 1469
3 1475 1457 1450
3 1482 1475 1450
3 1475 1458 1457
3 1459 1491 1446
3 1491 1460 1446
3 195 1826 388
3 1380 1365 1830
3 886 1169 1157
3 1701 1712 1864
3 396 1800 1799
3 1701 1864 1800
3 1376 1363 1885
3 1125 1773 1244
3 1788 1700 1474
3 1460 1485 1451
3 1451 1485 1476
3 1071 2015 440
3 1788 1629 1700
3 465 1771 1106
3 1712 1245 1864
3 1500 1458 1475
3 1500 1470 1458
3 1470 1490 1459
3 1459 1490 1491
3 1491 1505 1460
3 1460 1505 1485
3 1505 1515 1485
3 1487 1758 1739
3 1479 1368 1481
3 1499 1475 1482
3 1485 1501 1476
3 1476 1501 1486
3 1534 535 1501
3 1855 1747 1749
3 1101 1203 1397
3 1404 1629 1493
3 1711 1530 1813
3 1740 1739 1526
3 1088 2241 1495
3 1756 1649 1496
3 1747 1855 1487
3 1387 629 1345
3 1531 1482 1521
3 1531 1522 1482
3 1522 1499 1482
3 1500 1475 1499
3 1514 1470 1500
3 1470 1514 1490
3 1515 1501 1485
3 758 1502 704
3 362 2184 1569
3 1345 1405 1386
3 1468 1711 1813
3 1454 1521 1483
3 1490 1523 1491
3 1505 1524 1515
3 1515 1533 1501
3 180 535 1242
3 1739 1758 1780
3 1879 1034 1503
3 1704 1503 1390
3 1851 2991 1670
3 1386 1387 1345
3 3446 1773 1125
3 1514 1532 1490
3 1532 1523 1490
3 1491 1523 1505
3 622 627 1402
3 178 983 999
3 1417 1472 1814
3 1518 1519 1570
3 3227 1089 1207
3 559 1396 1007
3 1545 1500 1499
3 1545 1532 1500
3 1532 1514 1500
3 1523 1524 1505
3 1546 1515 1524
3 1501 1533 1534
3 1510 1843 1366
3 1406 1527 1831
3 1472 1752 1473
3 301 1281 1248
3 1207 1101 539
3 1570 1519 781
3 1519 1382 781
3 1801 1556 1379
3 1543 1454 524
3 1543 1544 1521
3 1454 1543 1521
3 1544 1531 1521
3 1522 1545 1499
3 1515 1563 1533
3 1534 1547 535
3 1029 815 814
3 1074 1464 2839
3 1429 1535 1376
3 1372 1804 1376
3 1647 1361 1506
3 1403 1420 1732
3 1473 1752 1568
3 1417 1814 1829
3 1634 1506 1361
3 1361 1540 1770
3 1540 1636 1860
3 2185 1929 1924
3 1531 1559 1522
3 1559 1545 1522
3 1532 1561 1523
3 1523 1562 1524
3 1524 1562 1546
3 1576 1515 1546
3 1576 1563 1515
3 1547 1534 1533
3 1581 639 703
3 1403 574 1423
3 1752 1555 1568
3 1557 1632 1422
3 1557 1601 1632
3 1544 1559 1531
3 1545 1560 1532
3 1560 1561 1532
3 1561 1591 1523
3 1523 1591 1562
3 1563 1582 1533
3 1582 1547 1533
3 1716 1718 1719
3 1767 1565 1402
3 1900 1567 324
3 380 2537 1835
3 478 709 641
3 1678 1849 1572
3 1574 1559 1544
3 1581 1574 1544
3 1560 1590 1561
3 1575 1546 1562
3 1546 1575 1576
3 1551 2491 73
3 3380 3394 2561
3 243 1440 2125
3 2483 2546 1194
3 1580 1650 1215
3 1415 1188 1580
3 1387 624 629
3 464 901 2363
3 1556 1714 1412
3 1833 858 1796
3 1172 697 1411
3 536 443 592
3 1492 1696 1411
3 1080 1081 321
3 1559 1560 1545
3 1590 1591 1561
3 1612 1575 1562
3 1563 1592 1582
3 1582 1593 1547
3 1593 1564 1547
3 1400 1716 1812
3 2491 636 2084
3 1606 742 1567
3 1568 1555 1697
3 1615 1750 1542
3 1391 1587 1436
3 2476 1642 160
3 73 2491 2084
3 1574 719 1559
3 1559 1602 1560
3 1560 1602 1590
3 1591 1612 1562
3 1575 1603 1576
3 1613 1563 1576
3 1603 1613 1576
3 1613 1592 1563
3 1592 1593 1582
3 1593 1604 1564
3 347 536 592
3 2637 826 4016
3 1567 1594 1606
3 509 766 798
3 443 1007 469
3 1508 1610 1703
3 2181 2063 1895
3 1599 3933 1600
3 1226 686 3816
3 775 840 1452
3 2426 537 480
3 512 1359 576
3 719 1622 1559
3 1559 1622 1602
3 1590 1623 1591
3 1613 1593 1592
3 1613 1626 1593
3 1809 1352 1302
3 1606 1494 742
3 1705 1757 1586
3 1690 874 887
3 1619 645 1843
3 1590 1653 1623
3 1623 1612 1591
3 1624 1625 1613
3 1625 1626 1613
3 1593 1626 1604
3 1537 1627 204
3 765 1988 2159
3 849 1606 1594
3 849 1494 1606
3 332 297 653
3 1759 1629 1788
3 405 1187 1617
3 1862 1632 1618
3 1019 184 1147
3 181 783 76
3 1019 1147 1587
3 1384 1548 1610
3 2563 909 452
3 1579 1508 1703
3 1030 1029 1345
3 1652 1622 719
3 1643 1602 1622
3 1643 1590 1602
3 1590 1643 1653
3 2407 967 1808
3 1333 2899 166
3 1614 849 1594
3 3676 3738 116
3 1359 1753 1651
3 1988 2154 2159
3 1372 1376 1885
3 1282 1508 1579
3 530 548 767
3 1371 1633 1681
3 1227 1046 1364
3 1861 1588 1608
3 1579 1703 1696
3 1492 1579 1696
3 1655 1575 1612
3 1654 1655 1612
3 1655 1603 1575
3 1603 1655 1613
3 1624 1644 1625
3 3885 3809 3
3 1215 737 723
3 499 741 1018
3 1436 1679 1391
3 1813 1598 1779
3 1529 1687 1284
3 1282 1284 1508
3 1284 1610 1508
3 1727 1400 1705
3 1637 840 1277
3 817 797 260
3 2450 632 2715
3 1770 1608 1634
3 1380 1632 1365
3 1928 122 1638
3 1652 1643 1622
3 1623 1684 1612
3 1684 1654 1612
3 1655 1672 1613
3 1665 1624 1613
3 1672 1665 1613
3 1665 1644 1624
3 1644 1656 1625
3 1656 1626 1625
3 1707 1626 1656
3 880 849 1614
3 905 880 1614
3 1745 1822 1668
3 737 1215 1650
3 1610 1548 1535
3 3845 1634 1753
3 3845 1506 1634
3 1861 1608 1770
3 1502 1652 719
3 629 1030 1345
3 1614 924 905
3 1497 1630 1668
3 408 1553 461
3 1388 576 1359
3 1462 1731 1823
3 1731 1714 1823
3 1538 1428 1571
3 1242 1537 2324
3 1619 1843 1779
3 386 92 1662
3 1365 1641 1578
3 1713 763 556
3 2066 1663 1664
3 1683 1643 1652
3 1643 1671 1653
3 1653 1684 1623
3 1654 252 1655
3 1665 1673 1644
3 1644 1673 1656
3 1667 1497 1668
3 1554 1092 1886
3 1835 2537 382
3 1782 741 518
3 1830 1365 1578
3 1540 1861 1770
3 661 1050 812
3 1682 549 645
3 874 551 887
3 1284 1384 1610
3 1632 1601 1365
3 1601 1641 1365
3 1492 785 1282
3 1683 1652 1502
3 1671 1693 1653
3 1653 1693 1684
3 1080 2656 1081
3 2607 2047 2067
3 1743 901 525
3 1763 1800 396
3 1554 1886 1463
3 3816 512 1226
3 1661 1637 1277
3 1881 1678 1529
3 1682 645 1619
3 1135 1550 1148
3 1361 1770 1634
3 1578 1641 1367
3 1639 1489 1680
3 1323 1809 1815
3 323 886 1058
3 1000 1683 1502
3 328 329 1692
3 1708 1643 1683
3 1708 1671 1643
3 1671 1709 1693
3 252 1694 1655
3 1655 1694 1672
3 1673 1665 1672
3 1673 1672 1685
3 1147 1148 1554
3 1127 1893 2107
3 2137 1059 1953
3 852 1100 1849
3 1371 1681 1455
3 1572 1687 1529
3 1678 1572 1529
3 307 387 412
3 1384 1666 1548
3 944 219 563
3 1631 1570 887
3 1570 781 1690
3 1000 1348 1683
3 1348 1708 1683
3 1708 1709 1671
3 1684 252 1654
3 1694 1685 1672
3 1498 1740 1526
3 1812 1489 1639
3 384 1281 506
3 1550 1135 1103
3 2486 189 2490
3 1155 2205 1780
3 1479 1481 1793
3 1252 1801 1658
3 1763 1701 1800
3 1195 1809 1302
3 1138 1724 802
3 1397 1203 518
3 1370 1519 1518
3 1507 1679 1436
3 1610 1369 1703
3 1489 1646 1682
3 1646 1689 1682
3 1391 1019 1587
3 1812 1639 1757
3 1348 1000 847
3 1709 1728 1693
3 1693 1722 1684
3 1684 1723 252
3 2220 2050 2238
3 1302 1352 548
3 1525 1830 531
3 1884 333 1695
3 1776 1463 1383
3 2263 210 1444
3 1730 1727 1702
3 1661 1277 1382
3 1814 1717 1715
3 1829 1814 1716
3 2785 3485 2173
3 1721 1379 1422
3 820 1708 1348
3 1728 1722 1693
3 1722 1723 1684
3 957 977 811
3 1400 1812 1705
3 1526 1739 1417
3 456 1438 1458
3 1565 794 1427
3 1569 658 2369
3 1518 1473 1370
3 1716 1814 1715
3 1931 262 946
3 1717 1473 1518
3 1455 1530 1711
3 1733 1727 1706
3 1525 1380 1830
3 1812 1757 1705
3 1647 1720 1361
3 1738 1466 1428
3 3069 116 2013
3 820 1734 1708
3 1708 1734 1709
3 1734 1728 1709
3 1242 1564 1537
3 605 1358 647
3 1580 1620 1528
3 1745 1668 1738
3 1830 532 531
3 1540 1720 1721
3 1361 1720 1540
3 1566 2193 363
3 1726 1697 1382
3 1188 1415 1565
3 1706 1705 1586
3 1720 1379 1721
3 1722 1735 1723
3 1535 1374 1363
3 2484 2493 165
3 1245 1155 1855
3 1692 1691 328
3 1379 1556 1422
3 1479 1472 1739
3 1780 1479 1739
3 1749 1497 1755
3 1848 169 220
3 1689 1631 887
3 201 1975 311
3 897 810 331
3 1608 1789 1388
3 1466 1727 1733
3 1442 1734 606
3 1728 1735 1722
3 1368 540 1343
3 1149 1135 1147
3 92 386 1109
3 3400 751 3380
3 1404 1387 1386
3 788 1520 766
3 1659 441 1493
3 414 1486 180
3 1370 1725 1382
3 622 1620 460
3 1252 1462 1801
3 1462 1823 1801
3 1585 1829 1730
3 1748 992 819
3 1571 1428 1552
3 1789 1588 1401
3 1650 1580 1188
3 922 1762 2642
3 412 1486 414
3 1024 1728 1734
3 794 555 763
3 193 181 1921
3 1170 1429 1376
3 2222 1788 1474
3 1703 1429 1170
3 283 3412 284
3 613 1744 1748
3 1527 1504 73
3 1798 1811 1746
3 1798 1119 1811
3 1739 1472 1417
3 1855 1758 1487
3 1745 1538 1362
3 1586 1766 1530
3 1601 1538 1465
3 2195 1685 1694
3 1734 820 606
3 1728 1024 1735
3 1675 1178 85
3 938 2793 1792
3 1681 1530 1455
3 1830 1423 532
3 3816 1394 512
3 982 478 1090
3 1411 1696 1187
3 1389 1565 1427
3 1629 1790 1493
3 1493 1790 1659
3 427 2450 3708
3 1673 872 1656
3 1661 1697 1756
3 1412 1745 1362
3 1465 1538 1571
3 1538 1738 1428
3 1720 1647 1379
3 1018 741 1782
3 2020 2025 2305
3 1764 2363 1743
3 1765 1764 1743
3 1861 1540 1860
3 1549 1048 1092
3 1535 1776 1374
3 1263 2572 109
3 102 1108 580
3 1137 1774 1589
3 2839 1464 1936
3 563 1057 418
3 1703 1369 1429
3 1516 1371 1467
3 1371 1455 1467
3 1768 1645 1119
3 3508 2991 1851
3 956 796 1090
3 1375 1675 85
3 1687 1384 1284
3 1428 1466 1552
3 525 901 596
3 1509 1785 1503
3 1758 1155 1780
3 991 969 943
3 465 443 1771
3 1420 1367 1516
3 1412 1362 1557
3 2656 515 1081
3 1463 1777 1778
3 1401 1597 1525
3 379 1765 1035
3 1776 1777 1463
3 1415 1511 1402
3 1435 1820 1171
3 348 200 215
3 957 2239 977
3 1675 1375 2235
3 1864 1245 1855
3 2998 3346 339
3 1718 1716 1715
3 1402 1511 622
3 2100 275 1635
3 1169 158 1157
3 656 1785 655
3 1696 1703 1170
3 159 852 1849
3 1511 1528 622
3 1688 1244 786
3 367 1435 1171
3 1798 1768 1119
3 1374 1383 1373
3 1106 1781 227
3 1092 1047 1021
3 1757 1680 1619
3 1405 1345 1029
3 1645 1405 1029
3 1642 709 478
3 1517 1717 1518
3 1717 1472 1473
3 1649 1566 1648
3 1121 1785 1509
3 1718 1517 1646
3 144 1441 1088
3 1698 1395 1798
3 1629 1838 1790
3 707 1512 1675
3 1203 1512 707
3 1467 1455 1711
3 496 455 454
3 1700 1629 1386
3 734 1403 408
3 1791 1314 1796
3 1990 519 800
3 1698 1798 1746
3 693 1172 405
3 967 1774 3859
3 1251 1161 1310
3 1162 374 809
3 809 374 425
3 1732 1820 1435
3 380 1688 1802
3 1666 1776 1548
3 1507 1777 1776
3 1620 733 460
3 1119 1645 814
3 1666 1507 1776
3 1658 1647 1322
3 1488 1755 1667
3 1687 1509 1384
3 1777 1507 1778
3 161 558 778
3 1796 1821 1441
3 817 260 1796
3 486 390 2210
3 967 1815 1774
3 1815 1809 1195
3 1528 1620 622
3 1498 1526 1630
3 1421 1389 1427
3 1436 1554 1778
3 1526 1585 1730
3 1801 1823 1556
3 1466 1668 1702
3 1507 1436 1778
3 1641 1633 1367
3 1706 1727 1705
3 1412 1557 1422
3 539 1101 1803
3 1005 539 1803
3 942 943 969
3 665 396 457
3 396 1799 457
3 1830 1578 1367
3 381 3386 1416
3 299 1901 1139
3 1642 630 160
3 905 925 880
3 1554 1148 1092
3 1695 1617 1804
3 1740 1487 1739
3 1690 781 790
3 1540 1721 1636
3 739 396 712
3 227 1781 1701
3 1901 254 1139
3 1252 1658 1660
3 1778 1554 1463
3 1535 1363 1376
3 282 1050 483
3 2015 1874 385
3 440 2015 385
3 1732 1435 1403
3 144 1832 1441
3 446 88 128
3 1701 1837 227
3 278 3881 136
3 1759 2224 1838
3 1629 1404 1386
3 1216 1358 1309
3 218 538 1007
3 693 563 418
3 1587 1554 1436
3 839 2330 296
3 920 1443 903
3 1749 1747 1497
3 1487 1740 1498
3 1660 1658 1573
3 1588 1597 1401
3 1448 2369 1162
3 1874 1248 385
3 1267 1045 978
3 573 532 574
3 2732 2174 1817
3 1070 1832 144
3 1832 1796 1441
3 1799 1749 1539
3 1415 1528 1511
3 665 457 1392
3 2056 2298 2424
3 1714 1667 1822
3 1393 1539 1488
3 1564 535 1547
3 1393 1731 1462
3 1488 1749 1755
3 3751 1753 1359
3 570 1062 2142
3 1420 1385 1732
3 1732 1385 1820
3 1832 1833 1796
3 1414 1403 1423
3 697 1157 785
3 1405 1768 1395
3 1843 1565 1366
3 1510 1366 1389
3 1267 978 685
3 1745 1738 1538
3 1393 1488 1731
3 1421 1510 1389
3 1188 1565 1843
3 1760 1704 1390
3 515 2656 1105
3 1864 1855 1749
3 1542 2455 2273
3 1155 1758 1855
3 1479 1793 1555
3 1752 1479 1555
3 1382 1277 781
3 1444 210 3194
3 1400 1829 1716
3 1651 1388 1359
3 860 1070 144
3 1841 1832 1070
3 1543 639 1544
3 1544 639 1581
3 1768 1405 1645
3 1941 1890 2902
3 3840 2200 3856
3 1378 1815 967
3 469 416 1432
3 3507 303 2633
3 1473 1568 1725
3 1621 455 1105
3 1278 1503 1034
3 1392 1393 1462
3 1618 1632 1380
3 1122 1392 1462
3 1747 1498 1497
3 1474 1405 1395
3 824 728 1447
3 1695 1804 1372
3 499 1005 741
3 1414 1830 1420
3 484 1413 1070
3 1385 1828 1820
3 1443 858 1833
3 1840 1443 1833
3 2046 339 2999
3 1378 1846 1815
3 1846 1323 1815
3 1827 3367 3240
3 1781 1155 1245
3 1369 1535 1429
3 1585 1417 1829
3 1472 1717 1814
3 1556 1412 1422
3 1278 1399 1019
3 1390 1278 1019
3 1420 1516 1385
3 1442 1024 1734
3 2732 430 2174
3 1018 1782 2050
3 1381 1368 1479
3 1363 1877 1885
3 1715 1717 1517
3 1790 1838 2229
3 2143 1300 2204
3 1413 1520 1070
3 1520 1841 1070
3 903 1443 1840
3 1695 1372 1884
3 1767 1402 1364
3 1282 785 1283
3 467 1267 1398
3 1604 1626 1627
3 1747 1487 1498
3 1863 1660 1573
3 1557 1538 1601
3 2194 518 1203
3 1780 1381 1479
3 1711 1468 1467
3 1381 1780 2205
3 1844 1833 1832
3 1841 1844 1832
3 1845 1840 1833
3 1844 1845 1833
3 1842 903 1840
3 1845 1842 1840
3 3565 3119 3311
3 796 982 1090
3 2656 198 372
3 1779 1843 1510
3 1539 1749 1488
3 1122 1462 1430
3 1466 1733 1552
3 1634 1608 1651
3 1619 1680 1682
3 1390 1019 1391
3 848 1513 1308
3 1713 1828 1427
3 1343 1566 1481
3 1481 1566 1649
3 1252 603 1430
3 1472 1479 1752
3 1374 1776 1383
3 1525 1618 1380
3 532 1423 574
3 413 1407 1577
3 824 110 728
3 798 1520 1413
3 1830 1367 1420
3 1697 1481 1649
3 1846 1847 1323
3 1170 1376 1804
3 1630 1526 1702
3 1526 1730 1702
3 1668 1630 1702
3 1667 1668 1822
3 1636 1422 1860
3 1753 1634 1651
3 1474 1700 1405
3 173 332 766
3 887 551 593
3 766 1520 798
3 1853 1842 1845
3 254 1892 389
3 1556 1823 1714
3 1714 1822 1745
3 1760 1509 1704
3 1718 1646 1719
3 1713 1171 1820
3 978 1045 1102
3 1702 1727 1466
3 1580 1215 1620
3 1358 1216 647
3 1395 1768 1798
3 1871 1844 1841
3 1858 1845 1844
3 1871 1858 1844
3 1858 1853 1845
3 1820 1828 1713
3 3743 1834 3744
3 1689 593 549
3 1679 1509 1760
3 1488 1667 1714
3 1812 1719 1489
3 1610 1535 1369
3 1005 518 741
3 1725 1568 1726
3 1390 1503 1278
3 2242 1203 707
3 513 347 1300
3 1680 1489 1682
3 1555 1481 1697
3 1620 1215 733
3 943 942 920
3 1793 1481 1555
3 3383 319 2723
3 813 1364 1402
3 1510 1813 1779
3 437 796 956
3 1806 559 1007
3 1852 1806 1007
3 1841 1520 1871
3 1865 1842 1853
3 1866 943 1842
3 1865 1866 1842
3 128 1225 154
3 1847 1352 1323
3 1548 1776 1535
3 531 434 1401
3 1862 1618 1860
3 1422 1632 1862
3 1570 1690 887
3 1661 1756 1637
3 1496 1615 1637
3 828 714 1281
3 1869 1853 1858
3 1869 1865 1853
3 1101 502 1203
3 740 1763 396
3 3048 1872 1847
3 1847 1872 1352
3 1666 1679 1507
3 1641 1465 1633
3 1598 1766 1779
3 1779 1766 1619
3 1552 1706 1681
3 1706 1586 1681
3 1518 1570 1631
3 1658 1801 1379
3 1647 1658 1379
3 1834 1691 3744
3 1252 1660 1863
3 1800 1864 1749
3 1800 1749 1799
3 1045 1018 1102
3 1370 1473 1725
3 1782 518 2194
3 1252 594 603
3 1421 1467 1468
3 1725 1726 1382
3 1875 1520 788
3 1520 1875 1871
3 1871 1869 1858
3 1866 991 943
3 858 817 1796
3 538 218 536
3 967 3859 1808
3 457 1799 1539
3 919 465 1772
3 1509 1679 1666
3 1517 1518 1631
3 1689 1517 1631
3 1430 1462 1252
3 1877 1866 1865
3 1453 991 1866
3 1886 1453 1866
3 1102 1018 2050
3 891 909 851
3 1493 441 624
3 1550 1103 1294
3 1736 1189 662
3 457 1539 1393
3 3374 3448 2597
3 1687 1121 1509
3 116 3069 3676
3 1682 1689 549
3 478 641 1090
3 1860 1618 1597
3 1399 1595 1019
3 1697 1649 1756
3 1731 1488 1714
3 1493 624 1387
3 1404 1493 1387
3 1828 1421 1427
3 1756 1496 1637
3 1509 1503 1704
3 1637 1615 840
3 1100 1121 1572
3 1884 1875 788
3 1871 1876 1869
3 1877 1865 1869
3 1876 1877 1869
3 1597 1618 1525
3 422 197 1063
3 1080 198 2656
3 1106 1432 2226
3 1543 524 1541
3 1872 686 1352
3 814 1645 1029
3 1713 1427 763
3 1757 1639 1680
3 1861 1860 1597
3 2572 1263 1783
3 1586 1530 1681
3 1571 1552 1633
3 1309 1358 1330
3 1658 1322 1573
3 1101 1089 939
3 1649 1648 1496
3 1760 1390 1391
3 1250 1249 1273
3 1696 1170 1187
3 171 388 560
3 1877 1883 1866
3 1883 1886 1866
3 1474 1395 1698
3 1284 1881 1529
3 1352 767 548
3 1382 1697 1661
3 1509 1666 1384
3 1601 1465 1641
3 3297 2706 467
3 1766 1598 1530
3 1633 1465 1571
3 1517 1689 1646
3 1530 1598 1813
3 502 1512 1203
3 441 439 624
3 1875 1372 1871
3 1871 1372 1876
3 1885 1877 1876
3 1330 1358 1350
3 991 1021 1009
3 71 2132 238
3 1357 82 1878
3 686 1226 1352
3 1226 767 1352
3 457 1393 1392
3 1615 1452 840
3 1586 1757 1766
3 1588 1861 1597
3 902 1047 1092
3 1633 1516 1367
3 440 385 415
3 370 114 1375
3 1572 1121 1687
3 3033 2085 2722
3 734 574 1403
3 1875 1884 1372
3 1372 1885 1876
3 1883 1373 1886
3 1886 1021 1453
3 1363 1374 1877
3 1668 1466 1738
3 2674 3448 3377
3 853 2545 2508
3 693 979 1219
3 2366 1442 916
3 1294 1103 1549
3 3293 413 1577
3 1766 1757 1619
3 1633 1371 1516
3 1412 1714 1745
3 1497 1498 1630
3 1670 3393 1640
3 1615 1542 1452
3 1542 160 1452
3 1552 1733 1706
3 1374 1883 1877
3 1374 1373 1883
3 1373 1383 1886
3 887 593 1689
3 1366 1565 1389
3 531 598 434
3 1595 1399 126
3 1092 1021 1886
3 1370 1382 1519
3 1712 1701 1781
3 1921 1912 1888
3 3877 582 1839
3 389 2333 117
3 2025 2020 940
3 12 776 3683
3 1492 1411 697
3 1577 1045 1267
3 3017 3236 3072
3 2109 2181 1154
3 152 2834 1991
3 582 2693 945
3 146 293 1917
3 493 3057 2843
3 1091 1836 3297
3 2531 2501 3823
3 1898 1899 1900
3 167 170 1904
3 232 1893 1127
3 1893 1915 1888
3 1888 1915 1921
3 374 2137 1953
3 1905 3342 3285
3 129 113 876
3 1909 1911 292
3 1888 1912 2078
3 485 1909 292
3 582 488 95
3 292 1911 2119
3 201 1787 1975
3 3217 3226 3053
3 2820 162 2749
3 254 245 2089
3 391 2318 1795
3 2034 1893 232
3 1091 3297 467
3 2034 1935 1893
3 1935 1915 1893
3 113 940 876
3 2351 1308 1513
3 2053 765 764
3 2899 2892 166
3 1918 609 473
3 1972 1973 1980
3 1918 1919 609
3 391 1795 668
3 1919 784 609
3 2156 2158 2381
3 784 2156 2381
3 1923 228 334
3 14 2046 1787
3 1952 1904 403
3 415 860 558
3 947 2120 2433
3 2180 2312 1927
3 479 391 668
3 719 1574 1581
3 821 1744 613
3 2699 600 375
3 2107 2137 374
3 220 169 2045
3 724 2720 398
3 1953 1059 1979
3 425 1953 1979
3 82 202 1878
3 1938 1179 2379
3 1176 323 1057
3 254 2089 1139
3 2757 2727 2030
3 1939 79 389
3 1962 1948 1163
3 2902 1333 1931
3 1512 1178 1675
3 2178 2171 1992
3 1954 1134 185
3 805 4021 854
3 1396 416 469
3 318 2707 1406
3 129 2381 1960
3 2127 2072 1947
3 355 1998 1669
3 1005 1803 518
3 938 1792 1513
3 852 1937 1100
3 1146 2159 1958
3 852 958 1937
3 1785 656 2408
3 175 1100 1937
3 3743 3282 1834
3 2216 582 3877
3 2216 2885 582
3 1059 134 1979
3 1059 1166 134
3 65 349 215
3 2100 946 878
3 425 374 1953
3 1957 2012 1956
3 1992 2159 1146
3 2131 1973 1972
3 1990 800 2259
3 1916 1973 1913
3 175 187 668
3 2093 2034 232
3 1409 1410 2560
3 1998 888 2115
3 1878 202 3195
3 416 1185 561
3 1133 2004 2005
3 1935 2061 1915
3 2094 1921 1915
3 2061 2094 1915
3 250 2007 2721
3 2089 216 2032
3 2170 1947 1986
3 3208 2027 2032
3 1923 334 1151
3 415 385 860
3 3817 152 2264
3 876 1669 2115
3 2166 1988 3484
3 2117 2072 2021
3 2167 3245 350
3 3198 256 2043
3 93 2087 1983
3 427 1204 669
3 1943 2583 2023
3 15 14 1787
3 596 402 1448
3 1917 1952 78
3 315 237 1917
3 1983 106 256
3 1688 2699 375
3 1954 2394 123
3 2062 1989 2113
3 1874 2015 3337
3 2022 1992 2031
3 200 201 215
3 1839 582 95
3 2014 2009 472
3 2841 3040 2042
3 2159 2051 1958
3 376 2002 2003
3 263 2087 346
3 2121 1151 2248
3 2121 78 403
3 106 315 256
3 2789 2784 2074
3 2178 2022 2072
3 313 2136 1810
3 3269 3260 919
3 2051 1957 2066
3 2010 2099 1995
3 2008 2071 616
3 898 1856 1940
3 232 468 2093
3 3841 1322 1506
3 1321 1125 714
3 1979 134 2161
3 1979 2161 2155
3 2073 2743 2744
3 1105 1017 390
3 66 215 2483
3 475 294 2180
3 2795 2604 2609
3 2058 256 3198
3 1243 1900 1899
3 2034 2061 1935
3 1558 1678 1881
3 1283 1157 1881
3 1806 1301 559
3 1992 1146 2031
3 2071 2142 2162
3 216 346 2032
3 2072 2031 2086
3 1924 1929 2011
3 2312 2688 2156
3 294 2030 2727
3 1937 958 175
3 1795 1100 175
3 1070 860 484
3 1958 2066 1664
3 2066 1957 1663
3 394 235 1932
3 169 394 1932
3 2678 1138 747
3 2072 2086 2021
3 2072 2117 2088
3 1924 2011 2138
3 888 118 1940
3 2032 1139 2089
3 1146 2059 2101
3 1033 2095 3202
3 2064 2062 2113
3 513 2096 2000
3 317 2028 1971
3 1112 2419 2386
3 2419 2536 2386
3 78 2121 2026
3 2021 2086 3429
3 346 2446 2032
3 1957 1956 1955
3 1663 1957 1955
3 2090 2072 2088
3 2136 1942 2019
3 1101 939 502
3 2228 2194 1203
3 2079 1962 2091
3 295 220 122
3 2488 3212 3450
3 71 2746 2785
3 1992 2022 2178
3 1980 2127 1947
3 1959 1980 1947
3 1959 1947 2170
3 1929 1986 2010
3 263 346 216
3 2935 2919 2430
3 1986 2090 2099
3 2010 1986 2099
3 1775 2010 2071
3 616 2071 2162
3 2103 1942 1943
3 1955 1806 2102
3 2090 2088 2141
3 3760 3768 1903
3 1794 195 571
3 2093 2061 2034
3 1977 365 2104
3 2063 2014 472
3 2113 1989 2112
3 1128 1997 1154
3 1616 2145 1940
3 220 295 1848
3 2082 1168 1322
3 1168 1573 1322
3 2127 2178 2072
3 2078 206 1059
3 1856 2381 129
3 2138 2011 1775
3 1948 2138 2008
3 2138 1775 2008
3 2088 2117 2141
3 64 1285 2880
3 2299 2690 599
3 317 2027 2028
3 2010 1995 2071
3 1512 502 1178
3 1469 1450 1456
3 1157 1558 1881
3 1888 2078 2104
3 365 1888 2104
3 295 611 1848
3 2162 2142 1062
3 1169 669 958
3 2675 2627 2120
3 2093 2140 2061
3 2061 2140 2094
3 245 216 2089
3 170 1151 403
3 118 366 394
3 1759 1788 2224
3 312 848 1017
3 2145 898 1940
3 1978 1956 2001
3 2167 350 1189
3 1301 1978 2001
3 571 195 171
3 2404 1918 473
3 2591 3904 1896
3 2147 193 2094
3 117 263 2128
3 2004 3016 3296
3 1146 2101 2031
3 3244 2012 239
3 3785 3164 725
3 1913 3492 1916
3 1803 1397 518
3 99 366 1998
3 2086 2204 2197
3 1168 1863 1573
3 445 2093 468
3 2004 2967 3016
3 632 2450 323
3 2423 1943 2023
3 366 888 1998
3 117 238 263
3 312 938 848
3 2059 1664 1999
3 2031 2143 2086
3 2099 2133 1995
3 266 1810 2039
3 2101 1999 2096
3 2102 1806 1852
3 1736 2167 1189
3 2068 2230 2880
3 2096 1999 2000
3 1244 219 944
3 21 20 3789
3 2453 2620 2421
3 1638 220 1923
3 219 1176 563
3 2140 2093 445
3 1972 1980 935
3 1918 2404 1919
3 389 79 2333
3 2031 2101 2143
3 1301 2001 1736
3 2789 2144 3148
3 425 1979 2155
3 669 479 668
3 2146 1810 2019
3 2168 2094 2140
3 2168 2147 2094
3 3211 1983 2058
3 1985 2138 2149
3 110 1164 981
3 2137 1977 2104
3 2159 2154 2051
3 2099 2141 2133
3 706 1189 3112
3 2019 1810 2136
3 3016 2967 3296
3 1121 1795 1785
3 2147 104 193
3 2103 2019 1942
3 2051 2066 1958
3 668 1795 175
3 2681 2151 1228
3 2107 1977 2137
3 420 1122 603
3 2170 1986 1929
3 1920 2111 3763
3 1431 479 1204
3 521 1786 453
3 2022 2031 2072
3 210 3205 3194
3 2086 2143 2204
3 2027 1139 2032
3 616 2162 1268
3 2162 1062 351
3 938 1513 848
3 1956 1978 1806
3 2210 2140 445
3 106 237 315
3 1956 1806 1955
3 918 2178 2127
3 2210 2168 2140
3 1985 2169 2138
3 1437 2170 1929
3 1437 935 2170
3 394 366 235
3 765 2159 2171
3 2777 2867 2331
3 1737 2831 1060
3 2831 1938 1060
3 747 1440 243
3 215 311 2483
3 2101 2096 2143
3 99 1998 355
3 1981 3882 2190
3 2006 2720 724
3 881 2154 2166
3 1983 256 2058
3 2795 1179 1938
3 2893 2795 1938
3 366 99 235
3 714 1125 789
3 2178 918 2171
3 764 765 2171
3 918 2127 1980
3 2011 2010 1775
3 2102 1852 1999
3 916 606 934
3 3395 381 1416
3 2071 570 2142
3 935 1959 2170
3 1956 2012 2001
3 118 888 366
3 393 539 2894
3 392 873 391
3 261 2351 104
3 592 443 465
3 235 99 2095
3 1932 235 1033
3 3069 2013 2183
3 300 121 253
3 3087 2183 2123
3 2112 2079 2091
3 1962 1163 2069
3 918 1916 764
3 2096 513 2143
3 2192 540 1368
3 1978 1301 1806
3 1154 2181 1991
3 365 1893 1888
3 2021 3429 2117
3 1282 1579 1492
3 1685 2199 1673
3 346 2087 93
3 1893 365 1977
3 2214 2186 2130
3 232 1127 2369
3 1368 1381 2192
3 2205 2192 1381
3 2230 64 2880
3 2101 2059 1999
3 2071 1995 570
3 2168 261 2147
3 2112 1989 1968
3 218 1007 443
3 1962 2069 2091
3 2199 872 1673
3 2193 1566 1343
3 1941 1931 945
3 2138 2169 1924
3 1947 2090 1986
3 1664 1663 1999
3 2104 2078 2137
3 2110 2039 2146
3 3429 2086 2197
3 2149 2138 1948
3 515 390 486
3 2238 2050 2234
3 1712 1781 1245
3 2207 1343 540
3 935 1980 1959
3 1962 2149 1948
3 1795 1121 1100
3 582 945 488
3 1268 2162 351
3 2199 1685 2195
3 2137 2078 1059
3 2099 2090 2141
3 1955 2102 1999
3 1663 1955 1999
3 1308 261 2168
3 2761 2110 2019
3 1771 469 1432
3 2206 2192 2205
3 2206 540 2192
3 2207 2193 1343
3 2207 2208 2193
3 901 402 596
3 558 1495 2231
3 1617 1695 979
3 2169 2185 1924
3 346 3210 2446
3 2199 1707 872
3 144 1088 860
3 2227 392 1807
3 444 2039 2750
3 1947 2072 2090
3 2169 1104 3517
3 1807 435 2227
3 1781 2205 1155
3 2219 540 2206
3 2219 2207 540
3 2234 2050 1782
3 196 1312 2240
3 2187 2198 2452
3 536 218 443
3 1093 1312 2413
3 2171 2159 1992
3 1796 1314 1821
3 1891 170 167
3 2110 2759 2039
3 1928 1891 2215
3 2213 838 1969
3 1884 788 332
3 159 958 852
3 1506 1322 1647
3 2218 2205 1781
3 1312 1093 2240
3 2225 1308 2168
3 1308 2351 261
3 1088 1821 2241
3 2237 1821 1707
3 2199 2237 1707
3 1821 2212 1707
3 2693 582 2885
3 2010 2011 1929
3 2217 1694 399
3 1698 1484 2209
3 215 201 311
3 333 979 1695
3 1106 2226 1781
3 2226 2218 1781
3 2218 2206 2205
3 2240 2208 2207
3 196 2240 2239
3 2445 1449 1925
3 1674 402 1109
3 561 957 811
3 2070 318 2560
3 2241 2211 2217
3 2232 2195 2211
3 2232 2199 2195
3 2199 2232 2237
3 873 656 655
3 561 1185 571
3 2210 2225 2168
3 1698 2234 2222
3 2222 2228 1788
3 2228 2223 1788
3 1788 2223 2224
3 2224 2229 1838
3 1849 1100 1572
3 1984 1985 2149
3 1771 1432 1106
3 145 1031 1164
3 1102 2050 2220
3 2240 1220 2208
3 1201 2233 1426
3 2124 2149 1962
3 606 916 1442
3 2241 2232 2211
3 2223 2242 2224
3 2235 1790 2229
3 2012 1957 239
3 917 2163 2111
3 2124 1984 2149
3 1804 1617 1187
3 561 811 1432
3 1826 706 442
3 2318 1785 1795
3 2209 2238 2234
3 2234 2194 2228
3 2222 2234 2228
3 2223 2228 2242
3 2242 2229 2224
3 707 2235 2229
3 1050 681 483
3 1629 1759 1838
3 486 445 1584
3 811 2206 2218
3 977 2219 2206
3 977 2239 2219
3 2239 2207 2219
3 2239 2240 2207
3 2231 2241 2217
3 1999 1852 2000
3 782 519 267
3 2227 873 392
3 1032 2254 178
3 2241 2237 2232
3 1925 1449 80
3 2242 707 2229
3 3816 686 3048
3 444 2780 2243
3 811 977 2206
3 957 196 2239
3 1495 2241 2231
3 2241 1821 2237
3 2234 1782 2194
3 2228 1203 2242
3 2245 157 2310
3 157 163 2310
3 2405 156 2326
3 156 2247 2326
3 2246 2400 131
3 77 2354 2350
3 1033 3202 221
3 2274 2251 748
3 134 2340 2250
3 2251 251 2336
3 2354 2258 2399
3 1635 275 302
3 924 1614 923
3 121 138 2358
3 96 265 1707
3 147 92 1109
3 2358 138 105
3 2261 205 3270
3 138 2502 2389
3 156 2405 2327
3 353 1895 2836
3 1910 1635 302
3 316 108 143
3 750 2245 2247
3 1791 1796 260
3 1180 132 109
3 2266 1659 114
3 94 2265 81
3 748 2351 2252
3 1648 1566 363
3 1615 1496 1750
3 370 2266 114
3 2267 1659 2266
3 2267 441 1659
3 370 2272 2266
3 2276 2267 2266
3 455 312 1017
3 489 471 1097
3 2332 2367 206
3 2270 2283 2272
3 2276 2266 2272
3 2279 2267 2276
3 2279 2280 2267
3 2280 441 2267
3 2236 439 441
3 825 255 2348
3 2367 2339 206
3 1912 1921 277
3 2270 2282 2283
3 2283 2284 2272
3 404 3896 2281
3 1785 2408 1879
3 2259 823 2604
3 823 2587 2604
3 136 89 82
3 2284 2276 2272
3 2284 2288 2276
3 2276 2288 2279
3 1206 2914 2921
3 2280 2289 2236
3 1114 1084 1291
3 2291 2284 2283
3 2288 2289 2279
3 2279 2289 2280
3 421 130 2254
3 214 2290 2294
3 2282 2270 1536
3 2017 2283 2282
3 2017 2291 2283
3 2292 2284 2291
3 2284 2292 2288
3 2292 2293 2288
3 2288 2293 2289
3 2289 2300 2236
3 2236 2300 514
3 331 810 1761
3 2294 2295 2296
3 2379 1179 313
3 169 1932 2045
3 2753 4049 2297
3 2303 2291 2017
3 2303 2292 2291
3 2292 2308 2293
3 2293 2304 2289
3 2289 2304 2300
3 2707 1344 1406
3 2305 2244 192
3 2184 824 1447
3 2909 475 1927
3 2313 2292 2303
3 2304 746 2300
3 1837 1763 746
3 2398 778 2364
3 2860 3747 2858
3 2025 291 2244
3 2025 2311 291
3 158 1169 159
3 475 2180 1927
3 2302 1922 2432
3 220 2045 228
3 1583 3407 1873
3 2315 2313 2303
3 2292 2313 2308
3 2308 2309 2293
3 2293 2309 2304
3 2309 1837 2304
3 1837 746 2304
3 227 1837 2309
3 160 1542 2273
3 265 1627 1707
3 337 2397 259
3 77 2311 2354
3 2354 1897 2258
3 2132 71 236
3 220 228 1923
3 103 1990 2831
3 3318 2315 2307
3 2316 2308 2313
3 2315 2316 2313
3 2308 2316 2309
3 2316 2323 2309
3 2323 227 2309
3 262 1333 111
3 2390 2473 748
3 655 1785 2318
3 140 2391 242
3 105 138 2389
3 2262 127 2261
3 1772 2322 2315
3 2315 2322 2316
3 2322 2323 2316
3 110 981 468
3 2325 2636 3401
3 2391 2392 242
3 2587 177 2604
3 2390 2252 2346
3 1106 227 2323
3 3374 2116 3448
3 2084 2788 73
3 1527 73 2054
3 465 1106 2323
3 2322 465 2323
3 85 2270 370
3 2334 71 238
3 117 2334 238
3 120 2703 2329
3 1990 2259 2893
3 256 315 2026
3 1341 1020 591
3 919 592 465
3 214 2265 94
3 2924 71 2335
3 237 146 1917
3 430 477 2174
3 2763 72 2978
3 1178 2270 85
3 2761 2759 2110
3 136 3881 839
3 562 542 286
3 2392 2246 242
3 2368 2285 2339
3 2368 2290 241
3 2285 2368 241
3 898 2381 1856
3 560 2413 1312
3 3798 22 3764
3 1231 148 748
3 2377 2341 2342
3 214 1686 689
3 2252 2345 2346
3 2295 2294 2418
3 1216 608 2477
3 2502 2376 2499
3 748 2251 2351
3 2473 1231 748
3 251 783 2336
3 78 1952 403
3 258 859 337
3 2286 825 2410
3 94 81 2327
3 750 157 2245
3 1694 252 1723
3 2362 2398 2395
3 2352 2380 2356
3 2336 783 104
3 2377 2342 2344
3 90 124 859
3 2254 124 178
3 2310 2275 2411
3 2357 2362 2395
3 261 104 2147
3 2374 2388 2378
3 1791 2301 217
3 1278 1034 126
3 2417 2245 2414
3 2245 2310 2414
3 131 2400 2359
3 2275 2350 279
3 2353 2361 2371
3 2359 2411 2268
3 2247 2392 2326
3 2390 748 2252
3 2365 2371 2361
3 946 262 878
3 2336 104 2351
3 2341 2362 2357
3 1447 728 468
3 2412 2367 2332
3 1057 323 418
3 291 750 81
3 2365 2370 2371
3 2355 2361 2353
3 3240 2378 3054
3 2036 1909 2055
3 2395 2398 2364
3 1786 1164 453
3 2334 117 2333
3 2290 2347 2294
3 155 212 812
3 2492 826 177
3 3267 186 2393
3 2364 778 208
3 1360 1735 1024
3 2502 1175 1112
3 2382 2341 2377
3 2352 2383 2355
3 2356 2383 2352
3 2249 326 345
3 2268 2411 2249
3 2381 2158 1960
3 2025 2403 2311
3 2311 2403 2354
3 810 897 726
3 2353 2409 2373
3 1892 1939 389
3 2371 2366 2409
3 2410 825 2348
3 2253 2389 1180
3 1232 148 1231
3 2161 134 2262
3 2341 2382 2362
3 440 558 161
3 2373 2409 2385
3 2353 2371 2409
3 2370 1360 1024
3 1909 2306 1911
3 2344 2349 2382
3 2270 2272 370
3 2327 3270 205
3 2268 2249 1200
3 1167 2385 142
3 1894 2006 2328
3 251 2358 105
3 2473 1232 1231
3 2352 2355 2353
3 813 1402 627
3 2388 2356 601
3 2045 1932 1033
3 491 446 128
3 2599 2542 2520
3 259 2391 140
3 2414 2310 2411
3 345 180 2249
3 634 105 2253
3 1135 1149 1134
3 2451 1480 623
3 2374 2356 2388
3 2380 2352 2353
3 2385 2409 965
3 3185 398 1444
3 2014 610 2009
3 400 421 2254
3 1761 1762 922
3 2275 2286 2411
3 1406 1344 1527
3 81 750 2247
3 105 2389 2253
3 161 778 2398
3 97 1140 98
3 2356 2380 601
3 1686 205 2261
3 1596 2374 2378
3 661 681 1050
3 2395 2365 2361
3 2364 208 1360
3 2396 1273 1249
3 337 2771 2397
3 2417 2400 2246
3 2383 2357 2355
3 629 624 1205
3 2317 1791 260
3 1642 282 709
3 1166 2340 134
3 2399 172 2585
3 612 1044 1145
3 2368 1418 2290
3 1870 102 210
3 1891 2119 2215
3 123 493 400
3 2317 2301 1791
3 142 965 314
3 2269 1140 97
3 2355 2357 2361
3 583 141 149
3 2326 2392 2391
3 1418 2347 2290
3 1133 2401 2994
3 2037 120 79
3 2405 2326 2402
3 2400 2414 2359
3 2247 2245 2392
3 689 2250 2340
3 2341 2357 2383
3 2356 2341 2383
3 217 2269 97
3 2255 2353 286
3 1294 1148 1550
3 2260 2269 217
3 2246 2269 242
3 2119 2836 473
3 3277 2425 2553
3 473 2962 2404
3 126 1399 1278
3 750 77 163
3 2409 2366 916
3 493 421 400
3 240 2380 2255
3 2380 2353 2255
3 2341 2356 2342
3 132 1263 109
3 2354 1960 1897
3 2217 2211 1694
3 810 2155 1761
3 286 2353 2373
3 1021 991 1453
3 369 76 783
3 240 2255 670
3 2249 2410 326
3 2275 279 2286
3 2312 784 1919
3 1200 2249 180
3 279 255 825
3 2389 1112 1180
3 183 422 119
3 784 2312 2156
3 299 1139 2027
3 3677 3790 2855
3 2342 2356 2374
3 2409 916 965
3 163 77 2350
3 965 916 934
3 1082 1098 2489
3 277 2434 1912
3 3785 725 685
3 178 124 90
3 2364 2370 2365
3 2388 601 186
3 368 142 1044
3 1093 2416 1220
3 2265 291 81
3 246 322 287
3 2434 2412 2332
3 1912 2434 2332
3 689 1686 2250
3 259 2425 2391
3 2044 2342 2374
3 1147 184 1149
3 2044 2374 1596
3 127 2250 1686
3 863 2339 2367
3 1314 2212 1821
3 2417 2246 2392
3 863 2368 2339
3 863 1418 2368
3 704 719 1581
3 1093 2413 2416
3 2416 2422 1220
3 1220 2422 2193
3 191 1648 363
3 2344 2342 2044
3 286 2373 1167
3 2397 2425 259
3 1071 161 2398
3 1763 1837 1701
3 2416 2427 2422
3 2193 2422 363
3 2717 2420 1595
3 2358 251 2251
3 746 740 2300
3 634 2253 369
3 2025 940 2403
3 940 113 2403
3 1248 537 301
3 560 1710 2413
3 2428 191 363
3 2364 1360 2370
3 2362 2382 2398
3 2403 113 2354
3 2867 2777 3379
3 1059 206 1166
3 2413 2436 2416
3 2416 2436 2427
3 2437 2428 363
3 1943 2423 2103
3 778 2231 208
3 2317 140 2301
3 2275 163 2350
3 1686 214 94
3 2414 2411 2359
3 2425 2402 2391
3 2402 2326 2391
3 634 369 251
3 2476 282 1642
3 2435 2413 1710
3 2422 2437 363
3 1887 696 3627
3 468 981 445
3 2370 1024 2366
3 2370 2366 2371
3 670 2255 542
3 936 2372 1922
3 2350 2399 279
3 1134 1103 1135
3 1626 1707 1627
3 2351 2251 2336
3 3277 2402 2425
3 2411 2286 2249
3 2435 2436 2413
3 2436 2431 2427
3 2427 2431 2422
3 2441 191 2428
3 2441 1496 191
3 3007 1409 213
3 2357 2395 2361
3 2395 2364 2365
3 442 2435 1710
3 2431 2438 2422
3 2422 2438 2437
3 2437 2441 2428
3 1134 123 1103
3 859 139 90
3 2255 286 542
3 81 156 2327
3 2410 2348 326
3 456 1458 1445
3 442 2439 2435
3 1044 142 1006
3 1180 109 137
3 251 369 783
3 601 240 1192
3 2359 2268 2324
3 148 2358 2274
3 863 2367 2412
3 1737 1060 2432
3 1419 2439 442
3 2436 2444 2431
3 107 1180 137
3 2399 2585 279
3 131 2359 225
3 225 2359 2324
3 300 2376 121
3 2417 2414 2400
3 1791 217 1314
3 2385 965 142
3 93 1983 3211
3 2439 2442 2435
3 2442 2443 2435
3 2435 2443 2436
3 2431 2447 2438
3 102 1870 2103
3 2389 2502 1112
3 1140 131 225
3 2269 131 1140
3 2324 2268 1200
3 346 93 3210
3 2443 2444 2436
3 2444 2447 2431
3 2448 1750 2441
3 2393 74 3167
3 1537 1564 1604
3 1314 217 96
3 2245 2417 2392
3 317 299 2027
3 580 3205 210
3 2443 2459 2444
3 2447 2462 2438
3 211 689 2340
3 206 211 1166
3 139 921 90
3 1244 1688 572
3 217 97 96
3 1272 2487 2541
3 2442 2461 2443
3 2444 2459 2447
3 2462 2454 2438
3 2454 2437 2438
3 2448 2441 2437
3 2463 2448 2437
3 797 258 337
3 326 2348 309
3 1694 1723 399
3 3267 2388 186
3 1061 1549 1103
3 1248 1281 385
3 2453 2442 2439
3 2453 2461 2442
3 2467 2462 2447
3 2463 2437 2454
3 2455 2448 2463
3 1604 1627 1537
3 345 414 180
3 385 1281 384
3 193 783 181
3 1200 180 1242
3 3800 2073 2834
3 2461 2459 2443
3 188 282 2490
3 3260 592 919
3 2451 2460 1480
3 98 204 97
3 315 78 2026
3 3195 202 209
3 209 1964 3207
3 1058 1157 697
3 2459 2467 2447
3 208 2217 399
3 820 1348 847
3 2314 792 793
3 792 2314 2451
3 2314 2465 2451
3 2451 2465 2460
3 2217 208 2231
3 2286 279 825
3 2463 2472 2455
3 2273 2469 160
3 591 1480 2460
3 820 847 871
3 2314 793 1069
3 2274 2358 2251
3 85 370 1375
3 315 1917 78
3 337 2317 797
3 2043 256 2026
3 2461 2421 2459
3 2472 2469 2455
3 2455 2469 2273
3 155 154 212
3 605 1069 793
3 2249 2286 2410
3 2460 1341 591
3 724 2328 2006
3 2453 2421 2461
3 2421 2478 2459
3 2478 2474 2459
3 2474 2467 2459
3 2462 2468 2454
3 2454 2468 2463
3 2468 2471 2463
3 2471 2472 2463
3 2344 2382 2377
3 2269 2246 131
3 1127 1162 2369
3 1069 647 2465
3 2465 2477 2460
3 1180 1112 132
3 186 1192 2393
3 241 2290 214
3 2467 2470 2462
3 2475 2468 2462
3 1735 1360 1723
3 2128 216 245
3 3203 355 1669
3 2310 163 2275
3 114 2235 1375
3 647 2477 2465
3 102 580 210
3 1151 334 2248
3 2025 2244 2305
3 2467 2474 2470
3 2470 2475 2462
3 2476 2469 2472
3 399 1723 1360
3 2020 3192 3191
3 1341 1329 1020
3 2339 2285 211
3 193 1921 2094
3 2026 2121 3199
3 2478 2484 2474
3 2474 2485 2470
3 2470 2485 2479
3 2479 2475 2470
3 2475 2481 2468
3 2468 2481 2471
3 2482 2472 2471
3 1192 240 541
3 1785 1879 1503
3 2693 2885 224
3 1669 2020 3191
3 2121 2248 3199
3 2482 2471 2481
3 2486 2476 2472
3 2482 2486 2472
3 2382 1071 2398
3 560 388 1710
3 647 1216 2477
3 424 525 897
3 2477 608 1341
3 2055 1909 487
3 2339 211 206
3 280 2412 2434
3 2332 206 2078
3 3408 1551 1504
3 2484 2489 2474
3 2489 2485 2474
3 179 2475 2479
3 179 2481 2475
3 2486 2490 2476
3 2490 282 2476
3 2487 1319 1273
3 280 863 2412
3 608 2487 1341
3 1341 2487 1290
3 2215 473 609
3 2018 1990 2893
3 1699 1163 2008
3 179 2482 2481
3 2317 259 140
3 2373 2385 1167
3 2195 1694 2211
3 2449 1232 2473
3 1192 207 2393
3 165 2489 2484
3 1291 2479 2485
3 1291 179 2479
3 164 2486 2482
3 1648 191 1496
3 238 2132 1983
3 1750 1496 2441
3 1228 2151 2299
3 228 1033 221
3 334 3200 2248
3 1098 2485 2489
3 1084 179 1291
3 164 189 2486
3 1035 897 331
3 89 100 82
3 148 121 2358
3 369 107 75
3 1273 2541 2487
3 251 105 634
3 1406 1831 448
3 209 2105 1964
3 228 221 334
3 2105 83 1964
3 2527 2569 2512
3 2515 2579 2577
3 2548 2496 1797
3 2347 2550 2418
3 340 357 773
3 2520 2581 2569
3 1126 2360 2503
3 2499 364 2502
3 2507 1137 281
3 853 854 4021
3 3380 1035 646
3 421 493 2843
3 2509 1077 1076
3 2509 2614 1110
3 1954 2420 2717
3 2512 2534 1083
3 2599 1213 2542
3 2503 2518 272
3 1161 1309 1310
3 1010 1036 993
3 2614 2516 2619
3 2578 2505 2568
3 1174 1190 2516
3 2599 2555 2524
3 2526 2524 2527
3 3244 239 2528
3 2991 3393 1670
3 1150 1174 2614
3 2531 2580 84
3 2619 1111 1110
3 372 1621 1105
3 2566 2384 2592
3 2580 688 84
3 2534 1115 1066
3 1240 2521 1230
3 309 273 271
3 320 322 1896
3 3455 3414 3473
3 1083 1065 1064
3 1240 1255 2521
3 2548 545 1141
3 823 2259 800
3 745 688 713
3 925 948 906
3 4016 826 2508
3 80 318 2070
3 2466 1954 2717
3 1066 1065 1083
3 2524 2555 2527
3 545 1130 1141
3 3143 664 2179
3 2439 3248 3092
3 3403 3443 1729
3 2554 1136 841
3 859 2771 337
3 1113 272 1079
3 2189 585 3475
3 906 880 925
3 426 522 450
3 2188 2570 3740
3 3859 1609 904
3 2562 2573 2655
3 3849 3837 3858
3 1094 2509 1110
3 1118 303 646
3 2514 2568 2515
3 2542 1236 2559
3 2523 1107 2554
3 1221 2623 2606
3 375 2715 632
3 2550 2572 2571
3 2569 1115 2534
3 445 486 2210
3 2516 2544 2497
3 2343 2572 2550
3 2515 2568 2579
3 925 2577 948
3 1010 993 970
3 1126 2503 1113
3 2517 2556 2588
3 2580 2531 1898
3 1157 1283 785
3 2464 2517 1609
3 2513 2396 2496
3 2580 324 688
3 2574 1010 2568
3 688 745 520
3 1263 2386 1993
3 2569 2534 2512
3 438 539 417
3 2587 2492 177
3 2384 687 2592
3 786 1802 1688
3 653 297 563
3 2516 1126 2619
3 1896 2540 2591
3 2375 1966 2598
3 2375 2418 1966
3 2556 281 2384
3 2592 2523 2578
3 272 2518 2565
3 2518 2500 2529
3 2592 1107 2523
3 2188 2866 2754
3 2566 2578 2603
3 2557 380 1802
3 909 2563 851
3 2576 2532 2513
3 1213 2599 1212
3 1698 2209 2234
3 496 312 455
3 2504 2056 2525
3 924 1208 925
3 2520 2576 2581
3 2496 2396 1797
3 2583 2564 2594
3 1774 1137 2507
3 2594 2575 2600
3 2519 2567 2600
3 2575 2519 2600
3 2586 451 546
3 1256 1295 1257
3 1284 1283 1881
3 2508 452 910
3 2599 2524 2538
3 2614 2619 1110
3 924 925 905
3 2546 2177 38
3 1792 2252 1513
3 2604 177 2609
3 2516 2497 1126
3 2256 520 2257
3 1256 2544 2521
3 2691 2608 695
3 429 177 1970
3 726 809 425
3 2576 1141 2581
3 1069 2465 2314
3 1896 246 2540
3 1970 428 429
3 2610 2298 2611
3 1212 2599 2538
3 1036 1001 993
3 2526 2538 2524
3 1123 1124 281
3 2504 2525 2501
3 1290 2487 1272
3 1674 362 1569
3 1912 2332 2078
3 2347 2418 2294
3 387 307 325
3 2622 2586 377
3 2647 2634 2635
3 2634 2605 2635
3 2653 2605 273
3 588 2612 2654
3 549 568 645
3 386 1674 1109
3 851 2587 823
3 2295 2221 2296
3 2554 1107 1136
3 872 1707 1656
3 2563 2492 2587
3 2564 2609 2575
3 2679 2586 2622
3 2651 2624 2621
3 1966 2418 2550
3 375 632 323
3 2612 2613 2654
3 2529 2527 2565
3 1319 2487 608
3 2795 2609 2564
3 3745 3736 2615
3 1295 1280 305
3 200 15 201
3 2375 2221 2295
3 936 2257 1325
3 2514 2515 2506
3 230 231 2649
3 2562 426 2573
3 2581 1115 2569
3 1258 1259 1221
3 580 1108 581
3 2673 3405 3627
3 231 233 2648
3 2360 2500 2518
3 2281 2622 404
3 1175 2419 1112
3 1325 1990 2372
3 1258 2539 2544
3 3859 2507 1609
3 418 323 1058
3 2947 2956 599
3 2646 2736 3928
3 2645 2776 2655
3 1258 2606 2539
3 2632 2613 2617
3 3570 3510 3446
3 2540 2612 588
3 2510 2118 2668
3 2624 2586 2679
3 2648 233 2647
3 2582 248 3558
3 1137 1123 281
3 2579 1010 970
3 2758 273 255
3 1256 1255 1295
3 229 2617 2613
3 2665 2648 2647
3 2648 2665 2649
3 2603 2578 2514
3 2647 233 2634
3 544 2655 822
3 544 2562 2655
3 2650 248 2582
3 2658 2650 2582
3 1611 464 2363
3 173 789 944
3 2647 2635 2670
3 2188 3740 3746
3 2500 2526 2529
3 2655 2776 2736
3 2645 2651 2776
3 2111 2163 3029
3 2612 229 2613
3 229 230 2617
3 3427 3638 3415
3 2602 1835 2535
3 520 1325 2257
3 2236 441 2280
3 340 2118 2510
3 2514 2578 2568
3 2562 522 426
3 2634 233 2605
3 2659 2658 2582
3 2660 2650 2658
3 2657 2660 2658
3 2503 2360 2518
3 2622 2281 2672
3 2663 1208 2081
3 1754 2625 2603
3 841 1150 2614
3 230 2649 2617
3 857 1477 1478
3 2649 231 2648
3 2649 2665 2700
3 2497 2360 1126
3 875 857 2787
3 2658 2659 2657
3 2667 2660 2657
3 1859 2667 2657
3 2667 2650 2660
3 1097 1811 1119
3 272 2565 1064
3 2594 2564 2575
3 357 3456 1887
3 2632 2778 2692
3 2665 2670 2779
3 231 247 233
3 2396 2541 1273
3 2594 2600 2639
3 2583 2594 2639
3 2023 2583 2639
3 2617 2649 2700
3 2615 3746 3745
3 2560 448 213
3 2163 2753 3029
3 2671 1440 3005
3 2677 2650 2667
3 1190 1209 2521
3 276 2510 2668
3 3871 2654 2632
3 2589 3436 1342
3 1887 3627 1926
3 231 230 247
3 1258 2544 1256
3 2640 3150 752
3 2677 2328 3204
3 2599 2520 2555
3 2609 177 429
3 1926 3627 747
3 2639 2600 1600
3 2542 2559 2520
3 2568 1010 2579
3 2621 2624 2679
3 2573 2645 2655
3 822 2655 2646
3 2625 2588 2603
3 2507 2464 1609
3 1031 498 981
3 2676 2667 1859
3 2676 2677 2667
3 747 3627 2678
3 324 2580 1900
3 246 2612 2540
3 710 419 2668
3 2632 2654 2613
3 2647 2670 2665
3 1921 181 277
3 2602 3741 600
3 452 2508 2492
3 751 3394 3380
3 2505 2574 2568
3 2629 2628 2662
3 380 2699 1688
3 306 287 322
3 2464 2507 281
3 1138 2678 1228
3 2555 2569 2527
3 3985 1211 2680
3 810 726 425
3 2676 2415 2677
3 2415 2328 2677
3 3204 2328 724
3 2588 2566 2603
3 1228 2678 2681
3 2575 2609 2519
3 841 2614 2509
3 2761 2019 2751
3 2774 2103 1870
3 2347 2343 2550
3 1941 2687 1890
3 2515 2577 2663
3 2505 2523 2554
3 2541 2396 2513
3 2627 2611 2302
3 297 332 173
3 2581 1141 1115
3 882 1594 1567
3 1161 1273 1319
3 2605 271 273
3 2525 2424 2406
3 2418 2375 2295
3 2628 2675 2662
3 304 2651 2645
3 2573 304 2645
3 304 2624 2651
3 1257 1304 1296
3 1252 2024 2684
3 2685 2689 1859
3 2067 2047 4044
3 1859 2689 2676
3 2698 2415 2676
3 1754 2603 2506
3 2525 2056 2424
3 862 891 851
3 273 309 2348
3 2538 2526 2623
3 3871 2632 2201
3 2693 2687 1941
3 2687 2695 1890
3 1890 2695 2683
3 2683 2696 2182
3 2696 79 2182
3 2696 2037 79
3 2497 2544 2360
3 2406 2424 2610
3 2685 2682 2697
3 653 563 1219
3 2501 2525 2406
3 2406 2610 2680
3 2778 2617 2700
3 2632 2617 2778
3 2628 2627 2675
3 2635 2605 2653
3 1243 1567 1900
3 2676 2689 2698
3 2508 910 853
3 851 2563 2587
3 1896 322 246
3 2746 71 2924
3 1204 479 669
3 2687 2694 2695
3 2539 2623 2500
3 428 2519 429
3 2679 2708 2621
3 2653 273 2758
3 2574 1076 1036
3 2690 1158 2187
3 2697 2689 2685
3 2697 2698 2689
3 1158 2198 2187
3 1113 2503 272
3 126 1034 1218
3 1926 747 243
3 1066 1083 2534
3 1294 1549 1092
3 2118 710 2668
3 255 273 2348
3 2421 2493 2478
3 1677 3413 2533
3 2198 2445 1925
3 2703 120 2037
3 2360 2539 2500
3 1179 2564 2583
3 2588 2556 2566
3 467 1398 1091
3 84 2256 2056
3 687 1107 2592
3 1857 3463 617
3 2610 2611 2628
3 2632 2692 2201
3 2652 2621 2708
3 2708 2679 2622
3 2652 2651 2621
3 1191 2688 2180
3 923 1614 1628
3 2701 2698 2697
3 2698 1894 2415
3 132 2386 1263
3 809 1448 1162
3 84 2056 2504
3 3459 1449 2445
3 2518 2529 2565
3 2566 2556 2384
3 822 2646 3942
3 2424 2298 2610
3 1784 1751 3423
3 2693 2694 2687
3 2712 2696 2683
3 2520 2569 2555
3 1221 2606 1258
3 1449 2707 318
3 2610 2628 2629
3 380 2557 2537
3 3062 222 249
3 451 2586 2624
3 2665 2779 2700
3 2718 2156 2688
3 2728 2158 2156
3 2718 2728 2156
3 2728 172 2158
3 2574 2554 1076
3 1076 841 2509
3 281 1124 2384
3 2771 859 2772
3 1190 2521 2516
3 2699 1835 2602
3 2693 2711 2694
3 2694 2712 2695
3 2712 2683 2695
3 2703 2037 2696
3 1426 2329 2703
3 267 520 745
3 2574 1036 1010
3 2500 2623 2526
3 2639 1600 2023
3 2751 2019 2774
3 2708 2622 2672
3 1191 2718 2688
3 2709 2698 2701
3 2709 1894 2698
3 2531 84 2504
3 2501 2531 2504
3 2554 841 1076
3 1079 272 1064
3 429 2519 2609
3 2716 2693 224
3 2693 2716 2711
3 2696 1426 2703
3 2506 2603 2514
3 2565 2527 1083
3 450 522 497
3 2505 2554 2574
3 270 271 2605
3 2532 2541 2513
3 1790 114 1659
3 2521 2544 2516
3 2513 2496 2548
3 3145 2738 2682
3 2735 1783 1263
3 2576 2559 2532
3 1344 3408 1527
3 2532 1272 2541
3 3593 2618 690
3 2798 2157 2558
3 2772 124 130
3 1600 2600 2567
3 2724 224 2216
3 2724 2725 224
3 2711 2755 2694
3 2694 2755 2712
3 2733 2696 2712
3 246 229 2612
3 2360 2544 2539
3 2663 2506 2515
3 426 304 2573
3 2019 2103 2774
3 3193 2650 3204
3 2635 2653 2670
3 2718 1191 2727
3 2585 172 2728
3 2520 2559 2576
3 2513 2548 2576
3 1527 3408 1504
3 2738 2739 2701
3 2697 2738 2701
3 2739 2709 2701
3 2709 2750 1894
3 2724 2729 2725
3 2725 2760 224
3 224 2760 2716
3 2696 2733 1426
3 2763 2978 2749
3 3882 1982 3808
3 2655 2736 2646
3 459 904 1994
3 2750 2759 1894
3 1894 2759 2006
3 2006 2759 2720
3 2578 2566 2592
3 2278 2731 2277
3 2640 752 801
3 1831 1527 2054
3 2752 2666 3144
3 3634 2122 3214
3 2755 2733 2712
3 2733 1201 1426
3 3910 320 3904
3 3042 3258 2114
3 2611 2627 2628
3 2517 281 2556
3 1296 1304 1315
3 1221 2538 2623
3 2256 2257 543
3 2565 1083 1064
3 2429 2425 2397
3 2576 2548 1141
3 2709 2739 2750
3 2759 2761 2720
3 2751 398 2720
3 2761 2751 2720
3 2751 1444 398
3 2751 2263 1444
3 1416 3386 283
3 2722 250 2721
3 3294 2278 3343
3 2054 73 1906
3 2716 2764 2711
3 2747 610 1997
3 1960 2354 113
3 1996 2757 2030
3 2757 2718 2727
3 2728 2758 2585
3 1142 2548 1797
3 2075 2739 2738
3 2662 2675 3716
3 2614 1174 2516
3 3606 2083 1936
3 2760 2764 2716
3 2764 2755 2711
3 2755 2766 2733
3 1997 610 2014
3 2606 2623 2539
3 1083 2527 2512
3 2024 1252 1863
3 455 1017 1105
3 2769 2747 1997
3 2180 2688 2312
3 2795 2564 1179
3 2758 2728 2718
3 1174 1199 1190
3 1280 1295 1255
3 2526 2527 2529
3 821 613 3474
3 2771 3184 2429
3 2397 2771 2429
3 1037 1036 1077
3 3204 2650 2677
3 2458 1754 2506
3 1195 1196 1589
3 2773 2750 2739
3 2075 2773 2739
3 2774 2263 2751
3 2774 210 2263
3 2214 2756 2186
3 2638 2714 3399
3 2866 2188 3746
3 375 378 2715
3 2729 2760 2725
3 2764 2765 2755
3 1116 1115 1141
3 290 2598 1966
3 2743 1471 2744
3 2744 2778 2745
3 2778 2769 2745
3 1996 2522 2747
3 2770 2718 2757
3 2770 2758 2718
3 2508 826 2492
3 1036 1076 1077
3 936 543 2257
3 2773 444 2750
3 2774 1870 210
3 1394 3752 3751
3 3418 3447 3377
3 2858 2570 2754
3 2736 2760 2729
3 2736 2776 2760
3 2760 2776 2764
3 2765 2766 2755
3 2766 1201 2733
3 3283 3406 2768
3 1471 2778 2744
3 2700 2747 2769
3 2779 1996 2747
3 2670 2757 1996
3 2653 2770 2757
3 2578 2523 2505
3 2517 2464 281
3 2772 3155 3184
3 2771 2772 3184
3 1152 2329 1426
3 2772 130 3155
3 2750 2039 2759
3 710 2125 419
3 64 63 1285
3 1607 2730 298
3 3405 2734 2151
3 2764 2652 2765
3 3744 1691 1692
3 2133 3389 1995
3 1161 1319 1309
3 3510 3379 2777
3 1471 2692 2778
3 2670 1996 2779
3 2653 2757 2670
3 2507 3859 1774
3 493 2394 3057
3 2773 2780 444
3 1972 3496 2131
3 1504 1551 73
3 3382 3374 2781
3 2776 2651 2764
3 2651 2652 2764
3 2652 2708 2765
3 2708 2766 2765
3 2766 2708 1201
3 2708 2672 1201
3 2778 2700 2769
3 2700 2779 2747
3 2770 2653 2758
3 655 2318 873
3 2730 496 454
3 2974 3272 2926
3 3052 2856 3215
3 2345 937 1425
3 2926 3272 2129
3 2320 3102 3015
3 3034 2792 3022
3 2558 2730 2796
3 1304 1257 1295
3 1607 2796 2730
3 2802 2803 2798
3 2792 2833 1825
3 253 2449 2798
3 3022 2792 1825
3 2796 2806 2797
3 2803 300 2798
3 1825 2833 2049
3 2806 1607 2801
3 2806 2811 2797
3 2811 2802 2797
3 2802 2809 2803
3 2803 2805 300
3 1232 253 148
3 2810 2806 2801
3 2808 2809 2802
3 2809 2494 2803
3 2803 2494 2805
3 1276 453 2184
3 2807 2801 2804
3 2807 2810 2801
3 2811 2808 2802
3 113 129 1960
3 1442 2366 1024
3 1963 695 2804
3 2809 2812 2494
3 2494 2498 2805
3 2814 2806 2810
3 2806 2814 2811
3 2811 2815 2808
3 2808 2816 2809
3 2812 2498 2494
3 2815 2816 2808
3 2822 2807 2608
3 2822 2810 2807
3 2822 2818 2810
3 2810 2818 2814
3 2809 2816 2812
3 2812 2499 2498
3 2814 2818 2811
3 2819 2817 2812
3 2816 2819 2812
3 2817 364 2499
3 2812 2817 2499
3 2691 695 1786
3 2818 2825 2811
3 2811 2825 2815
3 2816 2823 2819
3 2824 2608 2691
3 2824 2822 2608
3 3040 3216 2813
3 714 789 1281
3 2815 2823 2816
3 2823 2826 2819
3 2819 2826 2817
3 2827 2822 2824
3 2815 2828 2823
3 2821 2419 2817
3 2826 2821 2817
3 162 1868 2763
3 2822 2827 2818
3 2842 2828 2815
3 2825 2842 2815
3 2828 2829 2823
3 2829 2830 2826
3 2823 2829 2826
3 2826 2830 2821
3 2126 2827 2824
3 2827 2825 2818
3 1990 1325 519
3 2798 2558 2802
3 2298 1922 2302
3 2522 1996 2030
3 2073 3800 2743
3 1049 2126 2824
3 2862 2827 2126
3 2829 2835 2830
3 2830 2419 2821
3 521 2179 2126
3 2825 2863 2842
3 2842 2852 2828
3 2852 2835 2829
3 2828 2852 2829
3 2835 2536 2830
3 2830 2536 2419
3 2895 3058 2837
3 2791 3227 3026
3 2949 2987 2948
3 3318 1772 2315
3 2951 3008 3228
3 2329 2335 2334
3 120 2329 2334
3 2333 120 2334
3 611 274 1334
3 2480 2179 521
3 2827 2862 2825
3 2852 2853 2835
3 959 948 2577
3 3243 2913 2035
3 2179 664 2126
3 2862 2863 2825
3 2853 2536 2835
3 2005 2004 3296
3 1334 274 1616
3 2863 2852 2842
3 2852 2868 2853
3 2987 2065 2948
3 2876 2754 2866
3 2876 2859 2754
3 2878 2860 2858
3 2859 2878 2858
3 3150 3430 3559
3 1461 4050 35
3 664 2862 2126
3 2868 2536 2853
3 2302 2432 2433
3 2622 377 404
3 3736 2873 2615
3 2875 2876 2866
3 2877 2878 2859
3 3742 3282 3743
3 2871 2862 664
3 2863 2886 2852
3 2868 2881 2536
3 1922 1737 2432
3 2893 2259 2016
3 2063 1177 2836
3 2838 2854 3303
3 2883 2889 3736
3 3736 2889 2873
3 2873 2874 2615
3 2874 2875 2866
3 2615 2874 2866
3 2884 2859 2876
3 2884 2877 2859
3 2886 2887 2852
3 2852 2887 2868
3 2868 2887 2881
3 2881 2735 2536
3 2536 2735 1993
3 2889 2874 2873
3 2874 2898 2875
3 2891 2884 2876
3 2449 253 1232
3 2862 2900 2863
3 2883 2906 2889
3 2889 2897 2874
3 2897 2898 2874
3 2898 2890 2875
3 2875 2890 2876
3 2890 2891 2876
3 185 1595 2420
3 2900 2910 2863
3 2863 2910 2886
3 2887 2735 2881
3 3492 2053 764
3 1922 2372 103
3 2264 2181 2713
3 1688 375 572
3 2895 2838 3063
3 2799 2905 2882
3 2905 2896 2883
3 2882 2905 2883
3 2883 2896 2906
3 2897 2916 2898
3 2898 2908 2890
3 2891 2877 2884
3 1410 2878 2877
3 1410 2879 2878
3 1410 2864 2879
3 1409 3225 2864
3 1890 2182 2899
3 2181 2036 2713
3 664 2925 2871
3 2925 2862 2871
3 2862 2925 2900
3 2910 2887 2886
3 2887 2911 2735
3 3461 881 2166
3 2899 2182 2892
3 2892 2182 1939
3 2182 79 1939
3 2889 2906 2897
3 2907 2908 2898
3 2923 2891 2890
3 2923 2918 2891
3 2918 2877 2891
3 2918 1410 2877
3 1409 2864 1410
3 1890 2899 2902
3 2910 2911 2887
3 2009 294 475
3 1835 382 2535
3 1177 475 2909
3 103 2831 1737
3 2912 2921 2914
3 2999 4050 1461
3 2179 2480 3143
3 430 2732 404
3 643 2052 2850
3 2922 2905 2799
3 2896 2929 2906
3 2897 2931 2916
3 2916 2932 2907
3 2898 2916 2907
3 2917 2908 2907
3 2908 2923 2890
3 2560 1410 2918
3 690 3181 698
3 2925 2941 2900
3 2900 2941 2910
3 2911 2950 2735
3 1941 945 2693
3 395 223 1824
3 1824 223 1072
3 1765 424 1035
3 2919 2920 2912
3 2920 2921 2912
3 2928 2060 2921
3 2832 2049 2895
3 2922 2936 2905
3 2936 2929 2896
3 2905 2936 2896
3 2937 2930 2906
3 2929 2937 2906
3 2906 2930 2897
3 2897 2930 2931
3 2907 2932 2917
3 2917 2939 2908
3 2908 2939 2923
3 2070 2918 2923
3 2865 3220 3229
3 1074 2849 1464
3 3272 2974 1117
3 2910 2933 2911
3 2911 2933 2950
3 2950 1783 2735
3 294 2522 2030
3 152 1991 2181
3 2919 2935 2920
3 2579 970 959
3 158 159 1849
3 1941 2902 1931
3 2931 2938 2916
3 2916 2938 2932
3 2923 80 2070
3 3557 1464 2849
3 2925 2959 2941
3 2941 2942 2910
3 2910 2942 2933
3 3109 3098 2847
3 2928 2921 2920
3 2935 2928 2920
3 3282 857 1478
3 329 2936 2922
3 2936 2937 2929
3 2937 2946 2930
3 2930 2946 2931
3 2946 2938 2931
3 2932 2939 2917
3 2947 599 2939
3 2923 1925 80
3 3088 3310 3267
3 2064 2940 2062
3 2674 3377 3437
3 2713 2055 2173
3 1662 2989 663
3 2401 3214 2850
3 663 2989 664
3 945 1931 488
3 2713 2036 2055
3 2944 2928 2935
3 2943 2944 2935
3 2944 744 2928
3 329 2954 2936
3 2954 2945 2936
3 2945 2966 2936
3 2936 2966 2937
3 2946 2955 2938
3 2938 2956 2932
3 2932 2947 2939
3 3259 3049 3068
3 3247 1834 3282
3 2989 2968 664
3 2958 2925 664
3 2968 2958 664
3 2958 2982 2925
3 2925 2982 2959
3 2942 2960 2933
3 2840 3022 1825
3 2977 2952 3339
3 2036 2306 1909
3 2430 2943 2935
3 2963 2944 2943
3 3094 2978 2964
3 2965 329 328
3 2964 2965 328
3 329 2965 2954
3 2972 2945 2954
3 2966 2946 2937
3 2938 2955 2956
3 2956 2947 2932
3 2299 599 2956
3 2306 353 1911
3 1911 353 2119
3 2836 2962 473
3 1662 92 2989
3 2959 2942 2941
3 2960 2950 2933
3 2864 2860 2879
3 1657 2977 3339
3 2064 2607 2953
3 2980 2943 2430
3 2980 2963 2943
3 2963 2970 2944
3 2970 743 2944
3 2965 2971 2954
3 2946 2981 2955
3 2956 2955 2299
3 2404 2312 1919
3 488 2100 95
3 2798 300 253
3 2109 2014 2063
3 2959 2975 2942
3 2975 2960 2942
3 2009 2522 294
3 2233 1152 1426
3 1300 3239 2204
3 2899 1333 2902
3 2132 236 106
3 2971 2964 2978
3 2971 2965 2964
3 2945 2972 2966
3 2985 2986 2966
3 2966 2986 2946
3 2986 2981 2946
3 2981 2299 2955
3 2450 427 1169
3 2018 2893 1938
3 2831 2018 1938
3 1765 2287 1764
3 92 147 2989
3 2975 2990 2960
3 2990 290 2960
3 2960 290 2950
3 2969 2952 2977
3 2702 2596 2430
3 2984 2963 2980
3 2984 2970 2963
3 2970 2749 743
3 2971 3003 2954
3 2954 3003 2972
3 2972 2985 2966
3 290 3078 2598
3 2452 2939 599
3 67 1194 68
3 1177 2009 475
3 2009 1177 472
3 3010 2958 2968
3 3010 2982 2958
3 2982 2975 2959
3 290 2571 2950
3 2979 2978 72
3 2969 2977 2466
3 224 2885 2216
3 2749 2970 2984
3 2979 2971 2978
3 2979 2993 2971
3 2993 3003 2971
3 3003 2985 2972
3 2981 802 1724
3 828 301 1349
3 2836 1177 2962
3 2962 1177 2909
3 2119 353 2836
3 2989 3000 2968
3 2968 3000 3010
3 2982 3001 2975
3 3001 2990 2975
3 2016 2604 2795
3 2977 3314 2466
3 2478 2493 2484
3 2596 3012 2980
3 3012 2992 2980
3 2992 2984 2980
3 66 2483 1194
3 3003 3004 2985
3 2985 3005 2986
3 802 2986 3005
3 802 2981 2986
3 174 3251 2048
3 2995 3706 3009
3 1938 1810 266
3 1152 2335 2329
3 2763 2749 162
3 2108 2924 2335
3 1152 2108 2335
3 2108 3838 2924
3 2982 3010 3001
3 2650 3193 248
3 2547 2320 3042
3 600 2699 2602
3 2433 2120 2627
3 3002 2984 2992
3 3002 2749 2984
3 3002 2820 2749
3 72 2993 2979
3 2985 3004 3013
3 2985 3013 3005
3 2790 2974 2926
3 2571 290 1966
3 3302 3259 3097
3 2834 2073 1991
3 1154 1997 2014
3 1938 2379 1810
3 2039 1810 2146
3 2243 266 444
3 464 1611 147
3 147 1611 2989
3 2989 3018 3000
3 3001 290 2990
3 91 368 1044
3 3019 2466 3314
3 2596 1433 3012
3 72 3003 2993
3 3003 2098 3004
3 3013 2671 3005
3 2870 3219 3020
3 1154 2014 2109
3 2136 313 1942
3 1942 2583 1943
3 118 1616 1940
3 2298 2302 2611
3 1334 1616 118
3 2067 1241 2607
3 3000 3018 3010
3 2627 2302 2433
3 2181 1895 2306
3 2145 784 898
3 3465 3012 1433
3 1850 2992 3012
3 2992 2820 3002
3 2098 3003 72
3 2668 419 2098
3 2098 419 3004
3 419 2125 3013
3 3004 419 3013
3 3013 2125 2671
3 2106 2081 2046
3 1856 129 876
3 1856 876 1940
3 1848 1334 118
3 898 784 2381
3 2080 2330 839
3 3027 3010 3018
3 3047 3027 3018
3 3010 3027 3001
3 3039 290 3001
3 2387 1186 274
3 2387 274 112
3 1186 784 2145
3 2394 1954 3019
3 1954 2466 3019
3 1850 3032 2992
3 2081 2998 339
3 2992 3032 3511
3 2992 3511 2820
3 72 2763 2510
3 276 72 2510
3 2098 276 2668
3 1880 101 1879
3 2038 3036 2530
3 3036 3030 2530
3 1928 1923 170
3 2962 2909 2404
3 668 187 669
3 1611 3038 2989
3 2989 3038 3018
3 3027 3039 3001
3 2073 1128 1991
3 480 1874 3319
3 2909 1927 2404
3 1927 2312 2404
3 609 2387 112
3 1972 935 3496
3 304 451 2624
3 2196 2319 2976
3 3229 2114 2488
3 2636 3043 3028
3 3043 3051 3025
3 3028 3043 3025
3 3025 3051 2038
3 2038 3044 3036
3 3165 1974 3031
3 166 1901 317
3 1917 293 1952
3 1892 2892 1939
3 95 2100 1635
3 488 1931 946
3 488 946 2100
3 1764 2287 1611
3 1764 1611 2363
3 2287 3038 1611
3 3038 3055 3018
3 3018 3055 3047
3 3027 3047 3039
3 2893 2016 2795
3 609 112 295
3 2215 609 295
3 2055 487 293
3 2421 3237 2493
3 3041 3066 3148
3 2325 3043 2636
3 922 1439 331
3 100 302 202
3 83 371 490
3 1895 2063 2836
3 493 123 2394
3 167 292 1891
3 292 2119 1891
3 485 292 167
3 146 2055 293
3 1175 364 2817
3 3052 3215 2440
3 3296 2967 3738
3 3051 3061 2038
3 2038 3061 3044
3 3071 672 3030
3 3071 3085 672
3 2110 2146 2019
3 490 111 317
3 2536 1993 2386
3 695 2608 2807
3 2287 3065 3038
3 3047 3078 3039
3 3057 2535 382
3 2221 192 2296
3 111 1333 166
3 1928 1638 1923
3 2994 1949 2904
3 311 1975 466
3 2833 3058 2049
3 2839 2083 3066
3 1241 3060 3693
3 3061 3084 3044
3 3044 3084 3036
3 3096 3070 3036
3 3070 3030 3036
3 3070 3071 3030
3 525 726 897
3 2049 3058 2895
3 79 120 2333
3 1890 2683 2182
3 3511 2172 2820
3 2560 1406 448
3 3065 3089 3038
3 3038 3089 3055
3 294 2727 1191
3 2335 71 2334
3 2892 1892 166
3 2550 2571 1966
3 122 220 1638
3 249 2865 3229
3 2846 3045 1974
3 3095 3083 3051
3 3051 3083 3061
3 3083 3084 3061
3 3084 3096 3036
3 3238 3298 3305
3 2995 3075 2202
3 453 1276 521
3 2054 1906 116
3 3255 3274 3243
3 3305 2838 2837
3 3305 3298 2838
3 1765 3076 2287
3 2287 3076 3065
3 3077 3055 3089
3 3055 3077 3047
3 3047 3077 3078
3 1997 2745 2769
3 1128 1154 1991
3 1263 1993 2735
3 3155 130 1889
3 3057 382 3090
3 382 2331 3090
3 3090 2843 3057
3 2063 472 1177
3 3041 2904 3066
3 1359 1394 3751
3 3045 2183 2013
3 2325 3082 3043
3 3135 3071 3070
3 3106 635 3085
3 3074 3097 2135
3 3242 3216 3221
3 3336 3086 3087
3 2282 2791 2017
3 2048 3274 3255
3 1133 2994 2789
3 3076 3100 3065
3 2813 2271 3040
3 1256 2521 1255
3 3054 2378 3267
3 3093 3103 2704
3 3094 3247 744
3 2065 1117 3288
3 3059 2848 3214
3 3096 3105 3070
3 3106 3107 635
3 3108 2040 3011
3 3233 3087 2123
3 2913 2915 2035
3 2122 3059 3214
3 3076 2561 3100
3 3100 3125 3065
3 3065 3125 3089
3 3110 3077 3089
3 3110 3111 3078
3 3077 3110 3078
3 3111 2598 3078
3 3142 3113 2331
3 3113 3090 2331
3 1889 2843 3090
3 1889 421 2843
3 2558 2797 2802
3 1904 170 403
3 878 371 83
3 3128 3101 3365
3 3091 3129 3093
3 3129 3103 3093
3 2994 2144 2789
3 2710 3390 3104
3 3082 3133 3095
3 3095 3117 3083
3 3083 3096 3084
3 3105 3135 3070
3 3135 3118 3071
3 3136 3085 3071
3 3118 3136 3071
3 2041 2040 3108
3 3224 3021 2077
3 3021 2951 3246
3 2705 2278 3294
3 3124 3100 2561
3 3111 2375 2598
3 3113 1889 3090
3 2805 2498 2376
3 3302 3097 3074
3 1133 2789 2004
3 3358 3128 3365
3 3127 3128 3358
3 3129 3091 3101
3 3104 3116 2710
3 3116 3132 3082
3 3082 3132 3133
3 3117 3134 3083
3 3134 3096 3083
3 3136 3106 3085
3 3137 3107 3106
3 2041 3108 3138
3 3267 2378 2388
3 3066 2976 3256
3 2111 3739 567
3 3123 3170 3124
3 3100 3124 3125
3 3125 3141 3089
3 3089 3141 3110
3 3111 2221 2375
3 2264 152 2181
3 3800 3844 2743
3 2198 1925 2452
3 3126 2888 2737
3 3144 3115 2752
3 2105 878 83
3 3128 3129 3101
3 3104 3130 3131
3 3131 3159 3104
3 3104 3159 3116
3 3134 3146 3096
3 3096 3146 3105
3 3137 3106 3136
3 3138 3108 3011
3 3107 3138 3011
3 310 2041 3138
3 3236 3017 3353
3 2044 3352 2344
3 3006 2123 2135
3 3230 3099 3050
3 2077 3021 3246
3 2744 1128 2073
3 2850 2994 2401
3 3141 3125 3124
3 3170 3141 3124
3 3153 3111 3110
3 3141 3153 3110
3 3111 3153 2221
3 2498 2499 2376
3 2867 3154 3142
3 2964 328 1691
3 223 3149 1072
3 3114 3975 3145
3 3144 3171 3115
3 3157 3158 3129
3 3129 3158 3103
3 3133 3160 3095
3 3095 3160 3117
3 3134 3161 3146
3 3146 3147 3105
3 3147 3162 3105
3 3162 3135 3105
3 3135 3136 3118
3 3137 3177 3107
3 3177 3138 3107
3 3148 3066 3256
3 2948 2065 3288
3 3151 3152 3150
3 3151 1867 3152
3 3009 2934 3228
3 3008 3009 3228
3 2084 1974 2788
3 3169 3123 2203
3 2305 3153 3141
3 880 906 889
3 3155 3113 3142
3 3113 3155 1889
3 248 3156 2666
3 3185 3128 3127
3 3185 3186 3128
3 3157 3129 3128
3 3186 3157 3128
3 3158 3172 3103
3 3172 2097 2152
3 3103 3172 2152
3 2152 2097 2726
3 3130 3187 3131
3 3131 3187 3159
3 3159 3173 3132
3 3116 3159 3132
3 3173 3174 3133
3 3132 3173 3133
3 3174 3175 3133
3 3175 3160 3133
3 3162 3136 3135
3 3165 2183 3045
3 3166 3178 3151
3 3179 1867 3151
3 3179 3180 1867
3 3180 3181 1867
3 74 583 3167
3 3169 3170 3123
3 2376 300 2805
3 3182 3183 3154
3 3183 3142 3154
3 3183 3155 3142
3 610 2747 2522
3 3039 3078 290
3 1134 1954 123
3 3185 3127 3171
3 1857 2139 3130
3 3160 3195 3117
3 3195 3188 3134
3 3117 3195 3134
3 3134 3188 3161
3 3161 3196 3146
3 3146 3189 3147
3 3147 3189 3162
3 3209 3176 3162
3 3176 3136 3162
3 3197 3137 3136
3 3190 3138 3177
3 801 3198 2640
3 3166 2640 3198
3 3151 3178 3179
3 3168 3169 2203
3 3192 2305 3141
3 3191 3192 3141
3 2305 2221 3153
3 3092 2453 2439
3 3183 3184 3155
3 2604 2016 2259
3 2009 610 2522
3 543 936 1922
3 3193 3156 248
3 3193 3144 3156
3 3193 3171 3144
3 1023 633 2338
3 3194 3157 3186
3 3157 3194 3158
3 3158 3194 3172
3 633 1023 2047
3 3187 2003 3159
3 2003 3206 3159
3 3159 3206 3173
3 3189 3209 3162
3 3210 3136 3176
3 3210 3197 3136
3 3197 3177 3137
3 3197 3211 3177
3 3211 3190 3177
3 3198 3199 3166
3 3166 3199 3178
3 3178 2248 3179
3 3201 3181 3180
3 3202 698 3181
3 3201 3202 3181
3 3202 3168 698
3 3168 1961 3169
3 1961 3170 3169
3 3203 3141 3170
3 3203 3191 3141
3 2553 3183 3182
3 3204 3171 3193
3 3205 580 3172
3 3194 3205 3172
3 3172 580 2590
3 747 802 1440
3 3173 3206 3174
3 3175 1878 3160
3 3160 1878 3195
3 3207 3196 3161
3 3188 3207 3161
3 2028 3146 3196
3 2028 3189 3146
3 3189 3208 3209
3 3190 3198 801
3 310 3190 801
3 3198 2043 3199
3 3199 2248 3178
3 3200 3180 3179
3 2248 3200 3179
3 1961 3168 3202
3 355 3203 3170
3 3184 3183 2553
3 2415 1894 2328
3 2056 543 1922
3 724 3171 3204
3 724 3185 3171
3 3947 580 581
3 2203 698 3168
3 243 710 773
3 2003 2002 3206
3 3206 1357 3174
3 1357 1878 3175
3 3174 1357 3175
3 3189 2028 3208
3 3209 2446 3176
3 2446 3210 3176
3 3190 3211 3198
3 3200 221 3180
3 221 3201 3180
3 221 3202 3201
3 2095 1961 3202
3 1961 355 3170
3 1669 3191 3203
3 2553 2429 3184
3 3185 1444 3186
3 3186 1444 3194
3 3292 1349 3301
3 773 710 2118
3 3195 209 3188
3 3188 209 3207
3 3207 1964 3196
3 1964 1971 3196
3 1971 2028 3196
3 2028 2027 3208
3 3208 2032 3209
3 2446 3209 2032
3 3210 93 3197
3 93 3211 3197
3 3211 2058 3198
3 2043 2026 3199
3 743 2749 2978
3 3217 3053 2833
3 1117 2164 3288
3 3277 2553 2686
3 1169 958 159
3 3239 2197 2204
3 1897 172 2258
3 3062 3140 3149
3 1072 3149 1074
3 2053 1988 765
3 2620 3213 3237
3 2841 3221 3040
3 2346 1424 2390
3 2953 2607 1241
3 2345 1424 2346
3 3223 2488 2849
3 2130 2186 2176
3 2057 3244 2528
3 3045 2013 1906
3 1792 2793 2345
3 3242 3221 3020
3 327 2974 2790
3 3140 3229 2488
3 1341 2460 2477
3 2994 2904 3041
3 2631 3811 48
3 2793 938 937
3 3311 2042 2271
3 3026 3017 3072
3 3074 2135 3163
3 938 496 937
3 3080 3218 2794
3 3238 3241 3298
3 3298 3052 2861
3 3142 2331 2867
3 2595 3069 3086
3 1300 347 3260
3 3119 2042 3311
3 2857 3217 3237
3 2794 2845 2857
3 3088 3259 3302
3 924 923 2998
3 3098 2927 2847
3 3226 2997 3241
3 3126 3311 2271
3 2857 2845 2997
3 2996 2967 3021
3 2214 3343 2756
3 1691 1834 3247
3 1854 3676 2595
3 2620 3080 2794
3 2869 2870 3020
3 3249 3245 3139
3 3324 3026 3072
3 2083 2839 1936
3 3753 1945 55
3 3239 3253 2197
3 569 1902 3835
3 3253 3254 2197
3 3226 3241 3238
3 3229 3220 2114
3 2869 3120 2845
3 3099 2872 3073
3 2870 3046 3219
3 1826 694 706
3 1072 1074 2839
3 3294 2214 2130
3 3221 3216 3040
3 3049 2948 3068
3 1906 73 2788
3 3080 2620 3092
3 873 3035 656
3 2903 3265 3037
3 3250 3067 3234
3 3230 3139 3099
3 3235 2833 2792
3 1824 3066 2904
3 3092 2620 2453
3 3099 3073 3250
3 3112 3080 3248
3 3080 3112 3222
3 3250 3234 3220
3 2997 2845 3120
3 3219 3242 3020
3 2440 3215 2841
3 1824 2839 3066
3 2872 3244 3073
3 2035 3272 1117
3 1827 3370 3367
3 3088 2949 3259
3 3260 3252 1300
3 1300 3252 3239
3 3252 3253 3239
3 1425 1424 2345
3 3073 3067 3250
3 3241 2997 3052
3 3247 3282 1478
3 3221 2841 3215
3 2307 2791 3324
3 3216 3081 3280
3 3008 3262 3256
3 2837 2838 2895
3 1208 924 2998
3 3247 1478 2060
3 3140 3223 3149
3 3020 3221 3215
3 706 694 1189
3 3046 3230 3219
3 2051 881 239
3 2820 2172 162
3 2074 3262 2951
3 2122 1950 3059
3 2787 3024 875
3 3260 3269 3252
3 3269 3261 3252
3 3268 3244 2872
3 3222 3046 2870
3 3249 3139 3230
3 3261 3253 3252
3 3330 3254 3253
3 2033 393 2894
3 2483 311 466
3 3271 2048 3255
3 3271 2065 2987
3 350 3245 3249
3 2148 1189 350
3 2222 1474 1698
3 3219 3230 3081
3 3119 2841 2042
3 1975 1787 1461
3 249 3216 3280
3 2318 391 873
3 3097 3233 3006
3 2196 2976 3066
3 886 2450 1169
3 656 3035 2408
3 3235 3217 2833
3 3242 3219 3081
3 1787 2999 1461
3 3267 1944 3054
3 3218 2845 2794
3 1536 2270 939
3 3227 1207 2033
3 2784 3148 3256
3 323 2450 886
3 2857 3226 3217
3 3296 3738 3676
3 3218 2869 2845
3 3369 200 348
3 3393 2973 3356
3 438 2894 539
3 174 2048 2983
3 939 2791 1536
3 1944 3302 3074
3 3074 3163 1827
3 1827 1944 3074
3 3139 2872 3099
3 2405 3277 2327
3 3277 3278 3270
3 2327 3277 3270
3 3273 2261 3270
3 3278 3273 3270
3 3273 2262 2261
3 3273 2161 2262
3 2620 3237 2421
3 3261 3330 3253
3 3115 3171 3127
3 2737 643 3581
3 3265 2983 3037
3 3023 3263 3098
3 1827 3163 2844
3 3226 3238 3053
3 3165 2846 1974
3 3167 3267 2393
3 2912 2914 3276
3 1807 1933 435
3 3230 3050 3081
3 3330 3333 3254
3 2483 466 2546
3 3277 2405 2402
3 374 1162 2107
3 3273 2029 2161
3 2934 1976 3279
3 1072 2839 1824
3 3274 2832 3243
3 1950 2762 3347
3 3037 2983 2987
3 1120 3023 3098
3 3097 3006 2135
3 3054 1944 1827
3 66 1194 67
3 3241 3052 3298
3 3058 3238 2837
3 3281 3283 3278
3 3277 3281 3278
3 3283 3291 3278
3 3291 3273 3278
3 3291 3284 3273
3 3273 3284 2029
3 2824 1786 1049
3 662 1189 694
3 176 174 149
3 2987 2983 3271
3 3256 2976 3008
3 3068 3232 3233
3 3268 2001 3244
3 3062 3149 223
3 3324 2791 3026
3 3279 1976 2860
3 2934 3706 1976
3 2114 3212 2488
3 3277 2686 3281
3 2642 1439 922
3 3255 1117 2065
3 1944 3310 3302
3 2144 2994 3041
3 3272 1950 2129
3 3783 3781 3854
3 3021 2967 2951
3 2833 3053 3058
3 1120 3098 2786
3 3220 3042 2114
3 937 2345 2793
3 1988 2166 2154
3 3290 3281 2686
3 3290 3283 3281
3 3291 3292 3284
3 3284 3292 2642
3 3292 3300 2642
3 2642 3300 1439
3 3267 3310 1944
3 2915 3014 2035
3 3094 1691 3247
3 3045 1906 2788
3 2840 1825 3274
3 2163 2068 2753
3 3014 2762 2035
3 3295 3290 2686
3 2543 1133 2005
3 3017 2033 2150
3 3288 1120 3232
3 2786 3109 3232
3 2135 3031 3163
3 2493 3217 3235
3 2130 2176 2914
3 3021 3224 2996
3 3865 2625 3766
3 3299 3269 919
3 1772 3299 919
3 1117 2974 2164
3 3120 3020 3215
3 1349 3292 3291
3 3292 3301 3300
3 3300 2783 1439
3 3264 749 2927
3 3259 2949 3049
3 3263 3264 2927
3 749 2595 3086
3 3006 3233 2123
3 3464 1873 338
3 2123 2183 3165
3 2964 1691 3094
3 3009 3706 2934
3 2307 2303 2017
3 3072 3351 3269
3 3351 3261 3269
3 3063 2915 2913
3 3122 3014 2915
3 2134 3347 3014
3 2338 3757 567
3 2926 2641 3417
3 2927 749 2847
3 2967 2789 2074
3 3227 3017 3026
3 3165 3031 2135
3 3086 3069 2183
3 3052 2440 3287
3 3317 3419 3464
3 3351 3330 3261
3 2074 2784 3262
3 3318 2307 3299
3 3587 2721 2007
3 2426 2783 3300
3 2077 3246 3225
3 2996 3224 1987
3 2572 1783 2571
3 2493 1096 165
3 3333 3304 3398
3 3284 2642 2029
3 3163 3031 3257
3 3063 2838 3303
3 3757 2111 567
3 3320 3438 2321
3 3228 2934 3279
3 3246 3228 3279
3 3464 2775 3309
3 3312 3309 2775
3 3042 2320 3258
3 2846 3165 3045
3 2974 327 2164
3 2949 3037 2987
3 744 3247 2060
3 3237 3217 2493
3 2999 339 4046
3 2838 3298 2854
3 2895 3063 2832
3 2854 2861 2669
3 3370 2844 3371
3 3308 3313 3121
3 3121 3313 2321
3 3218 3080 2869
3 3419 3317 3322
3 3742 2787 3282
3 2197 2988 3429
3 1419 3112 3248
3 3371 2844 3257
3 2928 744 2060
3 3581 3307 2848
3 2123 3165 2135
3 3243 2832 2913
3 2046 2081 339
3 545 2548 1142
3 173 509 506
3 3126 2271 1882
3 3309 3317 3464
3 2705 3294 875
3 800 519 782
3 1478 1477 2060
3 3314 2551 2535
3 918 764 2171
3 2869 3080 3222
3 2741 2319 2196
3 2052 2994 2850
3 1825 2049 2832
3 3370 1827 2844
3 480 3313 3308
3 3312 3315 3316
3 3316 3309 3312
3 3309 3327 3317
3 2861 3052 3287
3 2976 3009 3008
3 3240 3054 1827
3 2789 3148 2784
3 1949 1824 2904
3 222 395 2888
3 3098 3109 2786
3 395 222 223
3 2869 3020 3120
3 2978 3094 743
3 480 3319 3313
3 3313 3319 2321
3 3319 3321 2321
3 3321 3315 3320
3 3316 3327 3309
3 3167 2949 3088
3 749 1854 2595
3 2948 3288 3232
3 3318 3299 1772
3 3299 3324 3269
3 3323 3315 3321
3 3323 3316 3315
3 3269 3324 3072
3 3244 2057 3073
3 3034 3022 2840
3 1074 3149 2849
3 2792 3034 1096
3 3325 3326 3319
3 3319 3326 3321
3 3332 3338 3316
3 3323 3332 3316
3 3316 3338 3327
3 3328 3317 3327
3 3328 3322 3317
3 2129 2122 2926
3 172 1897 2158
3 2167 2001 3268
3 3255 2065 3271
3 3073 2057 3067
3 2144 3041 3148
3 3299 2307 3324
3 1874 3325 3319
3 3326 3331 3321
3 3321 3331 3323
3 3331 3332 3323
3 3328 3335 3322
3 3335 3329 3322
3 3007 2077 3225
3 3068 2948 3232
3 583 2903 3167
3 3234 3067 2547
3 2493 3235 1096
3 174 3275 3034
3 3325 3337 3326
3 3334 3331 3326
3 803 3329 3335
3 3167 3088 3267
3 2857 2997 3226
3 2847 749 3086
3 2741 3606 3615
3 3246 2951 3228
3 3167 2903 2949
3 3139 3245 3268
3 3295 3154 2867
3 1034 101 1218
3 3259 3068 3097
3 3337 3325 1874
3 3337 3334 3326
3 3331 3334 3332
3 3348 3328 3327
3 3342 803 3335
3 3224 2077 3007
3 2869 3222 2870
3 3233 3232 3109
3 149 3265 2903
3 583 149 2903
3 2967 2074 2951
3 2535 3057 3314
3 3223 3140 2488
3 2015 3340 3337
3 3334 3341 3332
3 3332 3341 3338
3 3338 3348 3327
3 3224 3007 1987
3 3336 3109 2847
3 1974 2084 3257
3 3045 2788 1974
3 2967 2996 3738
3 3149 3223 2849
3 3255 3243 1117
3 2035 2762 3272
3 3102 2166 3015
3 2349 3340 2015
3 3337 3341 3334
3 3341 3344 3338
3 3344 3348 3338
3 3349 3328 3348
3 3349 3345 3328
3 3345 3335 3328
3 2789 2967 2004
3 3232 1120 2786
3 1617 979 693
3 1950 2122 2129
3 3279 2860 2864
3 3233 3109 3087
3 1071 2382 2349
3 3057 3019 3314
3 3017 3227 2033
3 2561 3076 379
3 3057 2394 3019
3 1071 2349 2015
3 3350 3335 3345
3 3350 3342 3335
3 923 1628 3346
3 2951 3262 3008
3 2155 2161 2029
3 2164 1120 3288
3 2164 327 1120
3 1120 327 3023
3 3049 2949 2948
3 2307 2315 2303
3 3243 2035 1117
3 743 3094 744
3 2401 1133 3652
3 2794 2857 3213
3 2620 2794 3213
3 3222 2148 3249
3 1763 740 746
3 3340 2349 3337
3 3337 2349 3341
3 3352 3344 3341
3 3354 3349 3348
3 3896 404 2732
3 3097 3068 3233
3 3393 2991 2973
3 3251 3034 2840
3 2983 2048 3271
3 2196 3606 2741
3 2017 2791 2307
3 2997 3120 3215
3 3213 2857 3237
3 1096 3235 2792
3 3268 2872 3139
3 725 3963 1398
3 3347 3059 1950
3 2344 3352 3341
3 2349 2344 3341
3 3355 3350 3345
3 3285 3342 3350
3 775 1277 840
3 3265 174 2983
3 2997 3215 2856
3 3236 3333 3330
3 1753 3751 3306
3 393 2033 1207
3 2148 3222 3112
3 2994 2052 1949
3 471 838 1097
3 3352 3359 3344
3 3359 3357 3344
3 3344 3357 3348
3 3357 3354 3348
3 3360 3345 3349
3 3354 3360 3349
3 3360 3355 3345
3 3355 3362 3350
3 3362 3285 3350
3 3248 3080 3092
3 2864 3225 3279
3 3017 2150 3353
3 3058 3053 3238
3 3024 2705 875
3 132 1112 2386
3 2042 3040 2271
3 3046 3249 3230
3 149 174 3265
3 174 3034 3251
3 2837 3238 3305
3 2227 2549 3035
3 3225 3246 3279
3 3250 3220 2865
3 3310 3088 3302
3 2790 3263 3023
3 2903 3037 2949
3 2048 2840 3274
3 2083 3606 2196
3 3298 2861 2854
3 3287 2440 2841
3 3222 3249 3046
3 3274 1825 2832
3 2282 1536 2791
3 3352 3367 3359
3 3361 3354 3357
3 3360 3362 3355
3 3086 2183 3087
3 2546 466 2177
3 1949 395 1824
3 2345 2252 1792
3 3062 3229 3140
3 3072 3236 3351
3 3586 2007 250
3 2052 395 1949
3 3367 3363 3359
3 3363 3361 3359
3 3359 3361 3357
3 3364 3362 3360
3 3109 3336 3087
3 2997 2856 3052
3 2844 3163 3257
3 3294 2130 1477
3 3251 2840 2048
3 3031 1974 3257
3 3365 3356 3358
3 2537 2331 382
3 2973 3586 3477
3 2322 1772 465
3 3050 3099 3250
3 2854 2134 3303
3 2044 3367 3352
3 3361 3360 3354
3 3361 3371 3360
3 2784 3256 3262
3 2791 939 3227
3 939 1089 3227
3 1125 1321 3446
3 2083 2196 3066
3 2148 350 3249
3 3365 3393 3356
3 3557 2849 3450
3 3371 3368 3360
3 3368 3364 3360
3 3353 3333 3236
3 2847 3086 3336
3 244 2202 3075
3 2832 3063 2913
3 3063 3122 2915
3 3063 3303 3122
3 3236 3330 3351
3 1617 693 405
3 2717 1218 1217
3 1217 1218 2969
3 101 1880 2969
3 2969 1880 2952
3 2466 2717 1217
3 1880 3035 2952
3 3367 2044 1596
3 3370 3361 3363
3 3370 3371 3361
3 3257 3364 3368
3 3257 3362 3364
3 3257 2084 3362
3 3263 2927 3098
3 3050 3250 3081
3 3220 3234 3042
3 3075 2995 3009
3 2439 1419 3248
3 2926 3417 2790
3 2378 3240 1596
3 3242 3081 3216
3 3240 3367 1596
3 3367 3370 3363
3 3371 3257 3368
3 3303 3014 3122
3 3126 1882 2888
3 3112 1189 2148
3 873 2227 3035
3 3329 3415 3419
3 2882 2883 3732
3 585 2511 3495
3 3382 285 3374
3 585 3495 3373
3 3452 3376 2644
3 3182 3295 2686
3 3376 3452 3378
3 3870 2047 2064
3 3475 3373 3425
3 2085 671 3356
3 1741 3011 3439
3 36 466 2767
3 3376 3378 1729
3 466 1975 2767
3 3381 3413 3412
3 3547 3381 3412
3 3576 2781 3381
3 3576 3382 2781
3 454 1621 372
3 285 2116 3374
3 3294 3343 2214
3 3422 2085 3033
3 3515 1416 3506
3 588 2591 2540
3 3425 3384 168
3 3436 285 3382
3 417 3387 438
3 3388 2150 2894
3 438 3388 2894
3 2165 3473 2726
3 3495 2714 3384
3 615 3593 727
3 3452 711 3449
3 1975 1461 2767
3 3387 3388 438
3 3388 3353 2150
3 1936 1464 3557
3 1416 283 3506
3 3436 3391 285
3 2748 2530 3452
3 3454 2748 3452
3 3293 3387 417
3 3432 3320 3312
3 3391 3416 285
3 2714 3495 3507
3 3387 3397 3388
3 1640 3365 1408
3 2271 2813 1882
3 1662 663 1967
3 3388 3397 3304
3 1408 3365 768
3 158 1849 1558
3 3416 3403 3064
3 3025 2748 3435
3 3293 3397 3387
3 3397 3398 3304
3 3121 2321 3438
3 1973 3500 1913
3 3025 3435 1819
3 2706 3409 1577
3 3409 3402 3293
3 1577 3409 3293
3 3415 3638 3419
3 2633 2552 3399
3 2643 1963 2804
3 3104 649 1857
3 3781 3822 3854
3 3402 3410 3397
3 3293 3402 3397
3 3410 3411 3397
3 3411 3398 3397
3 2866 3746 2615
3 3489 3431 3426
3 3116 3082 2710
3 3379 3570 3404
3 3254 3398 3411
3 3390 3426 649
3 3372 3064 3498
3 3427 3415 3498
3 3401 3489 3390
3 2710 3401 3390
3 3150 2640 3166
3 3409 3421 3402
3 3402 3421 3410
3 2988 2197 3254
3 3104 3390 649
3 2511 3383 2723
3 3343 2278 2277
3 303 3400 646
3 585 614 2511
3 2277 3060 2067
3 3115 671 2752
3 3060 2277 2731
3 2723 319 3400
3 2939 2452 1925
3 2706 3297 3409
3 3421 3424 3410
3 3424 3434 3410
3 3434 3411 3410
3 3411 2988 3254
3 2111 3029 3739
3 284 1677 2533
3 3702 150 3422
3 2511 3507 3495
3 752 2189 2041
3 3434 3428 3411
3 3411 3428 2988
3 3559 585 2189
3 3430 614 585
3 3559 3430 585
3 2638 3399 2775
3 1118 3438 2633
3 2633 3432 2552
3 3422 150 2752
3 2752 150 2666
3 3427 1784 3423
3 1879 2408 1880
3 3297 3433 3409
3 3441 3424 3421
3 3428 3429 2988
3 3024 2787 3721
3 2589 3443 3403
3 3423 3638 3427
3 2062 2940 3628
3 3464 3419 1873
3 2661 2638 2775
3 1583 1873 3638
3 3423 1583 3638
3 1729 1784 3403
3 3028 3435 3431
3 614 3430 615
3 3430 3593 615
3 3433 3441 3409
3 3409 3441 3421
3 3434 2117 3428
3 3428 2117 3429
3 3593 3440 727
3 3395 3546 3396
3 857 3294 1477
3 3442 341 3435
3 3442 3454 2644
3 3424 3441 3434
3 3407 1741 3439
3 614 615 2511
3 804 2557 1802
3 2734 1158 2690
3 1773 786 1244
3 2707 3504 3444
3 3393 3365 1640
3 3488 3372 3498
3 3416 3372 3472
3 2782 3416 3472
3 2781 3374 2597
3 3440 2203 751
3 1836 3433 3297
3 3451 2961 3434
3 3441 3451 3434
3 2961 2117 3434
3 3438 1439 3121
3 3504 2707 1449
3 285 2782 2116
3 3457 3478 3392
3 2537 2777 2331
3 3473 3445 2704
3 3414 381 3445
3 3506 284 2533
3 2644 3454 3452
3 751 2203 3394
3 3150 3166 3151
3 1965 3449 1751
3 298 2730 372
3 1342 3436 3576
3 1134 1149 185
3 1424 1425 2157
3 3418 3478 3462
3 917 2068 2163
3 3418 3462 3447
3 3448 2674 2597
3 3479 2601 3547
3 3479 3547 827
3 3449 711 1741
3 1836 821 3433
3 3453 3451 3441
3 3744 1692 2799
3 1149 184 185
3 413 3293 417
3 821 1836 955
3 3385 3329 803
3 3479 827 3458
3 3394 2203 3123
3 821 3469 3433
3 3433 3469 3441
3 3451 2133 2961
3 3283 3290 3404
3 283 284 3506
3 283 827 3412
3 1751 3407 1583
3 881 3461 2528
3 3461 2057 2528
3 1905 3385 803
3 3452 3449 3378
3 3469 3389 3453
3 3441 3469 3453
3 3389 3451 3453
3 3291 2768 1349
3 3460 168 2661
3 2681 3405 2151
3 3475 3425 3375
3 3412 3413 1677
3 2157 1425 2626
3 3412 1677 284
3 2558 2157 2626
3 3378 3449 1965
3 2748 3454 3442
3 3294 857 875
3 2748 3442 3435
3 3314 2977 1657
3 3473 3414 3445
3 3439 2040 3375
3 1461 35 2767
3 3025 2038 2530
3 3461 3366 2057
3 379 3076 1765
3 3124 3394 3123
3 2491 3286 636
3 3627 3405 2678
3 3466 3491 3521
3 3481 3491 3470
3 3467 3466 3486
3 3448 2116 3377
3 2704 3445 3530
3 821 3474 3469
3 1857 3130 3104
3 3379 3295 2867
3 3526 3443 2589
3 3468 3515 3529
3 3515 3467 3529
3 3042 3234 2547
3 3102 3366 3461
3 3067 2057 3366
3 3566 3456 3471
3 3546 3468 3505
3 3356 2973 3477
3 2177 466 36
3 338 3439 3460
3 3474 3389 3469
3 255 2585 2758
3 3028 1819 3435
3 3381 2781 2597
3 3526 2589 1342
3 3102 2320 3366
3 239 1957 2051
3 2981 1724 2299
3 3511 3476 2172
3 3527 3386 3414
3 1850 1851 3032
3 222 1882 249
3 2800 1995 3389
3 3474 2800 3389
3 2636 3028 3431
3 3477 3586 250
3 827 283 3386
3 3445 381 3396
3 3541 3450 3212
3 1584 498 321
3 2664 3482 3444
3 3546 3505 3487
3 3091 2704 3530
3 3477 2085 3356
3 3062 249 3229
3 2636 3431 3489
3 3401 2636 3489
3 803 3342 1905
3 613 2800 3474
3 2914 1206 2130
3 3386 381 3414
3 3093 2704 3091
3 2664 3447 3462
3 2113 3870 2064
3 2053 3484 1988
3 3484 3015 2166
3 3484 2320 3015
3 959 2577 2579
3 2618 3181 690
3 2641 2122 3634
3 3491 2597 3470
3 3091 3530 3542
3 3390 3489 3426
3 2800 570 1995
3 1437 1929 2185
3 645 1188 1843
3 2919 3276 2175
3 3418 2116 3472
3 2053 3493 3484
3 3494 2320 3484
3 3505 696 3456
3 2155 2029 1762
3 3466 3521 3486
3 3510 786 3446
3 3566 3487 3456
3 303 1118 2633
3 2152 3473 3103
3 1748 2800 613
3 2185 3512 1437
3 1437 3512 3496
3 3377 3447 2664
3 3492 3493 2053
3 3493 3502 3484
3 3497 2320 3494
3 2914 2175 3276
3 3444 3490 1344
3 3408 3457 2491
3 3457 3286 2491
3 1882 222 2888
3 2530 711 3452
3 819 1062 2800
3 1748 819 2800
3 3565 3311 3581
3 3432 3438 3320
3 3499 3500 1973
3 937 496 2626
3 3501 3493 3492
3 3503 3497 3494
3 3504 1449 3459
3 3258 2320 3497
3 3482 3490 3444
3 2768 3291 3283
3 2172 1868 162
3 2801 1607 198
3 3467 3486 3529
3 2319 3009 2976
3 2726 3473 2152
3 3512 3499 3496
3 3496 3499 2131
3 3501 3502 3493
3 3502 3494 3484
3 3519 3503 3494
3 3081 2865 3280
3 2777 804 3510
3 3566 768 3091
3 319 751 3400
3 881 2051 2154
3 3064 3427 3498
3 2169 3517 2185
3 2185 3517 3512
3 3512 3518 3499
3 3513 1913 3500
3 3513 3501 1913
3 3519 3494 3502
3 3514 3519 3502
3 3520 3497 3503
3 3497 3520 3258
3 1344 3490 3408
3 3404 3570 3446
3 2041 2189 3375
3 3466 2533 3491
3 3506 2533 3466
3 1217 2969 2466
3 3463 3473 2165
3 4004 3056 691
3 3501 3513 3502
3 696 3505 3627
3 3446 786 1773
3 3510 804 786
3 3521 3481 2734
3 804 2777 2557
3 3468 3529 3509
3 3082 3401 2710
3 3463 3455 3473
3 2547 3067 3366
3 3507 2511 303
3 3527 827 3386
3 2131 3499 1973
3 3517 3528 3512
3 3518 3522 3499
3 3499 3522 3500
3 3500 3533 3513
3 3513 3523 3502
3 3502 3523 3514
3 3535 3519 3514
3 3503 3519 3520
3 3520 3212 3258
3 192 2221 2305
3 3627 3505 2673
3 1431 1204 1933
3 2557 2777 2537
3 3468 3509 2673
3 2552 3432 3312
3 1433 3508 3465
3 3508 1851 3465
3 150 3558 3516
3 1104 2169 1985
3 3528 3518 3512
3 3522 3533 3500
3 3533 3534 3513
3 3513 3534 3523
3 3523 3525 3514
3 3540 3535 3514
3 3519 3536 3520
3 1867 3181 2618
3 1584 515 486
3 881 2528 239
3 3301 2426 3300
3 3481 3470 1158
3 3455 3527 3414
3 2800 1062 570
3 3456 696 1887
3 3011 635 3107
3 1104 3531 3517
3 3517 3531 3528
3 3535 3536 3519
3 3520 3541 3212
3 2172 1907 1868
3 2673 3509 3405
3 2445 3437 3459
3 3437 2445 1158
3 1882 2813 249
3 2558 2626 2730
3 1321 3404 3446
3 2678 3405 2681
3 2533 2597 3491
3 607 2901 2160
3 2124 3543 1984
3 3586 2973 3524
3 1984 3543 1104
3 3523 3539 3525
3 3525 3540 3514
3 3529 3521 3405
3 3521 2734 3405
3 3509 3529 3405
3 1158 3470 3437
3 3521 3491 3481
3 3566 3471 3476
3 1851 1670 3032
3 2722 2085 250
3 2666 3156 3144
3 2189 3475 3375
3 2775 2552 3312
3 3531 3538 3528
3 3538 3532 3528
3 3532 3544 3518
3 3528 3532 3518
3 3518 3544 3522
3 3534 3545 3523
3 3545 3539 3523
3 3536 3541 3520
3 3481 1158 2734
3 1987 3738 2996
3 3486 3521 3529
3 2768 3406 714
3 2511 615 3383
3 3458 827 3527
3 2124 3537 3543
3 1104 3543 3531
3 3531 3548 3538
3 3550 3533 3522
3 3544 3550 3522
3 3552 3541 3536
3 3081 3250 2865
3 2669 3287 2841
3 3119 2669 2841
3 3032 1640 3476
3 3380 379 1035
3 3406 1321 714
3 3543 3548 3531
3 3533 3550 3534
3 3534 3550 3545
3 3554 3555 3525
3 3539 3554 3525
3 3525 3555 3540
3 3540 3551 3535
3 3551 3556 3535
3 3556 3552 3536
3 3535 3556 3536
3 3553 3541 3552
3 636 3362 2084
3 2661 338 3460
3 338 2661 3464
3 2691 1786 2824
3 11 1914 13
3 671 3115 3358
3 3032 3476 3511
3 2005 3296 3264
3 1920 917 2111
3 3406 3404 1321
3 3543 3567 3548
3 3544 3549 3550
3 3545 3554 3539
3 3551 3540 3555
3 3553 3557 3450
3 3541 3553 3450
3 2041 3375 2040
3 3286 3285 636
3 2643 2801 1080
3 1584 321 1081
3 1640 3566 3476
3 330 3705 2995
3 3383 727 319
3 2079 3560 3537
3 3543 3561 3567
3 3548 3562 3538
3 3538 3562 3532
3 3563 3555 3554
3 3254 3333 3398
3 2172 3471 1907
3 3471 3456 1907
3 3296 1854 749
3 2079 3537 1962
3 248 2666 3516
3 3565 2669 3119
3 1096 3034 373
3 3478 3488 3392
3 2601 3381 3547
3 3516 3558 248
3 3381 2597 3413
3 653 979 333
3 3560 3571 3537
3 3537 3571 3543
3 3543 3571 3561
3 3532 3562 3544
3 3550 3568 3545
3 3555 3564 3551
3 3551 3569 3556
3 3556 3575 3552
3 213 1987 3007
3 3530 3546 3487
3 2669 2861 3287
3 752 3559 2189
3 3567 3577 3562
3 3548 3567 3562
3 3562 3578 3544
3 3544 3578 3549
3 3549 3568 3550
3 3568 3573 3545
3 3573 3591 3545
3 3591 3554 3545
3 3563 3574 3555
3 3555 3574 3564
3 3564 3569 3551
3 3569 3575 3556
3 2797 2558 2796
3 2664 3444 3504
3 3480 2664 3504
3 3480 3504 3459
3 3437 3480 3459
3 937 2626 1425
3 3472 3478 3418
3 3561 3594 3567
3 3594 3577 3567
3 3577 3589 3562
3 3549 3578 3572
3 3572 3568 3549
3 3582 3573 3568
3 3574 3579 3569
3 3564 3574 3569
3 3579 3575 3569
3 3575 3585 3552
3 584 3553 3552
3 3585 584 3552
3 3553 584 3557
3 764 1916 3492
3 2134 2854 2669
3 2134 2669 3565
3 3263 2790 3417
3 3633 2401 3652
3 1558 1157 158
3 3379 3510 3570
3 3530 3487 3566
3 319 727 751
3 2112 1968 2079
3 2079 1968 3560
3 3594 3561 3571
3 3589 3578 3562
3 3591 3583 3563
3 3554 3591 3563
3 3563 3583 3574
3 3580 3575 3579
3 3580 3584 3575
3 3584 3585 3575
3 1950 3272 2762
3 3475 585 3373
3 2848 3565 3581
3 711 672 1741
3 3542 3530 3566
3 3312 3320 3315
3 3419 3322 3329
3 3578 3590 3572
3 3572 3590 3568
3 3568 3590 3582
3 3456 3487 3505
3 2737 3581 3311
3 3565 2848 2134
3 3576 3436 3382
3 1109 901 147
3 3430 2618 3593
3 1968 3597 3560
3 3597 3598 3571
3 3560 3597 3571
3 3571 3598 3594
3 3588 3599 3577
3 3594 3588 3577
3 3599 3600 3577
3 3577 3600 3589
3 3595 3590 3578
3 3582 3596 3573
3 3573 3596 3591
3 3591 3602 3583
3 3583 3592 3574
3 3574 3592 3579
3 3585 3605 584
3 3605 1936 584
3 2848 3347 2134
3 2643 2804 2801
3 3320 2321 3321
3 3404 3290 3379
3 1118 1439 3438
3 1936 3557 584
3 3601 3595 3589
3 3595 3578 3589
3 3583 3602 3592
3 3592 3603 3579
3 3603 3580 3579
3 3603 3611 3580
3 3604 3584 3580
3 3611 3604 3580
3 3606 1936 3605
3 3705 3706 2995
3 2850 3307 643
3 3450 2849 2488
3 3626 2092 1930
3 2848 3059 3347
3 3082 2325 3401
3 2807 2804 695
3 3593 690 3440
3 1989 3612 1968
3 1968 3612 3597
3 3589 3600 3601
3 3595 3607 3590
3 3590 3607 3582
3 3592 3602 3608
3 3592 3608 3603
3 3605 3585 3584
3 3604 3605 3584
3 3482 3462 3490
3 3581 643 3307
3 3307 3214 2848
3 2134 3014 3303
3 1640 1408 3566
3 3392 3488 3498
3 3082 3095 3043
3 3600 3613 3601
3 3601 3609 3595
3 3595 3609 3607
3 3607 3610 3582
3 3582 3610 3596
3 3596 3610 3591
3 3610 3602 3591
3 3461 2166 3102
3 1850 3012 3465
3 2230 65 64
3 1849 1678 1558
3 3416 3064 3372
3 3598 3621 3594
3 3621 3588 3594
3 3621 3622 3599
3 3588 3621 3599
3 3599 3622 3600
3 3607 3609 3610
3 3615 3605 3604
3 3515 3506 3467
3 3506 3466 3467
3 3214 3307 2850
3 3347 2762 3014
3 3676 3069 2595
3 3440 698 2203
3 3612 3640 3597
3 3616 3598 3597
3 3640 3616 3597
3 3622 3617 3600
3 3600 3617 3613
3 3614 3609 3601
3 3609 3619 3610
3 3625 3602 3610
3 3602 3630 3608
3 3608 3631 3603
3 3611 3620 3604
3 3620 3615 3604
3 3615 3606 3605
3 3378 1965 1729
3 3468 2673 3505
3 1989 3628 3612
3 3612 3628 3640
3 3598 3616 3621
3 3613 3623 3601
3 3601 3623 3614
3 3614 3618 3609
3 3609 3618 3619
3 3624 3610 3619
3 3602 3625 3630
3 3603 3631 3611
3 2188 2754 2570
3 3445 3546 3530
3 3286 1905 3285
3 3025 1819 3028
3 1670 1640 3032
3 3391 3403 3416
3 3615 2740 2741
3 3617 3636 3613
3 3613 3636 3623
3 3619 3629 3624
3 3610 3624 3625
3 3630 3631 3608
3 3632 3615 3620
3 3632 2740 3615
3 3431 3458 3483
3 2337 3435 2601
3 3431 3479 3458
3 2337 2601 3479
3 2754 2859 2858
3 3400 3380 646
3 3640 3647 3616
3 3616 3635 3621
3 3621 3635 3622
3 3614 3623 3618
3 3618 3642 3619
3 3631 3637 3611
3 3611 3637 3620
3 250 2085 3477
3 3379 3290 3295
3 3152 1867 2618
3 2401 3633 3214
3 303 2723 3400
3 3435 341 3526
3 3635 3641 3622
3 3636 3618 3623
3 3642 3629 3619
3 3631 3646 3637
3 3637 3639 3620
3 3639 3632 3620
3 2319 2741 2740
3 2768 714 2719
3 3633 3634 3214
3 3546 3395 3468
3 1989 2062 3628
3 3647 3665 3616
3 3616 3665 3635
3 3636 3648 3618
3 3648 3642 3618
3 3642 3643 3629
3 3629 3643 3644
3 3644 3624 3629
3 3625 3645 3630
3 3650 3646 3631
3 3630 3650 3631
3 616 1699 2008
3 3476 3471 2172
3 3395 3515 3468
3 3408 2491 1551
3 3641 3653 3622
3 3622 3653 3617
3 3624 3657 3625
3 3625 3657 3645
3 3645 3650 3630
3 3646 3651 3637
3 3637 3651 3639
3 244 3632 3639
3 244 3075 3632
3 3075 2740 3632
3 3075 2319 2740
3 3225 1409 3007
3 3101 3091 768
3 2705 2731 2278
3 3652 2641 3634
3 1349 2768 2719
3 285 3416 2782
3 3301 1349 2426
3 3064 1784 3427
3 3464 2661 2775
3 3628 2940 3640
3 3665 3673 3635
3 3635 3673 3641
3 3653 3660 3636
3 3617 3653 3636
3 3660 3648 3636
3 3648 3649 3642
3 3649 3643 3642
3 3650 3655 3646
3 3638 1873 3419
3 1268 3961 3967
3 2961 2141 2117
3 1408 768 3566
3 3091 3542 3566
3 827 3547 3412
3 2511 2723 303
3 3422 2752 671
3 2879 2860 2878
3 3673 3656 3641
3 3641 3656 3653
3 3654 3643 3649
3 3643 3654 3644
3 3657 3624 3644
3 3657 3658 3645
3 3645 3659 3650
3 3655 3664 3646
3 3664 3651 3646
3 2671 2125 1440
3 1857 3455 3463
3 2543 3652 1133
3 3377 3480 3437
3 3648 3661 3649
3 3644 3654 3657
3 3658 3659 3645
3 3650 3659 3655
3 3664 244 3639
3 3651 3664 3639
3 3009 2319 3075
3 3060 1241 2067
3 3373 3495 3384
3 3373 3384 3425
3 2543 3417 2641
3 3652 2543 2641
3 672 635 3011
3 381 3395 3396
3 310 3138 3190
3 3640 3672 3647
3 3656 3660 3653
3 3660 3667 3648
3 3661 3662 3649
3 3649 3662 3654
3 3662 3668 3654
3 3654 3668 3657
3 3659 3663 3655
3 3436 2589 3391
3 3375 3425 168
3 3460 3375 168
3 348 349 65
3 1349 2719 828
3 1784 3064 3403
3 3483 3527 3455
3 2157 2390 1424
3 3640 2940 3672
3 3672 3665 3647
3 3678 3656 3673
3 3648 3667 3661
3 3662 3680 3668
3 3657 3668 3658
3 3669 3670 3658
3 3670 3663 3659
3 3658 3670 3659
3 3663 3675 3655
3 3655 3675 3664
3 2151 2734 2690
3 2445 2198 1158
3 3407 3439 338
3 1128 2744 2745
3 3445 3396 3546
3 3439 3375 3460
3 3587 2007 3586
3 2991 3666 2973
3 1439 2783 3121
3 2730 2626 496
3 3656 3678 3660
3 3679 3661 3667
3 3661 3679 3662
3 3668 3669 3658
3 3670 3681 3663
3 3664 3682 244
3 244 3682 2202
3 1751 1741 3407
3 3264 2543 2005
3 2674 3437 3470
3 525 809 726
3 3101 768 3365
3 3399 2552 2775
3 3391 2589 3403
3 3449 1741 1751
3 2641 2926 2122
3 2549 2227 435
3 375 1176 572
3 2940 2953 3672
3 3678 3674 3660
3 3660 3674 3667
3 3679 3680 3662
3 3680 3687 3668
3 3681 3675 3663
3 3664 3675 3682
3 3498 3415 3385
3 1494 745 713
3 3490 3457 3408
3 1567 1243 882
3 3480 3377 2664
3 1416 3515 3395
3 2633 3438 3432
3 2085 3422 671
3 848 390 1017
3 1851 1850 3465
3 3692 2549 435
3 3691 3692 435
3 3678 3685 3674
3 3679 3667 3674
3 3668 3687 3669
3 3669 3687 3670
3 3670 3687 3681
3 3696 3688 3675
3 3675 3688 3682
3 330 2202 3682
3 1342 3576 3381
3 3296 749 3264
3 3011 2040 3439
3 2601 1342 3381
3 405 1411 1187
3 3033 2722 3684
3 3691 435 427
3 2458 2663 2081
3 2953 3693 3672
3 3672 3693 3665
3 3665 3693 3673
3 3674 3685 3679
3 3679 3686 3680
3 3686 3699 3680
3 3699 3714 3680
3 3700 3687 3680
3 3714 3700 3680
3 3687 3694 3681
3 3681 3695 3675
3 3701 330 3682
3 3126 2737 3311
3 1857 649 3455
3 3385 3415 3329
3 649 3483 3455
3 1907 340 1868
3 3384 2638 2661
3 190 2582 150
3 2133 2141 2961
3 16 15 200
3 3692 3035 2549
3 2801 198 1080
3 1942 1179 2583
3 3693 3697 3673
3 3697 3698 3678
3 3673 3697 3678
3 3698 3685 3678
3 3685 3686 3679
3 3700 3694 3687
3 3694 3695 3681
3 3688 3701 3682
3 3435 1342 2601
3 665 1122 666
3 1854 3296 3676
3 2060 1206 2921
3 752 2041 310
3 3777 2456 3689
3 3369 16 200
3 3703 3692 3691
3 2953 1241 3693
3 3704 3685 3698
3 3699 3686 3685
3 3704 3699 3685
3 3700 3715 3694
3 3710 3695 3694
3 3715 3710 3694
3 3696 3675 3695
3 3701 3705 330
3 3426 3431 649
3 1218 101 2969
3 3470 2597 2674
3 3478 3472 3488
3 2952 3035 3339
3 3558 150 2582
3 3708 3691 427
3 3734 3703 3691
3 3708 3734 3691
3 1880 2408 3035
3 2922 2799 1692
3 3721 3709 3697
3 3693 3721 3697
3 3717 3704 3698
3 3711 3688 3696
3 3711 3701 3688
3 2114 3258 3212
3 3457 3392 3286
3 3308 3121 2783
3 2806 2796 1607
3 3103 3473 2704
3 3483 3458 3527
3 3707 3716 2773
3 2773 2075 3707
3 3692 3339 3035
3 804 1802 786
3 3697 3709 3698
3 3704 3713 3699
3 3701 3725 3705
3 690 698 3440
3 2813 3216 249
3 3472 3372 3488
3 2644 3443 3526
3 3377 2116 3418
3 947 2243 2780
3 2064 2047 2607
3 3626 1969 2092
3 1657 3692 3703
3 3692 1657 3339
3 2068 2880 2753
3 3709 3717 3698
3 3713 3714 3699
3 3714 3723 3700
3 3715 3700 3723
3 3710 3718 3695
3 3695 3718 3696
3 3718 3711 3696
3 3724 3725 3701
3 3711 3724 3701
3 3705 3725 3706
3 2787 857 3282
3 2685 829 3420
3 3406 3283 3404
3 1118 331 1439
3 3763 2111 3757
3 421 1889 130
3 3720 3708 2450
3 3720 3734 3708
3 3124 2561 3394
3 3060 3721 3693
3 3721 3735 3709
3 3722 3704 3717
3 3732 3713 3704
3 3732 3714 3713
3 3723 3710 3715
3 3723 3718 3710
3 3718 3724 3711
3 3726 3706 3725
3 1692 329 2922
3 2644 3376 3443
3 3443 3376 1729
3 671 3358 3356
3 3392 1905 3286
3 3462 3478 3457
3 3152 2618 3150
3 2675 2120 947
3 3728 3720 2450
3 3734 1657 3703
3 2175 2914 2176
3 2730 454 372
3 1784 1965 1751
3 3060 3024 3721
3 3729 3709 3735
3 3709 3729 3717
3 3731 3704 3722
3 3732 3733 3714
3 3737 3724 3718
3 3726 1976 3706
3 1962 3537 2124
3 1965 1784 1729
3 3716 2675 947
3 2 3885 3
3 2715 3728 2450
3 947 2773 3716
3 2731 2705 3060
3 2705 3024 3060
3 3729 3730 3717
3 3730 3722 3717
3 3732 3704 3731
3 3736 3733 3732
3 3733 3723 3714
3 2939 1925 2923
3 168 3384 2661
3 1839 1910 879
3 3462 3457 3490
3 3392 3498 1905
3 2643 1080 321
3 2116 2782 3472
3 3677 3795 3689
3 2998 923 3346
3 2882 3732 3731
3 2883 3736 3732
3 3745 3723 3733
3 3736 3745 3733
3 3745 3746 3723
3 3737 3718 3723
3 3746 3737 3723
3 3724 2570 3725
3 3725 2570 3726
3 3726 3747 1976
3 1933 1807 1431
3 1195 1589 1774
3 3498 3385 1905
3 3634 3633 3652
3 2449 2157 2798
3 2780 2773 947
3 3741 3720 3728
3 3741 3734 3720
3 3888 588 3880
3 3735 3742 3729
3 3742 3743 3729
3 3729 3743 3730
3 3743 3744 3730
3 3744 3722 3730
3 3744 3731 3722
3 2570 3724 3737
3 3740 2570 3737
3 2570 3747 3726
3 1913 3501 3492
3 685 2220 3785
3 115 116 3738
3 1774 1815 1195
3 249 3280 2865
3 2664 3462 3482
3 2530 2748 3025
3 3182 2686 2553
3 1211 1210 2680
3 2153 1377 3768
3 378 3728 2715
3 378 3741 3728
3 1657 3734 3741
3 406 1657 3741
3 2551 3314 1657
3 2799 3731 3744
3 3030 711 2530
3 2882 3731 2799
3 1761 2155 1762
3 340 1907 3456
3 1325 2372 936
3 3737 3746 3740
3 3747 2860 1976
3 2638 3384 2714
3 3738 1987 115
3 3431 3435 2337
3 3451 3389 2133
3 321 1963 2643
3 1657 406 2551
3 150 3516 2666
3 2547 3366 2320
3 3721 2787 3735
3 2787 3742 3735
3 116 1906 2013
3 3276 2919 2912
3 2570 2858 3747
3 2707 3444 1344
3 2950 2571 1783
3 2714 3507 2633
3 213 115 1987
3 3805 3748 3266
3 3749 3773 3748
3 1377 1378 3767
3 3846 3827 3756
3 3785 3289 3164
3 57 3754 51
3 3793 3762 2851
3 3802 1847 1846
3 3759 2153 3760
3 3759 3802 2153
3 3849 3858 3878
3 3783 3789 3781
3 3683 27 3866
3 633 3878 2338
3 3762 2901 607
3 3801 3778 3761
3 2220 3907 3785
3 3907 3289 3785
3 955 1742 1744
3 821 955 1744
3 3792 3752 1394
3 1378 3860 3767
3 3857 3772 3712
3 955 3765 1742
3 3765 3769 1742
3 3752 3792 3770
3 6 3760 7
3 3774 3754 57
3 3266 3775 3776
3 424 897 1035
3 3777 43 45
3 3754 3788 52
3 52 3780 50
3 3805 3806 3748
3 3780 3266 50
3 2191 3782 3786
3 1049 1786 521
3 1211 3985 4000
3 3306 3750 3749
3 3306 3751 3750
3 818 1062 819
3 53 3774 57
3 1744 3786 1748
3 695 1963 145
3 1742 3786 1744
3 1208 2663 2577
3 1948 2008 1163
3 1805 2160 2901
3 3769 3774 53
3 362 2480 1276
3 1839 1635 1910
3 215 349 348
3 3787 3143 2480
3 362 3787 2480
3 3787 1662 1967
3 3882 1981 1982
3 2980 2430 2596
3 3765 3803 3769
3 3803 3774 3769
3 3803 3788 3754
3 3774 3803 3754
3 1674 3787 362
3 3787 386 1662
3 2238 3907 2220
3 3804 52 3788
3 44 3862 2456
3 386 3787 1674
3 3143 3787 1967
3 3807 3749 3748
3 3806 3807 3748
3 1946 3849 3870
3 3807 3306 3749
3 3961 1945 1816
3 4 3760 6
3 1805 3798 3764
3 1903 8 7
3 25 3776 3775
3 1218 2717 126
3 1816 3795 3677
3 42 3777 3689
3 42 43 3777
3 3830 3793 56
3 3773 1 3775
3 1746 1811 3936
3 3776 3815 3796
3 3266 3796 50
3 2106 2046 14
3 3847 2855 3825
3 1982 3847 3825
3 5 21 3797
3 22 3797 3764
3 3762 3793 3794
3 1377 1846 1378
3 3266 3776 3796
3 3782 53 54
3 2338 3878 3757
3 236 71 146
3 1951 1946 2112
3 1951 3837 1946
3 3786 3782 3819
3 3786 3819 1748
3 586 3690 3827
3 44 46 3862
3 24 23 3832
3 2919 2702 2430
3 2201 1471 3868
3 1210 2406 2680
3 1195 1253 1196
3 607 2160 2457
3 3813 3803 3765
3 3803 3804 3788
3 3804 3780 52
3 3804 3805 3780
3 1163 1025 2069
3 822 587 544
3 3485 2742 2173
3 2233 1201 2672
3 56 3793 3862
3 3770 3751 3752
3 3749 3750 3821
3 3750 3751 3821
3 2785 2742 3485
3 3866 12 3683
3 3769 53 2191
3 3769 2191 1742
3 3832 3798 1805
3 3777 45 2456
3 3793 2851 3862
3 3289 3626 1930
3 1811 1097 838
3 2213 1811 838
3 3817 2264 2742
3 2264 2713 2742
3 1051 3812 607
3 1934 3759 3809
3 3814 2200 3840
3 3869 3765 955
3 3869 3813 3765
3 3858 3839 3851
3 3792 1394 3816
3 2209 3907 2238
3 2785 2746 2742
3 428 1970 2637
3 1483 1482 1469
3 13 1914 2106
3 1914 2458 2106
3 776 17 16
3 3818 3806 3805
3 3776 25 3833
3 3818 3807 3806
3 3841 3306 3807
3 3936 2213 3626
3 3773 3821 1
3 3689 2456 3790
3 3802 1846 1377
3 459 1808 3859
3 2742 2746 2924
3 3759 1934 3048
3 3826 3289 3907
3 1194 2546 1605
3 3817 3831 1818
3 1736 2001 2167
3 2519 428 3979
3 3800 2834 1908
3 3827 3951 3756
3 3936 1811 2213
3 1699 3791 1025
3 1699 1025 1163
3 2855 3719 1902
3 3847 1982 1981
3 2742 2924 3838
3 2742 3838 3817
3 3817 3838 3831
3 3033 3922 3702
3 882 1614 1594
3 3833 25 0
3 3954 3776 3833
3 3883 3804 3834
3 3801 3836 3778
3 3815 3776 3954
3 3831 3842 1818
3 3842 3843 3800
3 1818 3842 3800
3 3840 3856 3761
3 3883 3805 3804
3 3883 3818 3805
3 3782 54 1945
3 3770 3792 3821
3 3756 2901 3846
3 3836 3840 3778
3 3808 3835 3855
3 4030 3837 2091
3 3756 1805 2901
3 3759 3048 3802
3 3819 3782 1945
3 3818 3841 3807
3 776 16 3369
3 3838 3799 3831
3 3843 3844 3800
3 2567 2519 3979
3 3797 3810 2584
3 23 22 3798
3 3832 23 3798
3 3845 3306 3841
3 1790 2235 114
3 3306 3845 1753
3 3827 3846 3794
3 3808 3850 3851
3 3839 3808 3851
3 3808 3855 3850
3 2108 3799 3838
3 3799 3861 3842
3 3831 3799 3842
3 3861 3852 3842
3 3842 3852 3843
3 3843 3853 3844
3 1000 1502 758
3 2153 3802 1377
3 22 5 3797
3 2092 1969 2684
3 9 3755 18
3 3882 3808 3839
3 3864 633 3870
3 3928 2736 3906
3 152 1818 1908
3 3878 3858 3851
3 3864 3849 3878
3 3878 3851 3757
3 0 24 3832
3 3852 3853 3843
3 3853 1471 3844
3 3759 3760 4
3 1377 3767 3768
3 971 970 993
3 3056 805 753
3 3825 2855 1902
3 1945 3753 1816
3 3856 3857 2495
3 3856 2616 3857
3 3789 19 10
3 3799 3867 3861
3 3868 1471 3853
3 3768 3767 3758
3 3772 2230 264
3 2407 1808 459
3 2200 3915 2616
3 3826 3626 3289
3 1676 336 3917
3 3182 3154 3295
3 1954 185 2420
3 2233 2108 1152
3 2495 3857 3712
3 3849 3864 3870
3 3764 3797 2584
3 2081 2106 2458
3 1903 3768 8
3 1946 3870 2113
3 1091 955 1836
3 2407 1378 967
3 278 3206 1202
3 3856 2200 2616
3 3870 633 2047
3 3915 2593 2616
3 1022 1032 178
3 48 3811 47
3 1994 3865 3766
3 3824 3231 2230
3 2501 2406 1210
3 2108 2233 3799
3 3852 3873 3853
3 3873 3868 3853
3 1914 3766 1754
3 3761 2495 3874
3 1091 3869 955
3 1378 2407 3860
3 2662 2630 2629
3 3779 3369 348
3 879 2330 1839
3 3824 2230 3772
3 3758 3755 9
3 2880 1285 4049
3 3799 3879 3867
3 3879 3872 3867
3 3872 3861 3867
3 3875 3852 3861
3 3875 3873 3852
3 3868 3876 3871
3 3289 336 1676
3 3801 3761 3874
3 3963 3803 3813
3 3869 3963 3813
3 3963 3917 3803
3 1456 1438 433
3 3727 673 587
3 2753 2297 3029
3 1769 3886 2002
3 2092 2684 2024
3 2092 4015 1930
3 3860 2407 3755
3 2407 459 3755
3 2076 3799 2233
3 3799 2076 3879
3 3875 3861 3872
3 3873 3876 3868
3 3876 3880 3871
3 3880 2654 3871
3 1908 2834 152
3 1982 569 3808
3 3834 3804 3803
3 3917 3834 3803
3 376 2003 3187
3 3800 1908 1818
3 18 3079 11
3 2002 3886 1202
3 3886 3848 278
3 1202 3886 278
3 1456 1450 1438
3 3794 3846 2901
3 2330 2080 1839
3 3244 2001 2012
3 753 805 806
3 3231 3683 3779
3 278 3848 3881
3 3079 1914 11
3 2631 586 3811
3 1897 1960 2158
3 1210 3823 2501
3 1091 1398 3869
3 3881 3887 839
3 1022 178 999
3 3231 3779 3784
3 1486 412 1476
3 2591 588 3888
3 3877 2724 2216
3 3879 3875 3872
3 3897 3873 3875
3 3897 3884 3873
3 3873 3884 3876
3 3876 3884 3880
3 3880 588 2654
3 596 1448 809
3 3187 3889 376
3 86 89 879
3 461 1553 409
3 3308 2783 2426
3 2080 3887 1839
3 10 27 3822
3 10 3822 3781
3 2672 2076 2233
3 3891 3875 3879
3 3892 3884 3897
3 3884 3888 3880
3 3304 3333 3353
3 18 1994 3079
3 3187 2139 3889
3 3683 776 3779
3 12 17 776
3 3883 2082 3818
3 2082 3841 3818
3 672 3085 635
3 3881 3894 3887
3 3877 3895 2724
3 3764 2584 3915
3 3231 3784 2230
3 3496 935 1437
3 3755 1994 18
3 1108 3955 581
3 3879 2076 3891
3 3891 3897 3875
3 3755 459 1994
3 2957 3829 3820
3 1 3821 3885
3 3889 1769 376
3 3900 3881 3848
3 3886 3900 3848
3 3895 3877 1839
3 3895 2729 2724
3 95 1635 1839
3 2165 617 3463
3 3850 3763 3851
3 2625 3865 2588
3 1805 3764 2457
3 2160 1805 2457
3 2281 3896 2076
3 2076 3896 3891
3 3898 3888 3884
3 3892 3898 3884
3 3893 3905 3886
3 3886 3905 3900
3 3900 3894 3881
3 3894 3901 3887
3 3887 3901 1839
3 3901 3895 1839
3 3902 3897 3891
3 3904 2591 3888
3 3898 3904 3888
3 3951 3833 0
3 3812 3762 607
3 2588 3865 2517
3 3889 3899 1769
3 1769 3899 3886
3 3886 3899 3893
3 3388 3304 3353
3 3850 3863 3763
3 3791 4030 1025
3 2584 3810 3783
3 1051 607 2457
3 616 3791 1699
3 3954 3833 3951
3 3967 3677 3791
3 3896 2732 3891
3 2732 3902 3891
3 3903 3892 3897
3 3903 3898 3892
3 728 110 468
3 1482 1483 1521
3 3771 3812 1051
3 3690 3815 3954
3 3889 3911 3899
3 3900 3927 3894
3 3914 3895 3901
3 3914 3906 3895
3 3906 2729 3895
3 2495 1920 3863
3 3820 3828 3771
3 3751 3770 3821
3 3815 3690 3796
3 264 2068 917
3 1896 3904 320
3 3908 3897 3902
3 3908 3903 3897
3 3903 3909 3898
3 50 2631 49
3 1857 3918 2139
3 2139 3911 3889
3 3911 3924 3899
3 3924 3912 3899
3 3899 3912 3893
3 3893 3912 3905
3 3905 3913 3900
3 3927 3919 3894
3 3894 3919 3901
3 3919 3920 3901
3 1818 152 3817
3 297 944 563
3 27 12 3866
3 3828 3812 3771
3 3753 3689 3795
3 3420 829 2659
3 3909 3910 3904
3 3898 3909 3904
3 3829 3828 3820
3 50 3796 2631
3 2209 3826 3907
3 190 2659 2582
3 3802 3048 1847
3 617 3918 1857
3 3975 2738 3145
3 2139 3918 3911
3 3913 3927 3900
3 3920 3914 3901
3 3928 3906 3914
3 3172 2590 2097
3 586 3793 3830
3 1816 3753 3795
3 3753 42 3689
3 1748 3819 3961
3 3819 1945 3961
3 1817 3902 2732
3 1817 3908 3902
3 1817 3921 3908
3 3916 3903 3908
3 3921 3916 3908
3 3916 3909 3903
3 1748 3961 992
3 3702 3922 190
3 3918 3929 3911
3 3912 3925 3905
3 3925 3926 3913
3 3905 3925 3913
3 3927 3934 3919
3 3928 3914 3920
3 3825 1902 569
3 1982 3825 569
3 47 3830 56
3 3945 3834 3917
3 3048 686 1872
3 3909 433 3910
3 3874 2495 3863
3 1431 1807 391
3 3922 3923 190
3 190 3923 2659
3 3950 3883 3834
3 3945 3950 3834
3 617 3929 3918
3 3913 3926 3927
3 3919 3930 3920
3 3079 1994 3766
3 2112 1946 2113
3 2685 1859 829
3 1469 1817 2174
3 1454 1469 2174
3 1817 1469 3921
3 3916 433 3909
3 3719 3829 2957
3 351 3961 1268
3 3923 3420 2659
3 3929 3931 3911
3 3911 3931 3924
3 3932 3925 3912
3 3924 3932 3912
3 3930 3940 3920
3 3941 3928 3920
3 3940 3941 3920
3 1168 2082 3883
3 1456 3921 1469
3 1456 3916 3921
3 1456 433 3916
3 2097 2165 2726
3 586 3794 3793
3 586 3827 3794
3 2596 125 1433
3 3684 3922 3033
3 1244 572 219
3 464 147 901
3 1322 3841 2082
3 617 2165 3929
3 3932 3937 3925
3 3937 3938 3925
3 3925 3938 3926
3 3926 3939 3927
3 3919 3934 3930
3 3857 2616 3772
3 2091 1951 2112
3 1902 3719 2957
3 2657 829 1859
3 1483 1469 1454
3 2721 3684 2722
3 3935 3922 3684
3 3935 3923 3922
3 3935 3946 3923
3 3946 3420 3923
3 2165 2590 3929
3 2590 3931 3929
3 3947 3944 3931
3 3931 3944 3924
3 3944 3953 3924
3 3924 3953 3932
3 3927 3939 3934
3 3930 3948 3940
3 3941 3942 3928
3 3854 3822 3231
3 3837 2190 3858
3 2209 3936 3826
3 3829 2456 3828
3 264 2230 2068
3 837 680 956
3 2200 3764 3915
3 3671 3666 2991
3 3508 3671 2991
3 2721 3943 3684
3 839 3887 2080
3 2590 3947 3931
3 3953 3937 3932
3 3926 3938 3939
3 3934 3939 3930
3 3939 3948 3930
3 1394 1359 512
3 3847 1981 2190
3 3756 3832 1805
3 1994 904 3865
3 633 3864 3878
3 3784 65 2230
3 3779 776 3369
3 3935 3684 3943
3 3946 3952 2685
3 3420 3946 2685
3 1471 2201 2692
3 3952 2682 2685
3 2630 3716 3890
3 2165 2097 2590
3 3958 3939 3938
3 3941 3949 3942
3 2625 1754 3766
3 3362 636 3285
3 3858 2190 3882
3 3809 3759 4
3 3 3809 26
3 2157 2473 2390
3 3587 3943 2721
3 4015 3950 3945
3 3947 2590 580
3 3947 3955 3944
3 3956 3957 3938
3 3937 3956 3938
3 3948 3941 3940
3 3263 3417 3264
3 1898 1900 2580
3 3778 3840 3761
3 3837 1951 2091
3 1 3885 2
3 3950 1863 3883
3 3524 3959 3586
3 3959 3587 3586
3 3587 3960 3943
3 3943 3960 3935
3 1863 1168 3883
3 3784 3779 348
3 3868 3871 2201
3 3955 3953 3944
3 3964 3937 3953
3 3937 3964 3956
3 3957 3958 3938
3 3948 3966 3941
3 3941 3966 3949
3 3942 3949 822
3 3949 3727 822
3 2682 2738 2697
3 3762 3794 2901
3 3954 3827 3690
3 3809 4 26
3 3782 2191 53
3 3749 3821 3773
3 3959 3960 3587
3 3114 3946 3935
3 3145 2682 3952
3 3939 3958 3948
3 2553 2425 2429
3 3289 1930 336
3 2153 3768 3760
3 3863 1920 3763
3 2973 3959 3524
3 3114 3952 3946
3 3114 3145 3952
3 3947 581 3955
3 3955 3962 3953
3 3962 3964 3953
3 3965 3948 3958
3 569 3835 3808
3 3796 586 2631
3 1484 3936 2209
3 1484 1746 3936
3 3422 3033 3702
3 2213 1969 3626
3 3666 3959 2973
3 3960 3114 3935
3 376 1769 2002
3 3955 1108 3962
3 1599 3957 3956
3 3971 3958 3957
3 3966 3948 3965
3 3796 3690 586
3 3928 3942 2646
3 1920 264 917
3 3969 3959 3666
3 3969 3973 3959
3 3959 3978 3960
3 3978 3970 3960
3 3960 3974 3114
3 3964 3933 3956
3 3971 3957 1599
3 3966 3972 3949
3 3949 3968 3727
3 14 13 2106
3 3784 348 65
3 3671 3969 3666
3 1599 3956 3933
3 3949 3972 3968
3 3822 27 3683
3 808 1000 758
3 3835 1902 3801
3 0 3832 3756
3 4015 2092 3950
3 3043 3095 3051
3 3978 3959 3973
3 3970 3974 3960
3 3030 672 711
3 2473 2157 2449
3 3971 3979 3958
3 3979 3965 3958
3 3986 3966 3965
3 1902 2957 3836
3 3801 1902 3836
3 2957 3820 3836
3 3837 3849 1946
3 2458 1914 1754
3 2953 2940 2064
3 3991 3970 3978
3 3975 3707 2075
3 2662 3716 2630
3 270 2605 233
3 237 236 146
3 2567 3971 1599
3 3979 3986 3965
3 3980 3966 3986
3 3966 3980 3972
3 3972 3988 3968
3 3988 3727 3968
3 1025 4030 2069
3 3677 2855 4030
3 3835 3801 3874
3 2175 3976 2919
3 2919 3976 2702
3 3976 3977 2596
3 2702 3976 2596
3 2596 3977 125
3 3981 3671 125
3 3982 3973 3969
3 3983 3975 3114
3 3975 3983 3707
3 3983 3890 3716
3 3707 3983 3716
3 484 506 798
3 484 384 506
3 2630 3985 2629
3 3780 3805 3266
3 2567 3979 3971
3 3972 3987 3988
3 2495 3712 1920
3 2175 3989 3976
3 3977 3981 125
3 3982 3969 3671
3 3981 3982 3671
3 3990 3978 3973
3 3982 3990 3973
3 3992 3970 3991
3 3983 3114 3974
3 3993 3984 2630
3 2630 3984 3985
3 521 1276 2480
3 3972 3980 3987
3 3836 3820 3840
3 3828 2851 3812
3 3989 2175 2176
3 2186 3989 2176
3 3989 3996 3976
3 3990 4008 3978
3 3992 3974 3970
3 3992 3983 3974
3 3993 2630 3890
3 3984 3994 3985
3 3994 4000 3985
3 1984 1104 1985
3 2174 477 1454
3 2190 4030 3847
3 2738 3975 2075
3 2616 3824 3772
3 2457 3814 3840
3 3820 3771 3840
3 3981 3977 3976
3 3997 3978 4008
3 3997 3991 3978
3 3999 3890 3983
3 3999 3993 3890
3 3993 3994 3984
3 51 3754 52
3 45 44 2456
3 3987 4004 3988
3 4004 691 3988
3 1051 2457 3840
3 3748 3773 3775
3 3997 3995 3991
3 29 3992 3991
3 3995 29 3991
3 29 3998 3992
3 4010 3999 3983
3 1211 4000 1210
3 3727 587 822
3 3266 3748 3775
3 428 3986 3979
3 3986 4003 3980
3 3980 4003 3987
3 1746 1484 1698
3 3783 3854 2593
3 3771 1051 3840
3 1742 2191 3786
3 2729 3906 2736
3 4002 2186 2756
3 4002 3989 2186
3 59 3981 3976
3 3996 59 3976
3 4006 3982 3981
3 4007 3990 3982
3 30 29 3995
3 31 3998 29
3 4010 3992 3998
3 4010 3983 3992
3 4000 4001 1210
3 4001 3823 1210
3 4003 4004 3987
3 3835 3874 3855
3 4017 4002 2756
3 3343 4017 2756
3 4002 3996 3989
3 59 4006 3981
3 4013 4008 3990
3 30 3995 3997
3 4008 30 3997
3 31 4009 3998
3 4009 4010 3998
3 428 2637 3986
3 3986 2637 4003
3 4011 3996 4002
3 4011 4005 3996
3 4005 59 3996
3 4006 4007 3982
3 4007 4013 3990
3 41 30 4008
3 41 28 30
3 32 4009 31
3 4028 3994 3993
3 3994 4020 4000
3 4020 4001 4000
3 2455 1750 2448
3 1676 3917 3963
3 2637 4016 4003
3 4016 3056 4004
3 4003 4016 4004
3 2457 3764 3814
3 336 3945 3917
3 4017 4018 4002
3 4018 4011 4002
3 4012 4005 4011
3 4014 4008 4013
3 4014 41 4008
3 32 4026 4010
3 4009 32 4010
3 4026 3999 4010
3 4026 4027 3999
3 4027 3993 3999
3 4027 4028 3993
3 4028 4020 3994
3 4001 4020 3823
3 46 56 3862
3 1206 2060 1477
3 336 1930 3945
3 1930 4015 3945
3 3811 586 3830
3 2531 3823 1898
3 4016 4021 3056
3 1967 663 3143
3 2616 2593 3824
3 4023 4017 3343
3 4019 4011 4018
3 4019 4012 4011
3 4005 60 59
3 70 4006 59
3 70 4007 4006
3 4029 3823 4020
3 4029 1898 3823
3 1600 2567 1599
3 2092 1863 3950
3 2139 3187 3130
3 3792 3816 3809
3 3858 3882 3839
3 3821 3792 3809
3 1430 603 1122
3 2277 4023 3343
3 4024 4019 4018
3 4031 4025 4019
3 4025 4012 4019
3 4025 4022 4012
3 4022 4005 4012
3 4022 60 4005
3 33 4026 32
3 1899 1898 4029
3 3844 1471 2743
3 3719 3790 3829
3 3885 3821 3809
3 433 320 3910
3 2508 2545 4016
3 2545 4021 4016
3 4021 805 3056
3 3816 1934 3809
3 3760 1903 7
3 3951 0 3756
3 685 725 1398
3 4030 2190 3837
3 4023 4018 4017
3 61 60 4022
3 69 4007 70
3 69 4013 4007
3 4032 4014 4013
3 4014 4032 41
3 4032 40 41
3 4035 4020 4028
3 3811 3830 47
3 1268 3791 616
3 437 956 680
3 4037 4024 4018
3 4024 4031 4019
3 4033 61 4022
3 4038 4013 69
3 4038 4032 4013
3 4039 4027 4026
3 4035 4029 4020
3 1268 3967 3791
3 2545 853 4021
3 2593 3231 3824
3 1934 3816 3048
3 21 3789 3783
3 3967 1816 3677
3 3677 3689 3790
3 2281 2076 2672
3 4036 4018 4023
3 4037 4034 4031
3 4024 4037 4031
3 4033 4025 4031
3 4033 4022 4025
3 4039 4028 4027
3 3954 3951 3827
3 1398 3963 3869
3 3164 3289 1676
3 21 3783 3810
3 725 1676 3963
3 4037 4018 4036
3 62 61 4033
3 39 40 4032
3 4038 39 4032
3 4043 4035 4028
3 1243 1899 4029
3 3712 264 1920
3 725 3164 1676
3 3845 3841 1506
3 2593 3854 3231
3 3761 3856 2495
3 20 19 3789
3 3767 3860 3758
3 4030 2855 3847
3 4037 4045 4034
3 4045 4040 4034
3 4041 4031 4034
3 4040 4041 4034
3 4041 4033 4031
3 4046 4026 33
3 4039 4043 4028
3 1243 4029 4035
3 992 3961 351
3 3814 3764 2200
3 2069 4030 2091
3 3961 1816 3967
3 2092 2024 1863
3 4044 4023 2277
3 4044 4036 4023
3 4047 39 4038
3 4048 4046 33
3 4026 4042 4039
3 1628 4035 4043
3 1628 1243 4035
3 3790 2456 3829
3 8 3768 3758
3 49 2631 48
3 2855 3790 3719
3 4045 4037 4036
3 2297 4033 4041
3 2297 4049 4033
3 4042 4026 4046
3 4042 4043 4039
3 882 1243 1628
3 2713 2173 2742
3 3797 21 3810
3 3739 4041 4040
3 3029 2297 4041
3 63 62 4033
3 4049 63 4033
3 4047 4038 68
3 4050 4046 4048
3 3826 3936 3626
3 3789 10 3781
3 1202 3206 2002
3 3822 3683 3231
3 3029 4041 3739
3 3346 1628 4043
3 146 71 2785
3 1614 882 1628
3 2584 3783 2593
3 2584 2593 3915
3 3758 3860 3755
3 2456 3862 3828
3 2047 4036 4044
3 4045 2338 4040
3 1285 63 4049
3 68 1605 4047
3 1605 39 4047
3 1605 37 39
3 4050 4048 34
3 35 4050 34
3 2999 4046 4050
3 4046 339 4042
3 3346 4043 4042
3 339 3346 4042
3 3851 3763 3757
3 2851 3762 3812
3 3079 3766 1914
3 3712 3772 264
3 3855 3863 3850
3 3855 3874 3863
3 3828 3862 2851
3 3791 3677 4030
3 2067 4044 2277
3 1023 4036 2047
3 1023 2338 4045
3 4036 1023 4045
3 2338 567 4040
3 567 3739 4040
3 1194 1605 68
3 1605 2546 37
3 2546 38 37
3 3985 2680 2629
3 2629 2680 2610
3 3933 3964 4051
3 3964 3962 4051
3 3962 1108 4051
3 1108 102 4051
3 102 2423 4051
3 2423 2023 4051
3 2023 1600 4051
3 1600 3933 4051
